EventDate,Format,Tier,PlayerCount,EventSlug,EventID,Place,Deck,Archetype,Pilot,LoginID
2025-12-22,Modern,32,,challenge_C32_2025-12-22_decklist,,1,Affinity,Aggro,SFDK,
2025-12-22,Modern,32,,challenge_C32_2025-12-22_decklist,,2,Eldrazi Tron,Ramp,LucasG1ggs,
2025-12-22,Modern,32,,challenge_C32_2025-12-22_decklist,,3,Yawgmoth,Midrange,jontih,
2025-12-22,Modern,32,,challenge_C32_2025-12-22_decklist,,4,URG,Midrange,Kollslaw,
2025-12-22,Modern,32,,challenge_C32_2025-12-22_decklist,,5,Affinity,Aggro,Chaughey,
2025-12-22,Modern,32,,challenge_C32_2025-12-22_decklist,,6,Yawgmoth,Midrange,Moorehardcore,
2025-12-22,Modern,32,,challenge_C32_2025-12-22_decklist,,7,Yawgmoth,Midrange,AChord4Five,
2025-12-22,Modern,32,,challenge_C32_2025-12-22_decklist,,8,Azorius Control,Control,YungDingo,
2025-12-22,Modern,32,,challenge_C32_2025-12-22_decklist,,9,Azorius Blink,Blink,Spellyp,
2025-12-22,Modern,32,,challenge_C32_2025-12-22_decklist,,10,Jeskai Blink,Blink,_Babbuja_,
2025-12-22,Modern,32,,challenge_C32_2025-12-22_decklist,,11,Boros Energy,Aggro,jvidarte,
2025-12-22,Modern,32,,challenge_C32_2025-12-22_decklist,,12,Living End,Graveyard,416FrowningTable,
2025-12-22,Modern,32,,challenge_C32_2025-12-22_decklist,,13,Belcher,Combo,billster47,
2025-12-22,Modern,32,,challenge_C32_2025-12-22_decklist,,14,Ruby Storm,Combo,Asa_Akira,
2025-12-22,Modern,32,,challenge_C32_2025-12-22_decklist,,15,Boros Energy,Aggro,xfile,
2025-12-22,Modern,32,,challenge_C32_2025-12-22_decklist,,16,Grixis Reanimator,Graveyard,SaN3,
2025-12-22,Modern,32,,challenge_C32_2025-12-22_decklist,,17,Boros Energy,Aggro,NJ5030,
2025-12-22,Modern,32,,challenge_C32_2025-12-22_decklist,,18,Yawgmoth,Midrange,Pugface,
2025-12-22,Modern,32,,challenge_C32_2025-12-22_decklist,,19,Belcher,Combo,E90_DeliveryBoy,
2025-12-22,Modern,32,,challenge_C32_2025-12-22_decklist,,20,Boros Energy,Aggro,klien7,
2025-12-22,Modern,32,,challenge_C32_2025-12-22_decklist,,21,Eldrazi Tron,Ramp,jessy_samek,
2025-12-22,Modern,32,,challenge_C32_2025-12-22_decklist,,22,Prowess,Aggro,nahuel10,
2025-12-22,Modern,32,,challenge_C32_2025-12-22_decklist,,23,Boros Energy,Aggro,sandydogmtg,
2025-12-22,Modern,32,,challenge_C32_2025-12-22_decklist,,24,Esper Blink,Blink,bcs8995,
2025-12-22,Modern,32,,challenge_C32_2025-12-22_decklist,,25,Dimir Midrange,Midrange,lilianna1989,
2025-12-22,Modern,32,,challenge_C32_2025-12-22_decklist,,26,Boros Energy,Aggro,indianpancake,
2025-12-22,Modern,32,,challenge_C32_2025-12-22_decklist,,27,Eldrazi Tron,Ramp,TuckerMTG,
2025-12-22,Modern,32,,challenge_C32_2025-12-22_decklist,,28,Rakdos Midrange,Midrange,COMBOCORY,
2025-12-22,Modern,32,,challenge_C32_2025-12-22_decklist,,29,Eldrazi Ramp,Ramp,Lightspirit,
2025-12-22,Modern,32,,challenge_C32_2025-12-22_decklist,,30,Jeskai Blink,Blink,Venom1,
2025-12-22,Modern,32,,challenge_C32_2025-12-22_decklist,,31,Boros Energy,Aggro,MurkyWadda,
2025-12-22,Modern,32,,challenge_C32_2025-12-22_decklist,,32,Affinity,Aggro,gazmon48,
2025-12-22,Modern,64,,challenge_C64_2025-12-22_decklist,,1,Sultai Ritual,Midrange,medvedev,
2025-12-22,Modern,64,,challenge_C64_2025-12-22_decklist,,2,Ruby Storm,Combo,hugofreitas1,
2025-12-22,Modern,64,,challenge_C64_2025-12-22_decklist,,3,Amulet Titan,Combo,Croco-polarbear,
2025-12-22,Modern,64,,challenge_C64_2025-12-22_decklist,,4,Eldrazi Tron,Ramp,AlpInco,
2025-12-22,Modern,64,,challenge_C64_2025-12-22_decklist,,5,Ruby Storm,Combo,pnkthrepwood,
2025-12-22,Modern,64,,challenge_C64_2025-12-22_decklist,,6,Eldrazi Tron,Ramp,hermanomlg,
2025-12-22,Modern,64,,challenge_C64_2025-12-22_decklist,,7,Boros Energy,Aggro,Rashek,
2025-12-22,Modern,64,,challenge_C64_2025-12-22_decklist,,8,Affinity,Aggro,SFDK,
2025-12-22,Modern,64,,challenge_C64_2025-12-22_decklist,,9,Ruby Storm,Combo,0men,
2025-12-22,Modern,64,,challenge_C64_2025-12-22_decklist,,10,Eldrazi Tron,Ramp,LORiWWA,
2025-12-22,Modern,64,,challenge_C64_2025-12-22_decklist,,11,Living End,Graveyard,PainterMTG,
2025-12-22,Modern,64,,challenge_C64_2025-12-22_decklist,,12,Eldrazi Ramp,Ramp,Odin2015,
2025-12-22,Modern,64,,challenge_C64_2025-12-22_decklist,,13,Affinity,Aggro,Deathnote1999,
2025-12-22,Modern,64,,challenge_C64_2025-12-22_decklist,,14,Living End,Graveyard,MeninooNey,
2025-12-22,Modern,64,,challenge_C64_2025-12-22_decklist,,15,Rakdos Aggro,Aggro,Dudarudi,
2025-12-22,Modern,64,,challenge_C64_2025-12-22_decklist,,16,Amulet Titan,Combo,justAlice,
2025-12-22,Modern,64,,challenge_C64_2025-12-22_decklist,,17,Azorius Control,Control,YungDingo,
2025-12-22,Modern,64,,challenge_C64_2025-12-22_decklist,,18,Eldrazi Tron,Ramp,Alan07,
2025-12-22,Modern,64,,challenge_C64_2025-12-22_decklist,,19,Ruby Storm,Combo,Asa_Akira,
2025-12-22,Modern,64,,challenge_C64_2025-12-22_decklist,,20,Affinity,Aggro,lokman120,
2025-12-22,Modern,64,,challenge_C64_2025-12-22_decklist,,21,Dimir Midrange,Midrange,TekiAkuma,
2025-12-22,Modern,64,,challenge_C64_2025-12-22_decklist,,22,Boros Midrange,Midrange,__BMJ__,
2025-12-22,Modern,64,,challenge_C64_2025-12-22_decklist,,23,Eldrazi Tron,Ramp,Zolazar,
2025-12-22,Modern,64,,challenge_C64_2025-12-22_decklist,,24,Eldrazi Ramp,Ramp,Lightspirit,
2025-12-22,Modern,64,,challenge_C64_2025-12-22_decklist,,25,Living End,Graveyard,Daniluengos14,
2025-12-22,Modern,64,,challenge_C64_2025-12-22_decklist,,26,Yawgmoth,Midrange,frodomochas,
2025-12-22,Modern,64,,challenge_C64_2025-12-22_decklist,,27,Prowess,Aggro,MJ_23,
2025-12-22,Modern,64,,challenge_C64_2025-12-22_decklist,,28,Kethis Combo,Combo,jready,
2025-12-22,Modern,64,,challenge_C64_2025-12-22_decklist,,29,Amulet Titan,Combo,Boucha,
2025-12-22,Modern,64,,challenge_C64_2025-12-22_decklist,,30,Affinity,Aggro,peter780108,
2025-12-22,Modern,64,,challenge_C64_2025-12-22_decklist,,31,Eldrazi Tron,Ramp,Antarctica,
2025-12-22,Modern,64,,challenge_C64_2025-12-22_decklist,,32,Affinity,Aggro,Callenutg1,
2025-12-23,Modern,64,,challenge_C64_2025-12-23_decklist,,1,Amulet Titan,Combo,deftjad,
2025-12-23,Modern,64,,challenge_C64_2025-12-23_decklist,,2,Eldrazi Tron,Ramp,jessy_samek,
2025-12-23,Modern,64,,challenge_C64_2025-12-23_decklist,,3,Boros Energy,Aggro,jvidarte,
2025-12-23,Modern,64,,challenge_C64_2025-12-23_decklist,,4,Eldrazi Tron,Ramp,Scooby_Snacks,
2025-12-23,Modern,64,,challenge_C64_2025-12-23_decklist,,5,Jeskai Energy,Aggro,DrPP,
2025-12-23,Modern,64,,challenge_C64_2025-12-23_decklist,,6,Sultai Ritual,Midrange,fradev1988,
2025-12-23,Modern,64,,challenge_C64_2025-12-23_decklist,,7,Boros Energy,Aggro,Napoleon_I,
2025-12-23,Modern,64,,challenge_C64_2025-12-23_decklist,,8,Eldrazi Ramp,Ramp,Odin2015,
2025-12-23,Modern,64,,challenge_C64_2025-12-23_decklist,,9,Boros Energy,Aggro,_lluks_,
2025-12-23,Modern,64,,challenge_C64_2025-12-23_decklist,,10,Jeskai Blink,Blink,mtgobazaar8,
2025-12-23,Modern,64,,challenge_C64_2025-12-23_decklist,,11,Sultai Ritual,Midrange,bless_von,
2025-12-23,Modern,64,,challenge_C64_2025-12-23_decklist,,12,Dimir Midrange,Midrange,TekiAkuma,
2025-12-23,Modern,64,,challenge_C64_2025-12-23_decklist,,13,Affinity,Aggro,fried-liver-attack,
2025-12-23,Modern,64,,challenge_C64_2025-12-23_decklist,,14,Boros Energy,Aggro,xfile,
2025-12-23,Modern,64,,challenge_C64_2025-12-23_decklist,,15,Orzhov Stoneblade,Combo,SuperCow12653,
2025-12-23,Modern,64,,challenge_C64_2025-12-23_decklist,,16,Goryo's Vengeance,Graveyard,JuanmaAT,
2025-12-23,Modern,64,,challenge_C64_2025-12-23_decklist,,17,Eldrazi Tron,Ramp,ivan229,
2025-12-23,Modern,64,,challenge_C64_2025-12-23_decklist,,18,Eldrazi Ramp,Ramp,Lightspirit,
2025-12-23,Modern,64,,challenge_C64_2025-12-23_decklist,,19,Azorius Control,Control,Danielstallone,
2025-12-23,Modern,64,,challenge_C64_2025-12-23_decklist,,20,Jeskai Blink,Blink,yriel,
2025-12-23,Modern,64,,challenge_C64_2025-12-23_decklist,,21,Yawgmoth,Midrange,DemonicTutors,
2025-12-23,Modern,64,,challenge_C64_2025-12-23_decklist,,22,Jeskai Blink,Blink,bcs8995,
2025-12-23,Modern,64,,challenge_C64_2025-12-23_decklist,,23,UBR,Midrange,IIlllIIlIIIllIlIllII,
2025-12-23,Modern,64,,challenge_C64_2025-12-23_decklist,,24,Living End,Graveyard,MisterTwin,
2025-12-23,Modern,64,,challenge_C64_2025-12-23_decklist,,25,Ruby Storm,Combo,pwqz,
2025-12-23,Modern,64,,challenge_C64_2025-12-23_decklist,,26,Boros Energy,Aggro,iceyfire95,
2025-12-23,Modern,64,,challenge_C64_2025-12-23_decklist,,27,Domain Zoo,Midrange,Zolazar,
2025-12-23,Modern,64,,challenge_C64_2025-12-23_decklist,,28,Boros Energy,Aggro,Rashek,
2025-12-23,Modern,64,,challenge_C64_2025-12-23_decklist,,29,Boros Energy,Aggro,peter780108,
2025-12-23,Modern,64,,challenge_C64_2025-12-23_decklist,,30,Affinity,Aggro,Patxi,
2025-12-23,Modern,64,,challenge_C64_2025-12-23_decklist,,31,Boros Energy,Aggro,fazparte,
2025-12-23,Modern,64,,challenge_C64_2025-12-23_decklist,,32,Mono-Red Prison,Prison,JulianJohn,
2025-12-27,Modern,32,,challenge_C32_2025-12-27_decklist,,1,Jeskai Blink,Blink,felider,
2025-12-27,Modern,32,,challenge_C32_2025-12-27_decklist,,2,Boros Energy,Aggro,xfile,
2025-12-27,Modern,32,,challenge_C32_2025-12-27_decklist,,3,Domain Zoo,Midrange,Cinnamonboffa,
2025-12-27,Modern,32,,challenge_C32_2025-12-27_decklist,,4,Boros Energy,Aggro,chrish2134,
2025-12-27,Modern,32,,challenge_C32_2025-12-27_decklist,,5,Broodscale Combo,Combo,HelpfulHobo,
2025-12-27,Modern,32,,challenge_C32_2025-12-27_decklist,,6,Ruby Storm,Combo,TerminalJustice,
2025-12-27,Modern,32,,challenge_C32_2025-12-27_decklist,,7,Boros Energy,Aggro,fazparte,
2025-12-27,Modern,32,,challenge_C32_2025-12-27_decklist,,8,Yawgmoth,Midrange,AChord4Five,
2025-12-27,Modern,32,,challenge_C32_2025-12-27_decklist,,9,Dimir Midrange,Midrange,ETBJezus,
2025-12-27,Modern,32,,challenge_C32_2025-12-27_decklist,,10,Eldrazi Tron,Ramp,MTGeeGee,
2025-12-27,Modern,32,,challenge_C32_2025-12-27_decklist,,11,Prowess,Aggro,Prim3Time,
2025-12-27,Modern,32,,challenge_C32_2025-12-27_decklist,,12,Ruby Storm,Combo,hugofreitas1,
2025-12-27,Modern,32,,challenge_C32_2025-12-27_decklist,,13,Ruby Storm,Combo,N0000000B,
2025-12-27,Modern,32,,challenge_C32_2025-12-27_decklist,,14,Domain Zoo,Midrange,CrepesForLife,
2025-12-27,Modern,32,,challenge_C32_2025-12-27_decklist,,15,Jeskai Blink,Blink,Venom1,
2025-12-27,Modern,32,,challenge_C32_2025-12-27_decklist,,16,Tron,Ramp,NotCorazon,
2025-12-27,Modern,32,,challenge_C32_2025-12-27_decklist,,17,Eldrazi Tron,Ramp,bless_von,
2025-12-27,Modern,32,,challenge_C32_2025-12-27_decklist,,18,Indomitable Creativity,Combo,suk-my-snowman,
2025-12-27,Modern,32,,challenge_C32_2025-12-27_decklist,,19,Affinity,Aggro,Chaughey,
2025-12-27,Modern,32,,challenge_C32_2025-12-27_decklist,,20,Rakdos Midrange,Midrange,COMBOCORY,
2025-12-27,Modern,32,,challenge_C32_2025-12-27_decklist,,21,Jeskai Blink,Blink,peter780108,
2025-12-27,Modern,32,,challenge_C32_2025-12-27_decklist,,22,Eldrazi Tron,Ramp,LucasG1ggs,
2025-12-27,Modern,32,,challenge_C32_2025-12-27_decklist,,23,Prowess,Aggro,nahuel10,
2025-12-27,Modern,32,,challenge_C32_2025-12-27_decklist,,24,Grixis Reanimator,Graveyard,SaN3,
2025-12-27,Modern,32,,challenge_C32_2025-12-27_decklist,,25,Humans,Aggro,IsacConoli,
2025-12-27,Modern,32,,challenge_C32_2025-12-27_decklist,,26,Amulet Titan,Combo,TxColossus,
2025-12-27,Modern,32,,challenge_C32_2025-12-27_decklist,,27,Ruby Storm,Combo,StormCaller1221,
2025-12-27,Modern,32,,challenge_C32_2025-12-27_decklist,,28,Boros Energy,Aggro,jvidarte,
2025-12-27,Modern,32,,challenge_C32_2025-12-27_decklist,,29,Dimir Mill,Combo,xerioc,
2025-12-27,Modern,32,,challenge_C32_2025-12-27_decklist,,30,Esper Blink,Blink,_Batutinha_,
2025-12-27,Modern,32,,challenge_C32_2025-12-27_decklist,,31,Eldrazi Ramp,Ramp,CrisMTG77,
2025-12-27,Modern,32,,challenge_C32_2025-12-27_decklist,,32,Ruby Storm,Combo,huyuCD,
2025-12-27,Modern,64,,challenge_C64_2025-12-27_decklist,,1,Amulet Titan,Combo,Mistakenn,
2025-12-27,Modern,64,,challenge_C64_2025-12-27_decklist,,2,Hammer Time,Combo,CrusherBotBG,
2025-12-27,Modern,64,,challenge_C64_2025-12-27_decklist,,3,Goryo's Vengeance,Graveyard,Phryziel,
2025-12-27,Modern,64,,challenge_C64_2025-12-27_decklist,,4,Eldrazi Tron,Ramp,pirol94,
2025-12-27,Modern,64,,challenge_C64_2025-12-27_decklist,,5,Sultai Ritual,Midrange,eresopacaso,
2025-12-27,Modern,64,,challenge_C64_2025-12-27_decklist,,6,Boros Energy,Aggro,_Babbuja_,
2025-12-27,Modern,64,,challenge_C64_2025-12-27_decklist,,7,Grixis Reanimator,Graveyard,Bawer,
2025-12-27,Modern,64,,challenge_C64_2025-12-27_decklist,,8,Boros Energy,Aggro,Oppa,
2025-12-27,Modern,64,,challenge_C64_2025-12-27_decklist,,9,Belcher,Combo,Madiba,
2025-12-27,Modern,64,,challenge_C64_2025-12-27_decklist,,10,Esper Blink,Blink,RespectTheCat,
2025-12-27,Modern,64,,challenge_C64_2025-12-27_decklist,,11,Ruby Storm,Combo,hugofreitas1,
2025-12-27,Modern,64,,challenge_C64_2025-12-27_decklist,,12,Eldrazi Tron,Ramp,nahuel10,
2025-12-27,Modern,64,,challenge_C64_2025-12-27_decklist,,13,Rakdos Aggro,Aggro,Dudarudi,
2025-12-27,Modern,64,,challenge_C64_2025-12-27_decklist,,14,Boros Energy,Aggro,_lluks_,
2025-12-27,Modern,64,,challenge_C64_2025-12-27_decklist,,15,Eldrazi Tron,Ramp,JaBi,
2025-12-27,Modern,64,,challenge_C64_2025-12-27_decklist,,16,Orzhov Midrange,Midrange,SuperCow12653,
2025-12-27,Modern,64,,challenge_C64_2025-12-27_decklist,,17,Eldrazi Tron,Ramp,Sodeq,
2025-12-27,Modern,64,,challenge_C64_2025-12-27_decklist,,18,Living End,Graveyard,Zolazar,
2025-12-27,Modern,64,,challenge_C64_2025-12-27_decklist,,19,Amulet Titan,Combo,deftjad,
2025-12-27,Modern,64,,challenge_C64_2025-12-27_decklist,,20,Yawgmoth,Midrange,frodomochas,
2025-12-27,Modern,64,,challenge_C64_2025-12-27_decklist,,21,Living End,Graveyard,acelerado440,
2025-12-27,Modern,64,,challenge_C64_2025-12-27_decklist,,22,Affinity,Aggro,HP_,
2025-12-27,Modern,64,,challenge_C64_2025-12-27_decklist,,23,Boros Energy,Aggro,Patxi,
2025-12-27,Modern,64,,challenge_C64_2025-12-27_decklist,,24,Affinity,Aggro,SFDK,
2025-12-27,Modern,64,,challenge_C64_2025-12-27_decklist,,25,Boros Energy,Aggro,ipbanned,
2025-12-27,Modern,64,,challenge_C64_2025-12-27_decklist,,26,Boros Energy,Aggro,ratabruta,
2025-12-27,Modern,64,,challenge_C64_2025-12-27_decklist,,27,Dimir Mill,Combo,okuitsu,
2025-12-27,Modern,64,,challenge_C64_2025-12-27_decklist,,28,Amulet Titan,Combo,NathanOfTheGiltLeaf,
2025-12-27,Modern,64,,challenge_C64_2025-12-27_decklist,,29,Sultai Ritual,Midrange,M_4,
2025-12-27,Modern,64,,challenge_C64_2025-12-27_decklist,,30,Jeskai Control,Control,r0cknati0n,
2025-12-27,Modern,64,,challenge_C64_2025-12-27_decklist,,31,Prowess,Aggro,Taclegod3,
2025-12-27,Modern,64,,challenge_C64_2025-12-27_decklist,,32,Jeskai Blink,Blink,Omegauo,
2025-12-28,Modern,32,,challenge_C32_2025-12-28_decklist,,1,Dimir Midrange,Midrange,ETBJezus,
2025-12-28,Modern,32,,challenge_C32_2025-12-28_decklist,,2,Azorius Control,Control,KingHairy,
2025-12-28,Modern,32,,challenge_C32_2025-12-28_decklist,,3,Affinity,Aggro,Chaughey,
2025-12-28,Modern,32,,challenge_C32_2025-12-28_decklist,,4,Jeskai Blink,Blink,felider,
2025-12-28,Modern,32,,challenge_C32_2025-12-28_decklist,,5,Ruby Storm,Combo,_Shikamaru_,
2025-12-28,Modern,32,,challenge_C32_2025-12-28_decklist,,6,Amulet Titan,Combo,NathanOfTheGiltLeaf,
2025-12-28,Modern,32,,challenge_C32_2025-12-28_decklist,,7,Eldrazi Ramp,Ramp,Giltspire,
2025-12-28,Modern,32,,challenge_C32_2025-12-28_decklist,,8,Ruby Storm,Combo,Bruskk,
2025-12-28,Modern,32,,challenge_C32_2025-12-28_decklist,,9,Domain Zoo,Midrange,mendyourheart,
2025-12-28,Modern,32,,challenge_C32_2025-12-28_decklist,,10,Jeskai Control,Control,Yayoi11,
2025-12-28,Modern,32,,challenge_C32_2025-12-28_decklist,,11,Ruby Storm,Combo,Cachorrowo,
2025-12-28,Modern,32,,challenge_C32_2025-12-28_decklist,,12,Yawgmoth,Midrange,AChord4Five,
2025-12-28,Modern,32,,challenge_C32_2025-12-28_decklist,,13,Prowess,Aggro,Prim3Time,
2025-12-28,Modern,32,,challenge_C32_2025-12-28_decklist,,14,Azorius Blink,Blink,Spellyp,
2025-12-28,Modern,32,,challenge_C32_2025-12-28_decklist,,15,Eldrazi Tron,Ramp,jessy_samek,
2025-12-28,Modern,32,,challenge_C32_2025-12-28_decklist,,16,Prowess,Aggro,Kollslaw,
2025-12-28,Modern,32,,challenge_C32_2025-12-28_decklist,,17,Eldrazi Ramp,Ramp,_and_one_,
2025-12-28,Modern,32,,challenge_C32_2025-12-28_decklist,,18,Boros Energy,Aggro,xfile,
2025-12-28,Modern,32,,challenge_C32_2025-12-28_decklist,,19,Amulet Titan,Combo,deftjad,
2025-12-28,Modern,32,,challenge_C32_2025-12-28_decklist,,20,WUG,Midrange,Silentstorm1003,
2025-12-28,Modern,32,,challenge_C32_2025-12-28_decklist,,21,Ruby Storm,Combo,hugofreitas1,
2025-12-28,Modern,32,,challenge_C32_2025-12-28_decklist,,22,Boros Energy,Aggro,ho-oh,
2025-12-28,Modern,32,,challenge_C32_2025-12-28_decklist,,23,Boros Energy,Aggro,jayrod115,
2025-12-28,Modern,32,,challenge_C32_2025-12-28_decklist,,24,Belcher,Combo,Draco1,
2025-12-28,Modern,32,,challenge_C32_2025-12-28_decklist,,25,Mono-Black Midrange,Midrange,Selfeisek,
2025-12-28,Modern,32,,challenge_C32_2025-12-28_decklist,,26,Rakdos Aggro,Aggro,DragonFodder,
2025-12-28,Modern,32,,challenge_C32_2025-12-28_decklist,,27,Boros Energy,Aggro,Team_Human,
2025-12-28,Modern,32,,challenge_C32_2025-12-28_decklist,,28,Ruby Storm,Combo,Slatorade,
2025-12-28,Modern,32,,challenge_C32_2025-12-28_decklist,,29,Grixis Reanimator,Graveyard,MTGeeGee,
2025-12-28,Modern,32,,challenge_C32_2025-12-28_decklist,,30,Amulet Titan,Combo,ochocolas,
2025-12-28,Modern,32,,challenge_C32_2025-12-28_decklist,,31,Living End,Graveyard,AwesomeDom,
2025-12-28,Modern,32,,challenge_C32_2025-12-28_decklist,,32,Rakdos Aggro,Aggro,klien7,
2025-12-29,Modern,32,,challenge_C32_2025-12-29_decklist,,1,Ruby Storm,Combo,TonyScapone,
2025-12-29,Modern,32,,challenge_C32_2025-12-29_decklist,,2,Domain Zoo,Midrange,Sarlanga,
2025-12-29,Modern,32,,challenge_C32_2025-12-29_decklist,,3,Sultai Ritual,Midrange,Dioferreira,
2025-12-29,Modern,32,,challenge_C32_2025-12-29_decklist,,4,Affinity,Aggro,fondaparinoux,
2025-12-29,Modern,32,,challenge_C32_2025-12-29_decklist,,5,Eldrazi Tron,Ramp,bless_von,
2025-12-29,Modern,32,,challenge_C32_2025-12-29_decklist,,6,Boros Energy,Aggro,indianpancake,
2025-12-29,Modern,32,,challenge_C32_2025-12-29_decklist,,7,Boros Energy,Aggro,Pe_Efi,
2025-12-29,Modern,32,,challenge_C32_2025-12-29_decklist,,8,Ruby Storm,Combo,HoldTheElle,
2025-12-29,Modern,32,,challenge_C32_2025-12-29_decklist,,9,Boros Energy,Aggro,xfile,
2025-12-29,Modern,32,,challenge_C32_2025-12-29_decklist,,10,Boros Energy,Aggro,MTGHolic,
2025-12-29,Modern,32,,challenge_C32_2025-12-29_decklist,,11,Yawgmoth,Midrange,Moorehardcore,
2025-12-29,Modern,32,,challenge_C32_2025-12-29_decklist,,12,Domain Zoo,Midrange,ElGuga,
2025-12-29,Modern,32,,challenge_C32_2025-12-29_decklist,,13,Domain Zoo,Midrange,Nameless_Thing,
2025-12-29,Modern,32,,challenge_C32_2025-12-29_decklist,,14,Grixis Reanimator,Graveyard,soggymeatball,
2025-12-29,Modern,32,,challenge_C32_2025-12-29_decklist,,15,URG,Midrange,derlumberzack,
2025-12-29,Modern,32,,challenge_C32_2025-12-29_decklist,,16,Ruby Storm,Combo,CliffBoyardee,
2025-12-29,Modern,32,,challenge_C32_2025-12-29_decklist,,17,Rakdos Midrange,Midrange,COMBOCORY,
2025-12-29,Modern,32,,challenge_C32_2025-12-29_decklist,,18,Dimir Mill,Combo,tibalt_of_red_sub,
2025-12-29,Modern,32,,challenge_C32_2025-12-29_decklist,,19,Boros Energy,Aggro,Spellyp,
2025-12-29,Modern,32,,challenge_C32_2025-12-29_decklist,,20,Boros Energy,Aggro,iceyfire95,
2025-12-29,Modern,32,,challenge_C32_2025-12-29_decklist,,21,Boros Energy,Aggro,jvidarte,
2025-12-29,Modern,32,,challenge_C32_2025-12-29_decklist,,22,Ruby Storm,Combo,Chocolate_Branco,
2025-12-29,Modern,32,,challenge_C32_2025-12-29_decklist,,23,Goryo's Vengeance,Graveyard,kthanakit26,
2025-12-29,Modern,32,,challenge_C32_2025-12-29_decklist,,24,Ruby Storm,Combo,Cachorrowo,
2025-12-29,Modern,32,,challenge_C32_2025-12-29_decklist,,25,Amulet Titan,Combo,Kollslaw,
2025-12-29,Modern,32,,challenge_C32_2025-12-29_decklist,,26,Affinity,Aggro,MisterTwin,
2025-12-29,Modern,32,,challenge_C32_2025-12-29_decklist,,27,Jeskai Blink,Blink,E_Kaminuma,
2025-12-29,Modern,32,,challenge_C32_2025-12-29_decklist,,28,Boros Energy,Aggro,fazparte,
2025-12-29,Modern,32,,challenge_C32_2025-12-29_decklist,,29,Esper Blink,Blink,zbogames,
2025-12-29,Modern,32,,challenge_C32_2025-12-29_decklist,,30,Eldrazi Tron,Ramp,peter780108,
2025-12-29,Modern,32,,challenge_C32_2025-12-29_decklist,,31,Dimir Midrange,Midrange,Scappie,
2025-12-29,Modern,32,,challenge_C32_2025-12-29_decklist,,32,Rakdos Aggro,Aggro,DragonFodder,
2025-12-30,Modern,64,,challenge_C64_2025-12-30_decklist,,1,Mono-Black Midrange,Midrange,Selfeisek,
2025-12-30,Modern,64,,challenge_C64_2025-12-30_decklist,,2,Ruby Storm,Combo,ice_nine_BIGFAN,
2025-12-30,Modern,64,,challenge_C64_2025-12-30_decklist,,3,Boros Energy,Aggro,VizosMTG,
2025-12-30,Modern,64,,challenge_C64_2025-12-30_decklist,,4,Jeskai Blink,Midrange,Ivan_Draw_Go,
2025-12-30,Modern,64,,challenge_C64_2025-12-30_decklist,,5,Affinity,Aggro,Smallforest,
2025-12-30,Modern,64,,challenge_C64_2025-12-30_decklist,,6,Jeskai Control,Control,YopopMTG,
2025-12-30,Modern,64,,challenge_C64_2025-12-30_decklist,,7,Dimir Midrange,Midrange,TekiAkuma,
2025-12-30,Modern,64,,challenge_C64_2025-12-30_decklist,,8,Eldrazi Tron,Ramp,hermanomlg,
2025-12-30,Modern,64,,challenge_C64_2025-12-30_decklist,,9,Esper Midrange,Midrange,Terminus0,
2025-12-30,Modern,64,,challenge_C64_2025-12-30_decklist,,10,Jeskai Blink,Blink,LordMendigao,
2025-12-30,Modern,64,,challenge_C64_2025-12-30_decklist,,11,Eldrazi Ramp,Ramp,Odin2015,
2025-12-30,Modern,64,,challenge_C64_2025-12-30_decklist,,12,Jeskai Blink,Blink,Leovoldo,
2025-12-30,Modern,64,,challenge_C64_2025-12-30_decklist,,13,Living End,Graveyard,MisterTwin,
2025-12-30,Modern,64,,challenge_C64_2025-12-30_decklist,,14,Jeskai Blink,Blink,HolyShamgar,
2025-12-30,Modern,64,,challenge_C64_2025-12-30_decklist,,15,Amulet Titan,Combo,Kollslaw,
2025-12-30,Modern,64,,challenge_C64_2025-12-30_decklist,,16,Boros Energy,Aggro,xfile,
2025-12-30,Modern,64,,challenge_C64_2025-12-30_decklist,,17,Sultai Ritual,Midrange,Univerce,
2025-12-30,Modern,64,,challenge_C64_2025-12-30_decklist,,18,Belcher,Combo,E90_DeliveryBoy,
2025-12-30,Modern,64,,challenge_C64_2025-12-30_decklist,,19,Affinity,Aggro,sioutis_kk,
2025-12-30,Modern,64,,challenge_C64_2025-12-30_decklist,,20,Boros Energy,Aggro,FletcherPullUp,
2025-12-30,Modern,64,,challenge_C64_2025-12-30_decklist,,21,Eldrazi Tron,Ramp,_Chamytinho_,
2025-12-30,Modern,64,,challenge_C64_2025-12-30_decklist,,22,Eldrazi Tron,Ramp,_Shatun_,
2025-12-30,Modern,64,,challenge_C64_2025-12-30_decklist,,23,Eldrazi Tron,Ramp,crazythursday,
2025-12-30,Modern,64,,challenge_C64_2025-12-30_decklist,,24,Land Destruction,Control,wutup,
2025-12-30,Modern,64,,challenge_C64_2025-12-30_decklist,,25,Orzhov Midrange,Midrange,SuperCow12653,
2025-12-30,Modern,64,,challenge_C64_2025-12-30_decklist,,26,Boros Energy,Aggro,Restokiki,
2025-12-30,Modern,64,,challenge_C64_2025-12-30_decklist,,27,Azorius Blink,Blink,PieGonti,
2025-12-30,Modern,64,,challenge_C64_2025-12-30_decklist,,28,Eldrazi Tron,Ramp,numberonenoob,
2025-12-30,Modern,64,,challenge_C64_2025-12-30_decklist,,29,Bogles,Aggro,klien7,
2025-12-30,Modern,64,,challenge_C64_2025-12-30_decklist,,30,Domain Zoo,Midrange,mendyourheart,
2025-12-30,Modern,64,,challenge_C64_2025-12-30_decklist,,31,Goryo's Vengeance,Graveyard,JuanmaAT,
2025-12-30,Modern,64,,challenge_C64_2025-12-30_decklist,,32,Boros Energy,Aggro,lillo6,
2025-12-31,Modern,32,,challenge_C32_2025-12-31_decklist,,1,Amulet Titan,Combo,reidq7,
2025-12-31,Modern,32,,challenge_C32_2025-12-31_decklist,,2,Boros Energy,Aggro,andrw1232,
2025-12-31,Modern,32,,challenge_C32_2025-12-31_decklist,,3,Amulet Titan,Combo,Kollslaw,
2025-12-31,Modern,32,,challenge_C32_2025-12-31_decklist,,4,Eldrazi Ramp,Ramp,kokubo,
2025-12-31,Modern,32,,challenge_C32_2025-12-31_decklist,,5,Affinity,Aggro,_Falcon_,
2025-12-31,Modern,32,,challenge_C32_2025-12-31_decklist,,6,Affinity,Aggro,Bradykiesling13,
2025-12-31,Modern,32,,challenge_C32_2025-12-31_decklist,,7,Eldrazi Ramp,Ramp,Odin2015,
2025-12-31,Modern,32,,challenge_C32_2025-12-31_decklist,,8,RG,Ramp,Schiaveto,
2025-12-31,Modern,32,,challenge_C32_2025-12-31_decklist,,9,Boros Energy,Aggro,Misplacedginger,
2025-12-31,Modern,32,,challenge_C32_2025-12-31_decklist,,10,Jeskai Blink,Blink,yriel,
2025-12-31,Modern,32,,challenge_C32_2025-12-31_decklist,,11,Jund,Midrange,Haiwa,
2025-12-31,Modern,32,,challenge_C32_2025-12-31_decklist,,12,Ruby Storm,Combo,Chocolate_Branco,
2025-12-31,Modern,32,,challenge_C32_2025-12-31_decklist,,13,Eldrazi Tron,Ramp,4FunNoWin,
2025-12-31,Modern,32,,challenge_C32_2025-12-31_decklist,,14,Ruby Storm,Combo,hugofreitas1,
2025-12-31,Modern,32,,challenge_C32_2025-12-31_decklist,,15,Belcher,Combo,jundilion,
2025-12-31,Modern,32,,challenge_C32_2025-12-31_decklist,,16,Ruby Storm,Combo,Cachorrowo,
2025-12-31,Modern,32,,challenge_C32_2025-12-31_decklist,,17,Mono-Black Midrange,Midrange,Selfeisek,
2025-12-31,Modern,32,,challenge_C32_2025-12-31_decklist,,18,Jeskai Blink,Blink,peter780108,
2025-12-31,Modern,32,,challenge_C32_2025-12-31_decklist,,19,Amulet Titan,Combo,apriolo1,
2025-12-31,Modern,32,,challenge_C32_2025-12-31_decklist,,20,URG,Midrange,galactuskev,
2025-12-31,Modern,32,,challenge_C32_2025-12-31_decklist,,21,Eldrazi Ramp,Ramp,Scooby_Snacks,
2025-12-31,Modern,32,,challenge_C32_2025-12-31_decklist,,22,Yawgmoth,Midrange,mh7lucky,
2025-12-31,Modern,32,,challenge_C32_2025-12-31_decklist,,23,Affinity,Aggro,sioutis_kk,
2025-12-31,Modern,32,,challenge_C32_2025-12-31_decklist,,24,Affinity,Aggro,SuperCow12653,
2025-12-31,Modern,32,,challenge_C32_2025-12-31_decklist,,25,Prowess,Aggro,goz_take,
2025-12-31,Modern,32,,challenge_C32_2025-12-31_decklist,,26,Dimir Mill,Combo,okuitsu,
2025-12-31,Modern,32,,challenge_C32_2025-12-31_decklist,,27,Jeskai Blink,Blink,FreezyPeesy,
2025-12-31,Modern,32,,challenge_C32_2025-12-31_decklist,,28,Ruby Storm,Combo,makaaaa,
2025-12-31,Modern,32,,challenge_C32_2025-12-31_decklist,,29,Boros Energy,Aggro,DemianDesposito10,
2025-12-31,Modern,32,,challenge_C32_2025-12-31_decklist,,30,Rakdos Aggro,Aggro,Dudarudi,
2025-12-31,Modern,32,,challenge_C32_2025-12-31_decklist,,31,Boros Energy,Aggro,ipbanned,
2025-12-31,Modern,32,,challenge_C32_2025-12-31_decklist,,32,Boros Energy,Aggro,Wagabunda,
2026-01-01,Modern,64,,challenge_C64_2026-01-01_decklist,,1,Domain Zoo,Midrange,6argamel,
2026-01-01,Modern,64,,challenge_C64_2026-01-01_decklist,,2,Ruby Storm,Combo,IHateJAJAJA,
2026-01-01,Modern,64,,challenge_C64_2026-01-01_decklist,,3,UBRG,Control,mala_grinja,
2026-01-01,Modern,64,,challenge_C64_2026-01-01_decklist,,4,Grixis Reanimator,Graveyard,__Magic__Dan__,
2026-01-01,Modern,64,,challenge_C64_2026-01-01_decklist,,5,Boros Energy,Aggro,Foxantes,
2026-01-01,Modern,64,,challenge_C64_2026-01-01_decklist,,6,Eldrazi Tron,Ramp,AmadeusPro,
2026-01-01,Modern,64,,challenge_C64_2026-01-01_decklist,,7,Living End,Graveyard,Capitano_CL,
2026-01-01,Modern,64,,challenge_C64_2026-01-01_decklist,,8,Prowess,Aggro,hugeowl,
2026-01-01,Modern,64,,challenge_C64_2026-01-01_decklist,,9,Azorius Control,Control,tA326_,
2026-01-01,Modern,64,,challenge_C64_2026-01-01_decklist,,10,Affinity,Aggro,wyxczjm,
2026-01-01,Modern,64,,challenge_C64_2026-01-01_decklist,,11,Boros Energy,Aggro,pepeteam,
2026-01-01,Modern,64,,challenge_C64_2026-01-01_decklist,,12,Boros Energy,Aggro,Phizzle,
2026-01-01,Modern,64,,challenge_C64_2026-01-01_decklist,,13,Goryo's Vengeance,Graveyard,makaaaa,
2026-01-01,Modern,64,,challenge_C64_2026-01-01_decklist,,14,Amulet Titan,Combo,WeareVenom,
2026-01-01,Modern,64,,challenge_C64_2026-01-01_decklist,,15,Esper Blink,Blink,toondoslav,
2026-01-01,Modern,64,,challenge_C64_2026-01-01_decklist,,16,Boros Energy,Aggro,morris,
2026-01-01,Modern,64,,challenge_C64_2026-01-01_decklist,,17,Affinity,Aggro,Smallforest,
2026-01-01,Modern,64,,challenge_C64_2026-01-01_decklist,,18,Simic Midrange,Midrange,Zoob5555,
2026-01-01,Modern,64,,challenge_C64_2026-01-01_decklist,,19,Jeskai Blink,Blink,manohito,
2026-01-01,Modern,64,,challenge_C64_2026-01-01_decklist,,20,Amulet Titan,Combo,wutey,
2026-01-01,Modern,64,,challenge_C64_2026-01-01_decklist,,21,Affinity,Aggro,lokman120,
2026-01-01,Modern,64,,challenge_C64_2026-01-01_decklist,,22,Eldrazi Tron,Ramp,chaseclark73093,
2026-01-01,Modern,64,,challenge_C64_2026-01-01_decklist,,23,Hammer Time,Combo,CrusherBotBG,
2026-01-01,Modern,64,,challenge_C64_2026-01-01_decklist,,24,Affinity,Aggro,SPyromancer,
2026-01-01,Modern,64,,challenge_C64_2026-01-01_decklist,,25,Miracles,Control,TSPJendrek,
2026-01-01,Modern,64,,challenge_C64_2026-01-01_decklist,,26,Goryo's Vengeance,Graveyard,JuanmaAT,
2026-01-01,Modern,64,,challenge_C64_2026-01-01_decklist,,27,Amulet Titan,Combo,Mistakenn,
2026-01-01,Modern,64,,challenge_C64_2026-01-01_decklist,,28,Boros Energy,Aggro,andrw1232,
2026-01-01,Modern,64,,challenge_C64_2026-01-01_decklist,,29,Azorius Control,Control,Ivc,
2026-01-01,Modern,64,,challenge_C64_2026-01-01_decklist,,30,Jeskai Blink,Blink,Karnesis93,
2026-01-01,Modern,64,,challenge_C64_2026-01-01_decklist,,31,Ruby Storm,Combo,hugofreitas1,
2026-01-01,Modern,64,,challenge_C64_2026-01-01_decklist,,32,Broodscale Combo,Combo,mei0024,
2026-01-02,Modern,64,,challenge_C64_2026-01-02_decklist,,1,Living End,Graveyard,MeninooNey,
2026-01-02,Modern,64,,challenge_C64_2026-01-02_decklist,,2,Jeskai Blink,Blink,yriel,
2026-01-02,Modern,64,,challenge_C64_2026-01-02_decklist,,3,Grixis Reanimator,Graveyard,justAlice,
2026-01-02,Modern,64,,challenge_C64_2026-01-02_decklist,,4,Boros Energy,Aggro,VizosMTG,
2026-01-02,Modern,64,,challenge_C64_2026-01-02_decklist,,5,Eldrazi Tron,Ramp,Martin_Dominguez,
2026-01-02,Modern,64,,challenge_C64_2026-01-02_decklist,,6,Amulet Titan,Combo,Mistakenn,
2026-01-02,Modern,64,,challenge_C64_2026-01-02_decklist,,7,Ruby Storm,Combo,hugofreitas1,
2026-01-02,Modern,64,,challenge_C64_2026-01-02_decklist,,8,Affinity,Aggro,wyxczjm,
2026-01-02,Modern,64,,challenge_C64_2026-01-02_decklist,,9,Boros Energy,Aggro,Scappie,
2026-01-02,Modern,64,,challenge_C64_2026-01-02_decklist,,10,Rakdos Midrange,Midrange,Dudarudi,
2026-01-02,Modern,64,,challenge_C64_2026-01-02_decklist,,11,Amulet Titan,Combo,WeareVenom,
2026-01-02,Modern,64,,challenge_C64_2026-01-02_decklist,,12,Yawgmoth,Midrange,Moorehardcore,
2026-01-02,Modern,64,,challenge_C64_2026-01-02_decklist,,13,Affinity,Aggro,LucasG1ggs,
2026-01-02,Modern,64,,challenge_C64_2026-01-02_decklist,,14,Dimir Mill,Combo,tibalt_of_red_sub,
2026-01-02,Modern,64,,challenge_C64_2026-01-02_decklist,,15,Jeskai Control,Control,YopopMTG,
2026-01-02,Modern,64,,challenge_C64_2026-01-02_decklist,,16,Eldrazi Tron,Ramp,chaseclark73093,
2026-01-02,Modern,64,,challenge_C64_2026-01-02_decklist,,17,Jeskai Control,Control,mei0024,
2026-01-02,Modern,64,,challenge_C64_2026-01-02_decklist,,18,Boros Energy,Aggro,zbogames,
2026-01-02,Modern,64,,challenge_C64_2026-01-02_decklist,,19,Eldrazi Tron,Ramp,nahuel10,
2026-01-02,Modern,64,,challenge_C64_2026-01-02_decklist,,20,Living End,Graveyard,SuperCow12653,
2026-01-02,Modern,64,,challenge_C64_2026-01-02_decklist,,21,Esper Blink,Blink,toondoslav,
2026-01-02,Modern,64,,challenge_C64_2026-01-02_decklist,,22,Boros Energy,Aggro,JoJoSparks,
2026-01-02,Modern,64,,challenge_C64_2026-01-02_decklist,,23,Affinity,Aggro,HDG_BorisE,
2026-01-02,Modern,64,,challenge_C64_2026-01-02_decklist,,24,Domain Zoo,Midrange,TingInTheRice,
2026-01-02,Modern,64,,challenge_C64_2026-01-02_decklist,,25,WG,Aggro,Bolt_v_Litco,
2026-01-02,Modern,64,,challenge_C64_2026-01-02_decklist,,26,Prowess,Aggro,LangeBastian,
2026-01-02,Modern,64,,challenge_C64_2026-01-02_decklist,,27,Belcher,Combo,E90_DeliveryBoy,
2026-01-02,Modern,64,,challenge_C64_2026-01-02_decklist,,28,Boros Energy,Aggro,SHUANEEHOG,
2026-01-02,Modern,64,,challenge_C64_2026-01-02_decklist,,29,WUG,Midrange,GiantKiller4,
2026-01-02,Modern,64,,challenge_C64_2026-01-02_decklist,,30,Sultai Ritual,Midrange,Ettore09,
2026-01-02,Modern,64,,challenge_C64_2026-01-02_decklist,,31,Dimir Mill,Combo,Bawer,
2026-01-02,Modern,64,,challenge_C64_2026-01-02_decklist,,32,Domain Zoo,Midrange,Sarlanga,
2026-01-03,Modern,32,,challenge_C32_2026-01-03_decklist,,1,Boros Energy,Aggro,GLSwadow,
2026-01-03,Modern,32,,challenge_C32_2026-01-03_decklist,,2,Yawgmoth,Midrange,TheMeatMan,
2026-01-03,Modern,32,,challenge_C32_2026-01-03_decklist,,3,Eldrazi Ramp,Ramp,klien7,
2026-01-03,Modern,32,,challenge_C32_2026-01-03_decklist,,4,Ruby Storm,Combo,Will_Split,
2026-01-03,Modern,32,,challenge_C32_2026-01-03_decklist,,5,Ruby Storm,Combo,hugofreitas1,
2026-01-03,Modern,32,,challenge_C32_2026-01-03_decklist,,6,Boros Energy,Aggro,DemianDesposito10,
2026-01-03,Modern,32,,challenge_C32_2026-01-03_decklist,,7,Domain Zoo,Midrange,NathanOfTheGiltLeaf,
2026-01-03,Modern,32,,challenge_C32_2026-01-03_decklist,,8,The Rock,Midrange,RiceTackler,
2026-01-03,Modern,32,,challenge_C32_2026-01-03_decklist,,9,Boros Energy,Aggro,Milkshake_,
2026-01-03,Modern,32,,challenge_C32_2026-01-03_decklist,,10,Domain Zoo,Midrange,Nameless_Thing,
2026-01-03,Modern,32,,challenge_C32_2026-01-03_decklist,,11,Amulet Titan,Combo,reidq7,
2026-01-03,Modern,32,,challenge_C32_2026-01-03_decklist,,12,Eldrazi Tron,Ramp,AmadeusPro,
2026-01-03,Modern,32,,challenge_C32_2026-01-03_decklist,,13,Affinity,Aggro,Chaughey,
2026-01-03,Modern,32,,challenge_C32_2026-01-03_decklist,,14,Ruby Storm,Combo,CrazyMorango,
2026-01-03,Modern,32,,challenge_C32_2026-01-03_decklist,,15,Grixis Reanimator,Graveyard,SaN3,
2026-01-03,Modern,32,,challenge_C32_2026-01-03_decklist,,16,Boros Energy,Aggro,Scappie,
2026-01-03,Modern,32,,challenge_C32_2026-01-03_decklist,,17,Dimir Mill,Combo,xerioc,
2026-01-03,Modern,32,,challenge_C32_2026-01-03_decklist,,18,Boros Energy,Aggro,chrish2134,
2026-01-03,Modern,32,,challenge_C32_2026-01-03_decklist,,19,Boros Energy,Aggro,zbogames,
2026-01-03,Modern,32,,challenge_C32_2026-01-03_decklist,,20,Amulet Titan,Combo,Prim3Time,
2026-01-03,Modern,32,,challenge_C32_2026-01-03_decklist,,21,Sultai Ritual,Midrange,Dioferreira,
2026-01-03,Modern,32,,challenge_C32_2026-01-03_decklist,,22,Boros Energy,Aggro,Venom1,
2026-01-03,Modern,32,,challenge_C32_2026-01-03_decklist,,23,Belcher,Combo,hunnhu,
2026-01-03,Modern,32,,challenge_C32_2026-01-03_decklist,,24,Rakdos Aggro,Aggro,DragonFodder,
2026-01-03,Modern,32,,challenge_C32_2026-01-03_decklist,,25,Domain Zoo,Midrange,Sarlanga,
2026-01-03,Modern,32,,challenge_C32_2026-01-03_decklist,,26,Ragavan,Aggro,TuckerMTG,
2026-01-03,Modern,32,,challenge_C32_2026-01-03_decklist,,27,Dimir Mill,Combo,PatagurusRex,
2026-01-03,Modern,32,,challenge_C32_2026-01-03_decklist,,28,Broodscale Combo,Combo,HelpfulHobo,
2026-01-03,Modern,32,,challenge_C32_2026-01-03_decklist,,29,Living End,Graveyard,MisterTwin,
2026-01-03,Modern,32,,challenge_C32_2026-01-03_decklist,,30,Amulet Titan,Combo,lxlxl,
2026-01-03,Modern,32,,challenge_C32_2026-01-03_decklist,,31,Ruby Storm,Combo,N0000000B,
2026-01-03,Modern,32,,challenge_C32_2026-01-03_decklist,,32,Eldrazi Tron,Ramp,Porks,
2026-01-03,Modern,64,,challenge_C64_2026-01-03_decklist,,1,Prowess,Aggro,MagicalSnap,
2026-01-03,Modern,64,,challenge_C64_2026-01-03_decklist,,2,Prowess,Aggro,O_danielakos,
2026-01-03,Modern,64,,challenge_C64_2026-01-03_decklist,,3,Amulet Titan,Combo,Prim3Time,
2026-01-03,Modern,64,,challenge_C64_2026-01-03_decklist,,4,Living End,Graveyard,JPA93,
2026-01-03,Modern,64,,challenge_C64_2026-01-03_decklist,,5,Affinity,Aggro,DarksteelWelder,
2026-01-03,Modern,64,,challenge_C64_2026-01-03_decklist,,6,Jeskai Blink,Blink,Kaiser_ITA,
2026-01-03,Modern,64,,challenge_C64_2026-01-03_decklist,,7,Jeskai Blink,Blink,Alpha_Go,
2026-01-03,Modern,64,,challenge_C64_2026-01-03_decklist,,8,Affinity,Aggro,sioutis_kk,
2026-01-03,Modern,64,,challenge_C64_2026-01-03_decklist,,9,Belcher,Combo,Tranzmaster,
2026-01-03,Modern,64,,challenge_C64_2026-01-03_decklist,,10,Mardu Midrange,Midrange,Napoleon_I,
2026-01-03,Modern,64,,challenge_C64_2026-01-03_decklist,,11,Yawgmoth,Midrange,Moorehardcore,
2026-01-03,Modern,64,,challenge_C64_2026-01-03_decklist,,12,Jeskai Blink,Blink,yriel,
2026-01-03,Modern,64,,challenge_C64_2026-01-03_decklist,,13,Sultai Ritual,Midrange,M_4,
2026-01-03,Modern,64,,challenge_C64_2026-01-03_decklist,,14,UBRG,Control,Coradorable,
2026-01-03,Modern,64,,challenge_C64_2026-01-03_decklist,,15,Esper Blink,Blink,mh7lucky,
2026-01-03,Modern,64,,challenge_C64_2026-01-03_decklist,,16,Boros Energy,Aggro,xfile,
2026-01-03,Modern,64,,challenge_C64_2026-01-03_decklist,,17,Eldrazi Ramp,Ramp,Marcuzinho,
2026-01-03,Modern,64,,challenge_C64_2026-01-03_decklist,,18,Ruby Storm,Combo,hugofreitas1,
2026-01-03,Modern,64,,challenge_C64_2026-01-03_decklist,,19,Amulet Titan,Combo,deftjad,
2026-01-03,Modern,64,,challenge_C64_2026-01-03_decklist,,20,Jeskai Control,Control,r0cknati0n,
2026-01-03,Modern,64,,challenge_C64_2026-01-03_decklist,,21,Azorius Blink,Blink,IsacConoli,
2026-01-03,Modern,64,,challenge_C64_2026-01-03_decklist,,22,Eldrazi Tron,Ramp,nahuel10,
2026-01-03,Modern,64,,challenge_C64_2026-01-03_decklist,,23,Azorius Mill,Control,tibalt_of_red_sub,
2026-01-03,Modern,64,,challenge_C64_2026-01-03_decklist,,24,Boros Energy,Aggro,outZEROo,
2026-01-03,Modern,64,,challenge_C64_2026-01-03_decklist,,25,Rakdos Midrange,Midrange,Dudarudi,
2026-01-03,Modern,64,,challenge_C64_2026-01-03_decklist,,26,Boros Energy,Aggro,albertoSD,
2026-01-03,Modern,64,,challenge_C64_2026-01-03_decklist,,27,Sultai Ritual,Midrange,eresopacaso,
2026-01-03,Modern,64,,challenge_C64_2026-01-03_decklist,,28,Goryo's Vengeance,Graveyard,JuanmaAT,
2026-01-03,Modern,64,,challenge_C64_2026-01-03_decklist,,29,Prowess,Aggro,LangeBastian,
2026-01-03,Modern,64,,challenge_C64_2026-01-03_decklist,,30,Boros Energy,Aggro,DemianDesposito10,
2026-01-03,Modern,64,,challenge_C64_2026-01-03_decklist,,31,Eldrazi Tron,Ramp,nv_goblin,
2026-01-03,Modern,64,,challenge_C64_2026-01-03_decklist,,32,Belcher,Combo,Rosiedog88,
2026-01-04,Modern,32,,challenge_C32_2026-01-04_decklist,,1,Eldrazi Tron,Ramp,Porks,
2026-01-04,Modern,32,,challenge_C32_2026-01-04_decklist,,2,Living End,Graveyard,MisterTwin,
2026-01-04,Modern,32,,challenge_C32_2026-01-04_decklist,,3,Boros Energy,Aggro,Misplacedginger,
2026-01-04,Modern,32,,challenge_C32_2026-01-04_decklist,,4,Domain Zoo,Midrange,Sarlanga,
2026-01-04,Modern,32,,challenge_C32_2026-01-04_decklist,,5,Eldrazi Tron,Ramp,nahuel10,
2026-01-04,Modern,32,,challenge_C32_2026-01-04_decklist,,6,Boros Energy,Aggro,Venom1,
2026-01-04,Modern,32,,challenge_C32_2026-01-04_decklist,,7,Eldrazi Tron,Ramp,jessy_samek,
2026-01-04,Modern,32,,challenge_C32_2026-01-04_decklist,,8,Ruby Storm,Combo,_Chamytinho_,
2026-01-04,Modern,32,,challenge_C32_2026-01-04_decklist,,9,Dimir Midrange,Midrange,TekiAkuma,
2026-01-04,Modern,32,,challenge_C32_2026-01-04_decklist,,10,Domain Zoo,Midrange,TerminalJustice,
2026-01-04,Modern,32,,challenge_C32_2026-01-04_decklist,,11,Eldrazi Tron,Ramp,nv_goblin,
2026-01-04,Modern,32,,challenge_C32_2026-01-04_decklist,,12,Boros Energy,Aggro,DcNo,
2026-01-04,Modern,32,,challenge_C32_2026-01-04_decklist,,13,Bant Blink,Blink,Rapgod,
2026-01-04,Modern,32,,challenge_C32_2026-01-04_decklist,,14,UBR,Midrange,twitchtvtylerb,
2026-01-04,Modern,32,,challenge_C32_2026-01-04_decklist,,15,Amulet Titan,Combo,Prim3Time,
2026-01-04,Modern,32,,challenge_C32_2026-01-04_decklist,,16,Boros Energy,Aggro,Pe_Efi,
2026-01-04,Modern,32,,challenge_C32_2026-01-04_decklist,,17,Living End,Graveyard,niuwaid001,
2026-01-04,Modern,32,,challenge_C32_2026-01-04_decklist,,18,Boros Energy,Aggro,otakkun,
2026-01-04,Modern,32,,challenge_C32_2026-01-04_decklist,,19,Amulet Titan,Combo,reidq7,
2026-01-04,Modern,32,,challenge_C32_2026-01-04_decklist,,20,Affinity,Aggro,Bradykiesling13,
2026-01-04,Modern,32,,challenge_C32_2026-01-04_decklist,,21,Ruby Storm,Combo,celedorph,
2026-01-04,Modern,32,,challenge_C32_2026-01-04_decklist,,22,Domain Zoo,Midrange,NathanOfTheGiltLeaf,
2026-01-04,Modern,32,,challenge_C32_2026-01-04_decklist,,23,Domain Zoo,Midrange,MTGeeGee,
2026-01-04,Modern,32,,challenge_C32_2026-01-04_decklist,,24,Boros Energy,Aggro,zbogames,
2026-01-04,Modern,32,,challenge_C32_2026-01-04_decklist,,25,Boros Energy,Aggro,TuckerMTG,
2026-01-04,Modern,32,,challenge_C32_2026-01-04_decklist,,26,Ruby Storm,Combo,guibracale,
2026-01-04,Modern,32,,challenge_C32_2026-01-04_decklist,,27,Jeskai Blink,Blink,Dazai,
2026-01-04,Modern,32,,challenge_C32_2026-01-04_decklist,,28,Esper Blink,Blink,huyuCD,
2026-01-04,Modern,32,,challenge_C32_2026-01-04_decklist,,29,Boros Energy,Aggro,jvidarte,
2026-01-04,Modern,32,,challenge_C32_2026-01-04_decklist,,30,Affinity,Aggro,BricksAllAround,
2026-01-04,Modern,32,,challenge_C32_2026-01-04_decklist,,31,Amulet Titan,Combo,Mistakenn,
2026-01-04,Modern,32,,challenge_C32_2026-01-04_decklist,,32,Boros Energy,Aggro,xfile,
2026-01-05,Modern,32,,challenge_C32_2026-01-05_decklist,,1,Boros Energy,Aggro,TuckerMTG,
2026-01-05,Modern,32,,challenge_C32_2026-01-05_decklist,,2,4c Midrange,Midrange,Edraros3,
2026-01-05,Modern,32,,challenge_C32_2026-01-05_decklist,,3,Sultai Ritual,Midrange,bcs8995,
2026-01-05,Modern,32,,challenge_C32_2026-01-05_decklist,,4,Eldrazi Tron,Ramp,AmadeusPro,
2026-01-05,Modern,32,,challenge_C32_2026-01-05_decklist,,5,Grixis Reanimator,Graveyard,SaN3,
2026-01-05,Modern,32,,challenge_C32_2026-01-05_decklist,,6,Ruby Storm,Combo,celedorph,
2026-01-05,Modern,32,,challenge_C32_2026-01-05_decklist,,7,Affinity,Aggro,sioutis_kk,
2026-01-05,Modern,32,,challenge_C32_2026-01-05_decklist,,8,Jeskai Blink,Midrange,Ivan_Draw_Go,
2026-01-05,Modern,32,,challenge_C32_2026-01-05_decklist,,9,Amulet Titan,Combo,Kollslaw,
2026-01-05,Modern,32,,challenge_C32_2026-01-05_decklist,,10,Boros Energy,Aggro,FUXIN,
2026-01-05,Modern,32,,challenge_C32_2026-01-05_decklist,,11,Eldrazi Tron,Ramp,fingers1991,
2026-01-05,Modern,32,,challenge_C32_2026-01-05_decklist,,12,Eldrazi Tron,Ramp,kthanakit26,
2026-01-05,Modern,32,,challenge_C32_2026-01-05_decklist,,13,Living End,Graveyard,MisterTwin,
2026-01-05,Modern,32,,challenge_C32_2026-01-05_decklist,,14,Eldrazi Tron,Ramp,kuangxiu,
2026-01-05,Modern,32,,challenge_C32_2026-01-05_decklist,,15,Belcher,Combo,E90_DeliveryBoy,
2026-01-05,Modern,32,,challenge_C32_2026-01-05_decklist,,16,Azorius Control,Control,Keggers,
2026-01-05,Modern,32,,challenge_C32_2026-01-05_decklist,,17,Goryo's Vengeance,Graveyard,GigaChadSigmaMale,
2026-01-05,Modern,32,,challenge_C32_2026-01-05_decklist,,18,Living End,Graveyard,wolf2222,
2026-01-05,Modern,32,,challenge_C32_2026-01-05_decklist,,19,Indomitable Creativity,Combo,TxColossus,
2026-01-05,Modern,32,,challenge_C32_2026-01-05_decklist,,20,Boros Energy,Aggro,mtgobazaar8,
2026-01-05,Modern,32,,challenge_C32_2026-01-05_decklist,,21,Domain Zoo,Midrange,crazythursday,
2026-01-05,Modern,32,,challenge_C32_2026-01-05_decklist,,22,Jeskai Blink,Blink,otakkun,
2026-01-05,Modern,32,,challenge_C32_2026-01-05_decklist,,23,Boros Energy,Aggro,indianpancake,
2026-01-05,Modern,32,,challenge_C32_2026-01-05_decklist,,24,Boros Energy,Aggro,Cabooseinator,
2026-01-05,Modern,32,,challenge_C32_2026-01-05_decklist,,25,Eldrazi Tron,Ramp,manohito,
2026-01-05,Modern,32,,challenge_C32_2026-01-05_decklist,,26,Belcher,Combo,Tienmtg,
2026-01-05,Modern,32,,challenge_C32_2026-01-05_decklist,,27,Prowess,Aggro,slaxx,
2026-01-05,Modern,32,,challenge_C32_2026-01-05_decklist,,28,Affinity,Aggro,Chaughey,
2026-01-05,Modern,32,,challenge_C32_2026-01-05_decklist,,29,Eldrazi Tron,Ramp,nahuel10,
2026-01-05,Modern,32,,challenge_C32_2026-01-05_decklist,,30,Yawgmoth,Midrange,IronBeagle,
2026-01-05,Modern,32,,challenge_C32_2026-01-05_decklist,,31,Boros Energy,Aggro,klien7,
2026-01-05,Modern,32,,challenge_C32_2026-01-05_decklist,,32,Domain Zoo,Midrange,Sarlanga,
2026-01-06,Modern,64,,challenge_C64_2026-01-06_decklist,,1,Broodscale Combo,Combo,HelpfulHobo,
2026-01-06,Modern,64,,challenge_C64_2026-01-06_decklist,,2,Domain Zoo,Midrange,SuperCow12653,
2026-01-06,Modern,64,,challenge_C64_2026-01-06_decklist,,3,Boros Energy,Aggro,_lluks_,
2026-01-06,Modern,64,,challenge_C64_2026-01-06_decklist,,4,4c Control,Control,jready,
2026-01-06,Modern,64,,challenge_C64_2026-01-06_decklist,,5,Domain Zoo,Midrange,Rosiedog88,
2026-01-06,Modern,64,,challenge_C64_2026-01-06_decklist,,6,Belcher,Combo,Drank_Swallalahr,
2026-01-06,Modern,64,,challenge_C64_2026-01-06_decklist,,7,Jeskai Blink,Blink,yriel,
2026-01-06,Modern,64,,challenge_C64_2026-01-06_decklist,,8,Rakdos Midrange,Midrange,Dudarudi,
2026-01-06,Modern,64,,challenge_C64_2026-01-06_decklist,,9,Ruby Storm,Combo,_Mago_,
2026-01-06,Modern,64,,challenge_C64_2026-01-06_decklist,,10,Boros Energy,Aggro,OnlyLandsDotCom,
2026-01-06,Modern,64,,challenge_C64_2026-01-06_decklist,,11,Boros Energy,Aggro,fazparte,
2026-01-06,Modern,64,,challenge_C64_2026-01-06_decklist,,12,Living End,Graveyard,Univerce,
2026-01-06,Modern,64,,challenge_C64_2026-01-06_decklist,,13,Ruby Storm,Combo,Cachorrowo,
2026-01-06,Modern,64,,challenge_C64_2026-01-06_decklist,,14,Dimir Midrange,Midrange,TekiAkuma,
2026-01-06,Modern,64,,challenge_C64_2026-01-06_decklist,,15,Dimir Midrange,Midrange,Tunaktunak,
2026-01-06,Modern,64,,challenge_C64_2026-01-06_decklist,,16,Prowess,Aggro,O_danielakos,
2026-01-06,Modern,64,,challenge_C64_2026-01-06_decklist,,17,Living End,Graveyard,MeninooNey,
2026-01-06,Modern,64,,challenge_C64_2026-01-06_decklist,,18,Eldrazi Tron,Ramp,bless_von,
2026-01-06,Modern,64,,challenge_C64_2026-01-06_decklist,,19,Ruby Storm,Combo,Dioferreira,
2026-01-06,Modern,64,,challenge_C64_2026-01-06_decklist,,20,Boros Energy,Aggro,ShadowTitan1,
2026-01-06,Modern,64,,challenge_C64_2026-01-06_decklist,,21,Boros Energy,Aggro,peter780108,
2026-01-06,Modern,64,,challenge_C64_2026-01-06_decklist,,22,Grixis Midrange,Midrange,DB_cntrlfreak_ttv,
2026-01-06,Modern,64,,challenge_C64_2026-01-06_decklist,,23,Eldrazi Ramp,Ramp,Odin2015,
2026-01-06,Modern,64,,challenge_C64_2026-01-06_decklist,,24,Amulet Titan,Combo,Kollslaw,
2026-01-06,Modern,64,,challenge_C64_2026-01-06_decklist,,25,Living End,Graveyard,MisterTwin,
2026-01-06,Modern,64,,challenge_C64_2026-01-06_decklist,,26,Affinity,Aggro,billster47,
2026-01-06,Modern,64,,challenge_C64_2026-01-06_decklist,,27,Prowess,Aggro,Cazuza,
2026-01-06,Modern,64,,challenge_C64_2026-01-06_decklist,,28,Eldrazi Tron,Ramp,Martin_Dominguez,
2026-01-06,Modern,64,,challenge_C64_2026-01-06_decklist,,29,Mono-Black Midrange,Midrange,Selfeisek,
2026-01-06,Modern,64,,challenge_C64_2026-01-06_decklist,,30,Living End,Graveyard,LucasG1ggs,
2026-01-06,Modern,64,,challenge_C64_2026-01-06_decklist,,31,Ruby Storm,Combo,Bruskk,
2026-01-06,Modern,64,,challenge_C64_2026-01-06_decklist,,32,Goryo's Vengeance,Graveyard,JuanmaAT,
2026-01-07,Modern,32,,challenge_C32_2026-01-07_decklist,,1,URG,Midrange,jready,
2026-01-07,Modern,32,,challenge_C32_2026-01-07_decklist,,2,Dimir Midrange,Midrange,oosunq,
2026-01-07,Modern,32,,challenge_C32_2026-01-07_decklist,,3,Eldrazi Ramp,Ramp,Odin2015,
2026-01-07,Modern,32,,challenge_C32_2026-01-07_decklist,,4,Jeskai Blink,Blink,yriel,
2026-01-07,Modern,32,,challenge_C32_2026-01-07_decklist,,5,Amulet Titan,Combo,Boucha,
2026-01-07,Modern,32,,challenge_C32_2026-01-07_decklist,,6,Domain Zoo,Midrange,bresett123,
2026-01-07,Modern,32,,challenge_C32_2026-01-07_decklist,,7,Eldrazi Tron,Ramp,Porks,
2026-01-07,Modern,32,,challenge_C32_2026-01-07_decklist,,8,Goryo's Vengeance,Graveyard,makaaaa,
2026-01-07,Modern,32,,challenge_C32_2026-01-07_decklist,,9,Prowess,Aggro,NuBlkAu,
2026-01-07,Modern,32,,challenge_C32_2026-01-07_decklist,,10,Eldrazi Tron,Ramp,newbarola,
2026-01-07,Modern,32,,challenge_C32_2026-01-07_decklist,,11,Living End,Graveyard,MeninoNey,
2026-01-07,Modern,32,,challenge_C32_2026-01-07_decklist,,12,Ruby Storm,Combo,hugofreitas1,
2026-01-07,Modern,32,,challenge_C32_2026-01-07_decklist,,13,Yawgmoth,Midrange,crzzmvx,
2026-01-07,Modern,32,,challenge_C32_2026-01-07_decklist,,14,Eldrazi Tron,Ramp,Jumba,
2026-01-07,Modern,32,,challenge_C32_2026-01-07_decklist,,15,Ruby Storm,Combo,golfsapao,
2026-01-07,Modern,32,,challenge_C32_2026-01-07_decklist,,16,Boros Energy,Aggro,jvidarte,
2026-01-07,Modern,32,,challenge_C32_2026-01-07_decklist,,17,Belcher,Combo,justAlice,
2026-01-07,Modern,32,,challenge_C32_2026-01-07_decklist,,18,Jeskai Control,Control,YopopMTG,
2026-01-07,Modern,32,,challenge_C32_2026-01-07_decklist,,19,Affinity,Aggro,SPyromancer,
2026-01-07,Modern,32,,challenge_C32_2026-01-07_decklist,,20,Rakdos Midrange,Midrange,Dudarudi,
2026-01-07,Modern,32,,challenge_C32_2026-01-07_decklist,,21,Boros Energy,Aggro,xFlavius,
2026-01-07,Modern,32,,challenge_C32_2026-01-07_decklist,,22,Eldrazi Tron,Ramp,novaschin22,
2026-01-07,Modern,32,,challenge_C32_2026-01-07_decklist,,23,Eldrazi Tron,Ramp,Jamthan,
2026-01-07,Modern,32,,challenge_C32_2026-01-07_decklist,,24,RG,Ramp,Zolazar,
2026-01-07,Modern,32,,challenge_C32_2026-01-07_decklist,,25,Amulet Titan,Combo,Mistakenn,
2026-01-07,Modern,32,,challenge_C32_2026-01-07_decklist,,26,Eldrazi Tron,Ramp,e0068,
2026-01-07,Modern,32,,challenge_C32_2026-01-07_decklist,,27,Boros Energy,Aggro,xfile,
2026-01-07,Modern,32,,challenge_C32_2026-01-07_decklist,,28,Mono-Black Midrange,Midrange,Selfeisek,
2026-01-07,Modern,32,,challenge_C32_2026-01-07_decklist,,29,Domain Zoo,Midrange,OniReject,
2026-01-07,Modern,32,,challenge_C32_2026-01-07_decklist,,30,Boros Energy,Aggro,DemianDesposito10,
2026-01-07,Modern,32,,challenge_C32_2026-01-07_decklist,,31,Boros Energy,Aggro,Rashek,
2026-01-07,Modern,32,,challenge_C32_2026-01-07_decklist,,32,Boros Energy,Aggro,Ale_Mtg,
2026-01-08,Modern,64,,challenge_C64_2026-01-08_decklist,,1,Boros Energy,Aggro,_lluks_,
2026-01-08,Modern,64,,challenge_C64_2026-01-08_decklist,,2,Eldrazi Tron,Ramp,Jumba,
2026-01-08,Modern,64,,challenge_C64_2026-01-08_decklist,,3,Ruby Storm,Combo,Malox11,
2026-01-08,Modern,64,,challenge_C64_2026-01-08_decklist,,4,Ruby Storm,Combo,hugofreitas1,
2026-01-08,Modern,64,,challenge_C64_2026-01-08_decklist,,5,Amulet Titan,Combo,Mistakenn,
2026-01-08,Modern,64,,challenge_C64_2026-01-08_decklist,,6,Boros Energy,Aggro,zhangkh,
2026-01-08,Modern,64,,challenge_C64_2026-01-08_decklist,,7,Azorius Control,Control,GigaChadSigmaMale,
2026-01-08,Modern,64,,challenge_C64_2026-01-08_decklist,,8,Boros Energy,Aggro,Misplacedginger,
2026-01-08,Modern,64,,challenge_C64_2026-01-08_decklist,,9,Ruby Storm,Combo,izzy-wilde,
2026-01-08,Modern,64,,challenge_C64_2026-01-08_decklist,,10,Ruby Storm,Combo,Cachorrowo,
2026-01-08,Modern,64,,challenge_C64_2026-01-08_decklist,,11,Eldrazi Tron,Ramp,mei0024,
2026-01-08,Modern,64,,challenge_C64_2026-01-08_decklist,,12,Ruby Storm,Combo,_Chamytinho_,
2026-01-08,Modern,64,,challenge_C64_2026-01-08_decklist,,13,Goryo's Vengeance,Graveyard,crzzmvx,
2026-01-08,Modern,64,,challenge_C64_2026-01-08_decklist,,14,Belcher,Combo,justAlice,
2026-01-08,Modern,64,,challenge_C64_2026-01-08_decklist,,15,Prowess,Aggro,Frejat,
2026-01-08,Modern,64,,challenge_C64_2026-01-08_decklist,,16,Eldrazi Ramp,Ramp,Odin2015,
2026-01-08,Modern,64,,challenge_C64_2026-01-08_decklist,,17,Jeskai Control,Control,YopopMTG,
2026-01-08,Modern,64,,challenge_C64_2026-01-08_decklist,,18,Affinity,Aggro,makaaaa,
2026-01-08,Modern,64,,challenge_C64_2026-01-08_decklist,,19,Boros Energy,Aggro,Rashek,
2026-01-08,Modern,64,,challenge_C64_2026-01-08_decklist,,20,Ruby Storm,Combo,Capitano_CL,
2026-01-08,Modern,64,,challenge_C64_2026-01-08_decklist,,21,Jeskai Blink,Blink,groot02,
2026-01-08,Modern,64,,challenge_C64_2026-01-08_decklist,,22,Amulet Titan,Combo,Boucha,
2026-01-08,Modern,64,,challenge_C64_2026-01-08_decklist,,23,Affinity,Aggro,Smallforest,
2026-01-08,Modern,64,,challenge_C64_2026-01-08_decklist,,24,Domain Zoo,Midrange,Pleyboy,
2026-01-08,Modern,64,,challenge_C64_2026-01-08_decklist,,25,Boros Energy,Aggro,fazparte,
2026-01-08,Modern,64,,challenge_C64_2026-01-08_decklist,,26,UBRG,Control,mala_grinja,
2026-01-08,Modern,64,,challenge_C64_2026-01-08_decklist,,27,Domain Zoo,Midrange,OniReject,
2026-01-08,Modern,64,,challenge_C64_2026-01-08_decklist,,28,Prowess,Aggro,Palme,
2026-01-08,Modern,64,,challenge_C64_2026-01-08_decklist,,29,Affinity,Aggro,gzy120,
2026-01-08,Modern,64,,challenge_C64_2026-01-08_decklist,,30,Ruby Storm,Combo,wcl,
2026-01-08,Modern,64,,challenge_C64_2026-01-08_decklist,,31,Dimir Midrange,Midrange,_Babbuja_,
2026-01-08,Modern,64,,challenge_C64_2026-01-08_decklist,,32,Eldrazi Tron,Ramp,AmadeusPro,
2026-01-09,Modern,32,,challenge_C32_2026-01-09_decklist,,1,Dimir Midrange,Midrange,aspiringspike,
2026-01-09,Modern,32,,challenge_C32_2026-01-09_decklist,,2,Affinity,Aggro,DarksteelWelder,
2026-01-09,Modern,32,,challenge_C32_2026-01-09_decklist,,3,Living End,Graveyard,JPA93,
2026-01-09,Modern,32,,challenge_C32_2026-01-09_decklist,,4,Ruby Storm,Combo,DEJAIR_LAMARCA,
2026-01-09,Modern,32,,challenge_C32_2026-01-09_decklist,,5,Amulet Titan,Combo,Mistakenn,
2026-01-09,Modern,32,,challenge_C32_2026-01-09_decklist,,6,Dimir Mill,Combo,tibalt_of_red_sub,
2026-01-09,Modern,32,,challenge_C32_2026-01-09_decklist,,7,Eldrazi Tron,Ramp,russell_wilson,
2026-01-09,Modern,32,,challenge_C32_2026-01-09_decklist,,8,Boros Energy,Aggro,fazparte,
2026-01-09,Modern,32,,challenge_C32_2026-01-09_decklist,,9,Ruby Storm,Combo,Erik157751,
2026-01-09,Modern,32,,challenge_C32_2026-01-09_decklist,,10,Eldrazi Tron,Ramp,franrico,
2026-01-09,Modern,32,,challenge_C32_2026-01-09_decklist,,11,Grixis Reanimator,Graveyard,justAlice,
2026-01-09,Modern,32,,challenge_C32_2026-01-09_decklist,,12,Prowess,Aggro,OkoDio,
2026-01-09,Modern,32,,challenge_C32_2026-01-09_decklist,,13,Azorius Control,Control,GigaChadSigmaMale,
2026-01-09,Modern,32,,challenge_C32_2026-01-09_decklist,,14,Affinity,Aggro,Moaddin1186,
2026-01-09,Modern,32,,challenge_C32_2026-01-09_decklist,,15,Yawgmoth,Midrange,Rack,
2026-01-09,Modern,32,,challenge_C32_2026-01-09_decklist,,16,Eldrazi Tron,Ramp,Porks,
2026-01-09,Modern,32,,challenge_C32_2026-01-09_decklist,,17,Esper Blink,Blink,crzzmvx,
2026-01-09,Modern,32,,challenge_C32_2026-01-09_decklist,,18,Eldrazi Tron,Ramp,Harvey_Specter,
2026-01-09,Modern,32,,challenge_C32_2026-01-09_decklist,,19,Ruby Storm,Combo,wcl,
2026-01-09,Modern,32,,challenge_C32_2026-01-09_decklist,,20,Ruby Storm,Combo,Capitano_CL,
2026-01-09,Modern,32,,challenge_C32_2026-01-09_decklist,,21,Esper Midrange,Midrange,hermanomlg,
2026-01-09,Modern,32,,challenge_C32_2026-01-09_decklist,,22,Esper Midrange,Midrange,Parrotlet,
2026-01-09,Modern,32,,challenge_C32_2026-01-09_decklist,,23,Ruby Storm,Combo,hugofreitas1,
2026-01-09,Modern,32,,challenge_C32_2026-01-09_decklist,,24,Ruby Storm,Combo,Cachorrowo,
2026-01-09,Modern,32,,challenge_C32_2026-01-09_decklist,,25,Living End,Graveyard,MeninooNey,
2026-01-09,Modern,32,,challenge_C32_2026-01-09_decklist,,26,Jeskai Midrange,Midrange,bcs8995,
2026-01-09,Modern,32,,challenge_C32_2026-01-09_decklist,,27,Eldrazi Tron,Ramp,Jumba,
2026-01-09,Modern,32,,challenge_C32_2026-01-09_decklist,,28,Tron,Ramp,woopdeloop,
2026-01-09,Modern,32,,challenge_C32_2026-01-09_decklist,,29,Eldrazi Tron,Ramp,newbarola,
2026-01-09,Modern,32,,challenge_C32_2026-01-09_decklist,,30,Boros Energy,Aggro,Mogged,
2026-01-09,Modern,32,,challenge_C32_2026-01-09_decklist,,31,Ruby Storm,Combo,DaemonArchon,
2026-01-09,Modern,32,,challenge_C32_2026-01-09_decklist,,32,Boros Energy,Aggro,Dreddybajs,
2026-01-10,Modern,32,,challenge_C32_2026-01-10_decklist,,1,Broodscale Combo,Combo,HelpfulHobo,
2026-01-10,Modern,32,,challenge_C32_2026-01-10_decklist,,2,Ruby Storm,Combo,pwqz,
2026-01-10,Modern,32,,challenge_C32_2026-01-10_decklist,,3,Ruby Storm,Combo,DEJAIR_LAMARCA,
2026-01-10,Modern,32,,challenge_C32_2026-01-10_decklist,,4,Affinity,Aggro,Dioferreira,
2026-01-10,Modern,32,,challenge_C32_2026-01-10_decklist,,5,Grixis Reanimator,Graveyard,SaN3,
2026-01-10,Modern,32,,challenge_C32_2026-01-10_decklist,,6,Mono-Black Midrange,Midrange,Selfeisek,
2026-01-10,Modern,32,,challenge_C32_2026-01-10_decklist,,7,Ruby Storm,Combo,Zelesnya,
2026-01-10,Modern,32,,challenge_C32_2026-01-10_decklist,,8,Eldrazi Tron,Ramp,_Shikamaru_,
2026-01-10,Modern,32,,challenge_C32_2026-01-10_decklist,,9,Eldrazi Tron,Ramp,Stealthmagician,
2026-01-10,Modern,32,,challenge_C32_2026-01-10_decklist,,10,Living End,Graveyard,MeninooNey,
2026-01-10,Modern,32,,challenge_C32_2026-01-10_decklist,,11,Eldrazi Ramp,Ramp,Giltspire,
2026-01-10,Modern,32,,challenge_C32_2026-01-10_decklist,,12,Eldrazi Tron,Ramp,_Batutinha_,
2026-01-10,Modern,32,,challenge_C32_2026-01-10_decklist,,13,Belcher,Combo,E90_DeliveryBoy,
2026-01-10,Modern,32,,challenge_C32_2026-01-10_decklist,,14,Boros Energy,Aggro,fazparte,
2026-01-10,Modern,32,,challenge_C32_2026-01-10_decklist,,15,Boros Energy,Aggro,indianpancake,
2026-01-10,Modern,32,,challenge_C32_2026-01-10_decklist,,16,Boros Energy,Aggro,Venom1,
2026-01-10,Modern,32,,challenge_C32_2026-01-10_decklist,,17,Boros Energy,Aggro,klien7,
2026-01-10,Modern,32,,challenge_C32_2026-01-10_decklist,,18,Affinity,Aggro,Arcbound_Papi,
2026-01-10,Modern,32,,challenge_C32_2026-01-10_decklist,,19,Boros Energy,Aggro,Oppa,
2026-01-10,Modern,32,,challenge_C32_2026-01-10_decklist,,20,Ruby Storm,Combo,MTGeeGee,
2026-01-10,Modern,32,,challenge_C32_2026-01-10_decklist,,21,Ruby Storm,Combo,hugofreitas1,
2026-01-10,Modern,32,,challenge_C32_2026-01-10_decklist,,22,Ruby Storm,Combo,Manny-,
2026-01-10,Modern,32,,challenge_C32_2026-01-10_decklist,,23,Boros Energy,Aggro,DemianDesposito10,
2026-01-10,Modern,32,,challenge_C32_2026-01-10_decklist,,24,Living End,Graveyard,MisterTwin,
2026-01-10,Modern,32,,challenge_C32_2026-01-10_decklist,,25,Dimir Midrange,Midrange,ETBJezus,
2026-01-10,Modern,32,,challenge_C32_2026-01-10_decklist,,26,Living End,Graveyard,Occultatum,
2026-01-10,Modern,32,,challenge_C32_2026-01-10_decklist,,27,Boros Energy,Aggro,xFlavius,
2026-01-10,Modern,32,,challenge_C32_2026-01-10_decklist,,28,Grixis Reanimator,Graveyard,galatriste,
2026-01-10,Modern,32,,challenge_C32_2026-01-10_decklist,,29,4c Midrange,Midrange,Edraros3,
2026-01-10,Modern,32,,challenge_C32_2026-01-10_decklist,,30,Domain Zoo,Midrange,mendyourheart,
2026-01-10,Modern,32,,challenge_C32_2026-01-10_decklist,,31,Eldrazi Tron,Ramp,nahuel10,
2026-01-10,Modern,32,,challenge_C32_2026-01-10_decklist,,32,Jeskai Control,Control,r0cknati0n,
2026-01-10,Modern,64,,challenge_C64_2026-01-10_decklist,,1,Simic Midrange,Midrange,strgn7,
2026-01-10,Modern,64,,challenge_C64_2026-01-10_decklist,,2,Belcher,Combo,Lord_of_The_Wastes,
2026-01-10,Modern,64,,challenge_C64_2026-01-10_decklist,,3,Jeskai Ascendancy Combo,Combo,-=Alfa=-,
2026-01-10,Modern,64,,challenge_C64_2026-01-10_decklist,,4,Goryo's Vengeance,Graveyard,JuanmaAT,
2026-01-10,Modern,64,,challenge_C64_2026-01-10_decklist,,5,Ruby Storm,Combo,wcl,
2026-01-10,Modern,64,,challenge_C64_2026-01-10_decklist,,6,Affinity,Aggro,Roberto777,
2026-01-10,Modern,64,,challenge_C64_2026-01-10_decklist,,7,Boros Energy,Aggro,bcs8995,
2026-01-10,Modern,64,,challenge_C64_2026-01-10_decklist,,8,Boros Energy,Aggro,hardfight,
2026-01-10,Modern,64,,challenge_C64_2026-01-10_decklist,,9,Jeskai Blink,Blink,yriel,
2026-01-10,Modern,64,,challenge_C64_2026-01-10_decklist,,10,Living End,Graveyard,JPA93,
2026-01-10,Modern,64,,challenge_C64_2026-01-10_decklist,,11,Eldrazi Tron,Ramp,4FunNoWin,
2026-01-10,Modern,64,,challenge_C64_2026-01-10_decklist,,12,Boros Energy,Aggro,LucasG1ggs,
2026-01-10,Modern,64,,challenge_C64_2026-01-10_decklist,,13,Jeskai Control,Control,YopopMTG,
2026-01-10,Modern,64,,challenge_C64_2026-01-10_decklist,,14,UBR,Midrange,Marmotte_Lambda,
2026-01-10,Modern,64,,challenge_C64_2026-01-10_decklist,,15,Eldrazi Tron,Ramp,Stealthmagician,
2026-01-10,Modern,64,,challenge_C64_2026-01-10_decklist,,16,Ruby Storm,Combo,Manny-,
2026-01-10,Modern,64,,challenge_C64_2026-01-10_decklist,,17,Prowess,Aggro,OkoDio,
2026-01-10,Modern,64,,challenge_C64_2026-01-10_decklist,,18,Affinity,Aggro,Moaddin1186,
2026-01-10,Modern,64,,challenge_C64_2026-01-10_decklist,,19,Burn,Aggro,DemianDesposito10,
2026-01-10,Modern,64,,challenge_C64_2026-01-10_decklist,,20,Boros Energy,Aggro,nahuel10,
2026-01-10,Modern,64,,challenge_C64_2026-01-10_decklist,,21,Azorius Blink,Blink,JestRight,
2026-01-10,Modern,64,,challenge_C64_2026-01-10_decklist,,22,Boros Energy,Aggro,Diem4x,
2026-01-10,Modern,64,,challenge_C64_2026-01-10_decklist,,23,Domain Zoo,Midrange,Osiris85,
2026-01-10,Modern,64,,challenge_C64_2026-01-10_decklist,,24,Eldrazi Ramp,Ramp,oeni,
2026-01-10,Modern,64,,challenge_C64_2026-01-10_decklist,,25,Ruby Storm,Combo,hugofreitas1,
2026-01-10,Modern,64,,challenge_C64_2026-01-10_decklist,,26,Mono-Black Midrange,Midrange,Selfeisek,
2026-01-10,Modern,64,,challenge_C64_2026-01-10_decklist,,27,Dimir Midrange,Midrange,SuperCow12653,
2026-01-10,Modern,64,,challenge_C64_2026-01-10_decklist,,28,4c Midrange,Midrange,Edraros3,
2026-01-10,Modern,64,,challenge_C64_2026-01-10_decklist,,29,Boros Energy,Aggro,Misplacedginger,
2026-01-10,Modern,64,,challenge_C64_2026-01-10_decklist,,30,Azorius Control,Control,joker10289,
2026-01-10,Modern,64,,challenge_C64_2026-01-10_decklist,,31,Affinity,Aggro,therock988,
2026-01-10,Modern,64,,challenge_C64_2026-01-10_decklist,,32,Domain Zoo,Midrange,HP_,
2026-01-11,Modern,32,,challenge_C32_2026-01-11_decklist,,1,Jeskai Blink,Blink,Venom1,
2026-01-11,Modern,32,,challenge_C32_2026-01-11_decklist,,2,Eldrazi Tron,Ramp,_Chamytinho_,
2026-01-11,Modern,32,,challenge_C32_2026-01-11_decklist,,3,Ruby Storm,Combo,_Mago_,
2026-01-11,Modern,32,,challenge_C32_2026-01-11_decklist,,4,Domain Zoo,Midrange,mendyourheart,
2026-01-11,Modern,32,,challenge_C32_2026-01-11_decklist,,5,Mono-Black Midrange,Midrange,Selfeisek,
2026-01-11,Modern,32,,challenge_C32_2026-01-11_decklist,,6,Affinity,Aggro,-Nausea-,
2026-01-11,Modern,32,,challenge_C32_2026-01-11_decklist,,7,Esper Murktide,Midrange,huyuCD,
2026-01-11,Modern,32,,challenge_C32_2026-01-11_decklist,,8,Yawgmoth,Midrange,Moorehardcore,
2026-01-11,Modern,32,,challenge_C32_2026-01-11_decklist,,9,Amulet Titan,Combo,reidq7,
2026-01-11,Modern,32,,challenge_C32_2026-01-11_decklist,,10,Boros Energy,Aggro,fazparte,
2026-01-11,Modern,32,,challenge_C32_2026-01-11_decklist,,11,Domain Zoo,Midrange,Cinnamonboffa,
2026-01-11,Modern,32,,challenge_C32_2026-01-11_decklist,,12,Yawgmoth,Midrange,TheMeatMan,
2026-01-11,Modern,32,,challenge_C32_2026-01-11_decklist,,13,Ruby Storm,Combo,hugofreitas1,
2026-01-11,Modern,32,,challenge_C32_2026-01-11_decklist,,14,4c Reanimator,Graveyard,KnightOfSuri,
2026-01-11,Modern,32,,challenge_C32_2026-01-11_decklist,,15,Boros Energy,Aggro,xFlavius,
2026-01-11,Modern,32,,challenge_C32_2026-01-11_decklist,,16,Eldrazi Ramp,Ramp,Giltspire,
2026-01-11,Modern,32,,challenge_C32_2026-01-11_decklist,,17,Prowess,Aggro,PauperPonderings,
2026-01-11,Modern,32,,challenge_C32_2026-01-11_decklist,,18,Miracles,Control,Parrotlet,
2026-01-11,Modern,32,,challenge_C32_2026-01-11_decklist,,19,Boros Energy,Aggro,jvidarte,
2026-01-11,Modern,32,,challenge_C32_2026-01-11_decklist,,20,Boros Energy,Aggro,indianpancake,
2026-01-11,Modern,32,,challenge_C32_2026-01-11_decklist,,21,Goryo's Vengeance,Graveyard,kthanakit26,
2026-01-11,Modern,32,,challenge_C32_2026-01-11_decklist,,22,Jeskai Control,Control,ganache1127,
2026-01-11,Modern,32,,challenge_C32_2026-01-11_decklist,,23,Grixis Reanimator,Graveyard,bcs8995,
2026-01-11,Modern,32,,challenge_C32_2026-01-11_decklist,,24,Grixis Reanimator,Graveyard,SaN3,
2026-01-11,Modern,32,,challenge_C32_2026-01-11_decklist,,25,Boros Energy,Aggro,lillo6,
2026-01-11,Modern,32,,challenge_C32_2026-01-11_decklist,,26,Azorius Blink,Blink,SirSemaj429,
2026-01-11,Modern,32,,challenge_C32_2026-01-11_decklist,,27,Burn,Aggro,DemianDesposito10,
2026-01-11,Modern,32,,challenge_C32_2026-01-11_decklist,,28,Prowess,Aggro,jps_17,
2026-01-11,Modern,32,,challenge_C32_2026-01-11_decklist,,29,Boros Energy,Aggro,nahuel10,
2026-01-11,Modern,32,,challenge_C32_2026-01-11_decklist,,30,Simic Midrange,Midrange,Zoob5555,
2026-01-11,Modern,32,,challenge_C32_2026-01-11_decklist,,31,Eldrazi Tron,Ramp,Aelyck,
2026-01-11,Modern,32,,challenge_C32_2026-01-11_decklist,,32,Boros Energy,Aggro,Spellyp,
2026-01-12,Modern,32,,challenge_C32_2026-01-12_decklist,,1,Goryo's Vengeance,Graveyard,Pharoh,
2026-01-12,Modern,32,,challenge_C32_2026-01-12_decklist,,2,Living End,Graveyard,niuwaid001,
2026-01-12,Modern,32,,challenge_C32_2026-01-12_decklist,,3,Boros Energy,Aggro,LucasG1ggs,
2026-01-12,Modern,32,,challenge_C32_2026-01-12_decklist,,4,Eldrazi Tron,Ramp,AChord4Five,
2026-01-12,Modern,32,,challenge_C32_2026-01-12_decklist,,5,Jeskai Blink,Blink,Schiaveto,
2026-01-12,Modern,32,,challenge_C32_2026-01-12_decklist,,6,Jeskai Blink,Blink,AmadeusPro,
2026-01-12,Modern,32,,challenge_C32_2026-01-12_decklist,,7,Boros Energy,Aggro,GigaChadSigmaMale,
2026-01-12,Modern,32,,challenge_C32_2026-01-12_decklist,,8,Domain Zoo,Midrange,ElGuga,
2026-01-12,Modern,32,,challenge_C32_2026-01-12_decklist,,9,Dimir Mill,Combo,xerioc,
2026-01-12,Modern,32,,challenge_C32_2026-01-12_decklist,,10,Affinity,Aggro,Scooby_Snacks,
2026-01-12,Modern,32,,challenge_C32_2026-01-12_decklist,,11,Grixis Reanimator,Graveyard,Yayoi11,
2026-01-12,Modern,32,,challenge_C32_2026-01-12_decklist,,12,Boros Energy,Aggro,DemianDesposito10,
2026-01-12,Modern,32,,challenge_C32_2026-01-12_decklist,,13,Azorius Blink,Blink,Spellyp,
2026-01-12,Modern,32,,challenge_C32_2026-01-12_decklist,,14,Affinity,Aggro,billster47,
2026-01-12,Modern,32,,challenge_C32_2026-01-12_decklist,,15,Yawgmoth,Midrange,steelleaf51,
2026-01-12,Modern,32,,challenge_C32_2026-01-12_decklist,,16,The Rock,Midrange,Wiltron92,
2026-01-12,Modern,32,,challenge_C32_2026-01-12_decklist,,17,Eldrazi Tron,Ramp,iSynova,
2026-01-12,Modern,32,,challenge_C32_2026-01-12_decklist,,18,Eldrazi Tron,Ramp,Stealthmagician,
2026-01-12,Modern,32,,challenge_C32_2026-01-12_decklist,,19,Affinity,Aggro,_Stream,
2026-01-12,Modern,32,,challenge_C32_2026-01-12_decklist,,20,Grixis Reanimator,Graveyard,galatriste,
2026-01-12,Modern,32,,challenge_C32_2026-01-12_decklist,,21,Affinity,Aggro,GGoggles,
2026-01-12,Modern,32,,challenge_C32_2026-01-12_decklist,,22,Mono-Black Midrange,Midrange,Selfeisek,
2026-01-12,Modern,32,,challenge_C32_2026-01-12_decklist,,23,Grixis Reanimator,Graveyard,soggymeatball,
2026-01-12,Modern,32,,challenge_C32_2026-01-12_decklist,,24,Affinity,Aggro,Dioferreira,
2026-01-12,Modern,32,,challenge_C32_2026-01-12_decklist,,25,Simic Midrange,Midrange,goron27,
2026-01-12,Modern,32,,challenge_C32_2026-01-12_decklist,,26,Hammer Time,Combo,hyoooga,
2026-01-12,Modern,32,,challenge_C32_2026-01-12_decklist,,27,Tron,Ramp,woopdeloop,
2026-01-12,Modern,32,,challenge_C32_2026-01-12_decklist,,28,Dimir Midrange,Midrange,TekiAkuma,
2026-01-12,Modern,32,,challenge_C32_2026-01-12_decklist,,29,Boros Energy,Aggro,Misplacedginger,
2026-01-12,Modern,32,,challenge_C32_2026-01-12_decklist,,30,URG,Midrange,SirTenno,
2026-01-12,Modern,32,,challenge_C32_2026-01-12_decklist,,31,Ruby Storm,Combo,powered_by_VANYA,
2026-01-12,Modern,32,,challenge_C32_2026-01-12_decklist,,32,Esper Murktide,Midrange,huyuCD,
2026-01-13,Modern,64,,challenge_C64_2026-01-13_decklist,,1,Jeskai Blink,Blink,peter780108,
2026-01-13,Modern,64,,challenge_C64_2026-01-13_decklist,,2,Jeskai Blink,Blink,yriel,
2026-01-13,Modern,64,,challenge_C64_2026-01-13_decklist,,3,Living End,Graveyard,Occultatum,
2026-01-13,Modern,64,,challenge_C64_2026-01-13_decklist,,4,Eldrazi Tron,Ramp,leandru,
2026-01-13,Modern,64,,challenge_C64_2026-01-13_decklist,,5,Broodscale Combo,Combo,Baurong,
2026-01-13,Modern,64,,challenge_C64_2026-01-13_decklist,,6,Living End,Graveyard,Milkshake_,
2026-01-13,Modern,64,,challenge_C64_2026-01-13_decklist,,7,Affinity,Aggro,wolf2222,
2026-01-13,Modern,64,,challenge_C64_2026-01-13_decklist,,8,Mono-Black Midrange,Midrange,Selfeisek,
2026-01-13,Modern,64,,challenge_C64_2026-01-13_decklist,,9,Domain Zoo,Midrange,mendyourheart,
2026-01-13,Modern,64,,challenge_C64_2026-01-13_decklist,,10,Prowess,Aggro,O_danielakos,
2026-01-13,Modern,64,,challenge_C64_2026-01-13_decklist,,11,Living End,Graveyard,MisterTwin,
2026-01-13,Modern,64,,challenge_C64_2026-01-13_decklist,,12,Boros Energy,Aggro,unworldlyorigin,
2026-01-13,Modern,64,,challenge_C64_2026-01-13_decklist,,13,Eldrazi Tron,Ramp,mashmalovsky,
2026-01-13,Modern,64,,challenge_C64_2026-01-13_decklist,,14,Dimir Midrange,Midrange,DB_cntrlfreak_ttv,
2026-01-13,Modern,64,,challenge_C64_2026-01-13_decklist,,15,Boros Energy,Aggro,fazparte,
2026-01-13,Modern,64,,challenge_C64_2026-01-13_decklist,,16,Ruby Storm,Combo,wcl,
2026-01-13,Modern,64,,challenge_C64_2026-01-13_decklist,,17,Amulet Titan,Combo,mentir,
2026-01-13,Modern,64,,challenge_C64_2026-01-13_decklist,,18,Living End,Graveyard,MeninoNey,
2026-01-13,Modern,64,,challenge_C64_2026-01-13_decklist,,19,Amulet Titan,Combo,Kollslaw,
2026-01-13,Modern,64,,challenge_C64_2026-01-13_decklist,,20,Eldrazi Tron,Ramp,Martin_Dominguez,
2026-01-13,Modern,64,,challenge_C64_2026-01-13_decklist,,21,Affinity,Aggro,Dioferreira,
2026-01-13,Modern,64,,challenge_C64_2026-01-13_decklist,,22,Ruby Storm,Combo,Manny-,
2026-01-13,Modern,64,,challenge_C64_2026-01-13_decklist,,23,Boros Energy,Aggro,stu909090,
2026-01-13,Modern,64,,challenge_C64_2026-01-13_decklist,,24,Boros Energy,Aggro,_ruda_,
2026-01-13,Modern,64,,challenge_C64_2026-01-13_decklist,,25,Prowess,Aggro,Frejat,
2026-01-13,Modern,64,,challenge_C64_2026-01-13_decklist,,26,Grixis Reanimator,Graveyard,soggymeatball,
2026-01-13,Modern,64,,challenge_C64_2026-01-13_decklist,,27,Boros Energy,Aggro,LucasG1ggs,
2026-01-13,Modern,64,,challenge_C64_2026-01-13_decklist,,28,Affinity,Aggro,Stokes112,
2026-01-13,Modern,64,,challenge_C64_2026-01-13_decklist,,29,Boros Energy,Aggro,SHUANEEHOG,
2026-01-13,Modern,64,,challenge_C64_2026-01-13_decklist,,30,Boros Energy,Aggro,DemianDesposito10,
2026-01-13,Modern,64,,challenge_C64_2026-01-13_decklist,,31,Ruby Storm,Combo,Bruskk,
2026-01-13,Modern,64,,challenge_C64_2026-01-13_decklist,,32,Hammer Time,Combo,CrusherBotBG,
2026-01-14,Modern,32,,challenge_C32_2026-01-14_decklist,,1,Amulet Titan,Combo,Mistakenn,
2026-01-14,Modern,32,,challenge_C32_2026-01-14_decklist,,2,Jeskai Blink,Blink,albertoSD,
2026-01-14,Modern,32,,challenge_C32_2026-01-14_decklist,,3,Affinity,Aggro,Capitano_CL,
2026-01-14,Modern,32,,challenge_C32_2026-01-14_decklist,,4,Jeskai Blink,Blink,AmadeusPro,
2026-01-14,Modern,32,,challenge_C32_2026-01-14_decklist,,5,Eldrazi Tron,Ramp,_Chamytinho_,
2026-01-14,Modern,32,,challenge_C32_2026-01-14_decklist,,6,Yawgmoth,Midrange,NickBolas90,
2026-01-14,Modern,32,,challenge_C32_2026-01-14_decklist,,7,Living End,Graveyard,Univerce,
2026-01-14,Modern,32,,challenge_C32_2026-01-14_decklist,,8,Mono-Black Midrange,Midrange,Selfeisek,
2026-01-14,Modern,32,,challenge_C32_2026-01-14_decklist,,9,Ruby Storm,Combo,wcl,
2026-01-14,Modern,32,,challenge_C32_2026-01-14_decklist,,10,Ruby Storm,Combo,CrazyMorango,
2026-01-14,Modern,32,,challenge_C32_2026-01-14_decklist,,11,Boros Energy,Aggro,unworldlyorigin,
2026-01-14,Modern,32,,challenge_C32_2026-01-14_decklist,,12,Belcher,Combo,Shestonzo,
2026-01-14,Modern,32,,challenge_C32_2026-01-14_decklist,,13,Boros Midrange,Midrange,VizosMTG,
2026-01-14,Modern,32,,challenge_C32_2026-01-14_decklist,,14,Jeskai Control,Control,nahuel10,
2026-01-14,Modern,32,,challenge_C32_2026-01-14_decklist,,15,Domain Zoo,Midrange,mendyourheart,
2026-01-14,Modern,32,,challenge_C32_2026-01-14_decklist,,16,Domain Zoo,Midrange,Rosiedog88,
2026-01-14,Modern,32,,challenge_C32_2026-01-14_decklist,,17,Affinity,Aggro,_Falcon_,
2026-01-14,Modern,32,,challenge_C32_2026-01-14_decklist,,18,Living End,Graveyard,pcpalhares,
2026-01-14,Modern,32,,challenge_C32_2026-01-14_decklist,,19,Eldrazi Tron,Ramp,derlumberzack,
2026-01-14,Modern,32,,challenge_C32_2026-01-14_decklist,,20,Jeskai Blink,Blink,DobleP,
2026-01-14,Modern,32,,challenge_C32_2026-01-14_decklist,,21,Ruby Storm,Combo,TomJubarte,
2026-01-14,Modern,32,,challenge_C32_2026-01-14_decklist,,22,Amulet Titan,Combo,Kollslaw,
2026-01-14,Modern,32,,challenge_C32_2026-01-14_decklist,,23,Jeskai Blink,Blink,indianpancake,
2026-01-14,Modern,32,,challenge_C32_2026-01-14_decklist,,24,Eldrazi Tron,Ramp,NMT_Sco94,
2026-01-14,Modern,32,,challenge_C32_2026-01-14_decklist,,25,Azorius Control,Control,joker10289,
2026-01-14,Modern,32,,challenge_C32_2026-01-14_decklist,,26,Eldrazi Tron,Ramp,mashmalovsky,
2026-01-14,Modern,32,,challenge_C32_2026-01-14_decklist,,27,Boros Energy,Aggro,Misplacedginger,
2026-01-14,Modern,32,,challenge_C32_2026-01-14_decklist,,28,Affinity,Aggro,sioutis_kk,
2026-01-14,Modern,32,,challenge_C32_2026-01-14_decklist,,29,Rakdos Aggro,Aggro,DragonFodder,
2026-01-14,Modern,32,,challenge_C32_2026-01-14_decklist,,30,Living End,Graveyard,MisterTwin,
2026-01-14,Modern,32,,challenge_C32_2026-01-14_decklist,,31,Living End,Graveyard,MeninoNey,
2026-01-14,Modern,32,,challenge_C32_2026-01-14_decklist,,32,Jeskai Blink,Blink,cicciogire,
2026-01-15,Modern,64,,challenge_C64_2026-01-15_decklist,,1,Living End,Graveyard,Reiam,
2026-01-15,Modern,64,,challenge_C64_2026-01-15_decklist,,2,Boros Energy,Aggro,sokos13,
2026-01-15,Modern,64,,challenge_C64_2026-01-15_decklist,,3,Living End,Graveyard,Xenowan,
2026-01-15,Modern,64,,challenge_C64_2026-01-15_decklist,,4,Domain Zoo,Midrange,Pleyboy,
2026-01-15,Modern,64,,challenge_C64_2026-01-15_decklist,,5,Eldrazi Tron,Ramp,Antarctica,
2026-01-15,Modern,64,,challenge_C64_2026-01-15_decklist,,6,Jeskai Blink,Blink,albertoSD,
2026-01-15,Modern,64,,challenge_C64_2026-01-15_decklist,,7,RG,Ramp,Promilx,
2026-01-15,Modern,64,,challenge_C64_2026-01-15_decklist,,8,Affinity,Aggro,Dioferreira,
2026-01-15,Modern,64,,challenge_C64_2026-01-15_decklist,,9,Boros Energy,Aggro,SHUANEEHOG,
2026-01-15,Modern,64,,challenge_C64_2026-01-15_decklist,,10,Domain Zoo,Midrange,Doomenstein,
2026-01-15,Modern,64,,challenge_C64_2026-01-15_decklist,,11,Ruby Storm,Combo,hugofreitas1,
2026-01-15,Modern,64,,challenge_C64_2026-01-15_decklist,,12,Prowess,Aggro,NeyMatoGrosso,
2026-01-15,Modern,64,,challenge_C64_2026-01-15_decklist,,13,Domain Zoo,Midrange,_Falcon_,
2026-01-15,Modern,64,,challenge_C64_2026-01-15_decklist,,14,Eldrazi Tron,Ramp,_Shikamaru_,
2026-01-15,Modern,64,,challenge_C64_2026-01-15_decklist,,15,Boros Energy,Aggro,xfile,
2026-01-15,Modern,64,,challenge_C64_2026-01-15_decklist,,16,Jeskai Blink,Blink,peter780108,
2026-01-15,Modern,64,,challenge_C64_2026-01-15_decklist,,17,Eldrazi Tron,Ramp,hermanomlg,
2026-01-15,Modern,64,,challenge_C64_2026-01-15_decklist,,18,Ruby Storm,Combo,wcl,
2026-01-15,Modern,64,,challenge_C64_2026-01-15_decklist,,19,Jeskai Blink,Blink,fazparte,
2026-01-15,Modern,64,,challenge_C64_2026-01-15_decklist,,20,Eldrazi Ramp,Ramp,Tetsubou,
2026-01-15,Modern,64,,challenge_C64_2026-01-15_decklist,,21,Burn,Aggro,DemianDesposito10,
2026-01-15,Modern,64,,challenge_C64_2026-01-15_decklist,,22,Ruby Storm,Combo,celedorph,
2026-01-15,Modern,64,,challenge_C64_2026-01-15_decklist,,23,Jeskai Blink,Blink,pepeteam,
2026-01-15,Modern,64,,challenge_C64_2026-01-15_decklist,,24,Jeskai Control,Control,nahuel10,
2026-01-15,Modern,64,,challenge_C64_2026-01-15_decklist,,25,Azorius Blink,Blink,Egorable,
2026-01-15,Modern,64,,challenge_C64_2026-01-15_decklist,,26,Living End,Graveyard,chagu,
2026-01-15,Modern,64,,challenge_C64_2026-01-15_decklist,,27,Yawgmoth,Midrange,Rack,
2026-01-15,Modern,64,,challenge_C64_2026-01-15_decklist,,28,Prowess,Aggro,MJ_23,
2026-01-15,Modern,64,,challenge_C64_2026-01-15_decklist,,29,Ruby Storm,Combo,GoblinElder,
2026-01-15,Modern,64,,challenge_C64_2026-01-15_decklist,,30,Jeskai Blink,Blink,AmadeusPro,
2026-01-15,Modern,64,,challenge_C64_2026-01-15_decklist,,31,Ruby Storm,Combo,Cachorrowo,
2026-01-15,Modern,64,,challenge_C64_2026-01-15_decklist,,32,Ruby Storm,Combo,Erik157751,
2026-01-16,Modern,32,,challenge_C32_2026-01-16_decklist,,1,Grixis Reanimator,Graveyard,Scappie,
2026-01-16,Modern,32,,challenge_C32_2026-01-16_decklist,,2,Ruby Storm,Combo,GoblinElder,
2026-01-16,Modern,32,,challenge_C32_2026-01-16_decklist,,3,Hammer Time,Combo,CrusherBotBG,
2026-01-16,Modern,32,,challenge_C32_2026-01-16_decklist,,4,Eldrazi Tron,Ramp,Promilx,
2026-01-16,Modern,32,,challenge_C32_2026-01-16_decklist,,5,Prowess,Aggro,MagicalSnap,
2026-01-16,Modern,32,,challenge_C32_2026-01-16_decklist,,6,Jeskai Control,Control,nahuel10,
2026-01-16,Modern,32,,challenge_C32_2026-01-16_decklist,,7,Sultai Ritual,Midrange,medvedev,
2026-01-16,Modern,32,,challenge_C32_2026-01-16_decklist,,8,Temur Breach,Combo,Dioferreira,
2026-01-16,Modern,32,,challenge_C32_2026-01-16_decklist,,9,Boros Energy,Aggro,fazparte,
2026-01-16,Modern,32,,challenge_C32_2026-01-16_decklist,,10,Jeskai Blink,Blink,pepeteam,
2026-01-16,Modern,32,,challenge_C32_2026-01-16_decklist,,11,Living End,Graveyard,wcl,
2026-01-16,Modern,32,,challenge_C32_2026-01-16_decklist,,12,Belcher,Combo,RCMerriam,
2026-01-16,Modern,32,,challenge_C32_2026-01-16_decklist,,13,Jeskai Blink,Blink,LordMendigao,
2026-01-16,Modern,32,,challenge_C32_2026-01-16_decklist,,14,Jeskai Blink,Blink,peter780108,
2026-01-16,Modern,32,,challenge_C32_2026-01-16_decklist,,15,Eldrazi Tron,Ramp,jessy_samek,
2026-01-16,Modern,32,,challenge_C32_2026-01-16_decklist,,16,Amulet Titan,Combo,deftjad,
2026-01-16,Modern,32,,challenge_C32_2026-01-16_decklist,,17,Boros Energy,Aggro,SHUANEEHOG,
2026-01-16,Modern,32,,challenge_C32_2026-01-16_decklist,,18,Jeskai Blink,Blink,klien7,
2026-01-16,Modern,32,,challenge_C32_2026-01-16_decklist,,19,Living End,Graveyard,MeninooNey,
2026-01-16,Modern,32,,challenge_C32_2026-01-16_decklist,,20,Prowess,Aggro,NeyMatoGrosso,
2026-01-16,Modern,32,,challenge_C32_2026-01-16_decklist,,21,Ruby Storm,Combo,novaschin22,
2026-01-16,Modern,32,,challenge_C32_2026-01-16_decklist,,22,Affinity,Aggro,russell_wilson,
2026-01-16,Modern,32,,challenge_C32_2026-01-16_decklist,,23,Boros Energy,Aggro,zbogames,
2026-01-16,Modern,32,,challenge_C32_2026-01-16_decklist,,24,Domain Zoo,Midrange,Pleyboy,
2026-01-16,Modern,32,,challenge_C32_2026-01-16_decklist,,25,Mono-Black Midrange,Midrange,Selfeisek,
2026-01-16,Modern,32,,challenge_C32_2026-01-16_decklist,,26,Yawgmoth,Midrange,crzzmvx,
2026-01-16,Modern,32,,challenge_C32_2026-01-16_decklist,,27,Rakdos Aggro,Aggro,DragonFodder,
2026-01-16,Modern,32,,challenge_C32_2026-01-16_decklist,,28,Eldrazi Tron,Ramp,Dralin619,
2026-01-16,Modern,32,,challenge_C32_2026-01-16_decklist,,29,Eldrazi Tron,Ramp,4FunNoWin,
2026-01-16,Modern,32,,challenge_C32_2026-01-16_decklist,,30,Mono-Black Midrange,Midrange,newbarola,
2026-01-16,Modern,32,,challenge_C32_2026-01-16_decklist,,31,Living End,Graveyard,Univerce,
2026-01-16,Modern,32,,challenge_C32_2026-01-16_decklist,,32,Boros Energy,Aggro,_ruda_,
2026-01-17,Modern,32,,challenge_C32_2026-01-17_decklist,,1,Broodscale Combo,Combo,HelpfulHobo,
2026-01-17,Modern,32,,challenge_C32_2026-01-17_decklist,,2,Eldrazi Ramp,Ramp,Giltspire,
2026-01-17,Modern,32,,challenge_C32_2026-01-17_decklist,,3,Jeskai Blink,Blink,Venom1,
2026-01-17,Modern,32,,challenge_C32_2026-01-17_decklist,,4,Boros Energy,Aggro,jvidarte,
2026-01-17,Modern,32,,challenge_C32_2026-01-17_decklist,,5,Prowess,Aggro,DskBayWolf,
2026-01-17,Modern,32,,challenge_C32_2026-01-17_decklist,,6,Affinity,Aggro,manohito,
2026-01-17,Modern,32,,challenge_C32_2026-01-17_decklist,,7,Eldrazi Tron,Ramp,_Batutinha_,
2026-01-17,Modern,32,,challenge_C32_2026-01-17_decklist,,8,Kethis Combo,Combo,NathanOfTheGiltLeaf,
2026-01-17,Modern,32,,challenge_C32_2026-01-17_decklist,,9,Eldrazi Tron,Ramp,leandru,
2026-01-17,Modern,32,,challenge_C32_2026-01-17_decklist,,10,Mono-Black Midrange,Midrange,Selfeisek,
2026-01-17,Modern,32,,challenge_C32_2026-01-17_decklist,,11,Affinity,Aggro,JV_7777,
2026-01-17,Modern,32,,challenge_C32_2026-01-17_decklist,,12,Boros Energy,Aggro,bless_von,
2026-01-17,Modern,32,,challenge_C32_2026-01-17_decklist,,13,Ruby Storm,Combo,hugofreitas1,
2026-01-17,Modern,32,,challenge_C32_2026-01-17_decklist,,14,Jeskai Control,Control,ganache1127,
2026-01-17,Modern,32,,challenge_C32_2026-01-17_decklist,,15,Boros Energy,Aggro,LucasG1ggs,
2026-01-17,Modern,32,,challenge_C32_2026-01-17_decklist,,16,The Rock,Midrange,RiceTackler,
2026-01-17,Modern,32,,challenge_C32_2026-01-17_decklist,,17,Boros Midrange,Midrange,lillo6,
2026-01-17,Modern,32,,challenge_C32_2026-01-17_decklist,,18,Dimir Mill,Combo,xerioc,
2026-01-17,Modern,32,,challenge_C32_2026-01-17_decklist,,19,Boros Energy,Aggro,McFishy,
2026-01-17,Modern,32,,challenge_C32_2026-01-17_decklist,,20,Tron,Ramp,NotCorazon,
2026-01-17,Modern,32,,challenge_C32_2026-01-17_decklist,,21,Dimir Midrange,Midrange,MC_amp2267,
2026-01-17,Modern,32,,challenge_C32_2026-01-17_decklist,,22,Ruby Storm,Combo,GoblinElder,
2026-01-17,Modern,32,,challenge_C32_2026-01-17_decklist,,23,Eldrazi Tron,Ramp,Stealthmagician,
2026-01-17,Modern,32,,challenge_C32_2026-01-17_decklist,,24,Belcher,Combo,Restokiki,
2026-01-17,Modern,32,,challenge_C32_2026-01-17_decklist,,25,Bant Blink,Blink,Rapgod,
2026-01-17,Modern,32,,challenge_C32_2026-01-17_decklist,,26,Goryo's Vengeance,Graveyard,zbogames,
2026-01-17,Modern,32,,challenge_C32_2026-01-17_decklist,,27,4c Reanimator,Graveyard,KnightOfSuri,
2026-01-17,Modern,32,,challenge_C32_2026-01-17_decklist,,28,Hammer Time,Combo,hyoooga,
2026-01-17,Modern,32,,challenge_C32_2026-01-17_decklist,,29,Dimir Midrange,Midrange,ETBJezus,
2026-01-17,Modern,32,,challenge_C32_2026-01-17_decklist,,30,Azorius Control,Control,Izzy90,
2026-01-17,Modern,32,,challenge_C32_2026-01-17_decklist,,31,Jeskai Control,Control,nahuel10,
2026-01-17,Modern,32,,challenge_C32_2026-01-17_decklist,,32,Living End,Graveyard,ACADEMYdiRECTOR,
2026-01-17,Modern,64,,challenge_C64_2026-01-17_decklist,,1,Boros Energy,Aggro,NJ5030,
2026-01-17,Modern,64,,challenge_C64_2026-01-17_decklist,,2,Living End,Graveyard,John1111,
2026-01-17,Modern,64,,challenge_C64_2026-01-17_decklist,,3,Ruby Storm,Combo,The_Lion91,
2026-01-17,Modern,64,,challenge_C64_2026-01-17_decklist,,4,Belcher,Combo,E90_DeliveryBoy,
2026-01-17,Modern,64,,challenge_C64_2026-01-17_decklist,,5,Belcher,Combo,Galashev29,
2026-01-17,Modern,64,,challenge_C64_2026-01-17_decklist,,6,Affinity,Aggro,Moaddin1186,
2026-01-17,Modern,64,,challenge_C64_2026-01-17_decklist,,7,Affinity,Aggro,Martin_Dominguez,
2026-01-17,Modern,64,,challenge_C64_2026-01-17_decklist,,8,Boros Energy,Aggro,Sentoe187,
2026-01-17,Modern,64,,challenge_C64_2026-01-17_decklist,,9,Belcher,Combo,Rosiedog88,
2026-01-17,Modern,64,,challenge_C64_2026-01-17_decklist,,10,Living End,Graveyard,JPA93,
2026-01-17,Modern,64,,challenge_C64_2026-01-17_decklist,,11,Boros Energy,Aggro,xfile,
2026-01-17,Modern,64,,challenge_C64_2026-01-17_decklist,,12,U,Control,bobthedog,
2026-01-17,Modern,64,,challenge_C64_2026-01-17_decklist,,13,Mono-Black Midrange,Midrange,Selfeisek,
2026-01-17,Modern,64,,challenge_C64_2026-01-17_decklist,,14,Boros Energy,Aggro,Rashek,
2026-01-17,Modern,64,,challenge_C64_2026-01-17_decklist,,15,Amulet Titan,Combo,Mistakenn,
2026-01-17,Modern,64,,challenge_C64_2026-01-17_decklist,,16,Sultai Ritual,Midrange,Hravv,
2026-01-17,Modern,64,,challenge_C64_2026-01-17_decklist,,17,Eldrazi Ramp,Ramp,chaseclark73093,
2026-01-17,Modern,64,,challenge_C64_2026-01-17_decklist,,18,Prowess,Aggro,MJ_23,
2026-01-17,Modern,64,,challenge_C64_2026-01-17_decklist,,19,Affinity,Aggro,DarksteelWelder,
2026-01-17,Modern,64,,challenge_C64_2026-01-17_decklist,,20,Eldrazi Tron,Ramp,Promilx,
2026-01-17,Modern,64,,challenge_C64_2026-01-17_decklist,,21,Ruby Storm,Combo,hugofreitas1,
2026-01-17,Modern,64,,challenge_C64_2026-01-17_decklist,,22,Boros Energy,Aggro,MasterGarrix,
2026-01-17,Modern,64,,challenge_C64_2026-01-17_decklist,,23,Ruby Storm,Combo,Erik157751,
2026-01-17,Modern,64,,challenge_C64_2026-01-17_decklist,,24,Broodscale Combo,Combo,IDDQDD,
2026-01-17,Modern,64,,challenge_C64_2026-01-17_decklist,,25,Belcher,Combo,RCMerriam,
2026-01-17,Modern,64,,challenge_C64_2026-01-17_decklist,,26,Boros Energy,Aggro,_lluks_,
2026-01-17,Modern,64,,challenge_C64_2026-01-17_decklist,,27,Jeskai Blink,Blink,CliffBoyardee,
2026-01-17,Modern,64,,challenge_C64_2026-01-17_decklist,,28,Azorius Control,Control,alessandro81,
2026-01-17,Modern,64,,challenge_C64_2026-01-17_decklist,,29,Eldrazi Ramp,Ramp,Zolazar,
2026-01-17,Modern,64,,challenge_C64_2026-01-17_decklist,,30,Belcher,Combo,-=Alfa=-,
2026-01-17,Modern,64,,challenge_C64_2026-01-17_decklist,,31,Amulet Titan,Combo,Boucha,
2026-01-17,Modern,64,,challenge_C64_2026-01-17_decklist,,32,Jeskai Control,Control,YopopMTG,
2026-01-18,Modern,32,,challenge_C32_2026-01-18_decklist,,1,Living End,Graveyard,niuwaid001,
2026-01-18,Modern,32,,challenge_C32_2026-01-18_decklist,,2,Azorius Control,Control,GigaChadSigmaMale,
2026-01-18,Modern,32,,challenge_C32_2026-01-18_decklist,,3,Gruul Midrange,Midrange,OrnatePuzzles,
2026-01-18,Modern,32,,challenge_C32_2026-01-18_decklist,,4,Ruby Storm,Combo,_Shikamaru_,
2026-01-18,Modern,32,,challenge_C32_2026-01-18_decklist,,5,Jeskai Blink,Blink,Venom1,
2026-01-18,Modern,32,,challenge_C32_2026-01-18_decklist,,6,Jeskai Control,Control,ganache1127,
2026-01-18,Modern,32,,challenge_C32_2026-01-18_decklist,,7,Amulet Titan,Combo,Mistakenn,
2026-01-18,Modern,32,,challenge_C32_2026-01-18_decklist,,8,Goryo's Vengeance,Graveyard,Pharoh,
2026-01-18,Modern,32,,challenge_C32_2026-01-18_decklist,,9,Jeskai Blink,Blink,yriel,
2026-01-18,Modern,32,,challenge_C32_2026-01-18_decklist,,10,Living End,Graveyard,Milkshake_,
2026-01-18,Modern,32,,challenge_C32_2026-01-18_decklist,,11,Living End,Graveyard,yolad,
2026-01-18,Modern,32,,challenge_C32_2026-01-18_decklist,,12,Esper Blink,Blink,Edraros3,
2026-01-18,Modern,32,,challenge_C32_2026-01-18_decklist,,13,Eldrazi Ramp,Ramp,Giltspire,
2026-01-18,Modern,32,,challenge_C32_2026-01-18_decklist,,14,4c Control,Control,hrwk,
2026-01-18,Modern,32,,challenge_C32_2026-01-18_decklist,,15,Eldrazi Ramp,Ramp,Tetsubou,
2026-01-18,Modern,32,,challenge_C32_2026-01-18_decklist,,16,Amulet Titan,Combo,Kollslaw,
2026-01-18,Modern,32,,challenge_C32_2026-01-18_decklist,,17,Eldrazi Tron,Ramp,Tunaktunak,
2026-01-18,Modern,32,,challenge_C32_2026-01-18_decklist,,18,Domain Zoo,Midrange,CrepesForLife,
2026-01-18,Modern,32,,challenge_C32_2026-01-18_decklist,,19,Jeskai Blink,Blink,peter780108,
2026-01-18,Modern,32,,challenge_C32_2026-01-18_decklist,,20,Mono-Red Prison,Prison,InsaneAP3Z,
2026-01-18,Modern,32,,challenge_C32_2026-01-18_decklist,,21,Dimir Midrange,Midrange,DrewEldon,
2026-01-18,Modern,32,,challenge_C32_2026-01-18_decklist,,22,Azorius Control,Control,Parrotlet,
2026-01-18,Modern,32,,challenge_C32_2026-01-18_decklist,,23,Eldrazi Tron,Ramp,Ruben_ruba,
2026-01-18,Modern,32,,challenge_C32_2026-01-18_decklist,,24,Domain Zoo,Midrange,mendyourheart,
2026-01-18,Modern,32,,challenge_C32_2026-01-18_decklist,,25,Boros Energy,Aggro,jvidarte,
2026-01-18,Modern,32,,challenge_C32_2026-01-18_decklist,,26,Affinity,Aggro,GGoggles,
2026-01-18,Modern,32,,challenge_C32_2026-01-18_decklist,,27,Eldrazi Tron,Ramp,AChord4Five,
2026-01-18,Modern,32,,challenge_C32_2026-01-18_decklist,,28,Boros Energy,Aggro,Jimmy129,
2026-01-18,Modern,32,,challenge_C32_2026-01-18_decklist,,29,Boros Energy,Aggro,mist_er,
2026-01-18,Modern,32,,challenge_C32_2026-01-18_decklist,,30,Hammer Time,Combo,hyoooga,
2026-01-18,Modern,32,,challenge_C32_2026-01-18_decklist,,31,Amulet Titan,Combo,Prim3Time,
2026-01-18,Modern,32,,challenge_C32_2026-01-18_decklist,,32,Broodscale Combo,Combo,Mcalmic,
2026-01-19,Modern,32,,challenge_C32_2026-01-19_decklist,,1,Ruby Storm,Combo,Cachorrowo,
2026-01-19,Modern,32,,challenge_C32_2026-01-19_decklist,,2,Affinity,Aggro,Dioferreira,
2026-01-19,Modern,32,,challenge_C32_2026-01-19_decklist,,3,Boros Energy,Aggro,Kollslaw,
2026-01-19,Modern,32,,challenge_C32_2026-01-19_decklist,,4,Eldrazi Ramp,Ramp,Lightspirit,
2026-01-19,Modern,32,,challenge_C32_2026-01-19_decklist,,5,Boros Energy,Aggro,HoldTheElle,
2026-01-19,Modern,32,,challenge_C32_2026-01-19_decklist,,6,Mono-Black Midrange,Midrange,Selfeisek,
2026-01-19,Modern,32,,challenge_C32_2026-01-19_decklist,,7,Ruby Storm,Combo,billster47,
2026-01-19,Modern,32,,challenge_C32_2026-01-19_decklist,,8,Boros Energy,Aggro,Stealthmagician,
2026-01-19,Modern,32,,challenge_C32_2026-01-19_decklist,,9,Boros Energy,Aggro,AmadeusPro,
2026-01-19,Modern,32,,challenge_C32_2026-01-19_decklist,,10,Ruby Storm,Combo,KurumimBagoRosa,
2026-01-19,Modern,32,,challenge_C32_2026-01-19_decklist,,11,Jeskai Blink,Blink,Slyvester3,
2026-01-19,Modern,32,,challenge_C32_2026-01-19_decklist,,12,Eldrazi Tron,Ramp,Ratkingdom,
2026-01-19,Modern,32,,challenge_C32_2026-01-19_decklist,,13,Living End,Graveyard,arturcosta,
2026-01-19,Modern,32,,challenge_C32_2026-01-19_decklist,,14,Boros Energy,Aggro,bless_von,
2026-01-19,Modern,32,,challenge_C32_2026-01-19_decklist,,15,Affinity,Aggro,weemo,
2026-01-19,Modern,32,,challenge_C32_2026-01-19_decklist,,16,Dimir Mill,Combo,xerioc,
2026-01-19,Modern,32,,challenge_C32_2026-01-19_decklist,,17,Grixis Reanimator,Graveyard,SaN3,
2026-01-19,Modern,32,,challenge_C32_2026-01-19_decklist,,18,Boros Energy,Aggro,DemianDesposito10,
2026-01-19,Modern,32,,challenge_C32_2026-01-19_decklist,,19,Living End,Graveyard,Aelyck,
2026-01-19,Modern,32,,challenge_C32_2026-01-19_decklist,,20,Amulet Titan,Combo,sidisi,
2026-01-19,Modern,32,,challenge_C32_2026-01-19_decklist,,21,Jeskai Blink,Blink,MikeEgan,
2026-01-19,Modern,32,,challenge_C32_2026-01-19_decklist,,22,Prowess,Aggro,AlanHawk525,
2026-01-19,Modern,32,,challenge_C32_2026-01-19_decklist,,23,Affinity,Aggro,manohito,
2026-01-19,Modern,32,,challenge_C32_2026-01-19_decklist,,24,Amulet Titan,Combo,NathanOfTheGiltLeaf,
2026-01-19,Modern,32,,challenge_C32_2026-01-19_decklist,,25,Esper Blink,Blink,Koala40,
2026-01-19,Modern,32,,challenge_C32_2026-01-19_decklist,,26,Sultai Ritual,Midrange,Moomo2224,
2026-01-19,Modern,32,,challenge_C32_2026-01-19_decklist,,27,Jeskai Blink,Blink,Ivan_Draw_Go,
2026-01-19,Modern,32,,challenge_C32_2026-01-19_decklist,,28,Ruby Storm,Combo,ScreenwriterNY,
2026-01-19,Modern,32,,challenge_C32_2026-01-19_decklist,,29,Dimir Midrange,Midrange,DrewEldon,
2026-01-19,Modern,32,,challenge_C32_2026-01-19_decklist,,30,URG,Midrange,hrwk,
2026-01-19,Modern,32,,challenge_C32_2026-01-19_decklist,,31,Boros Energy,Aggro,Spellyp,
2026-01-19,Modern,32,,challenge_C32_2026-01-19_decklist,,32,Eldrazi Tron,Ramp,derlumberzack,
2026-01-20,Modern,32,,challenge_C32_2026-01-20_decklist,,1,URG,Midrange,derlumberzack,
2026-01-20,Modern,32,,challenge_C32_2026-01-20_decklist,,2,Dimir Midrange,Midrange,MisterTwin,
2026-01-20,Modern,32,,challenge_C32_2026-01-20_decklist,,3,Boros Energy,Aggro,SHUANEEHOG,
2026-01-20,Modern,32,,challenge_C32_2026-01-20_decklist,,4,Affinity,Aggro,sioutis_kk,
2026-01-20,Modern,32,,challenge_C32_2026-01-20_decklist,,5,Jeskai Blink,Blink,yriel,
2026-01-20,Modern,32,,challenge_C32_2026-01-20_decklist,,6,Jeskai Blink,Blink,albertoSD,
2026-01-20,Modern,32,,challenge_C32_2026-01-20_decklist,,7,Eldrazi Tron,Ramp,Promilx,
2026-01-20,Modern,32,,challenge_C32_2026-01-20_decklist,,8,Domain Zoo,Midrange,mendyourheart,
2026-01-20,Modern,32,,challenge_C32_2026-01-20_decklist,,9,Grixis Reanimator,Graveyard,soggymeatball,
2026-01-20,Modern,32,,challenge_C32_2026-01-20_decklist,,10,Belcher,Combo,Milkshake_,
2026-01-20,Modern,32,,challenge_C32_2026-01-20_decklist,,11,Boros Energy,Aggro,LucasG1ggs,
2026-01-20,Modern,32,,challenge_C32_2026-01-20_decklist,,12,Prowess,Aggro,O_danielakos,
2026-01-20,Modern,32,,challenge_C32_2026-01-20_decklist,,13,Boros Energy,Aggro,AFX,
2026-01-20,Modern,32,,challenge_C32_2026-01-20_decklist,,14,Boros Energy,Aggro,HoldTheElle,
2026-01-20,Modern,32,,challenge_C32_2026-01-20_decklist,,15,Affinity,Aggro,Dioferreira,
2026-01-20,Modern,32,,challenge_C32_2026-01-20_decklist,,16,Ruby Storm,Combo,YoungElf,
2026-01-20,Modern,32,,challenge_C32_2026-01-20_decklist,,17,Prowess,Aggro,Elegant_95,
2026-01-20,Modern,32,,challenge_C32_2026-01-20_decklist,,18,Azorius Control,Control,Elliotta96,
2026-01-20,Modern,32,,challenge_C32_2026-01-20_decklist,,19,Ruby Storm,Combo,Manny-,
2026-01-20,Modern,32,,challenge_C32_2026-01-20_decklist,,20,BRG,Midrange,JubyTheDwarf,
2026-01-20,Modern,32,,challenge_C32_2026-01-20_decklist,,21,Belcher,Combo,CrazyMorango,
2026-01-20,Modern,32,,challenge_C32_2026-01-20_decklist,,22,Eldrazi Tron,Ramp,_Batutinha_,
2026-01-20,Modern,32,,challenge_C32_2026-01-20_decklist,,23,Living End,Graveyard,MeninooNey,
2026-01-20,Modern,32,,challenge_C32_2026-01-20_decklist,,24,Mono-Black Midrange,Midrange,Selfeisek,
2026-01-20,Modern,32,,challenge_C32_2026-01-20_decklist,,25,Affinity,Aggro,russell_wilson,
2026-01-20,Modern,32,,challenge_C32_2026-01-20_decklist,,26,Jeskai Control,Control,nahuel10,
2026-01-20,Modern,32,,challenge_C32_2026-01-20_decklist,,27,Ruby Storm,Combo,jaimeputoamo,
2026-01-20,Modern,32,,challenge_C32_2026-01-20_decklist,,28,Jeskai Blink,Blink,VizosMTG,
2026-01-20,Modern,32,,challenge_C32_2026-01-20_decklist,,29,Boros Energy,Aggro,_lluks_,
2026-01-20,Modern,32,,challenge_C32_2026-01-20_decklist,,30,Broodscale Combo,Combo,mashmalovsky,
2026-01-20,Modern,32,,challenge_C32_2026-01-20_decklist,,31,Jeskai Blink,Blink,DobleP,
2026-01-20,Modern,32,,challenge_C32_2026-01-20_decklist,,32,Jeskai Blink,Blink,SKK,
2026-01-21,Modern,32,,challenge_C32_2026-01-21_decklist,,1,Eldrazi Tron,Ramp,newbarola,
2026-01-21,Modern,32,,challenge_C32_2026-01-21_decklist,,2,Eldrazi Tron,Ramp,Porks,
2026-01-21,Modern,32,,challenge_C32_2026-01-21_decklist,,3,Azorius Control,Control,eclipse4343,
2026-01-21,Modern,32,,challenge_C32_2026-01-21_decklist,,4,Yawgmoth,Midrange,Xerk,
2026-01-21,Modern,32,,challenge_C32_2026-01-21_decklist,,5,Prowess,Aggro,NuBlkAu,
2026-01-21,Modern,32,,challenge_C32_2026-01-21_decklist,,6,Ruby Storm,Combo,hugofreitas1,
2026-01-21,Modern,32,,challenge_C32_2026-01-21_decklist,,7,Jeskai Blink,Blink,groot02,
2026-01-21,Modern,32,,challenge_C32_2026-01-21_decklist,,8,Ruby Storm,Combo,Manny-,
2026-01-21,Modern,32,,challenge_C32_2026-01-21_decklist,,9,Boros Energy,Aggro,Capitano_CL,
2026-01-21,Modern,32,,challenge_C32_2026-01-21_decklist,,10,Goryo's Vengeance,Graveyard,makaaaa,
2026-01-21,Modern,32,,challenge_C32_2026-01-21_decklist,,11,Boros Energy,Aggro,fazparte,
2026-01-21,Modern,32,,challenge_C32_2026-01-21_decklist,,12,Affinity,Aggro,Kikis,
2026-01-21,Modern,32,,challenge_C32_2026-01-21_decklist,,13,Esper Blink,Blink,Univerce,
2026-01-21,Modern,32,,challenge_C32_2026-01-21_decklist,,14,4c Control,Control,Seefel,
2026-01-21,Modern,32,,challenge_C32_2026-01-21_decklist,,15,Ruby Storm,Combo,YoungElf,
2026-01-21,Modern,32,,challenge_C32_2026-01-21_decklist,,16,Domain Zoo,Midrange,Imaeda,
2026-01-21,Modern,32,,challenge_C32_2026-01-21_decklist,,17,Boros Energy,Aggro,hardfight,
2026-01-21,Modern,32,,challenge_C32_2026-01-21_decklist,,18,Domain Zoo,Midrange,SafetyHazard,
2026-01-21,Modern,32,,challenge_C32_2026-01-21_decklist,,19,Living End,Graveyard,MeninooNey,
2026-01-21,Modern,32,,challenge_C32_2026-01-21_decklist,,20,Boros Energy,Aggro,IDDQDD,
2026-01-21,Modern,32,,challenge_C32_2026-01-21_decklist,,21,Boros Energy,Aggro,zhangkh,
2026-01-21,Modern,32,,challenge_C32_2026-01-21_decklist,,22,Living End,Graveyard,John1111,
2026-01-21,Modern,32,,challenge_C32_2026-01-21_decklist,,23,Prowess,Aggro,O_danielakos,
2026-01-21,Modern,32,,challenge_C32_2026-01-21_decklist,,24,Grixis Murktide,Midrange,sokos13,
2026-01-21,Modern,32,,challenge_C32_2026-01-21_decklist,,25,Eldrazi Tron,Ramp,Jumba,
2026-01-21,Modern,32,,challenge_C32_2026-01-21_decklist,,26,URG,Midrange,SPyromancer,
2026-01-21,Modern,32,,challenge_C32_2026-01-21_decklist,,27,Jeskai Control,Control,YopopMTG,
2026-01-21,Modern,32,,challenge_C32_2026-01-21_decklist,,28,Eldrazi Tron,Ramp,AlpInco,
2026-01-21,Modern,32,,challenge_C32_2026-01-21_decklist,,29,Rakdos Midrange,Midrange,Nah_Mean_96,
2026-01-21,Modern,32,,challenge_C32_2026-01-21_decklist,,30,Ruby Storm,Combo,Scandimaniac,
2026-01-21,Modern,32,,challenge_C32_2026-01-21_decklist,,31,Amulet Titan,Combo,Mistakenn,
2026-01-21,Modern,32,,challenge_C32_2026-01-21_decklist,,32,Jeskai Blink,Blink,TekiAkuma,
2026-01-22,Modern,64,,challenge_C64_2026-01-22_decklist,,1,Eldrazi Ramp,Ramp,Odin2015,
2026-01-22,Modern,64,,challenge_C64_2026-01-22_decklist,,2,Boros Energy,Aggro,xfile,
2026-01-22,Modern,64,,challenge_C64_2026-01-22_decklist,,3,Jeskai Blink,Blink,rerere,
2026-01-22,Modern,64,,challenge_C64_2026-01-22_decklist,,4,Eldrazi Tron,Ramp,hermanomlg,
2026-01-22,Modern,64,,challenge_C64_2026-01-22_decklist,,5,Esper Blink,Blink,spiggysmalls,
2026-01-22,Modern,64,,challenge_C64_2026-01-22_decklist,,6,Boros Energy,Aggro,Rashek,
2026-01-22,Modern,64,,challenge_C64_2026-01-22_decklist,,7,Boros Energy,Aggro,hardfight,
2026-01-22,Modern,64,,challenge_C64_2026-01-22_decklist,,8,Boros Energy,Aggro,Capitano_CL,
2026-01-22,Modern,64,,challenge_C64_2026-01-22_decklist,,9,Living End,Graveyard,arturcosta,
2026-01-22,Modern,64,,challenge_C64_2026-01-22_decklist,,10,Boros Energy,Aggro,peter780108,
2026-01-22,Modern,64,,challenge_C64_2026-01-22_decklist,,11,Jeskai Blink,Blink,Bahamut147,
2026-01-22,Modern,64,,challenge_C64_2026-01-22_decklist,,12,Living End,Graveyard,JPA93,
2026-01-22,Modern,64,,challenge_C64_2026-01-22_decklist,,13,Living End,Graveyard,chagu,
2026-01-22,Modern,64,,challenge_C64_2026-01-22_decklist,,14,Dimir Midrange,Midrange,oosunq,
2026-01-22,Modern,64,,challenge_C64_2026-01-22_decklist,,15,Domain Zoo,Midrange,IDDQDD,
2026-01-22,Modern,64,,challenge_C64_2026-01-22_decklist,,16,Dimir Faeries,Aggro,termidor,
2026-01-22,Modern,64,,challenge_C64_2026-01-22_decklist,,17,Ruby Storm,Combo,RED-King,
2026-01-22,Modern,64,,challenge_C64_2026-01-22_decklist,,18,Domain Zoo,Midrange,Pleyboy,
2026-01-22,Modern,64,,challenge_C64_2026-01-22_decklist,,19,Grixis Reanimator,Graveyard,Scappie,
2026-01-22,Modern,64,,challenge_C64_2026-01-22_decklist,,20,Esper Blink,Blink,Univerce,
2026-01-22,Modern,64,,challenge_C64_2026-01-22_decklist,,21,Boros Energy,Aggro,sokos13,
2026-01-22,Modern,64,,challenge_C64_2026-01-22_decklist,,22,Dimir Midrange,Midrange,nahuel10,
2026-01-22,Modern,64,,challenge_C64_2026-01-22_decklist,,23,Jeskai Blink,Blink,FruuFruu,
2026-01-22,Modern,64,,challenge_C64_2026-01-22_decklist,,24,Eldrazi Tron,Ramp,Evalinn,
2026-01-22,Modern,64,,challenge_C64_2026-01-22_decklist,,25,Ruby Storm,Combo,Malox11,
2026-01-22,Modern,64,,challenge_C64_2026-01-22_decklist,,26,Ruby Storm,Combo,Scandimaniac,
2026-01-22,Modern,64,,challenge_C64_2026-01-22_decklist,,27,Ruby Storm,Combo,hugofreitas1,
2026-01-22,Modern,64,,challenge_C64_2026-01-22_decklist,,28,Living End,Graveyard,Reiam,
2026-01-22,Modern,64,,challenge_C64_2026-01-22_decklist,,29,Goryo's Vengeance,Graveyard,makaaaa,
2026-01-22,Modern,64,,challenge_C64_2026-01-22_decklist,,30,Affinity,Aggro,Smallforest,
2026-01-22,Modern,64,,challenge_C64_2026-01-22_decklist,,31,Boros Energy,Aggro,SHUANEEHOG,
2026-01-22,Modern,64,,challenge_C64_2026-01-22_decklist,,32,Living End,Graveyard,MeninooNey,
2026-01-23,Modern,32,,challenge_C32_2026-01-23_decklist,,1,Eldrazi Tron,Ramp,Jumba,
2026-01-23,Modern,32,,challenge_C32_2026-01-23_decklist,,2,Boros Energy,Aggro,xfile,
2026-01-23,Modern,32,,challenge_C32_2026-01-23_decklist,,3,Ruby Storm,Combo,ejk,
2026-01-23,Modern,32,,challenge_C32_2026-01-23_decklist,,4,Eldrazi Ramp,Ramp,Odin2015,
2026-01-23,Modern,32,,challenge_C32_2026-01-23_decklist,,5,Dimir Midrange,Midrange,nahuel10,
2026-01-23,Modern,32,,challenge_C32_2026-01-23_decklist,,6,Boros Energy,Aggro,Misplacedginger,
2026-01-23,Modern,32,,challenge_C32_2026-01-23_decklist,,7,Ruby Storm,Combo,hugofreitas1,
2026-01-23,Modern,32,,challenge_C32_2026-01-23_decklist,,8,Ruby Storm,Combo,CliffBoyardee,
2026-01-23,Modern,32,,challenge_C32_2026-01-23_decklist,,9,Esper Blink,Blink,SuperCow12653,
2026-01-23,Modern,32,,challenge_C32_2026-01-23_decklist,,10,Amulet Titan,Combo,WeareVenom,
2026-01-23,Modern,32,,challenge_C32_2026-01-23_decklist,,11,Yawgmoth,Midrange,Videgain,
2026-01-23,Modern,32,,challenge_C32_2026-01-23_decklist,,12,Goryo's Vengeance,Graveyard,Phryziel,
2026-01-23,Modern,32,,challenge_C32_2026-01-23_decklist,,13,Sultai Ritual,Midrange,-=Alfa=-,
2026-01-23,Modern,32,,challenge_C32_2026-01-23_decklist,,14,Belcher,Combo,Rosiedog88,
2026-01-23,Modern,32,,challenge_C32_2026-01-23_decklist,,15,Eldrazi Ramp,Ramp,IDDQDD,
2026-01-23,Modern,32,,challenge_C32_2026-01-23_decklist,,16,Belcher,Combo,Lord_of_The_Wastes,
2026-01-23,Modern,32,,challenge_C32_2026-01-23_decklist,,17,Boros Energy,Aggro,DookieTrouserMD,
2026-01-23,Modern,32,,challenge_C32_2026-01-23_decklist,,18,Ragavan,Aggro,aspiringspike,
2026-01-23,Modern,32,,challenge_C32_2026-01-23_decklist,,19,Eldrazi Tron,Ramp,Porks,
2026-01-23,Modern,32,,challenge_C32_2026-01-23_decklist,,20,Affinity,Aggro,franrico,
2026-01-23,Modern,32,,challenge_C32_2026-01-23_decklist,,21,Domain Zoo,Midrange,maxbv,
2026-01-23,Modern,32,,challenge_C32_2026-01-23_decklist,,22,Goryo's Vengeance,Graveyard,makaaaa,
2026-01-23,Modern,32,,challenge_C32_2026-01-23_decklist,,23,Dimir Death's Shadow,Aggro,justAlice,
2026-01-23,Modern,32,,challenge_C32_2026-01-23_decklist,,24,Belcher,Combo,Seefel,
2026-01-23,Modern,32,,challenge_C32_2026-01-23_decklist,,25,Boros Energy,Aggro,Reiam,
2026-01-23,Modern,32,,challenge_C32_2026-01-23_decklist,,26,Broodscale Combo,Combo,cool95,
2026-01-23,Modern,32,,challenge_C32_2026-01-23_decklist,,27,Eldrazi Tron,Ramp,newbarola,
2026-01-23,Modern,32,,challenge_C32_2026-01-23_decklist,,28,Amulet Titan,Combo,Mistakenn,
2026-01-23,Modern,32,,challenge_C32_2026-01-23_decklist,,29,Ruby Storm,Combo,wcl,
2026-01-23,Modern,32,,challenge_C32_2026-01-23_decklist,,30,Ruby Storm,Combo,RUBAO_oDonoDoMundo,
2026-01-23,Modern,32,,challenge_C32_2026-01-23_decklist,,31,Affinity,Aggro,Moaddin1186,
2026-01-23,Modern,32,,challenge_C32_2026-01-23_decklist,,32,Boros Energy,Aggro,Pumdaddy6,
2026-01-24,Modern,32,,challenge_C32_2026-01-24_decklist,,1,Jeskai Control,Control,r0cknati0n,
2026-01-24,Modern,32,,challenge_C32_2026-01-24_decklist,,2,Mono-Black Midrange,Midrange,Selfeisek,
2026-01-24,Modern,32,,challenge_C32_2026-01-24_decklist,,3,Prowess,Aggro,O_danielakos,
2026-01-24,Modern,32,,challenge_C32_2026-01-24_decklist,,4,Eldrazi Ramp,Ramp,Giltspire,
2026-01-24,Modern,32,,challenge_C32_2026-01-24_decklist,,5,Boros Energy,Aggro,NJ5030,
2026-01-24,Modern,32,,challenge_C32_2026-01-24_decklist,,6,Broodscale Combo,Combo,HelpfulHobo,
2026-01-24,Modern,32,,challenge_C32_2026-01-24_decklist,,7,4c Control,Control,Parrotlet,
2026-01-24,Modern,32,,challenge_C32_2026-01-24_decklist,,8,Boros Energy,Aggro,Infinitea,
2026-01-24,Modern,32,,challenge_C32_2026-01-24_decklist,,9,Jeskai Blink,Blink,TekiAkuma,
2026-01-24,Modern,32,,challenge_C32_2026-01-24_decklist,,10,Boros Energy,Aggro,bless_von,
2026-01-24,Modern,32,,challenge_C32_2026-01-24_decklist,,11,Belcher,Combo,Meowyy,
2026-01-24,Modern,32,,challenge_C32_2026-01-24_decklist,,12,Eldrazi Tron,Ramp,retro_gamer_27,
2026-01-24,Modern,32,,challenge_C32_2026-01-24_decklist,,13,Affinity,Aggro,olimen,
2026-01-24,Modern,32,,challenge_C32_2026-01-24_decklist,,14,Domain Zoo,Midrange,mendyourheart,
2026-01-24,Modern,32,,challenge_C32_2026-01-24_decklist,,15,Jeskai Blink,Blink,Venom1,
2026-01-24,Modern,32,,challenge_C32_2026-01-24_decklist,,16,Goryo's Vengeance,Graveyard,ScreenwriterNY,
2026-01-24,Modern,32,,challenge_C32_2026-01-24_decklist,,17,Boros Energy,Aggro,DemianDesposito10,
2026-01-24,Modern,32,,challenge_C32_2026-01-24_decklist,,18,Ruby Storm,Combo,N0000000B,
2026-01-24,Modern,32,,challenge_C32_2026-01-24_decklist,,19,Boros Energy,Aggro,lillo6,
2026-01-24,Modern,32,,challenge_C32_2026-01-24_decklist,,20,Jeskai Blink,Blink,indianpancake,
2026-01-24,Modern,32,,challenge_C32_2026-01-24_decklist,,21,Jeskai Blink,Blink,gyyby297,
2026-01-24,Modern,32,,challenge_C32_2026-01-24_decklist,,22,Living End,Graveyard,Lord_Beerus,
2026-01-24,Modern,32,,challenge_C32_2026-01-24_decklist,,23,Eldrazi Tron,Ramp,xDingusKhan,
2026-01-24,Modern,32,,challenge_C32_2026-01-24_decklist,,24,Ruby Storm,Combo,number1skeptic,
2026-01-24,Modern,32,,challenge_C32_2026-01-24_decklist,,25,5c Omnath,Control,joetru,
2026-01-24,Modern,32,,challenge_C32_2026-01-24_decklist,,26,Golgari Death's Shadow,Midrange,Spellyp,
2026-01-24,Modern,32,,challenge_C32_2026-01-24_decklist,,27,4c Reanimator,Graveyard,KnightOfSuri,
2026-01-24,Modern,32,,challenge_C32_2026-01-24_decklist,,28,Grixis Reanimator,Graveyard,SaN3,
2026-01-24,Modern,32,,challenge_C32_2026-01-24_decklist,,29,Dimir Midrange,Midrange,DrewEldon,
2026-01-24,Modern,32,,challenge_C32_2026-01-24_decklist,,30,Simic Midrange,Midrange,Rapgod,
2026-01-24,Modern,32,,challenge_C32_2026-01-24_decklist,,31,Domain Zoo,Midrange,GiestOfIWin,
2026-01-24,Modern,32,,challenge_C32_2026-01-24_decklist,,32,Eldrazi Ramp,Ramp,_Batutinha_,
2026-01-24,Modern,64,,challenge_C64_2026-01-24_decklist,,1,Belcher,Combo,Skrocious,
2026-01-24,Modern,64,,challenge_C64_2026-01-24_decklist,,2,Yawgmoth,Midrange,NickBolas90,
2026-01-24,Modern,64,,challenge_C64_2026-01-24_decklist,,3,Grixis Reanimator,Graveyard,MisterTwin,
2026-01-24,Modern,64,,challenge_C64_2026-01-24_decklist,,4,Eldrazi Tron,Ramp,newbarola,
2026-01-24,Modern,64,,challenge_C64_2026-01-24_decklist,,5,Jeskai Blink,Blink,Grills96,
2026-01-24,Modern,64,,challenge_C64_2026-01-24_decklist,,6,Ruby Storm,Combo,hugofreitas1,
2026-01-24,Modern,64,,challenge_C64_2026-01-24_decklist,,7,Dimir Midrange,Midrange,Ettore09,
2026-01-24,Modern,64,,challenge_C64_2026-01-24_decklist,,8,Living End,Graveyard,leadpra0,
2026-01-24,Modern,64,,challenge_C64_2026-01-24_decklist,,9,Eldrazi Ramp,Ramp,Odin2015,
2026-01-24,Modern,64,,challenge_C64_2026-01-24_decklist,,10,Jeskai Blink,Blink,yriel,
2026-01-24,Modern,64,,challenge_C64_2026-01-24_decklist,,11,4c Control,Control,Parrotlet,
2026-01-24,Modern,64,,challenge_C64_2026-01-24_decklist,,12,Jeskai Blink,Blink,roter_Erzengel,
2026-01-24,Modern,64,,challenge_C64_2026-01-24_decklist,,13,Prowess,Aggro,O_danielakos,
2026-01-24,Modern,64,,challenge_C64_2026-01-24_decklist,,14,Azorius Control,Control,eclipse4343,
2026-01-24,Modern,64,,challenge_C64_2026-01-24_decklist,,15,Sultai Ritual,Midrange,-=Alfa=-,
2026-01-24,Modern,64,,challenge_C64_2026-01-24_decklist,,16,Eldrazi Tron,Ramp,Darthkid,
2026-01-24,Modern,64,,challenge_C64_2026-01-24_decklist,,17,Domain Zoo,Midrange,maxbv,
2026-01-24,Modern,64,,challenge_C64_2026-01-24_decklist,,18,Ruby Storm,Combo,MarcoIa,
2026-01-24,Modern,64,,challenge_C64_2026-01-24_decklist,,19,Goryo's Vengeance,Graveyard,Heat_Se3king_Mi$sile,
2026-01-24,Modern,64,,challenge_C64_2026-01-24_decklist,,20,Prowess,Aggro,OkoDio,
2026-01-24,Modern,64,,challenge_C64_2026-01-24_decklist,,21,Boros Energy,Aggro,hardfight,
2026-01-24,Modern,64,,challenge_C64_2026-01-24_decklist,,22,Boros Energy,Aggro,Misplacedginger,
2026-01-24,Modern,64,,challenge_C64_2026-01-24_decklist,,23,Jeskai Blink,Blink,peter780108,
2026-01-24,Modern,64,,challenge_C64_2026-01-24_decklist,,24,Ruby Storm,Combo,EdwardKenway,
2026-01-24,Modern,64,,challenge_C64_2026-01-24_decklist,,25,Boros Energy,Aggro,fazparte,
2026-01-24,Modern,64,,challenge_C64_2026-01-24_decklist,,26,Eldrazi Tron,Ramp,Antarctica,
2026-01-24,Modern,64,,challenge_C64_2026-01-24_decklist,,27,Ruby Storm,Combo,Manny-,
2026-01-24,Modern,64,,challenge_C64_2026-01-24_decklist,,28,Ruby Storm,Combo,wcl,
2026-01-24,Modern,64,,challenge_C64_2026-01-24_decklist,,29,Boros Energy,Aggro,Wagabunda,
2026-01-24,Modern,64,,challenge_C64_2026-01-24_decklist,,30,Grixis Death's Shadow,Aggro,mariogomes097,
2026-01-24,Modern,64,,challenge_C64_2026-01-24_decklist,,31,Jeskai Blink,Blink,Terminus0,
2026-01-24,Modern,64,,challenge_C64_2026-01-24_decklist,,32,Domain Zoo,Midrange,Cinnamonboffa,
2026-01-25,Modern,32,,challenge_C32_2026-01-25_decklist,,1,WG,Aggro,xfile,
2026-01-25,Modern,32,,challenge_C32_2026-01-25_decklist,,2,Boros Energy,Aggro,Milkshake_,
2026-01-25,Modern,32,,challenge_C32_2026-01-25_decklist,,3,Eldrazi Tron,Ramp,newbarola,
2026-01-25,Modern,32,,challenge_C32_2026-01-25_decklist,,4,Dimir Control,Control,DrewEldon,
2026-01-25,Modern,32,,challenge_C32_2026-01-25_decklist,,5,4c Omnath,Midrange,Parrotlet,
2026-01-25,Modern,32,,challenge_C32_2026-01-25_decklist,,6,Eldrazi Ramp,Ramp,Lightspirit,
2026-01-25,Modern,32,,challenge_C32_2026-01-25_decklist,,7,Hammer Time,Combo,hyoooga,
2026-01-25,Modern,32,,challenge_C32_2026-01-25_decklist,,8,Yawgmoth,Midrange,NukaCola,
2026-01-25,Modern,32,,challenge_C32_2026-01-25_decklist,,9,Dimir Mill,Combo,tibalt_of_red_sub,
2026-01-25,Modern,32,,challenge_C32_2026-01-25_decklist,,10,Prowess,Aggro,Atagomax,
2026-01-25,Modern,32,,challenge_C32_2026-01-25_decklist,,11,Eldrazi Ramp,Ramp,AChord4Five,
2026-01-25,Modern,32,,challenge_C32_2026-01-25_decklist,,12,Orzhov Blink,Blink,soggymeatball,
2026-01-25,Modern,32,,challenge_C32_2026-01-25_decklist,,13,Affinity,Aggro,manohito,
2026-01-25,Modern,32,,challenge_C32_2026-01-25_decklist,,14,Amulet Titan,Combo,sidisi,
2026-01-25,Modern,32,,challenge_C32_2026-01-25_decklist,,15,Eldrazi Ramp,Ramp,Odin2015,
2026-01-25,Modern,32,,challenge_C32_2026-01-25_decklist,,16,Domain Zoo,Midrange,mendyourheart,
2026-01-25,Modern,32,,challenge_C32_2026-01-25_decklist,,17,Jeskai Blink,Midrange,ganache1127,
2026-01-25,Modern,32,,challenge_C32_2026-01-25_decklist,,18,Dimir Midrange,Midrange,huyuCD,
2026-01-25,Modern,32,,challenge_C32_2026-01-25_decklist,,19,Belcher,Combo,E90_DeliveryBoy,
2026-01-25,Modern,32,,challenge_C32_2026-01-25_decklist,,20,Eldrazi Tron,Ramp,Lado,
2026-01-25,Modern,32,,challenge_C32_2026-01-25_decklist,,21,Ruby Storm,Combo,golden_knights,
2026-01-25,Modern,32,,challenge_C32_2026-01-25_decklist,,22,Dimir Mill,Combo,STBD,
2026-01-25,Modern,32,,challenge_C32_2026-01-25_decklist,,23,Boros Energy,Aggro,bless_von,
2026-01-25,Modern,32,,challenge_C32_2026-01-25_decklist,,24,Eldrazi Tron,Ramp,mokorico,
2026-01-25,Modern,32,,challenge_C32_2026-01-25_decklist,,25,Ruby Storm,Combo,xDingusKhan,
2026-01-25,Modern,32,,challenge_C32_2026-01-25_decklist,,26,Eldrazi Ramp,Ramp,southern_wizard,
2026-01-25,Modern,32,,challenge_C32_2026-01-25_decklist,,27,Boros Energy,Aggro,Infinitea,
2026-01-25,Modern,32,,challenge_C32_2026-01-25_decklist,,28,Jeskai Blink,Blink,jbivens1,
2026-01-25,Modern,32,,challenge_C32_2026-01-25_decklist,,29,Eldrazi Ramp,Ramp,Aelyck,
2026-01-25,Modern,32,,challenge_C32_2026-01-25_decklist,,30,4c Reanimator,Graveyard,KnightOfSuri,
2026-01-25,Modern,32,,challenge_C32_2026-01-25_decklist,,31,Affinity,Aggro,russell_wilson,
2026-01-25,Modern,32,,challenge_C32_2026-01-25_decklist,,32,Mono-Black Midrange,Midrange,Selfeisek,
2026-01-26,Modern,32,,challenge_C32_2026-01-26_decklist,,1,4c Omnath,Midrange,Parrotlet,
2026-01-26,Modern,32,,challenge_C32_2026-01-26_decklist,,2,Eldrazi Ramp,Ramp,Odin2015,
2026-01-26,Modern,32,,challenge_C32_2026-01-26_decklist,,3,Jeskai Blink,Blink,Venom1,
2026-01-26,Modern,32,,challenge_C32_2026-01-26_decklist,,4,Mono-Black Midrange,Midrange,Selfeisek,
2026-01-26,Modern,32,,challenge_C32_2026-01-26_decklist,,5,Mono-Red Prison,Prison,InsaneAP3Z,
2026-01-26,Modern,32,,challenge_C32_2026-01-26_decklist,,6,Dimir Control,Control,DrewEldon,
2026-01-26,Modern,32,,challenge_C32_2026-01-26_decklist,,7,Affinity,Aggro,JV_7777,
2026-01-26,Modern,32,,challenge_C32_2026-01-26_decklist,,8,Boros Energy,Aggro,bless_von,
2026-01-26,Modern,32,,challenge_C32_2026-01-26_decklist,,9,Living End,Graveyard,Lord_Beerus,
2026-01-26,Modern,32,,challenge_C32_2026-01-26_decklist,,10,Boros Energy,Aggro,mechrataal,
2026-01-26,Modern,32,,challenge_C32_2026-01-26_decklist,,11,Boros Energy,Aggro,Misplacedginger,
2026-01-26,Modern,32,,challenge_C32_2026-01-26_decklist,,12,Living End,Graveyard,niuwaid001,
2026-01-26,Modern,32,,challenge_C32_2026-01-26_decklist,,13,Grixis Reanimator,Graveyard,MisterTwin,
2026-01-26,Modern,32,,challenge_C32_2026-01-26_decklist,,14,WG,Aggro,wordy333,
2026-01-26,Modern,32,,challenge_C32_2026-01-26_decklist,,15,Merfolk,Aggro,Fruitkid,
2026-01-26,Modern,32,,challenge_C32_2026-01-26_decklist,,16,Dimir Midrange,Midrange,nahuel10,
2026-01-26,Modern,32,,challenge_C32_2026-01-26_decklist,,17,Affinity,Aggro,Dioferreira,
2026-01-26,Modern,32,,challenge_C32_2026-01-26_decklist,,18,Goryo's Vengeance,Graveyard,_Babbuja_,
2026-01-26,Modern,32,,challenge_C32_2026-01-26_decklist,,19,Grixis Death's Shadow,Aggro,Spellyp,
2026-01-26,Modern,32,,challenge_C32_2026-01-26_decklist,,20,Ruby Storm,Combo,golden_knights,
2026-01-26,Modern,32,,challenge_C32_2026-01-26_decklist,,21,Boros Energy,Aggro,yolad,
2026-01-26,Modern,32,,challenge_C32_2026-01-26_decklist,,22,Affinity,Aggro,jbivens1,
2026-01-26,Modern,32,,challenge_C32_2026-01-26_decklist,,23,Yawgmoth,Midrange,Moorehardcore,
2026-01-26,Modern,32,,challenge_C32_2026-01-26_decklist,,24,4c Omnath,Midrange,gamertoad,
2026-01-26,Modern,32,,challenge_C32_2026-01-26_decklist,,25,Amulet Titan,Combo,sidisi,
2026-01-26,Modern,32,,challenge_C32_2026-01-26_decklist,,26,Yawgmoth,Midrange,Moomo2224,
2026-01-26,Modern,32,,challenge_C32_2026-01-26_decklist,,27,Lantern,Control,LJ_LAWDOG,
2026-01-26,Modern,32,,challenge_C32_2026-01-26_decklist,,28,Domain Zoo,Midrange,Cinnamonboffa,
2026-01-26,Modern,32,,challenge_C32_2026-01-26_decklist,,29,Domain Zoo,Midrange,mendyourheart,
2026-01-26,Modern,32,,challenge_C32_2026-01-26_decklist,,30,WG,Aggro,AChord4Five,
2026-01-26,Modern,32,,challenge_C32_2026-01-26_decklist,,31,Affinity,Aggro,weemo,
2026-01-26,Modern,32,,challenge_C32_2026-01-26_decklist,,32,Eldrazi Tron,Ramp,TxColossus,
2026-01-27,Modern,64,,challenge_C64_2026-01-27_decklist,,1,Boros Energy,Aggro,Cabooseinator,
2026-01-27,Modern,64,,challenge_C64_2026-01-27_decklist,,2,Living End,Graveyard,MeninooNey,
2026-01-27,Modern,64,,challenge_C64_2026-01-27_decklist,,3,Boros Energy,Aggro,Boucha,
2026-01-27,Modern,64,,challenge_C64_2026-01-27_decklist,,4,Dimir Mill,Combo,DemonicTutors,
2026-01-27,Modern,64,,challenge_C64_2026-01-27_decklist,,5,Living End,Graveyard,BENTO_,
2026-01-27,Modern,64,,challenge_C64_2026-01-27_decklist,,6,Amulet Titan,Combo,Mistakenn,
2026-01-27,Modern,64,,challenge_C64_2026-01-27_decklist,,7,Eldrazi Tron,Ramp,Jumba,
2026-01-27,Modern,64,,challenge_C64_2026-01-27_decklist,,8,4c Omnath,Midrange,Snapcaster1288,
2026-01-27,Modern,64,,challenge_C64_2026-01-27_decklist,,9,UG,Combo,ScreenwriterNY,
2026-01-27,Modern,64,,challenge_C64_2026-01-27_decklist,,10,Goryo's Vengeance,Graveyard,Rvng,
2026-01-27,Modern,64,,challenge_C64_2026-01-27_decklist,,11,Boros Energy,Aggro,LucasG1ggs,
2026-01-27,Modern,64,,challenge_C64_2026-01-27_decklist,,12,Ruby Storm,Combo,azax,
2026-01-27,Modern,64,,challenge_C64_2026-01-27_decklist,,13,Affinity,Aggro,haveaboavida,
2026-01-27,Modern,64,,challenge_C64_2026-01-27_decklist,,14,Affinity,Aggro,Dioferreira,
2026-01-27,Modern,64,,challenge_C64_2026-01-27_decklist,,15,Boros Energy,Aggro,Silentstorm1003,
2026-01-27,Modern,64,,challenge_C64_2026-01-27_decklist,,16,Affinity,Aggro,Roberto777,
2026-01-27,Modern,64,,challenge_C64_2026-01-27_decklist,,17,Prowess,Aggro,NeyMatoGrosso,
2026-01-27,Modern,64,,challenge_C64_2026-01-27_decklist,,18,Esper Midrange,Midrange,SuperCow12653,
2026-01-27,Modern,64,,challenge_C64_2026-01-27_decklist,,19,Living End,Graveyard,ResponsiblyStupid,
2026-01-27,Modern,64,,challenge_C64_2026-01-27_decklist,,20,Jeskai Blink,Blink,LordMendigao,
2026-01-27,Modern,64,,challenge_C64_2026-01-27_decklist,,21,Boros Energy,Aggro,jvidarte,
2026-01-27,Modern,64,,challenge_C64_2026-01-27_decklist,,22,Eldrazi Tron,Ramp,Porks,
2026-01-27,Modern,64,,challenge_C64_2026-01-27_decklist,,23,Jeskai Blink,Blink,JuanmaAT,
2026-01-27,Modern,64,,challenge_C64_2026-01-27_decklist,,24,Affinity,Aggro,Teyvindara,
2026-01-27,Modern,64,,challenge_C64_2026-01-27_decklist,,25,Yawgmoth,Midrange,mtwhet,
2026-01-27,Modern,64,,challenge_C64_2026-01-27_decklist,,26,Boros Energy,Aggro,Rashek,
2026-01-27,Modern,64,,challenge_C64_2026-01-27_decklist,,27,Affinity,Aggro,sioutis_kk,
2026-01-27,Modern,64,,challenge_C64_2026-01-27_decklist,,28,Boros Energy,Aggro,_Batutinha_,
2026-01-27,Modern,64,,challenge_C64_2026-01-27_decklist,,29,Broodscale Combo,Combo,mashmalovsky,
2026-01-27,Modern,64,,challenge_C64_2026-01-27_decklist,,30,Boros Energy,Aggro,SHUANEEHOG,
2026-01-27,Modern,64,,challenge_C64_2026-01-27_decklist,,31,Boros Energy,Aggro,VizosMTG,
2026-01-27,Modern,64,,challenge_C64_2026-01-27_decklist,,32,Merfolk,Aggro,Fruitkid,
2026-01-28,Modern,32,,challenge_C32_2026-01-28_decklist,,1,Esper Midrange,Midrange,SuperCow12653,
2026-01-28,Modern,32,,challenge_C32_2026-01-28_decklist,,2,Boros Energy,Aggro,GLSwadow,
2026-01-28,Modern,32,,challenge_C32_2026-01-28_decklist,,3,Eldrazi Ramp,Ramp,Lightspirit,
2026-01-28,Modern,32,,challenge_C32_2026-01-28_decklist,,4,Boros Energy,Aggro,hardfight,
2026-01-28,Modern,32,,challenge_C32_2026-01-28_decklist,,5,Living End,Graveyard,MeninooNey,
2026-01-28,Modern,32,,challenge_C32_2026-01-28_decklist,,6,Dimir Midrange,Midrange,nahuel10,
2026-01-28,Modern,32,,challenge_C32_2026-01-28_decklist,,7,Ruby Storm,Combo,hugofreitas1,
2026-01-28,Modern,32,,challenge_C32_2026-01-28_decklist,,8,Boros Energy,Aggro,MJ_23,
2026-01-28,Modern,32,,challenge_C32_2026-01-28_decklist,,9,Grixis Midrange,Midrange,F4SE,
2026-01-28,Modern,32,,challenge_C32_2026-01-28_decklist,,10,Affinity,Aggro,Dioferreira,
2026-01-28,Modern,32,,challenge_C32_2026-01-28_decklist,,11,Jeskai Blink,Blink,JuanmaAT,
2026-01-28,Modern,32,,challenge_C32_2026-01-28_decklist,,12,Eldrazi Tron,Ramp,bafusVIII,
2026-01-28,Modern,32,,challenge_C32_2026-01-28_decklist,,13,Azorius Control,Control,eclipse4343,
2026-01-28,Modern,32,,challenge_C32_2026-01-28_decklist,,14,Boros Energy,Aggro,DemianDesposito10,
2026-01-28,Modern,32,,challenge_C32_2026-01-28_decklist,,15,Jeskai Blink,Blink,Scappie,
2026-01-28,Modern,32,,challenge_C32_2026-01-28_decklist,,16,Boros Energy,Aggro,NMT_Sco94,
2026-01-28,Modern,32,,challenge_C32_2026-01-28_decklist,,17,WG,Aggro,xfile,
2026-01-28,Modern,32,,challenge_C32_2026-01-28_decklist,,18,Jeskai Blink,Blink,DobleP,
2026-01-28,Modern,32,,challenge_C32_2026-01-28_decklist,,19,Boros Energy,Aggro,SaculSueahtam,
2026-01-28,Modern,32,,challenge_C32_2026-01-28_decklist,,20,Dimir Midrange,Midrange,TekiAkuma,
2026-01-28,Modern,32,,challenge_C32_2026-01-28_decklist,,21,Living End,Graveyard,jbl2311,
2026-01-28,Modern,32,,challenge_C32_2026-01-28_decklist,,22,Mardu Energy,Aggro,DookieTrouserMD,
2026-01-28,Modern,32,,challenge_C32_2026-01-28_decklist,,23,Belcher,Combo,mei0024,
2026-01-28,Modern,32,,challenge_C32_2026-01-28_decklist,,24,Affinity,Aggro,Kikis,
2026-01-28,Modern,32,,challenge_C32_2026-01-28_decklist,,25,Affinity,Aggro,Moaddin1186,
2026-01-28,Modern,32,,challenge_C32_2026-01-28_decklist,,26,Affinity,Aggro,_Falcon_,
2026-01-28,Modern,32,,challenge_C32_2026-01-28_decklist,,27,Eldrazi Tron,Ramp,leandru,
2026-01-28,Modern,32,,challenge_C32_2026-01-28_decklist,,28,Ruby Storm,Combo,SanPop,
2026-01-28,Modern,32,,challenge_C32_2026-01-28_decklist,,29,Eldrazi Tron,Ramp,Jumba,
2026-01-28,Modern,32,,challenge_C32_2026-01-28_decklist,,30,Through the Breach,Combo,Killerp0p0,
2026-01-28,Modern,32,,challenge_C32_2026-01-28_decklist,,31,Rakdos Delirium,Aggro,NuBlkAu,
2026-01-28,Modern,32,,challenge_C32_2026-01-28_decklist,,32,Eldrazi Tron,Ramp,Porks,
2026-01-29,Modern,64,,challenge_C64_2026-01-29_decklist,,1,Dimir Midrange,Midrange,nahuel10,
2026-01-29,Modern,64,,challenge_C64_2026-01-29_decklist,,2,Eldrazi Tron,Ramp,AlpInco,
2026-01-29,Modern,64,,challenge_C64_2026-01-29_decklist,,3,Living End,Graveyard,MATTOMARINAIO,
2026-01-29,Modern,64,,challenge_C64_2026-01-29_decklist,,4,Boros Energy,Aggro,fazparte,
2026-01-29,Modern,64,,challenge_C64_2026-01-29_decklist,,5,Dimir Midrange,Midrange,txepi,
2026-01-29,Modern,64,,challenge_C64_2026-01-29_decklist,,6,Boros Energy,Aggro,sokos13,
2026-01-29,Modern,64,,challenge_C64_2026-01-29_decklist,,7,Living End,Graveyard,Xenowan,
2026-01-29,Modern,64,,challenge_C64_2026-01-29_decklist,,8,Ruby Storm,Combo,hugofreitas1,
2026-01-29,Modern,64,,challenge_C64_2026-01-29_decklist,,9,Ruby Storm,Combo,Scandimaniac,
2026-01-29,Modern,64,,challenge_C64_2026-01-29_decklist,,10,Amulet Titan,Combo,Mistakenn,
2026-01-29,Modern,64,,challenge_C64_2026-01-29_decklist,,11,Living End,Graveyard,termidor,
2026-01-29,Modern,64,,challenge_C64_2026-01-29_decklist,,12,Ruby Storm,Combo,Chocolate_Branco,
2026-01-29,Modern,64,,challenge_C64_2026-01-29_decklist,,13,Boros Energy,Aggro,Misplacedginger,
2026-01-29,Modern,64,,challenge_C64_2026-01-29_decklist,,14,Living End,Graveyard,MeninooNey,
2026-01-29,Modern,64,,challenge_C64_2026-01-29_decklist,,15,Boros Energy,Aggro,hardfight,
2026-01-29,Modern,64,,challenge_C64_2026-01-29_decklist,,16,Jeskai Blink,Blink,Bahamut147,
2026-01-29,Modern,64,,challenge_C64_2026-01-29_decklist,,17,Domain Zoo,Midrange,Pleyboy,
2026-01-29,Modern,64,,challenge_C64_2026-01-29_decklist,,18,Boros Energy,Aggro,pepeteam,
2026-01-29,Modern,64,,challenge_C64_2026-01-29_decklist,,19,Domain Zoo,Midrange,Imaeda,
2026-01-29,Modern,64,,challenge_C64_2026-01-29_decklist,,20,Mono-White Control,Control,Corkyboyy,
2026-01-29,Modern,64,,challenge_C64_2026-01-29_decklist,,21,Domain Zoo,Midrange,Zolazar,
2026-01-29,Modern,64,,challenge_C64_2026-01-29_decklist,,22,Rakdos Midrange,Midrange,Dudarudi,
2026-01-29,Modern,64,,challenge_C64_2026-01-29_decklist,,23,Boros Energy,Aggro,Jose Guillermo,
2026-01-29,Modern,64,,challenge_C64_2026-01-29_decklist,,24,Goryo's Vengeance,Graveyard,Egorable,
2026-01-29,Modern,64,,challenge_C64_2026-01-29_decklist,,25,Living End,Graveyard,AmadeusPro,
2026-01-29,Modern,64,,challenge_C64_2026-01-29_decklist,,26,Hammer Time,Combo,CrusherBotBG,
2026-01-29,Modern,64,,challenge_C64_2026-01-29_decklist,,27,Ruby Storm,Combo,_Chamytinho_,
2026-01-29,Modern,64,,challenge_C64_2026-01-29_decklist,,28,Living End,Graveyard,arturcosta,
2026-01-29,Modern,64,,challenge_C64_2026-01-29_decklist,,29,Boros Energy,Aggro,chagu,
2026-01-29,Modern,64,,challenge_C64_2026-01-29_decklist,,30,Eldrazi Tron,Ramp,Scappie,
2026-01-29,Modern,64,,challenge_C64_2026-01-29_decklist,,31,Affinity,Aggro,Roberto777,
2026-01-29,Modern,64,,challenge_C64_2026-01-29_decklist,,32,Living End,Graveyard,Slatorade,
2026-01-30,Modern,32,,challenge_C32_2026-01-30_decklist,,1,Sultai Ritual,Midrange,-=Alfa=-,
2026-01-30,Modern,32,,challenge_C32_2026-01-30_decklist,,2,Ruby Storm,Combo,hugofreitas1,
2026-01-30,Modern,32,,challenge_C32_2026-01-30_decklist,,3,Living End,Graveyard,MisterTwin,
2026-01-30,Modern,32,,challenge_C32_2026-01-30_decklist,,4,Ruby Storm,Combo,MarcoIa,
2026-01-30,Modern,32,,challenge_C32_2026-01-30_decklist,,5,Belcher,Combo,xJonah,
2026-01-30,Modern,32,,challenge_C32_2026-01-30_decklist,,6,Living End,Graveyard,Xenowan,
2026-01-30,Modern,32,,challenge_C32_2026-01-30_decklist,,7,Boros Energy,Aggro,Darkiundsa,
2026-01-30,Modern,32,,challenge_C32_2026-01-30_decklist,,8,Boros Energy,Aggro,Misplacedginger,
2026-01-30,Modern,32,,challenge_C32_2026-01-30_decklist,,9,Ruby Storm,Combo,azax,
2026-01-30,Modern,32,,challenge_C32_2026-01-30_decklist,,10,Prowess,Aggro,O_danielakos,
2026-01-30,Modern,32,,challenge_C32_2026-01-30_decklist,,11,Boros Energy,Aggro,NMT_Sco94,
2026-01-30,Modern,32,,challenge_C32_2026-01-30_decklist,,12,Jeskai Control,Control,YopopMTG,
2026-01-30,Modern,32,,challenge_C32_2026-01-30_decklist,,13,Esper Blink,Blink,RespectTheCat,
2026-01-30,Modern,32,,challenge_C32_2026-01-30_decklist,,14,Dimir Mill,Combo,tibalt_of_red_sub,
2026-01-30,Modern,32,,challenge_C32_2026-01-30_decklist,,15,Eldrazi Ramp,Ramp,Lightspirit,
2026-01-30,Modern,32,,challenge_C32_2026-01-30_decklist,,16,Amulet Titan,Combo,Mistakenn,
2026-01-30,Modern,32,,challenge_C32_2026-01-30_decklist,,17,URG,Midrange,HealthyEgo,
2026-01-30,Modern,32,,challenge_C32_2026-01-30_decklist,,18,Through the Breach,Combo,Killerp0p0,
2026-01-30,Modern,32,,challenge_C32_2026-01-30_decklist,,19,Living End,Graveyard,_Shikamaru_,
2026-01-30,Modern,32,,challenge_C32_2026-01-30_decklist,,20,Affinity,Aggro,DarksteelWelder,
2026-01-30,Modern,32,,challenge_C32_2026-01-30_decklist,,21,Goryo's Vengeance,Graveyard,nijlpaard123,
2026-01-30,Modern,32,,challenge_C32_2026-01-30_decklist,,22,Ruby Storm,Combo,Capitano_CL,
2026-01-30,Modern,32,,challenge_C32_2026-01-30_decklist,,23,Eldrazi Tron,Ramp,Scappie,
2026-01-30,Modern,32,,challenge_C32_2026-01-30_decklist,,24,Dimir Midrange,Midrange,Univerce,
2026-01-30,Modern,32,,challenge_C32_2026-01-30_decklist,,25,Boros Energy,Aggro,SloppySanchez,
2026-01-30,Modern,32,,challenge_C32_2026-01-30_decklist,,26,Eldrazi Tron,Ramp,ChessAndMagic,
2026-01-30,Modern,32,,challenge_C32_2026-01-30_decklist,,27,Grixis Death's Shadow,Aggro,JakeTMS,
2026-01-30,Modern,32,,challenge_C32_2026-01-30_decklist,,28,Mono-Green Hardened Scales,Combo,kePs,
2026-01-30,Modern,32,,challenge_C32_2026-01-30_decklist,,29,WG,Aggro,xfile,
2026-01-30,Modern,32,,challenge_C32_2026-01-30_decklist,,30,Living End,Graveyard,olati,
2026-01-30,Modern,32,,challenge_C32_2026-01-30_decklist,,31,Ruby Storm,Combo,Will_Split,
2026-01-30,Modern,32,,challenge_C32_2026-01-30_decklist,,32,Dimir Mill,Combo,anemonestar,
2026-01-31,Modern,64,,challenge_C64_2026-01-31_decklist,,1,Prowess,Aggro,O_danielakos,
2026-01-31,Modern,64,,challenge_C64_2026-01-31_decklist,,2,Affinity,Aggro,Smallforest,
2026-01-31,Modern,64,,challenge_C64_2026-01-31_decklist,,3,Ruby Storm,Combo,billster47,
2026-01-31,Modern,64,,challenge_C64_2026-01-31_decklist,,4,Boros Energy,Aggro,ratabruta,
2026-01-31,Modern,64,,challenge_C64_2026-01-31_decklist,,5,Rakdos Midrange,Midrange,Dudarudi,
2026-01-31,Modern,64,,challenge_C64_2026-01-31_decklist,,6,Ruby Storm,Combo,Capitano_CL,
2026-01-31,Modern,64,,challenge_C64_2026-01-31_decklist,,7,Eldrazi Tron,Ramp,TentacleFan,
2026-01-31,Modern,64,,challenge_C64_2026-01-31_decklist,,8,Prowess,Aggro,Cazuza,
2026-01-31,Modern,64,,challenge_C64_2026-01-31_decklist,,9,Yawgmoth,Midrange,Xerk,
2026-01-31,Modern,64,,challenge_C64_2026-01-31_decklist,,10,Mono-Black Midrange,Midrange,Selfeisek,
2026-01-31,Modern,64,,challenge_C64_2026-01-31_decklist,,11,Dimir Midrange,Midrange,Ettore09,
2026-01-31,Modern,64,,challenge_C64_2026-01-31_decklist,,12,Eldrazi Tron,Ramp,Ant_Are_MTG,
2026-01-31,Modern,64,,challenge_C64_2026-01-31_decklist,,13,Boros Energy,Aggro,fazparte,
2026-01-31,Modern,64,,challenge_C64_2026-01-31_decklist,,14,Yawgmoth,Midrange,Moorehardcore,
2026-01-31,Modern,64,,challenge_C64_2026-01-31_decklist,,15,Amulet Titan,Combo,Mistakenn,
2026-01-31,Modern,64,,challenge_C64_2026-01-31_decklist,,16,Jeskai Control,Control,John1111,
2026-01-31,Modern,64,,challenge_C64_2026-01-31_decklist,,17,Amulet Titan,Combo,Kollslaw,
2026-01-31,Modern,64,,challenge_C64_2026-01-31_decklist,,18,Boros Energy,Aggro,MJ_23,
2026-01-31,Modern,64,,challenge_C64_2026-01-31_decklist,,19,Belcher,Combo,Galashev29,
2026-01-31,Modern,64,,challenge_C64_2026-01-31_decklist,,20,Prowess,Aggro,NuBlkAu,
2026-01-31,Modern,64,,challenge_C64_2026-01-31_decklist,,21,Jeskai Blink,Blink,blastoids,
2026-01-31,Modern,64,,challenge_C64_2026-01-31_decklist,,22,Jeskai Control,Control,Skpchino,
2026-01-31,Modern,64,,challenge_C64_2026-01-31_decklist,,23,Ruby Storm,Combo,Manny-,
2026-01-31,Modern,64,,challenge_C64_2026-01-31_decklist,,24,Dimir Midrange,Midrange,ETBJezus,
2026-01-31,Modern,64,,challenge_C64_2026-01-31_decklist,,25,Boros Energy,Aggro,hardfight,
2026-01-31,Modern,64,,challenge_C64_2026-01-31_decklist,,26,Ruby Storm,Combo,azax,
2026-01-31,Modern,64,,challenge_C64_2026-01-31_decklist,,27,Boros Energy,Aggro,Rashek,
2026-01-31,Modern,64,,challenge_C64_2026-01-31_decklist,,28,Dimir Midrange,Midrange,nahuel10,
2026-01-31,Modern,64,,challenge_C64_2026-01-31_decklist,,29,Grixis Midrange,Midrange,F4SE,
2026-01-31,Modern,64,,challenge_C64_2026-01-31_decklist,,30,Boros Energy,Aggro,CharLy,
2026-01-31,Modern,64,,challenge_C64_2026-01-31_decklist,,31,Dimir Midrange,Midrange,Shadowz2005,
2026-01-31,Modern,64,,challenge_C64_2026-01-31_decklist,,32,WUG,Midrange,VampireDiaries,
2026-02-01,Modern,32,,challenge_C32_2026-02-01_decklist,,1,Boros Energy,Aggro,Misplacedginger,
2026-02-01,Modern,32,,challenge_C32_2026-02-01_decklist,,2,Boros Energy,Aggro,ApesOfWrath,
2026-02-01,Modern,32,,challenge_C32_2026-02-01_decklist,,3,Boros Energy,Aggro,_Batutinha_,
2026-02-01,Modern,32,,challenge_C32_2026-02-01_decklist,,4,Ruby Storm,Combo,azax,
2026-02-01,Modern,32,,challenge_C32_2026-02-01_decklist,,5,Living End,Graveyard,Lord_Beerus,
2026-02-01,Modern,32,,challenge_C32_2026-02-01_decklist,,6,Dimir Midrange,Midrange,jvidarte,
2026-02-01,Modern,32,,challenge_C32_2026-02-01_decklist,,7,Devoted Combo,Combo,xfile,
2026-02-01,Modern,32,,challenge_C32_2026-02-01_decklist,,8,Dimir Control,Control,praiseseigerhino,
2026-02-01,Modern,32,,challenge_C32_2026-02-01_decklist,,9,Eldrazi Tron,Ramp,Aelyck,
2026-02-01,Modern,32,,challenge_C32_2026-02-01_decklist,,10,Eldrazi Tron,Ramp,leandru,
2026-02-01,Modern,32,,challenge_C32_2026-02-01_decklist,,11,Affinity,Aggro,Chaughey,
2026-02-01,Modern,32,,challenge_C32_2026-02-01_decklist,,12,Domain Zoo,Midrange,mendyourheart,
2026-02-01,Modern,32,,challenge_C32_2026-02-01_decklist,,13,Eldrazi Tron,Ramp,Micro,
2026-02-01,Modern,32,,challenge_C32_2026-02-01_decklist,,14,Amulet Titan,Combo,Kollslaw,
2026-02-01,Modern,32,,challenge_C32_2026-02-01_decklist,,15,Affinity,Aggro,Dioferreira,
2026-02-01,Modern,32,,challenge_C32_2026-02-01_decklist,,16,Eldrazi Ramp,Ramp,Giltspire,
2026-02-01,Modern,32,,challenge_C32_2026-02-01_decklist,,17,Yawgmoth,Midrange,steelleaf51,
2026-02-01,Modern,32,,challenge_C32_2026-02-01_decklist,,18,Boros Energy,Aggro,Spellyp,
2026-02-01,Modern,32,,challenge_C32_2026-02-01_decklist,,19,Jeskai Blink,Midrange,ganache1127,
2026-02-01,Modern,32,,challenge_C32_2026-02-01_decklist,,20,Boros Energy,Aggro,billskillz,
2026-02-01,Modern,32,,challenge_C32_2026-02-01_decklist,,21,Belcher,Combo,E90_DeliveryBoy,
2026-02-01,Modern,32,,challenge_C32_2026-02-01_decklist,,22,Goryo's Vengeance,Graveyard,Prim3Time,
2026-02-01,Modern,32,,challenge_C32_2026-02-01_decklist,,23,Mono-Black Midrange,Midrange,Selfeisek,
2026-02-01,Modern,32,,challenge_C32_2026-02-01_decklist,,24,Jeskai Blink,Blink,E_Kaminuma,
2026-02-01,Modern,32,,challenge_C32_2026-02-01_decklist,,25,Sultai Ritual,Midrange,olati,
2026-02-01,Modern,32,,challenge_C32_2026-02-01_decklist,,26,Boros Energy,Aggro,DemianDesposito10,
2026-02-01,Modern,32,,challenge_C32_2026-02-01_decklist,,27,Living End,Graveyard,jasintheletter,
2026-02-01,Modern,32,,challenge_C32_2026-02-01_decklist,,28,Jeskai Control,Control,r0cknati0n,
2026-02-01,Modern,32,,challenge_C32_2026-02-01_decklist,,29,Bogles,Aggro,kablewire,
2026-02-01,Modern,32,,challenge_C32_2026-02-01_decklist,,30,Affinity,Aggro,manohito,
2026-02-01,Modern,32,,challenge_C32_2026-02-01_decklist,,31,Amulet Titan,Combo,Mistakenn,
2026-02-01,Modern,32,,challenge_C32_2026-02-01_decklist,,32,Bant Blink,Blink,Rapgod,
2026-02-02,Modern,32,,challenge_C32_2026-02-02_decklist,,1,Living End,Graveyard,Milkshake_,
2026-02-02,Modern,32,,challenge_C32_2026-02-02_decklist,,2,Ruby Storm,Combo,billster47,
2026-02-02,Modern,32,,challenge_C32_2026-02-02_decklist,,3,Affinity,Aggro,Chaughey,
2026-02-02,Modern,32,,challenge_C32_2026-02-02_decklist,,4,Prowess,Aggro,SvenSveeterSven,
2026-02-02,Modern,32,,challenge_C32_2026-02-02_decklist,,5,Yawgmoth,Midrange,Moorehardcore,
2026-02-02,Modern,32,,challenge_C32_2026-02-02_decklist,,6,Boros Energy,Aggro,mtgobazaar8,
2026-02-02,Modern,32,,challenge_C32_2026-02-02_decklist,,7,Boros Energy,Aggro,zbogames,
2026-02-02,Modern,32,,challenge_C32_2026-02-02_decklist,,8,Eldrazi Ramp,Ramp,LucasG1ggs,
2026-02-02,Modern,32,,challenge_C32_2026-02-02_decklist,,9,Living End,Graveyard,Lord_Beerus,
2026-02-02,Modern,32,,challenge_C32_2026-02-02_decklist,,10,Boros Energy,Aggro,Silentstorm1003,
2026-02-02,Modern,32,,challenge_C32_2026-02-02_decklist,,11,Rakdos Burn,Aggro,DemianDesposito10,
2026-02-02,Modern,32,,challenge_C32_2026-02-02_decklist,,12,Ruby Storm,Combo,TonyScapone,
2026-02-02,Modern,32,,challenge_C32_2026-02-02_decklist,,13,Dimir Midrange,Midrange,nahuel10,
2026-02-02,Modern,32,,challenge_C32_2026-02-02_decklist,,14,Boros Energy,Aggro,Spellyp,
2026-02-02,Modern,32,,challenge_C32_2026-02-02_decklist,,15,Domain Zoo,Midrange,fingers1991,
2026-02-02,Modern,32,,challenge_C32_2026-02-02_decklist,,16,URG,Midrange,derlumberzack,
2026-02-02,Modern,32,,challenge_C32_2026-02-02_decklist,,17,Miracles,Control,eclipse4343,
2026-02-02,Modern,32,,challenge_C32_2026-02-02_decklist,,18,Living End,Graveyard,LegacyGrinder,
2026-02-02,Modern,32,,challenge_C32_2026-02-02_decklist,,19,Yawgmoth,Midrange,SGMY95,
2026-02-02,Modern,32,,challenge_C32_2026-02-02_decklist,,20,Yawgmoth,Midrange,Walri,
2026-02-02,Modern,32,,challenge_C32_2026-02-02_decklist,,21,Ruby Storm,Combo,ejk,
2026-02-02,Modern,32,,challenge_C32_2026-02-02_decklist,,22,Living End,Graveyard,kachau,
2026-02-02,Modern,32,,challenge_C32_2026-02-02_decklist,,23,Domain Zoo,Midrange,soggymeatball,
2026-02-02,Modern,32,,challenge_C32_2026-02-02_decklist,,24,Domain Zoo,Midrange,ItBurnsWhenICast,
2026-02-02,Modern,32,,challenge_C32_2026-02-02_decklist,,25,Jeskai Blink,Blink,Venom1,
2026-02-02,Modern,32,,challenge_C32_2026-02-02_decklist,,26,Ruby Storm,Combo,Cinnamonboffa,
2026-02-02,Modern,32,,challenge_C32_2026-02-02_decklist,,27,Amulet Titan,Combo,Kollslaw,
2026-02-02,Modern,32,,challenge_C32_2026-02-02_decklist,,28,Merfolk,Aggro,Paeng_Paeng,
2026-02-02,Modern,32,,challenge_C32_2026-02-02_decklist,,29,Ruby Storm,Combo,azax,
2026-02-02,Modern,32,,challenge_C32_2026-02-02_decklist,,30,Mardu Blink,Blink,bcs8995,
2026-02-02,Modern,32,,challenge_C32_2026-02-02_decklist,,31,Ruby Storm,Combo,Cachorrowo,
2026-02-02,Modern,32,,challenge_C32_2026-02-02_decklist,,32,Domain Zoo,Midrange,mendyourheart,
2026-02-03,Modern,64,,challenge_C64_2026-02-03_decklist,,1,Broodscale Combo,Combo,HelpfulHobo,
2026-02-03,Modern,64,,challenge_C64_2026-02-03_decklist,,2,Amulet Titan,Combo,NathanOfTheGiltLeaf,
2026-02-03,Modern,64,,challenge_C64_2026-02-03_decklist,,3,Jeskai Blink,Blink,yriel,
2026-02-03,Modern,64,,challenge_C64_2026-02-03_decklist,,4,Orzhov Midrange,Midrange,SuperCow12653,
2026-02-03,Modern,64,,challenge_C64_2026-02-03_decklist,,5,Affinity,Aggro,Dioferreira,
2026-02-03,Modern,64,,challenge_C64_2026-02-03_decklist,,6,Ruby Storm,Combo,hugofreitas1,
2026-02-03,Modern,64,,challenge_C64_2026-02-03_decklist,,7,Ruby Storm,Combo,Violet_Starmine,
2026-02-03,Modern,64,,challenge_C64_2026-02-03_decklist,,8,Eldrazi Ramp,Ramp,Scappie,
2026-02-03,Modern,64,,challenge_C64_2026-02-03_decklist,,9,Boros Energy,Aggro,fanahova,
2026-02-03,Modern,64,,challenge_C64_2026-02-03_decklist,,10,Jeskai Blink,Blink,JuanmaAT,
2026-02-03,Modern,64,,challenge_C64_2026-02-03_decklist,,11,Ruby Storm,Combo,AFX,
2026-02-03,Modern,64,,challenge_C64_2026-02-03_decklist,,12,Prowess,Aggro,O_danielakos,
2026-02-03,Modern,64,,challenge_C64_2026-02-03_decklist,,13,Boros Energy,Aggro,Mikebrav,
2026-02-03,Modern,64,,challenge_C64_2026-02-03_decklist,,14,Affinity,Aggro,russell_wilson,
2026-02-03,Modern,64,,challenge_C64_2026-02-03_decklist,,15,Eldrazi Tron,Ramp,Jumba,
2026-02-03,Modern,64,,challenge_C64_2026-02-03_decklist,,16,Boros Energy,Aggro,Jose Guillermo,
2026-02-03,Modern,64,,challenge_C64_2026-02-03_decklist,,17,Mono-Black Midrange,Midrange,Selfeisek,
2026-02-03,Modern,64,,challenge_C64_2026-02-03_decklist,,18,Goryo's Vengeance,Graveyard,makaaaa,
2026-02-03,Modern,64,,challenge_C64_2026-02-03_decklist,,19,Devoted Combo,Combo,xfile,
2026-02-03,Modern,64,,challenge_C64_2026-02-03_decklist,,20,Boros Energy,Aggro,newbarola,
2026-02-03,Modern,64,,challenge_C64_2026-02-03_decklist,,21,Dimir Midrange,Midrange,roter_Erzengel,
2026-02-03,Modern,64,,challenge_C64_2026-02-03_decklist,,22,Boros Energy,Aggro,V24,
2026-02-03,Modern,64,,challenge_C64_2026-02-03_decklist,,23,Eldrazi Ramp,Ramp,Lightspirit,
2026-02-03,Modern,64,,challenge_C64_2026-02-03_decklist,,24,Eldrazi Tron,Ramp,Porks,
2026-02-03,Modern,64,,challenge_C64_2026-02-03_decklist,,25,Domain Zoo,Midrange,Sarlanga,
2026-02-03,Modern,64,,challenge_C64_2026-02-03_decklist,,26,Ruby Storm,Combo,nijlpaard123,
2026-02-03,Modern,64,,challenge_C64_2026-02-03_decklist,,27,Jeskai Blink,Blink,Leovoldo,
2026-02-03,Modern,64,,challenge_C64_2026-02-03_decklist,,28,Yawgmoth,Midrange,jontih,
2026-02-03,Modern,64,,challenge_C64_2026-02-03_decklist,,29,Eldrazi Ramp,Ramp,Odin2015,
2026-02-03,Modern,64,,challenge_C64_2026-02-03_decklist,,30,Ruby Storm,Combo,Manny-,
2026-02-03,Modern,64,,challenge_C64_2026-02-03_decklist,,31,Rakdos Midrange,Midrange,maytwer,
2026-02-03,Modern,64,,challenge_C64_2026-02-03_decklist,,32,Boros Energy,Aggro,peter780108,
2026-02-04,Modern,32,,challenge_C32_2026-02-04_decklist,,1,Affinity,Aggro,SecherTech,
2026-02-04,Modern,32,,challenge_C32_2026-02-04_decklist,,2,Jeskai Energy,Aggro,Laplasjan,
2026-02-04,Modern,32,,challenge_C32_2026-02-04_decklist,,3,Living End,Graveyard,MeninooNey,
2026-02-04,Modern,32,,challenge_C32_2026-02-04_decklist,,4,Boros Energy,Aggro,fazparte,
2026-02-04,Modern,32,,challenge_C32_2026-02-04_decklist,,5,Belcher,Combo,draco09,
2026-02-04,Modern,32,,challenge_C32_2026-02-04_decklist,,6,Amulet Titan,Combo,Univerce,
2026-02-04,Modern,32,,challenge_C32_2026-02-04_decklist,,7,Hollow One,Graveyard,HolaChico,
2026-02-04,Modern,32,,challenge_C32_2026-02-04_decklist,,8,Dimir Midrange,Midrange,nahuel10,
2026-02-04,Modern,32,,challenge_C32_2026-02-04_decklist,,9,Boros Energy,Aggro,ho-oh,
2026-02-04,Modern,32,,challenge_C32_2026-02-04_decklist,,10,Boros Energy,Aggro,DcNo,
2026-02-04,Modern,32,,challenge_C32_2026-02-04_decklist,,11,Domain Zoo,Midrange,Doomenstein,
2026-02-04,Modern,32,,challenge_C32_2026-02-04_decklist,,12,Rakdos Midrange,Midrange,Dudarudi,
2026-02-04,Modern,32,,challenge_C32_2026-02-04_decklist,,13,Boros Energy,Aggro,Rashek,
2026-02-04,Modern,32,,challenge_C32_2026-02-04_decklist,,14,Through the Breach,Combo,Ingrimmsch,
2026-02-04,Modern,32,,challenge_C32_2026-02-04_decklist,,15,Jeskai Blink,Midrange,OkoDio,
2026-02-04,Modern,32,,challenge_C32_2026-02-04_decklist,,16,Boros Energy,Aggro,GLSwadow,
2026-02-04,Modern,32,,challenge_C32_2026-02-04_decklist,,17,Ruby Storm,Combo,azax,
2026-02-04,Modern,32,,challenge_C32_2026-02-04_decklist,,18,Esper Reanimator,Graveyard,kachau,
2026-02-04,Modern,32,,challenge_C32_2026-02-04_decklist,,19,Prowess,Aggro,O_danielakos,
2026-02-04,Modern,32,,challenge_C32_2026-02-04_decklist,,20,Jeskai Blink,Blink,klien7,
2026-02-04,Modern,32,,challenge_C32_2026-02-04_decklist,,21,Rakdos Midrange,Midrange,Bawer,
2026-02-04,Modern,32,,challenge_C32_2026-02-04_decklist,,22,Grixis Reanimator,Graveyard,justAlice,
2026-02-04,Modern,32,,challenge_C32_2026-02-04_decklist,,23,Amulet Titan,Combo,Mistakenn,
2026-02-04,Modern,32,,challenge_C32_2026-02-04_decklist,,24,Living End,Graveyard,DemonicTutors,
2026-02-04,Modern,32,,challenge_C32_2026-02-04_decklist,,25,Hammer Time,Combo,CrusherBotBG,
2026-02-04,Modern,32,,challenge_C32_2026-02-04_decklist,,26,Grixis Reanimator,Graveyard,Capitano_CL,
2026-02-04,Modern,32,,challenge_C32_2026-02-04_decklist,,27,Jeskai Blink,Blink,JuanmaAT,
2026-02-04,Modern,32,,challenge_C32_2026-02-04_decklist,,28,Orzhov Midrange,Midrange,SuperCow12653,
2026-02-04,Modern,32,,challenge_C32_2026-02-04_decklist,,29,Belcher,Combo,Galashev29,
2026-02-04,Modern,32,,challenge_C32_2026-02-04_decklist,,30,Boros Energy,Aggro,DemianDesposito10,
2026-02-04,Modern,32,,challenge_C32_2026-02-04_decklist,,31,Affinity,Aggro,sioutis_kk,
2026-02-04,Modern,32,,challenge_C32_2026-02-04_decklist,,32,Ruby Storm,Combo,wcl,
2026-02-05,Modern,64,,challenge_C64_2026-02-05_decklist,,1,Living End,Graveyard,Xenowan,
2026-02-05,Modern,64,,challenge_C64_2026-02-05_decklist,,2,Boros Energy,Aggro,Durotan97,
2026-02-05,Modern,64,,challenge_C64_2026-02-05_decklist,,3,Grixis Death's Shadow,Aggro,Wiltron92,
2026-02-05,Modern,64,,challenge_C64_2026-02-05_decklist,,4,Jeskai Blink,Midrange,OkoDio,
2026-02-05,Modern,64,,challenge_C64_2026-02-05_decklist,,5,Boros Energy,Aggro,MJ_23,
2026-02-05,Modern,64,,challenge_C64_2026-02-05_decklist,,6,Amulet Titan,Combo,Mistakenn,
2026-02-05,Modern,64,,challenge_C64_2026-02-05_decklist,,7,Jeskai Blink,Blink,Bahamut147,
2026-02-05,Modern,64,,challenge_C64_2026-02-05_decklist,,8,Domain Zoo,Midrange,Imaeda,
2026-02-05,Modern,64,,challenge_C64_2026-02-05_decklist,,9,Affinity,Aggro,Smallforest,
2026-02-05,Modern,64,,challenge_C64_2026-02-05_decklist,,10,Prowess,Aggro,MagicalSnap,
2026-02-05,Modern,64,,challenge_C64_2026-02-05_decklist,,11,Domain Zoo,Midrange,Zolazar,
2026-02-05,Modern,64,,challenge_C64_2026-02-05_decklist,,12,Ruby Storm,Combo,haoqinglangou,
2026-02-05,Modern,64,,challenge_C64_2026-02-05_decklist,,13,Boros Energy,Aggro,CrazyMorango,
2026-02-05,Modern,64,,challenge_C64_2026-02-05_decklist,,14,Boros Energy,Aggro,Jose Guillermo,
2026-02-05,Modern,64,,challenge_C64_2026-02-05_decklist,,15,Mono-Black Midrange,Midrange,Selfeisek,
2026-02-05,Modern,64,,challenge_C64_2026-02-05_decklist,,16,Ruby Storm,Combo,Capitano_CL,
2026-02-05,Modern,64,,challenge_C64_2026-02-05_decklist,,17,Ruby Storm,Combo,COMBO-BOY,
2026-02-05,Modern,64,,challenge_C64_2026-02-05_decklist,,18,Prowess,Aggro,arturcosta,
2026-02-05,Modern,64,,challenge_C64_2026-02-05_decklist,,19,Living End,Graveyard,MeninooNey,
2026-02-05,Modern,64,,challenge_C64_2026-02-05_decklist,,20,Eldrazi Tron,Ramp,Violet_Starmine,
2026-02-05,Modern,64,,challenge_C64_2026-02-05_decklist,,21,Eldrazi Ramp,Ramp,Thesix,
2026-02-05,Modern,64,,challenge_C64_2026-02-05_decklist,,22,Orzhov Midrange,Midrange,Kritik,
2026-02-05,Modern,64,,challenge_C64_2026-02-05_decklist,,23,Dimir Midrange,Midrange,MisterTwin,
2026-02-05,Modern,64,,challenge_C64_2026-02-05_decklist,,24,Boros Energy,Aggro,GodOfSlaughter,
2026-02-05,Modern,64,,challenge_C64_2026-02-05_decklist,,25,Affinity,Aggro,JV_7777,
2026-02-05,Modern,64,,challenge_C64_2026-02-05_decklist,,26,Ruby Storm,Combo,Faria_Limer,
2026-02-05,Modern,64,,challenge_C64_2026-02-05_decklist,,27,Grixis Reanimator,Graveyard,Scappie,
2026-02-05,Modern,64,,challenge_C64_2026-02-05_decklist,,28,Prowess,Aggro,O_danielakos,
2026-02-05,Modern,64,,challenge_C64_2026-02-05_decklist,,29,Rakdos Midrange,Midrange,Bawer,
2026-02-05,Modern,64,,challenge_C64_2026-02-05_decklist,,30,Jeskai Blink,Blink,Jedgi,
2026-02-05,Modern,64,,challenge_C64_2026-02-05_decklist,,31,Devoted Combo,Combo,xfile,
2026-02-05,Modern,64,,challenge_C64_2026-02-05_decklist,,32,Eldrazi Ramp,Ramp,Lightspirit,
2026-02-06,Modern,32,,challenge_C32_2026-02-06_decklist,,1,Dimir Midrange,Midrange,JakeTMS,
2026-02-06,Modern,32,,challenge_C32_2026-02-06_decklist,,2,Boros Midrange,Midrange,LucasG1ggs,
2026-02-06,Modern,32,,challenge_C32_2026-02-06_decklist,,3,Boros Energy,Aggro,Rashek,
2026-02-06,Modern,32,,challenge_C32_2026-02-06_decklist,,4,Goryo's Vengeance,Graveyard,Phryziel,
2026-02-06,Modern,32,,challenge_C32_2026-02-06_decklist,,5,Eldrazi Ramp,Ramp,Lightspirit,
2026-02-06,Modern,32,,challenge_C32_2026-02-06_decklist,,6,Grixis Midrange,Midrange,nahuel10,
2026-02-06,Modern,32,,challenge_C32_2026-02-06_decklist,,7,Jeskai Control,Control,YopopMTG,
2026-02-06,Modern,32,,challenge_C32_2026-02-06_decklist,,8,Ruby Storm,Combo,hugofreitas1,
2026-02-06,Modern,32,,challenge_C32_2026-02-06_decklist,,9,Domain Zoo,Midrange,Pleyboy,
2026-02-06,Modern,32,,challenge_C32_2026-02-06_decklist,,10,Devoted Combo,Combo,xfile,
2026-02-06,Modern,32,,challenge_C32_2026-02-06_decklist,,11,Ruby Storm,Combo,makaaaa,
2026-02-06,Modern,32,,challenge_C32_2026-02-06_decklist,,12,Boros Energy,Aggro,Misplacedginger,
2026-02-06,Modern,32,,challenge_C32_2026-02-06_decklist,,13,Living End,Graveyard,MeninooNey,
2026-02-06,Modern,32,,challenge_C32_2026-02-06_decklist,,14,Ruby Storm,Combo,wcl,
2026-02-06,Modern,32,,challenge_C32_2026-02-06_decklist,,15,Ruby Storm,Combo,Capitano_CL,
2026-02-06,Modern,32,,challenge_C32_2026-02-06_decklist,,16,Mono-White Control,Control,Corkyboyy,
2026-02-06,Modern,32,,challenge_C32_2026-02-06_decklist,,17,Boros Energy,Aggro,_Batutinha_,
2026-02-06,Modern,32,,challenge_C32_2026-02-06_decklist,,18,Boros Energy,Aggro,Napoleon_I,
2026-02-06,Modern,32,,challenge_C32_2026-02-06_decklist,,19,Ruby Storm,Combo,azax,
2026-02-06,Modern,32,,challenge_C32_2026-02-06_decklist,,20,Boros Energy,Aggro,fazparte,
2026-02-06,Modern,32,,challenge_C32_2026-02-06_decklist,,21,Eldrazi Tron,Ramp,Violet_Starmine,
2026-02-06,Modern,32,,challenge_C32_2026-02-06_decklist,,22,Goryo's Vengeance,Graveyard,Rvng,
2026-02-06,Modern,32,,challenge_C32_2026-02-06_decklist,,23,Domain Zoo,Midrange,Apocalypso,
2026-02-06,Modern,32,,challenge_C32_2026-02-06_decklist,,24,Sultai Ritual,Midrange,-=Alfa=-,
2026-02-06,Modern,32,,challenge_C32_2026-02-06_decklist,,25,Boros Energy,Aggro,hardfight,
2026-02-06,Modern,32,,challenge_C32_2026-02-06_decklist,,26,Hammer Time,Combo,CrusherBotBG,
2026-02-06,Modern,32,,challenge_C32_2026-02-06_decklist,,27,Ruby Storm,Combo,jade-venus,
2026-02-06,Modern,32,,challenge_C32_2026-02-06_decklist,,28,Mono-Black Midrange,Midrange,Selfeisek,
2026-02-06,Modern,32,,challenge_C32_2026-02-06_decklist,,29,Jeskai Blink,Blink,Jedgi,
2026-02-06,Modern,32,,challenge_C32_2026-02-06_decklist,,30,Orzhov Midrange,Midrange,SuperCow12653,
2026-02-06,Modern,32,,challenge_C32_2026-02-06_decklist,,31,Eldrazi Tron,Ramp,Porks,
2026-02-06,Modern,32,,challenge_C32_2026-02-06_decklist,,32,Eldrazi Tron,Ramp,leandru,
2026-02-07,Modern,32,,challenge_C32_2026-02-07_decklist,,1,Living End,Graveyard,MeninooNey,
2026-02-07,Modern,32,,challenge_C32_2026-02-07_decklist,,2,Sultai Ritual,Midrange,Dioferreira,
2026-02-07,Modern,32,,challenge_C32_2026-02-07_decklist,,3,Boros Energy,Aggro,LucasG1ggs,
2026-02-07,Modern,32,,challenge_C32_2026-02-07_decklist,,4,UG,Combo,ScreenwriterNY,
2026-02-07,Modern,32,,challenge_C32_2026-02-07_decklist,,5,Ruby Storm,Combo,azax,
2026-02-07,Modern,32,,challenge_C32_2026-02-07_decklist,,6,Eldrazi Ramp,Ramp,Giltspire,
2026-02-07,Modern,32,,challenge_C32_2026-02-07_decklist,,7,Mono-White Control,Control,Corkyboyy,
2026-02-07,Modern,32,,challenge_C32_2026-02-07_decklist,,8,Amulet Titan,Combo,NathanOfTheGiltLeaf,
2026-02-07,Modern,32,,challenge_C32_2026-02-07_decklist,,9,Boros Energy,Aggro,GigaChadSigmaMale,
2026-02-07,Modern,32,,challenge_C32_2026-02-07_decklist,,10,Jeskai Blink,Blink,Venom1,
2026-02-07,Modern,32,,challenge_C32_2026-02-07_decklist,,11,Boros Energy,Aggro,Iceblade908,
2026-02-07,Modern,32,,challenge_C32_2026-02-07_decklist,,12,Affinity,Aggro,mtgobazaar8,
2026-02-07,Modern,32,,challenge_C32_2026-02-07_decklist,,13,Azorius Control,Control,eclipse4343,
2026-02-07,Modern,32,,challenge_C32_2026-02-07_decklist,,14,Dimir Midrange,Midrange,jvidarte,
2026-02-07,Modern,32,,challenge_C32_2026-02-07_decklist,,15,Boros Energy,Aggro,DemianDesposito10,
2026-02-07,Modern,32,,challenge_C32_2026-02-07_decklist,,16,Ruby Storm,Combo,hugofreitas1,
2026-02-07,Modern,32,,challenge_C32_2026-02-07_decklist,,17,Boros Energy,Aggro,Aelyck,
2026-02-07,Modern,32,,challenge_C32_2026-02-07_decklist,,18,Prowess,Aggro,C_S_W____,
2026-02-07,Modern,32,,challenge_C32_2026-02-07_decklist,,19,Prowess,Aggro,Serakki,
2026-02-07,Modern,32,,challenge_C32_2026-02-07_decklist,,20,Amulet Titan,Combo,reidq7,
2026-02-07,Modern,32,,challenge_C32_2026-02-07_decklist,,21,Grixis Midrange,Midrange,ejk,
2026-02-07,Modern,32,,challenge_C32_2026-02-07_decklist,,22,Boros Energy,Aggro,_Batutinha_,
2026-02-07,Modern,32,,challenge_C32_2026-02-07_decklist,,23,Boros Energy,Aggro,Infinitea,
2026-02-07,Modern,32,,challenge_C32_2026-02-07_decklist,,24,Grixis Midrange,Midrange,nahuel10,
2026-02-07,Modern,32,,challenge_C32_2026-02-07_decklist,,25,Amulet Titan,Combo,Mistakenn,
2026-02-07,Modern,32,,challenge_C32_2026-02-07_decklist,,26,Dimir Mill,Combo,xerioc,
2026-02-07,Modern,32,,challenge_C32_2026-02-07_decklist,,27,UBRG,Control,manamagus,
2026-02-07,Modern,32,,challenge_C32_2026-02-07_decklist,,28,Ruby Storm,Combo,YES_i_accept_SPLIT_,
2026-02-07,Modern,32,,challenge_C32_2026-02-07_decklist,,29,Esper Reanimator,Graveyard,kachau,
2026-02-07,Modern,32,,challenge_C32_2026-02-07_decklist,,30,Jeskai Blink,Blink,FruuFruu,
2026-02-07,Modern,32,,challenge_C32_2026-02-07_decklist,,31,Ruby Storm,Combo,N0000000B,
2026-02-07,Modern,32,,challenge_C32_2026-02-07_decklist,,32,BRG,Midrange,DragonFodder,
2026-02-07,Modern,64,,challenge_C64_2026-02-07_decklist,,1,Grixis Midrange,Midrange,nahuel10,
2026-02-07,Modern,64,,challenge_C64_2026-02-07_decklist,,2,Ruby Storm,Combo,izzy-wilde,
2026-02-07,Modern,64,,challenge_C64_2026-02-07_decklist,,3,4c Control,Control,Parrotlet,
2026-02-07,Modern,64,,challenge_C64_2026-02-07_decklist,,4,Dimir Midrange,Midrange,jvidarte,
2026-02-07,Modern,64,,challenge_C64_2026-02-07_decklist,,5,Boros Energy,Aggro,Arkany1,
2026-02-07,Modern,64,,challenge_C64_2026-02-07_decklist,,6,Eldrazi Ramp,Ramp,Violet_Starmine,
2026-02-07,Modern,64,,challenge_C64_2026-02-07_decklist,,7,Boros Energy,Aggro,Lennny,
2026-02-07,Modern,64,,challenge_C64_2026-02-07_decklist,,8,Devoted Combo,Combo,jbl2311,
2026-02-07,Modern,64,,challenge_C64_2026-02-07_decklist,,9,Eldrazi Tron,Ramp,kevin21,
2026-02-07,Modern,64,,challenge_C64_2026-02-07_decklist,,10,Eldrazi Tron,Ramp,Jumba,
2026-02-07,Modern,64,,challenge_C64_2026-02-07_decklist,,11,Boros Energy,Aggro,LucasG1ggs,
2026-02-07,Modern,64,,challenge_C64_2026-02-07_decklist,,12,Amulet Titan,Combo,deftjad,
2026-02-07,Modern,64,,challenge_C64_2026-02-07_decklist,,13,Eldrazi Tron,Ramp,_Chamytinho_,
2026-02-07,Modern,64,,challenge_C64_2026-02-07_decklist,,14,Goryo's Vengeance,Graveyard,Phryziel,
2026-02-07,Modern,64,,challenge_C64_2026-02-07_decklist,,15,Domain Zoo,Midrange,fingers1991,
2026-02-07,Modern,64,,challenge_C64_2026-02-07_decklist,,16,Domain Zoo,Midrange,Osiris85,
2026-02-07,Modern,64,,challenge_C64_2026-02-07_decklist,,17,Amulet Titan,Combo,Mistakenn,
2026-02-07,Modern,64,,challenge_C64_2026-02-07_decklist,,18,Ruby Storm,Combo,azax,
2026-02-07,Modern,64,,challenge_C64_2026-02-07_decklist,,19,Boros Energy,Aggro,Diem4x,
2026-02-07,Modern,64,,challenge_C64_2026-02-07_decklist,,20,Domain Zoo,Midrange,Imaeda,
2026-02-07,Modern,64,,challenge_C64_2026-02-07_decklist,,21,Ruby Storm,Combo,EsperWTB,
2026-02-07,Modern,64,,challenge_C64_2026-02-07_decklist,,22,Boros Energy,Aggro,xame3,
2026-02-07,Modern,64,,challenge_C64_2026-02-07_decklist,,23,Grixis Reanimator,Graveyard,K_Renegade,
2026-02-07,Modern,64,,challenge_C64_2026-02-07_decklist,,24,Boros Energy,Aggro,Capoeira02,
2026-02-07,Modern,64,,challenge_C64_2026-02-07_decklist,,25,Tron,Ramp,newbarola,
2026-02-07,Modern,64,,challenge_C64_2026-02-07_decklist,,26,Boros Energy,Aggro,_Batutinha_,
2026-02-07,Modern,64,,challenge_C64_2026-02-07_decklist,,27,Boros Energy,Aggro,DemianDesposito10,
2026-02-07,Modern,64,,challenge_C64_2026-02-07_decklist,,28,Orzhov Midrange,Midrange,SuperCow12653,
2026-02-07,Modern,64,,challenge_C64_2026-02-07_decklist,,29,Domain Zoo,Midrange,Sarlanga,
2026-02-07,Modern,64,,challenge_C64_2026-02-07_decklist,,30,Ruby Storm,Combo,Minivan_of_Jeskai,
2026-02-07,Modern,64,,challenge_C64_2026-02-07_decklist,,31,Prowess,Aggro,NuBlkAu,
2026-02-07,Modern,64,,challenge_C64_2026-02-07_decklist,,32,Dimir Midrange,Midrange,Hamuda,
2026-02-08,Modern,32,,challenge_C32_2026-02-08_decklist,,1,Domain Zoo,Midrange,funnyscreenname,
2026-02-08,Modern,32,,challenge_C32_2026-02-08_decklist,,2,Grixis Midrange,Midrange,nahuel10,
2026-02-08,Modern,32,,challenge_C32_2026-02-08_decklist,,3,Living End,Graveyard,Lord_Beerus,
2026-02-08,Modern,32,,challenge_C32_2026-02-08_decklist,,4,Amulet Titan,Combo,sidisi,
2026-02-08,Modern,32,,challenge_C32_2026-02-08_decklist,,5,Domain Zoo,Midrange,BrysonBecker,
2026-02-08,Modern,32,,challenge_C32_2026-02-08_decklist,,6,Living End,Graveyard,Spellyp,
2026-02-08,Modern,32,,challenge_C32_2026-02-08_decklist,,7,4c Control,Control,Parrotlet,
2026-02-08,Modern,32,,challenge_C32_2026-02-08_decklist,,8,Boros Energy,Aggro,_foobar,
2026-02-08,Modern,32,,challenge_C32_2026-02-08_decklist,,9,Eldrazi Tron,Ramp,Ccreshaw,
2026-02-08,Modern,32,,challenge_C32_2026-02-08_decklist,,10,Jeskai Blink,Blink,Venom1,
2026-02-08,Modern,32,,challenge_C32_2026-02-08_decklist,,11,Boros Energy,Aggro,VizosMTG,
2026-02-08,Modern,32,,challenge_C32_2026-02-08_decklist,,12,Domain Zoo,Midrange,mendyourheart,
2026-02-08,Modern,32,,challenge_C32_2026-02-08_decklist,,13,Amulet Titan,Combo,Mistakenn,
2026-02-08,Modern,32,,challenge_C32_2026-02-08_decklist,,14,Ruby Storm,Combo,N0000000B,
2026-02-08,Modern,32,,challenge_C32_2026-02-08_decklist,,15,UG,Combo,ScreenwriterNY,
2026-02-08,Modern,32,,challenge_C32_2026-02-08_decklist,,16,Eldrazi Ramp,Ramp,newbarola,
2026-02-08,Modern,32,,challenge_C32_2026-02-08_decklist,,17,Boros Energy,Aggro,fanahova,
2026-02-08,Modern,32,,challenge_C32_2026-02-08_decklist,,18,Yawgmoth,Midrange,Moorehardcore,
2026-02-08,Modern,32,,challenge_C32_2026-02-08_decklist,,19,Boros Energy,Aggro,jessy_samek,
2026-02-08,Modern,32,,challenge_C32_2026-02-08_decklist,,20,Domain Zoo,Midrange,MagicianMagico,
2026-02-08,Modern,32,,challenge_C32_2026-02-08_decklist,,21,Boros Energy,Aggro,Aspirations,
2026-02-08,Modern,32,,challenge_C32_2026-02-08_decklist,,22,Hammer Time,Combo,hyoooga,
2026-02-08,Modern,32,,challenge_C32_2026-02-08_decklist,,23,Living End,Graveyard,billster47,
2026-02-08,Modern,32,,challenge_C32_2026-02-08_decklist,,24,Domain Zoo,Midrange,fingers1991,
2026-02-08,Modern,32,,challenge_C32_2026-02-08_decklist,,25,Affinity,Aggro,JV_7777,
2026-02-08,Modern,32,,challenge_C32_2026-02-08_decklist,,26,Mono-White Control,Control,internetsurfer09,
2026-02-08,Modern,32,,challenge_C32_2026-02-08_decklist,,27,Amulet Titan,Combo,Goomy_,
2026-02-08,Modern,32,,challenge_C32_2026-02-08_decklist,,28,Izzet Splinter Twin,Combo,SodaMaster92,
2026-02-08,Modern,32,,challenge_C32_2026-02-08_decklist,,29,Gruul Midrange,Midrange,OrnatePuzzles,
2026-02-08,Modern,32,,challenge_C32_2026-02-08_decklist,,30,Jeskai Blink,Midrange,ganache1127,
2026-02-08,Modern,32,,challenge_C32_2026-02-08_decklist,,31,Boros Energy,Aggro,lillo6,
2026-02-08,Modern,32,,challenge_C32_2026-02-08_decklist,,32,Belcher,Combo,Chaticus,
2026-02-09,Modern,32,,challenge_C32_2026-02-09_decklist,,1,Living End,Graveyard,Lord_Beerus,
2026-02-09,Modern,32,,challenge_C32_2026-02-09_decklist,,2,Ruby Storm,Combo,wcl,
2026-02-09,Modern,32,,challenge_C32_2026-02-09_decklist,,3,Prowess,Aggro,blub_blub,
2026-02-09,Modern,32,,challenge_C32_2026-02-09_decklist,,4,Sultai Ritual,Midrange,Dioferreira,
2026-02-09,Modern,32,,challenge_C32_2026-02-09_decklist,,5,Eldrazi Tron,Ramp,leandru,
2026-02-09,Modern,32,,challenge_C32_2026-02-09_decklist,,6,Grixis Midrange,Midrange,duke12,
2026-02-09,Modern,32,,challenge_C32_2026-02-09_decklist,,7,Eldrazi Ramp,Ramp,yolad,
2026-02-09,Modern,32,,challenge_C32_2026-02-09_decklist,,8,Boros Energy,Aggro,DemianDesposito10,
2026-02-09,Modern,32,,challenge_C32_2026-02-09_decklist,,9,Grixis Midrange,Midrange,jessy_samek,
2026-02-09,Modern,32,,challenge_C32_2026-02-09_decklist,,10,UG,Combo,ScreenwriterNY,
2026-02-09,Modern,32,,challenge_C32_2026-02-09_decklist,,11,Affinity,Aggro,JV_7777,
2026-02-09,Modern,32,,challenge_C32_2026-02-09_decklist,,12,Prowess,Aggro,oOMegaGenesis,
2026-02-09,Modern,32,,challenge_C32_2026-02-09_decklist,,13,Boros Energy,Aggro,E_Kaminuma,
2026-02-09,Modern,32,,challenge_C32_2026-02-09_decklist,,14,Living End,Graveyard,MisterTwin,
2026-02-09,Modern,32,,challenge_C32_2026-02-09_decklist,,15,The Rock,Midrange,Tulio_Jaudy,
2026-02-09,Modern,32,,challenge_C32_2026-02-09_decklist,,16,Yawgmoth,Midrange,Moomo2224,
2026-02-09,Modern,32,,challenge_C32_2026-02-09_decklist,,17,Boros Energy,Aggro,fuxin123,
2026-02-09,Modern,32,,challenge_C32_2026-02-09_decklist,,18,Living End,Graveyard,Spellyp,
2026-02-09,Modern,32,,challenge_C32_2026-02-09_decklist,,19,Living End,Graveyard,Badcookie,
2026-02-09,Modern,32,,challenge_C32_2026-02-09_decklist,,20,Living End,Graveyard,niuwaid001,
2026-02-09,Modern,32,,challenge_C32_2026-02-09_decklist,,21,Grixis Midrange,Midrange,Milkshake_,
2026-02-09,Modern,32,,challenge_C32_2026-02-09_decklist,,22,Boros Energy,Aggro,ice_nine_,
2026-02-09,Modern,32,,challenge_C32_2026-02-09_decklist,,23,Boros Energy,Aggro,HelpfulHobo,
2026-02-09,Modern,32,,challenge_C32_2026-02-09_decklist,,24,Boros Energy,Aggro,_foobar,
2026-02-09,Modern,32,,challenge_C32_2026-02-09_decklist,,25,Jeskai Blink,Blink,Venom1,
2026-02-09,Modern,32,,challenge_C32_2026-02-09_decklist,,26,Eldrazi Ramp,Ramp,newbarola,
2026-02-09,Modern,32,,challenge_C32_2026-02-09_decklist,,27,Burn,Aggro,madridimo,
2026-02-09,Modern,32,,challenge_C32_2026-02-09_decklist,,28,Merfolk,Aggro,Motown123,
2026-02-09,Modern,32,,challenge_C32_2026-02-09_decklist,,29,Broodscale Combo,Combo,kiwi09,
2026-02-09,Modern,32,,challenge_C32_2026-02-09_decklist,,30,Amulet Titan,Combo,NathanOfTheGiltLeaf,
2026-02-09,Modern,32,,challenge_C32_2026-02-09_decklist,,31,Grixis Midrange,Midrange,Junkmener,
2026-02-09,Modern,32,,challenge_C32_2026-02-09_decklist,,32,Dimir Mill,Combo,tibalt_of_red_sub,
2026-02-10,Modern,64,,challenge_C64_2026-02-10_decklist,,1,Ruby Storm,Combo,azax,
2026-02-10,Modern,64,,challenge_C64_2026-02-10_decklist,,2,Boros Energy,Aggro,Sorathrix,
2026-02-10,Modern,64,,challenge_C64_2026-02-10_decklist,,3,Jeskai Blink,Blink,Venom1,
2026-02-10,Modern,64,,challenge_C64_2026-02-10_decklist,,4,Jeskai Blink,Blink,Leovoldo,
2026-02-10,Modern,64,,challenge_C64_2026-02-10_decklist,,5,Domain Zoo,Midrange,mendyourheart,
2026-02-10,Modern,64,,challenge_C64_2026-02-10_decklist,,6,Ruby Storm,Combo,wcl,
2026-02-10,Modern,64,,challenge_C64_2026-02-10_decklist,,7,Azorius Blink,Blink,morris,
2026-02-10,Modern,64,,challenge_C64_2026-02-10_decklist,,8,Grixis Reanimator,Graveyard,klien7,
2026-02-10,Modern,64,,challenge_C64_2026-02-10_decklist,,9,Boros Energy,Aggro,VizosMTG,
2026-02-10,Modern,64,,challenge_C64_2026-02-10_decklist,,10,Prowess,Aggro,CrazyMorango,
2026-02-10,Modern,64,,challenge_C64_2026-02-10_decklist,,11,Sultai Ritual,Midrange,Dioferreira,
2026-02-10,Modern,64,,challenge_C64_2026-02-10_decklist,,12,Ruby Storm,Combo,AFX,
2026-02-10,Modern,64,,challenge_C64_2026-02-10_decklist,,13,Eldrazi Ramp,Ramp,peter780108,
2026-02-10,Modern,64,,challenge_C64_2026-02-10_decklist,,14,W,Aggro,silenttrigger,
2026-02-10,Modern,64,,challenge_C64_2026-02-10_decklist,,15,Boros Energy,Aggro,AlexBarbosa,
2026-02-10,Modern,64,,challenge_C64_2026-02-10_decklist,,16,Eldrazi Tron,Ramp,Porks,
2026-02-10,Modern,64,,challenge_C64_2026-02-10_decklist,,17,Belcher,Combo,Draco1,
2026-02-10,Modern,64,,challenge_C64_2026-02-10_decklist,,18,Affinity,Aggro,sioutis_kk,
2026-02-10,Modern,64,,challenge_C64_2026-02-10_decklist,,19,Eldrazi Tron,Ramp,LegacyGrinder,
2026-02-10,Modern,64,,challenge_C64_2026-02-10_decklist,,20,Grixis Midrange,Midrange,renatoaraujo,
2026-02-10,Modern,64,,challenge_C64_2026-02-10_decklist,,21,Grixis Midrange,Midrange,DemonicTutors,
2026-02-10,Modern,64,,challenge_C64_2026-02-10_decklist,,22,Yawgmoth,Midrange,Walri,
2026-02-10,Modern,64,,challenge_C64_2026-02-10_decklist,,23,Eldrazi Tron,Ramp,kamzuk,
2026-02-10,Modern,64,,challenge_C64_2026-02-10_decklist,,24,Grixis Midrange,Midrange,nahuel10,
2026-02-10,Modern,64,,challenge_C64_2026-02-10_decklist,,25,Mono-Black Midrange,Midrange,Selfeisek,
2026-02-10,Modern,64,,challenge_C64_2026-02-10_decklist,,26,Belcher,Combo,SafetyHazard,
2026-02-10,Modern,64,,challenge_C64_2026-02-10_decklist,,27,Eldrazi Tron,Ramp,Jumba,
2026-02-10,Modern,64,,challenge_C64_2026-02-10_decklist,,28,Jeskai Blink,Blink,kiwi09,
2026-02-10,Modern,64,,challenge_C64_2026-02-10_decklist,,29,Jeskai Blink,Midrange,OkoDio,
2026-02-10,Modern,64,,challenge_C64_2026-02-10_decklist,,30,Boros Energy,Aggro,Arkany1,
2026-02-10,Modern,64,,challenge_C64_2026-02-10_decklist,,31,Eldrazi Tron,Ramp,newbarola,
2026-02-10,Modern,64,,challenge_C64_2026-02-10_decklist,,32,Ruby Storm,Combo,nijlpaard123,
2026-02-11,Modern,32,,challenge_C32_2026-02-11_decklist,,1,Boros Energy,Aggro,Skadonk,
2026-02-11,Modern,32,,challenge_C32_2026-02-11_decklist,,2,Prowess,Aggro,CrazyMorango,
2026-02-11,Modern,32,,challenge_C32_2026-02-11_decklist,,3,Eldrazi Tron,Ramp,Odin2015,
2026-02-11,Modern,32,,challenge_C32_2026-02-11_decklist,,4,Living End,Graveyard,MeninooNey,
2026-02-11,Modern,32,,challenge_C32_2026-02-11_decklist,,5,Eldrazi Tron,Ramp,GrowingPaynes,
2026-02-11,Modern,32,,challenge_C32_2026-02-11_decklist,,6,Boros Energy,Aggro,Misplacedginger,
2026-02-11,Modern,32,,challenge_C32_2026-02-11_decklist,,7,Eldrazi Tron,Ramp,ChessAndMagic,
2026-02-11,Modern,32,,challenge_C32_2026-02-11_decklist,,8,Ruby Storm,Combo,Malox11,
2026-02-11,Modern,32,,challenge_C32_2026-02-11_decklist,,9,Rakdos Midrange,Midrange,Dudarudi,
2026-02-11,Modern,32,,challenge_C32_2026-02-11_decklist,,10,Affinity,Aggro,DarksteelWelder,
2026-02-11,Modern,32,,challenge_C32_2026-02-11_decklist,,11,Jeskai Blink,Blink,atraxa77,
2026-02-11,Modern,32,,challenge_C32_2026-02-11_decklist,,12,Eldrazi Tron,Ramp,cicciogire,
2026-02-11,Modern,32,,challenge_C32_2026-02-11_decklist,,13,Boros Energy,Aggro,EDHplayer,
2026-02-11,Modern,32,,challenge_C32_2026-02-11_decklist,,14,Prowess,Aggro,groot02,
2026-02-11,Modern,32,,challenge_C32_2026-02-11_decklist,,15,Grixis Reanimator,Graveyard,justAlice,
2026-02-11,Modern,32,,challenge_C32_2026-02-11_decklist,,16,Affinity,Aggro,sioutis_kk,
2026-02-11,Modern,32,,challenge_C32_2026-02-11_decklist,,17,Yawgmoth,Midrange,celedorph,
2026-02-11,Modern,32,,challenge_C32_2026-02-11_decklist,,18,Eldrazi Ramp,Ramp,bomberboss,
2026-02-11,Modern,32,,challenge_C32_2026-02-11_decklist,,19,Boros Energy,Aggro,sokos13,
2026-02-11,Modern,32,,challenge_C32_2026-02-11_decklist,,20,Domain Zoo,Midrange,Sarlanga,
2026-02-11,Modern,32,,challenge_C32_2026-02-11_decklist,,21,Grixis Reanimator,Graveyard,klien7,
2026-02-11,Modern,32,,challenge_C32_2026-02-11_decklist,,22,Jeskai Energy,Aggro,joker10289,
2026-02-11,Modern,32,,challenge_C32_2026-02-11_decklist,,23,Grixis Midrange,Midrange,nahuel10,
2026-02-11,Modern,32,,challenge_C32_2026-02-11_decklist,,24,Azorius Control,Control,eclipse4343,
2026-02-11,Modern,32,,challenge_C32_2026-02-11_decklist,,25,Amulet Titan,Combo,Mistakenn,
2026-02-11,Modern,32,,challenge_C32_2026-02-11_decklist,,26,Eldrazi Ramp,Ramp,peter780108,
2026-02-11,Modern,32,,challenge_C32_2026-02-11_decklist,,27,Sultai Ritual,Midrange,-=Alfa=-,
2026-02-11,Modern,32,,challenge_C32_2026-02-11_decklist,,28,Mono-Black Midrange,Midrange,Selfeisek,
2026-02-11,Modern,32,,challenge_C32_2026-02-11_decklist,,29,Boros Energy,Aggro,MJ_23,
2026-02-11,Modern,32,,challenge_C32_2026-02-11_decklist,,30,Domain Zoo,Midrange,Zolazar,
2026-02-11,Modern,32,,challenge_C32_2026-02-11_decklist,,31,Ruby Storm,Combo,DEJAIR_LAMARCA,
2026-02-11,Modern,32,,challenge_C32_2026-02-11_decklist,,32,Boros Energy,Aggro,Jumba,
2026-02-12,Modern,64,,challenge_C64_2026-02-12_decklist,,1,Boros Energy,Aggro,Jose Guillermo,
2026-02-12,Modern,64,,challenge_C64_2026-02-12_decklist,,2,Living End,Graveyard,Xenowan,
2026-02-12,Modern,64,,challenge_C64_2026-02-12_decklist,,3,Grixis Reanimator,Graveyard,mikeleee,
2026-02-12,Modern,64,,challenge_C64_2026-02-12_decklist,,4,Amulet Titan,Combo,Mistakenn,
2026-02-12,Modern,64,,challenge_C64_2026-02-12_decklist,,5,Ruby Storm,Combo,NMiner,
2026-02-12,Modern,64,,challenge_C64_2026-02-12_decklist,,6,Boros Energy,Aggro,ThopterPuPu,
2026-02-12,Modern,64,,challenge_C64_2026-02-12_decklist,,7,Living End,Graveyard,levunga21,
2026-02-12,Modern,64,,challenge_C64_2026-02-12_decklist,,8,Amulet Titan,Combo,NathanOfTheGiltLeaf,
2026-02-12,Modern,64,,challenge_C64_2026-02-12_decklist,,9,Living End,Graveyard,MeninooNey,
2026-02-12,Modern,64,,challenge_C64_2026-02-12_decklist,,10,Boros Energy,Aggro,Arkany1,
2026-02-12,Modern,64,,challenge_C64_2026-02-12_decklist,,11,Goryo's Vengeance,Graveyard,NAKISHIMA,
2026-02-12,Modern,64,,challenge_C64_2026-02-12_decklist,,12,Domain Zoo,Midrange,Pleyboy,
2026-02-12,Modern,64,,challenge_C64_2026-02-12_decklist,,13,Ruby Storm,Combo,xfile,
2026-02-12,Modern,64,,challenge_C64_2026-02-12_decklist,,14,Sultai Ritual,Midrange,Dioferreira,
2026-02-12,Modern,64,,challenge_C64_2026-02-12_decklist,,15,Belcher,Combo,Galashev29,
2026-02-12,Modern,64,,challenge_C64_2026-02-12_decklist,,16,Eldrazi Tron,Ramp,e0068,
2026-02-12,Modern,64,,challenge_C64_2026-02-12_decklist,,17,Eldrazi Tron,Ramp,Jumba,
2026-02-12,Modern,64,,challenge_C64_2026-02-12_decklist,,18,Boros Energy,Aggro,bless_von,
2026-02-12,Modern,64,,challenge_C64_2026-02-12_decklist,,19,Goryo's Vengeance,Graveyard,Zeect,
2026-02-12,Modern,64,,challenge_C64_2026-02-12_decklist,,20,Boros Energy,Aggro,fazparte,
2026-02-12,Modern,64,,challenge_C64_2026-02-12_decklist,,21,Affinity,Aggro,LordEgg,
2026-02-12,Modern,64,,challenge_C64_2026-02-12_decklist,,22,Grixis Reanimator,Graveyard,Scappie,
2026-02-12,Modern,64,,challenge_C64_2026-02-12_decklist,,23,Boros Energy,Aggro,Sorathrix,
2026-02-12,Modern,64,,challenge_C64_2026-02-12_decklist,,24,Ruby Storm,Combo,Dark_Shine,
2026-02-12,Modern,64,,challenge_C64_2026-02-12_decklist,,25,Living End,Graveyard,DrPP,
2026-02-12,Modern,64,,challenge_C64_2026-02-12_decklist,,26,Grixis Reanimator,Graveyard,klien7,
2026-02-12,Modern,64,,challenge_C64_2026-02-12_decklist,,27,Yawgmoth,Midrange,celedorph,
2026-02-12,Modern,64,,challenge_C64_2026-02-12_decklist,,28,Indomitable Creativity,Combo,Corkyboyy,
2026-02-12,Modern,64,,challenge_C64_2026-02-12_decklist,,29,Rakdos Aggro,Aggro,DragonFodder,
2026-02-12,Modern,64,,challenge_C64_2026-02-12_decklist,,30,Boros Energy,Aggro,hardfight,
2026-02-12,Modern,64,,challenge_C64_2026-02-12_decklist,,31,Ruby Storm,Combo,VitoCorleone,
2026-02-12,Modern,64,,challenge_C64_2026-02-12_decklist,,32,Eldrazi Tron,Ramp,Odin2015,
2026-02-13,Modern,32,,challenge_C32_2026-02-13_decklist,,1,Esper Blink,Blink,toondoslav,
2026-02-13,Modern,32,,challenge_C32_2026-02-13_decklist,,2,Living End,Graveyard,Xenowan,
2026-02-13,Modern,32,,challenge_C32_2026-02-13_decklist,,3,Ruby Storm,Combo,xfile,
2026-02-13,Modern,32,,challenge_C32_2026-02-13_decklist,,4,Eldrazi Ramp,Ramp,BeoulveHeart,
2026-02-13,Modern,32,,challenge_C32_2026-02-13_decklist,,5,Ruby Storm,Combo,CliffBoyardee,
2026-02-13,Modern,32,,challenge_C32_2026-02-13_decklist,,6,Eldrazi Ramp,Ramp,peter780108,
2026-02-13,Modern,32,,challenge_C32_2026-02-13_decklist,,7,Esper Blink,Blink,jready,
2026-02-13,Modern,32,,challenge_C32_2026-02-13_decklist,,8,Boros Energy,Aggro,newbarola,
2026-02-13,Modern,32,,challenge_C32_2026-02-13_decklist,,9,Boros Energy,Aggro,aarrgh,
2026-02-13,Modern,32,,challenge_C32_2026-02-13_decklist,,10,Boros Energy,Aggro,TresDosDos,
2026-02-13,Modern,32,,challenge_C32_2026-02-13_decklist,,11,Yawgmoth,Midrange,Rack,
2026-02-13,Modern,32,,challenge_C32_2026-02-13_decklist,,12,Eldrazi Tron,Ramp,Promilx,
2026-02-13,Modern,32,,challenge_C32_2026-02-13_decklist,,13,Prowess,Aggro,Suechtler,
2026-02-13,Modern,32,,challenge_C32_2026-02-13_decklist,,14,Boros Energy,Aggro,Misplacedginger,
2026-02-13,Modern,32,,challenge_C32_2026-02-13_decklist,,15,Domain Zoo,Midrange,Pleyboy,
2026-02-13,Modern,32,,challenge_C32_2026-02-13_decklist,,16,Boros Midrange,Midrange,PaulArcher,
2026-02-13,Modern,32,,challenge_C32_2026-02-13_decklist,,17,Hammer Time,Combo,CrusherBotBG,
2026-02-13,Modern,32,,challenge_C32_2026-02-13_decklist,,18,Prowess,Aggro,Serakki,
2026-02-13,Modern,32,,challenge_C32_2026-02-13_decklist,,19,Grixis Reanimator,Graveyard,klien7,
2026-02-13,Modern,32,,challenge_C32_2026-02-13_decklist,,20,Jeskai Blink,Blink,Jedgi,
2026-02-13,Modern,32,,challenge_C32_2026-02-13_decklist,,21,Living End,Graveyard,MeninooNey,
2026-02-13,Modern,32,,challenge_C32_2026-02-13_decklist,,22,Sultai Ritual,Midrange,Dioferreira,
2026-02-13,Modern,32,,challenge_C32_2026-02-13_decklist,,23,Jeskai Blink,Blink,Callenutg1,
2026-02-13,Modern,32,,challenge_C32_2026-02-13_decklist,,24,Boros Energy,Aggro,jayrod115,
2026-02-13,Modern,32,,challenge_C32_2026-02-13_decklist,,25,Eldrazi Tron,Ramp,Porks,
2026-02-13,Modern,32,,challenge_C32_2026-02-13_decklist,,26,Affinity,Aggro,Moaddin1186,
2026-02-13,Modern,32,,challenge_C32_2026-02-13_decklist,,27,Boros Energy,Aggro,SHUANEEHOG,
2026-02-13,Modern,32,,challenge_C32_2026-02-13_decklist,,28,Azorius Blink,Blink,morris,
2026-02-13,Modern,32,,challenge_C32_2026-02-13_decklist,,29,Prowess,Aggro,brettploussard,
2026-02-13,Modern,32,,challenge_C32_2026-02-13_decklist,,30,Belcher,Combo,-=Alfa=-,
2026-02-13,Modern,32,,challenge_C32_2026-02-13_decklist,,31,Boros Energy,Aggro,hardfight,
2026-02-13,Modern,32,,challenge_C32_2026-02-13_decklist,,32,Prowess,Aggro,Aldreen,
2026-02-14,Modern,32,,challenge_C32_2026-02-14_decklist,,1,Amulet Titan,Combo,NathanOfTheGiltLeaf,
2026-02-14,Modern,32,,challenge_C32_2026-02-14_decklist,,2,Mono-Black Midrange,Midrange,Tulio_Jaudy,
2026-02-14,Modern,32,,challenge_C32_2026-02-14_decklist,,3,Sultai Ritual,Midrange,aplapp,
2026-02-14,Modern,32,,challenge_C32_2026-02-14_decklist,,4,Broodscale Combo,Combo,HelpfulHobo,
2026-02-14,Modern,32,,challenge_C32_2026-02-14_decklist,,5,Grixis Midrange,Midrange,nahuel10,
2026-02-14,Modern,32,,challenge_C32_2026-02-14_decklist,,6,Boros Energy,Aggro,Aelyck,
2026-02-14,Modern,32,,challenge_C32_2026-02-14_decklist,,7,Dimir Midrange,Midrange,jvidarte,
2026-02-14,Modern,32,,challenge_C32_2026-02-14_decklist,,8,Living End,Graveyard,manohito,
2026-02-14,Modern,32,,challenge_C32_2026-02-14_decklist,,9,Grixis Reanimator,Graveyard,soggymeatball,
2026-02-14,Modern,32,,challenge_C32_2026-02-14_decklist,,10,Jeskai Blink,Blink,felider,
2026-02-14,Modern,32,,challenge_C32_2026-02-14_decklist,,11,Boros Energy,Aggro,Vaine,
2026-02-14,Modern,32,,challenge_C32_2026-02-14_decklist,,12,Boros Energy,Aggro,_Batutinha_,
2026-02-14,Modern,32,,challenge_C32_2026-02-14_decklist,,13,Eldrazi Tron,Ramp,JoaoCelestini,
2026-02-14,Modern,32,,challenge_C32_2026-02-14_decklist,,14,Living End,Graveyard,GriselSram,
2026-02-14,Modern,32,,challenge_C32_2026-02-14_decklist,,15,Yawgmoth,Midrange,YungDingo,
2026-02-14,Modern,32,,challenge_C32_2026-02-14_decklist,,16,Jeskai Blink,Blink,Venom1,
2026-02-14,Modern,32,,challenge_C32_2026-02-14_decklist,,17,Eldrazi Tron,Ramp,Micro,
2026-02-14,Modern,32,,challenge_C32_2026-02-14_decklist,,18,Eldrazi Ramp,Ramp,ItsukiS,
2026-02-14,Modern,32,,challenge_C32_2026-02-14_decklist,,19,Eldrazi Ramp,Ramp,Giltspire,
2026-02-14,Modern,32,,challenge_C32_2026-02-14_decklist,,20,Eldrazi Tron,Ramp,Samcaster-Mage,
2026-02-14,Modern,32,,challenge_C32_2026-02-14_decklist,,21,Grixis Death's Shadow,Aggro,Wiltron92,
2026-02-14,Modern,32,,challenge_C32_2026-02-14_decklist,,22,Esper Blink,Blink,newbarola,
2026-02-14,Modern,32,,challenge_C32_2026-02-14_decklist,,23,Jeskai Blink,Midrange,ganache1127,
2026-02-14,Modern,32,,challenge_C32_2026-02-14_decklist,,24,Affinity,Aggro,Hamuda,
2026-02-14,Modern,32,,challenge_C32_2026-02-14_decklist,,25,Azorius Control,Control,eclipse4343,
2026-02-14,Modern,32,,challenge_C32_2026-02-14_decklist,,26,Living End,Graveyard,Lord_Beerus,
2026-02-14,Modern,32,,challenge_C32_2026-02-14_decklist,,27,Ruby Storm,Combo,N0000000B,
2026-02-14,Modern,32,,challenge_C32_2026-02-14_decklist,,28,Eldrazi Ramp,Ramp,Lightspirit,
2026-02-14,Modern,32,,challenge_C32_2026-02-14_decklist,,29,Dimir Control,Control,DrewEldon,
2026-02-14,Modern,32,,challenge_C32_2026-02-14_decklist,,30,Boros Energy,Aggro,zhepir,
2026-02-14,Modern,32,,challenge_C32_2026-02-14_decklist,,31,Living End,Graveyard,ReanimatorFiend,
2026-02-14,Modern,32,,challenge_C32_2026-02-14_decklist,,32,Ruby Storm,Combo,TerminalJustice,
2026-02-15,Modern,32,,challenge_C32_2026-02-15_decklist,,1,Mono-Black Midrange,Midrange,Tulio_Jaudy,
2026-02-15,Modern,32,,challenge_C32_2026-02-15_decklist,,2,Eldrazi Tron,Ramp,zhepir,
2026-02-15,Modern,32,,challenge_C32_2026-02-15_decklist,,3,Dimir Control,Control,DrewEldon,
2026-02-15,Modern,32,,challenge_C32_2026-02-15_decklist,,4,Dimir Mill,Combo,xerioc,
2026-02-15,Modern,32,,challenge_C32_2026-02-15_decklist,,5,Azorius Control,Control,DeltaCx,
2026-02-15,Modern,32,,challenge_C32_2026-02-15_decklist,,6,Living End,Graveyard,niuwaid001,
2026-02-15,Modern,32,,challenge_C32_2026-02-15_decklist,,7,Broodscale Combo,Combo,Gevrial,
2026-02-15,Modern,32,,challenge_C32_2026-02-15_decklist,,8,Boros Energy,Aggro,Misplacedginger,
2026-02-15,Modern,32,,challenge_C32_2026-02-15_decklist,,9,Ruby Storm,Combo,pwqz,
2026-02-15,Modern,32,,challenge_C32_2026-02-15_decklist,,10,Azorius Control,Control,eclipse4343,
2026-02-15,Modern,32,,challenge_C32_2026-02-15_decklist,,11,Boros Energy,Aggro,majorriot,
2026-02-15,Modern,32,,challenge_C32_2026-02-15_decklist,,12,Affinity,Aggro,JV_7777,
2026-02-15,Modern,32,,challenge_C32_2026-02-15_decklist,,13,Affinity,Aggro,JoaoCelestini,
2026-02-15,Modern,32,,challenge_C32_2026-02-15_decklist,,14,Boros Energy,Aggro,Crawdaddy23,
2026-02-15,Modern,32,,challenge_C32_2026-02-15_decklist,,15,Jeskai Blink,Blink,bless_von,
2026-02-15,Modern,32,,challenge_C32_2026-02-15_decklist,,16,Amulet Titan,Combo,Mistakenn,
2026-02-15,Modern,32,,challenge_C32_2026-02-15_decklist,,17,UG,Combo,ScreenwriterNY,
2026-02-15,Modern,32,,challenge_C32_2026-02-15_decklist,,18,Grixis Midrange,Midrange,nahuel10,
2026-02-15,Modern,32,,challenge_C32_2026-02-15_decklist,,19,Boros Energy,Aggro,Spellyp,
2026-02-15,Modern,32,,challenge_C32_2026-02-15_decklist,,20,Ruby Storm,Combo,jessy_samek,
2026-02-15,Modern,32,,challenge_C32_2026-02-15_decklist,,21,Burn,Aggro,madridimo,
2026-02-15,Modern,32,,challenge_C32_2026-02-15_decklist,,22,Amulet Titan,Combo,reidq7,
2026-02-15,Modern,32,,challenge_C32_2026-02-15_decklist,,23,Amulet Titan,Combo,NathanOfTheGiltLeaf,
2026-02-15,Modern,32,,challenge_C32_2026-02-15_decklist,,24,Ruby Storm,Combo,elvin7,
2026-02-15,Modern,32,,challenge_C32_2026-02-15_decklist,,25,Ruby Storm,Combo,N0000000B,
2026-02-15,Modern,32,,challenge_C32_2026-02-15_decklist,,26,Dimir Midrange,Midrange,jvidarte,
2026-02-15,Modern,32,,challenge_C32_2026-02-15_decklist,,27,Boros Energy,Aggro,zturchan,
2026-02-15,Modern,32,,challenge_C32_2026-02-15_decklist,,28,Boros Energy,Aggro,ejk,
2026-02-15,Modern,32,,challenge_C32_2026-02-15_decklist,,29,Jeskai Energy,Aggro,otakkun,
2026-02-15,Modern,32,,challenge_C32_2026-02-15_decklist,,30,Eldrazi Ramp,Ramp,Lightspirit,
2026-02-15,Modern,32,,challenge_C32_2026-02-15_decklist,,31,Boros Energy,Aggro,wutup,
2026-02-15,Modern,32,,challenge_C32_2026-02-15_decklist,,32,Jeskai Blink,Blink,Venom1,
2026-02-16,Modern,32,,challenge_C32_2026-02-16_decklist,,1,Boros Energy,Aggro,NJ5030,
2026-02-16,Modern,32,,challenge_C32_2026-02-16_decklist,,2,Eldrazi Ramp,Ramp,Lightspirit,
2026-02-16,Modern,32,,challenge_C32_2026-02-16_decklist,,3,Dimir Mill,Combo,_Babbuja_,
2026-02-16,Modern,32,,challenge_C32_2026-02-16_decklist,,4,Living End,Graveyard,MeninoNey,
2026-02-16,Modern,32,,challenge_C32_2026-02-16_decklist,,5,Ruby Storm,Combo,azax,
2026-02-16,Modern,32,,challenge_C32_2026-02-16_decklist,,6,Esper Blink,Blink,UninspiredMehjagic,
2026-02-16,Modern,32,,challenge_C32_2026-02-16_decklist,,7,Dimir Midrange,Midrange,jvidarte,
2026-02-16,Modern,32,,challenge_C32_2026-02-16_decklist,,8,Indomitable Creativity,Combo,dedav,
2026-02-16,Modern,32,,challenge_C32_2026-02-16_decklist,,9,Domain Zoo,Midrange,mendyourheart,
2026-02-16,Modern,32,,challenge_C32_2026-02-16_decklist,,10,Eldrazi Ramp,Ramp,BeoulveHeart,
2026-02-16,Modern,32,,challenge_C32_2026-02-16_decklist,,11,Boros Energy,Aggro,peter780108,
2026-02-16,Modern,32,,challenge_C32_2026-02-16_decklist,,12,Boros Energy,Aggro,bless_von,
2026-02-16,Modern,32,,challenge_C32_2026-02-16_decklist,,13,Boros Energy,Aggro,Marvin_Dalkiri,
2026-02-16,Modern,32,,challenge_C32_2026-02-16_decklist,,14,Ruby Storm,Combo,xfile,
2026-02-16,Modern,32,,challenge_C32_2026-02-16_decklist,,15,Living End,Graveyard,Spellyp,
2026-02-16,Modern,32,,challenge_C32_2026-02-16_decklist,,16,Burn,Aggro,madridimo,
2026-02-16,Modern,32,,challenge_C32_2026-02-16_decklist,,17,Dimir Midrange,Midrange,SirTenno,
2026-02-16,Modern,32,,challenge_C32_2026-02-16_decklist,,18,Mono-Black Midrange,Midrange,MisterTwin,
2026-02-16,Modern,32,,challenge_C32_2026-02-16_decklist,,19,Prowess,Aggro,arturcosta,
2026-02-16,Modern,32,,challenge_C32_2026-02-16_decklist,,20,Grixis Reanimator,Graveyard,badger225,
2026-02-16,Modern,32,,challenge_C32_2026-02-16_decklist,,21,Dimir Control,Control,newbarola,
2026-02-16,Modern,32,,challenge_C32_2026-02-16_decklist,,22,Ragavan,Aggro,COMBOCORY,
2026-02-16,Modern,32,,challenge_C32_2026-02-16_decklist,,23,Esper Blink,Blink,HamAndCheese,
2026-02-16,Modern,32,,challenge_C32_2026-02-16_decklist,,24,Dimir Midrange,Midrange,ZKG,
2026-02-16,Modern,32,,challenge_C32_2026-02-16_decklist,,25,Ruby Storm,Combo,Manny-,
2026-02-16,Modern,32,,challenge_C32_2026-02-16_decklist,,26,Affinity,Aggro,Dioferreira,
2026-02-16,Modern,32,,challenge_C32_2026-02-16_decklist,,27,Eldrazi Tron,Ramp,jessy_samek,
2026-02-16,Modern,32,,challenge_C32_2026-02-16_decklist,,28,Boros Energy,Aggro,Topdecker8000,
2026-02-16,Modern,32,,challenge_C32_2026-02-16_decklist,,29,Grixis Death's Shadow,Aggro,Wiltron92,
2026-02-16,Modern,32,,challenge_C32_2026-02-16_decklist,,30,Esper Blink,Blink,zbogames,
2026-02-16,Modern,32,,challenge_C32_2026-02-16_decklist,,31,Broodscale Combo,Combo,TentacleFan,
2026-02-16,Modern,32,,challenge_C32_2026-02-16_decklist,,32,Boros Energy,Aggro,Silentstorm1003,
2026-02-17,Modern,32,,challenge_C32_2026-02-17_decklist,,1,Esper Blink,Blink,Kritik,
2026-02-17,Modern,32,,challenge_C32_2026-02-17_decklist,,2,Ruby Storm,Combo,The_Lion91,
2026-02-17,Modern,32,,challenge_C32_2026-02-17_decklist,,3,Prowess,Aggro,O_danielakos,
2026-02-17,Modern,32,,challenge_C32_2026-02-17_decklist,,4,4c Control,Control,6argamel,
2026-02-17,Modern,32,,challenge_C32_2026-02-17_decklist,,5,Living End,Graveyard,MeninoNey,
2026-02-17,Modern,32,,challenge_C32_2026-02-17_decklist,,6,Jeskai Blink,Blink,McWinSauce,
2026-02-17,Modern,32,,challenge_C32_2026-02-17_decklist,,7,Grixis Midrange,Midrange,nahuel10,
2026-02-17,Modern,32,,challenge_C32_2026-02-17_decklist,,8,Ruby Storm,Combo,hugofreitas1,
2026-02-18,Modern,32,,challenge_C32_2026-02-18_decklist,,1,Amulet Titan,Combo,Mistakenn,
2026-02-18,Modern,32,,challenge_C32_2026-02-18_decklist,,2,Jeskai Blink,Blink,Grills96,
2026-02-18,Modern,32,,challenge_C32_2026-02-18_decklist,,3,Goryo's Vengeance,Graveyard,JuanmaAT,
2026-02-18,Modern,32,,challenge_C32_2026-02-18_decklist,,4,Belcher,Combo,JustAnotherGuy83,
2026-02-18,Modern,32,,challenge_C32_2026-02-18_decklist,,5,Boros Energy,Aggro,rastaf,
2026-02-18,Modern,32,,challenge_C32_2026-02-18_decklist,,6,Prowess,Aggro,O_danielakos,
2026-02-18,Modern,32,,challenge_C32_2026-02-18_decklist,,7,Eldrazi Tron,Ramp,Jumba,
2026-02-18,Modern,32,,challenge_C32_2026-02-18_decklist,,8,Eldrazi Tron,Ramp,Minivan_of_Jeskai,
2026-02-19,Modern,64,,challenge_C64_2026-02-19_decklist,,1,Belcher,Combo,LasVegasChaos,
2026-02-19,Modern,64,,challenge_C64_2026-02-19_decklist,,2,Domain Zoo,Midrange,Imaeda,
2026-02-19,Modern,64,,challenge_C64_2026-02-19_decklist,,3,Jeskai Blink,Blink,groot02,
2026-02-19,Modern,64,,challenge_C64_2026-02-19_decklist,,4,Goryo's Vengeance,Graveyard,Zeect,
2026-02-19,Modern,64,,challenge_C64_2026-02-19_decklist,,5,Broodscale Combo,Combo,D3dalo,
2026-02-19,Modern,64,,challenge_C64_2026-02-19_decklist,,6,Boros Energy,Aggro,sokos13,
2026-02-19,Modern,64,,challenge_C64_2026-02-19_decklist,,7,Living End,Graveyard,manohito,
2026-02-19,Modern,64,,challenge_C64_2026-02-19_decklist,,8,Ruby Storm,Combo,azax,
2026-02-20,Modern,32,,challenge_C32_2026-02-20_decklist,,1,Domain Zoo,Midrange,Pleyboy,
2026-02-20,Modern,32,,challenge_C32_2026-02-20_decklist,,2,Grixis Midrange,Midrange,nahuel10,
2026-02-20,Modern,32,,challenge_C32_2026-02-20_decklist,,3,Living End,Graveyard,SecherTech,
2026-02-20,Modern,32,,challenge_C32_2026-02-20_decklist,,4,Goryo's Vengeance,Graveyard,Rvng,
2026-02-20,Modern,32,,challenge_C32_2026-02-20_decklist,,5,Eldrazi Tron,Ramp,e0068,
2026-02-20,Modern,32,,challenge_C32_2026-02-20_decklist,,6,Ruby Storm,Combo,xfile,
2026-02-20,Modern,32,,challenge_C32_2026-02-20_decklist,,7,Yawgmoth,Midrange,elvin7,
2026-02-20,Modern,32,,challenge_C32_2026-02-20_decklist,,8,Ruby Storm,Combo,dialetticanegativa,
2026-02-20,Modern,32,,challenge_C32_2026-02-20_decklist,,9,Ruby Storm,Combo,keyzoo,
2026-02-20,Modern,32,,challenge_C32_2026-02-20_decklist,,10,Amulet Titan,Combo,WeareVenom,
2026-02-20,Modern,32,,challenge_C32_2026-02-20_decklist,,11,Boros Energy,Aggro,craigilicious,
2026-02-20,Modern,32,,challenge_C32_2026-02-20_decklist,,12,Boros Energy,Aggro,sokos13,
2026-02-20,Modern,32,,challenge_C32_2026-02-20_decklist,,13,Affinity,Aggro,OniReject,
2026-02-20,Modern,32,,challenge_C32_2026-02-20_decklist,,14,Prowess,Aggro,Dudarudi,
2026-02-20,Modern,32,,challenge_C32_2026-02-20_decklist,,15,Prowess,Aggro,Aldreen,
2026-02-20,Modern,32,,challenge_C32_2026-02-20_decklist,,16,UBR,Midrange,Argentorum,
2026-02-20,Modern,32,,challenge_C32_2026-02-20_decklist,,17,Domain Zoo,Midrange,JoaoCelestini,
2026-02-20,Modern,32,,challenge_C32_2026-02-20_decklist,,18,Jund,Midrange,AbelMolto,
2026-02-20,Modern,32,,challenge_C32_2026-02-20_decklist,,19,Jeskai Blink,Blink,Capitano_CL,
2026-02-20,Modern,32,,challenge_C32_2026-02-20_decklist,,20,Boros Energy,Aggro,celobee,
2026-02-20,Modern,32,,challenge_C32_2026-02-20_decklist,,21,Boros Energy,Aggro,Marvin_Dalkiri,
2026-02-20,Modern,32,,challenge_C32_2026-02-20_decklist,,22,Grixis Midrange,Midrange,Dioferreira,
2026-02-20,Modern,32,,challenge_C32_2026-02-20_decklist,,23,Jeskai Blink,Blink,SafetyHazard,
2026-02-20,Modern,32,,challenge_C32_2026-02-20_decklist,,24,Goryo's Vengeance,Graveyard,Callenutg1,
2026-02-20,Modern,32,,challenge_C32_2026-02-20_decklist,,25,Boros Energy,Aggro,fazparte,
2026-02-20,Modern,32,,challenge_C32_2026-02-20_decklist,,26,Belcher,Combo,Lord_of_The_Wastes,
2026-02-20,Modern,32,,challenge_C32_2026-02-20_decklist,,27,Dimir Midrange,Midrange,JakeTMS,
2026-02-20,Modern,32,,challenge_C32_2026-02-20_decklist,,28,Boros Energy,Aggro,rastaf,
2026-02-20,Modern,32,,challenge_C32_2026-02-20_decklist,,29,Eldrazi Tron,Ramp,Articunozard,
2026-02-20,Modern,32,,challenge_C32_2026-02-20_decklist,,30,Ruby Storm,Combo,azax,
2026-02-20,Modern,32,,challenge_C32_2026-02-20_decklist,,31,Ruby Storm,Combo,jamerson,
2026-02-20,Modern,32,,challenge_C32_2026-02-20_decklist,,32,Eldrazi Ramp,Ramp,BeoulveHeart,
2026-02-21,Modern,32,,challenge_C32_2026-02-21_decklist,,1,Jeskai Blink,Blink,mtgobazaar8,
2026-02-21,Modern,32,,challenge_C32_2026-02-21_decklist,,2,Eldrazi Tron,Ramp,HugoVenda,
2026-02-21,Modern,32,,challenge_C32_2026-02-21_decklist,,3,Belcher,Combo,E90_DeliveryBoy,
2026-02-21,Modern,32,,challenge_C32_2026-02-21_decklist,,4,Jeskai Blink,Blink,indianpancake,
2026-02-21,Modern,32,,challenge_C32_2026-02-21_decklist,,5,Eldrazi Tron,Ramp,zhepir,
2026-02-21,Modern,32,,challenge_C32_2026-02-21_decklist,,6,Prowess,Aggro,Reiam,
2026-02-21,Modern,32,,challenge_C32_2026-02-21_decklist,,7,Grixis Reanimator,Graveyard,hunnhu,
2026-02-21,Modern,32,,challenge_C32_2026-02-21_decklist,,8,WUG,Midrange,HelpfulHobo,
2026-02-21,Modern,32,,challenge_C32_2026-02-21_decklist,,9,Rakdos Aggro,Aggro,DragonFodder,
2026-02-21,Modern,32,,challenge_C32_2026-02-21_decklist,,10,Eldrazi Ramp,Ramp,Giltspire,
2026-02-21,Modern,32,,challenge_C32_2026-02-21_decklist,,11,Jeskai Blink,Blink,Venom1,
2026-02-21,Modern,32,,challenge_C32_2026-02-21_decklist,,12,Affinity,Aggro,JV_7777,
2026-02-21,Modern,32,,challenge_C32_2026-02-21_decklist,,13,Prowess,Aggro,O_danielakos,
2026-02-21,Modern,32,,challenge_C32_2026-02-21_decklist,,14,Eldrazi Tron,Ramp,w0llsm0th,
2026-02-21,Modern,32,,challenge_C32_2026-02-21_decklist,,15,Sultai Ritual,Midrange,XxquestionablyawesomexX,
2026-02-21,Modern,32,,challenge_C32_2026-02-21_decklist,,16,Dimir Midrange,Midrange,jvidarte,
2026-02-21,Modern,32,,challenge_C32_2026-02-21_decklist,,17,Ruby Storm,Combo,N0000000B,
2026-02-21,Modern,32,,challenge_C32_2026-02-21_decklist,,18,Azorius Control,Control,eclipse4343,
2026-02-21,Modern,32,,challenge_C32_2026-02-21_decklist,,19,Goryo's Vengeance,Graveyard,No_e_that_knows,
2026-02-21,Modern,32,,challenge_C32_2026-02-21_decklist,,20,Broodscale Combo,Combo,MisterTwin,
2026-02-21,Modern,32,,challenge_C32_2026-02-21_decklist,,21,Land Destruction,Control,wutup,
2026-02-21,Modern,32,,challenge_C32_2026-02-21_decklist,,22,Grixis Control,Control,ganache1127,
2026-02-21,Modern,32,,challenge_C32_2026-02-21_decklist,,23,Domain Zoo,Midrange,bless_von,
2026-02-21,Modern,32,,challenge_C32_2026-02-21_decklist,,24,Indomitable Creativity,Combo,Parrotlet,
2026-02-21,Modern,32,,challenge_C32_2026-02-21_decklist,,25,Living End,Graveyard,Meowyy,
2026-02-21,Modern,32,,challenge_C32_2026-02-21_decklist,,26,Domain Zoo,Midrange,ejk,
2026-02-21,Modern,32,,challenge_C32_2026-02-21_decklist,,27,Living End,Graveyard,manohito,
2026-02-21,Modern,32,,challenge_C32_2026-02-21_decklist,,28,Prowess,Aggro,Magikal710,
2026-02-21,Modern,32,,challenge_C32_2026-02-21_decklist,,29,Grixis Midrange,Midrange,Dioferreira,
2026-02-21,Modern,32,,challenge_C32_2026-02-21_decklist,,30,Boros Energy,Aggro,Iceblade908,
2026-02-21,Modern,32,,challenge_C32_2026-02-21_decklist,,31,Through the Breach,Combo,TempoControl,
2026-02-21,Modern,32,,challenge_C32_2026-02-21_decklist,,32,Ruby Storm,Combo,chanel-santini,
2026-02-22,Modern,32,,challenge_C32_2026-02-22_decklist,,1,Domain Zoo,Midrange,Zolazar,
2026-02-22,Modern,32,,challenge_C32_2026-02-22_decklist,,2,UBR,Midrange,ganache1127,
2026-02-22,Modern,32,,challenge_C32_2026-02-22_decklist,,3,Affinity,Aggro,DobleP,
2026-02-22,Modern,32,,challenge_C32_2026-02-22_decklist,,4,Eldrazi Tron,Ramp,otakkun,
2026-02-22,Modern,32,,challenge_C32_2026-02-22_decklist,,5,Dimir Midrange,Midrange,jvidarte,
2026-02-22,Modern,32,,challenge_C32_2026-02-22_decklist,,6,Ruby Storm,Combo,azax,
2026-02-22,Modern,32,,challenge_C32_2026-02-22_decklist,,7,Jeskai Blink,Blink,termidor,
2026-02-22,Modern,32,,challenge_C32_2026-02-22_decklist,,8,Jeskai Blink,Blink,bless_von,
2026-02-22,Modern,32,,challenge_C32_2026-02-22_decklist,,9,Boros Energy,Aggro,_Stream,
2026-02-22,Modern,32,,challenge_C32_2026-02-22_decklist,,10,Merfolk,Aggro,Motown123,
2026-02-22,Modern,32,,challenge_C32_2026-02-22_decklist,,11,Indomitable Creativity,Combo,McBronze,
2026-02-22,Modern,32,,challenge_C32_2026-02-22_decklist,,12,Indomitable Creativity,Combo,Corkyboyy,
2026-02-22,Modern,32,,challenge_C32_2026-02-22_decklist,,13,Azorius Control,Control,eclipse4343,
2026-02-22,Modern,32,,challenge_C32_2026-02-22_decklist,,14,Eldrazi Ramp,Ramp,Giltspire,
2026-02-22,Modern,32,,challenge_C32_2026-02-22_decklist,,15,Dimir Mill,Combo,xerioc,
2026-02-22,Modern,32,,challenge_C32_2026-02-22_decklist,,16,Esper Blink,Blink,_Batutinha_,
2026-02-22,Modern,32,,challenge_C32_2026-02-22_decklist,,17,Eldrazi Ramp,Ramp,Lightspirit,
2026-02-22,Modern,32,,challenge_C32_2026-02-22_decklist,,18,Broodscale Combo,Combo,redmogg,
2026-02-22,Modern,32,,challenge_C32_2026-02-22_decklist,,19,Domain Zoo,Midrange,mendyourheart,
2026-02-22,Modern,32,,challenge_C32_2026-02-22_decklist,,20,Eldrazi Tron,Ramp,zhepir,
2026-02-22,Modern,32,,challenge_C32_2026-02-22_decklist,,21,Living End,Graveyard,Lord_Beerus,
2026-02-22,Modern,32,,challenge_C32_2026-02-22_decklist,,22,Goryo's Vengeance,Graveyard,Barneygumbal,
2026-02-22,Modern,32,,challenge_C32_2026-02-22_decklist,,23,Eldrazi Tron,Ramp,bid1992,
2026-02-22,Modern,32,,challenge_C32_2026-02-22_decklist,,24,Prowess,Aggro,coll520,
2026-02-22,Modern,32,,challenge_C32_2026-02-22_decklist,,25,Ruby Storm,Combo,WaffleWiz,
2026-02-22,Modern,32,,challenge_C32_2026-02-22_decklist,,26,Boros Energy,Aggro,DemianDesposito10,
2026-02-22,Modern,32,,challenge_C32_2026-02-22_decklist,,27,Affinity,Aggro,trinity,
2026-02-22,Modern,32,,challenge_C32_2026-02-22_decklist,,28,Through the Breach,Combo,TempoControl,
2026-02-22,Modern,32,,challenge_C32_2026-02-22_decklist,,29,Asmo Food,Combo,KnightOfSuri,
2026-02-22,Modern,32,,challenge_C32_2026-02-22_decklist,,30,Amulet Titan,Combo,Goomy_,
2026-02-22,Modern,32,,challenge_C32_2026-02-22_decklist,,31,Ruby Storm,Combo,ScreenwriterNY,
2026-02-22,Modern,32,,challenge_C32_2026-02-22_decklist,,32,Living End,Graveyard,Spellyp,
2026-02-23,Modern,32,,challenge_C32_2026-02-23_decklist,,1,Jeskai Blink,Blink,Venom1,
2026-02-23,Modern,32,,challenge_C32_2026-02-23_decklist,,2,Jeskai Blink,Blink,TentacleFan,
2026-02-23,Modern,32,,challenge_C32_2026-02-23_decklist,,3,Boros Energy,Aggro,LucasG1ggs,
2026-02-23,Modern,32,,challenge_C32_2026-02-23_decklist,,4,Jeskai Blink,Blink,mtgobazaar8,
2026-02-23,Modern,32,,challenge_C32_2026-02-23_decklist,,5,Dimir Midrange,Midrange,Infinitea,
2026-02-23,Modern,32,,challenge_C32_2026-02-23_decklist,,6,Boros Energy,Aggro,rastaf,
2026-02-23,Modern,32,,challenge_C32_2026-02-23_decklist,,7,Through the Breach,Combo,Reiam,
2026-02-23,Modern,32,,challenge_C32_2026-02-23_decklist,,8,Living End,Graveyard,niuwaid001,
2026-02-23,Modern,32,,challenge_C32_2026-02-23_decklist,,9,Esper Blink,Blink,Koala40,
2026-02-23,Modern,32,,challenge_C32_2026-02-23_decklist,,10,Ruby Storm,Combo,Malox11,
2026-02-23,Modern,32,,challenge_C32_2026-02-23_decklist,,11,Jeskai Blink,Midrange,chase00111,
2026-02-23,Modern,32,,challenge_C32_2026-02-23_decklist,,12,Boros Energy,Aggro,MtgoUser031832121,
2026-02-23,Modern,32,,challenge_C32_2026-02-23_decklist,,13,Affinity,Aggro,Zarathustra,
2026-02-23,Modern,32,,challenge_C32_2026-02-23_decklist,,14,Boros Energy,Aggro,Kollslaw,
2026-02-23,Modern,32,,challenge_C32_2026-02-23_decklist,,15,Through the Breach,Combo,InsaneAP3Z,
2026-02-23,Modern,32,,challenge_C32_2026-02-23_decklist,,16,Esper Blink,Blink,Omegauo,
2026-02-23,Modern,32,,challenge_C32_2026-02-23_decklist,,17,Eldrazi Ramp,Ramp,twangygnome,
2026-02-23,Modern,32,,challenge_C32_2026-02-23_decklist,,18,Jeskai Blink,Blink,Windy514,
2026-02-23,Modern,32,,challenge_C32_2026-02-23_decklist,,19,Yawgmoth,Midrange,Moorehardcore,
2026-02-23,Modern,32,,challenge_C32_2026-02-23_decklist,,20,Eldrazi Tron,Ramp,zhepir,
2026-02-23,Modern,32,,challenge_C32_2026-02-23_decklist,,21,Mono-Black Midrange,Midrange,YourGo,
2026-02-23,Modern,32,,challenge_C32_2026-02-23_decklist,,22,Grixis Death's Shadow,Aggro,Wiltron92,
2026-02-23,Modern,32,,challenge_C32_2026-02-23_decklist,,23,Grixis Midrange,Midrange,nahuel10,
2026-02-23,Modern,32,,challenge_C32_2026-02-23_decklist,,24,Jeskai Blink,Blink,mahoneysgaming,
2026-02-23,Modern,32,,challenge_C32_2026-02-23_decklist,,25,Esper Blink,Blink,Srogers90,
2026-02-23,Modern,32,,challenge_C32_2026-02-23_decklist,,26,Sultai Ritual,Midrange,XxquestionablyawesomexX,
2026-02-23,Modern,32,,challenge_C32_2026-02-23_decklist,,27,Grixis Midrange,Midrange,APlethoraOfSoup,
2026-02-23,Modern,32,,challenge_C32_2026-02-23_decklist,,28,Boros Energy,Aggro,Cinnamonboffa,
2026-02-23,Modern,32,,challenge_C32_2026-02-23_decklist,,29,Goryo's Vengeance,Graveyard,E_Kaminuma,
2026-02-23,Modern,32,,challenge_C32_2026-02-23_decklist,,30,WBR,Midrange,ice_nine_,
2026-02-23,Modern,32,,challenge_C32_2026-02-23_decklist,,31,Boros Energy,Aggro,DemianDesposito10,
2026-02-23,Modern,32,,challenge_C32_2026-02-23_decklist,,32,Jund,Midrange,mtbWolf,
2026-02-24,Modern,64,,challenge_C64_2026-02-24_decklist,,1,Boros Energy,Aggro,russell_wilson,
2026-02-24,Modern,64,,challenge_C64_2026-02-24_decklist,,2,Grixis Midrange,Midrange,nahuel10,
2026-02-24,Modern,64,,challenge_C64_2026-02-24_decklist,,3,Eldrazi Tron,Ramp,leandru,
2026-02-24,Modern,64,,challenge_C64_2026-02-24_decklist,,4,Boros Energy,Aggro,VizosMTG,
2026-02-24,Modern,64,,challenge_C64_2026-02-24_decklist,,5,Boros Energy,Aggro,Lennny,
2026-02-24,Modern,64,,challenge_C64_2026-02-24_decklist,,6,Ruby Storm,Combo,VicentStrange,
2026-02-24,Modern,64,,challenge_C64_2026-02-24_decklist,,7,Prowess,Aggro,mechrataal,
2026-02-24,Modern,64,,challenge_C64_2026-02-24_decklist,,8,Indomitable Creativity,Combo,TentacleFan,
2026-02-24,Modern,64,,challenge_C64_2026-02-24_decklist,,9,Boros Energy,Aggro,rastaf,
2026-02-24,Modern,64,,challenge_C64_2026-02-24_decklist,,10,URG,Midrange,toothymtg,
2026-02-24,Modern,64,,challenge_C64_2026-02-24_decklist,,11,Esper Blink,Blink,6argamel,
2026-02-24,Modern,64,,challenge_C64_2026-02-24_decklist,,12,Jeskai Blink,Blink,Leovoldo,
2026-02-24,Modern,64,,challenge_C64_2026-02-24_decklist,,13,Living End,Graveyard,MeninoNey,
2026-02-24,Modern,64,,challenge_C64_2026-02-24_decklist,,14,Boros Energy,Aggro,SHUANEEHOG,
2026-02-24,Modern,64,,challenge_C64_2026-02-24_decklist,,15,Ruby Storm,Combo,Malox11,
2026-02-24,Modern,64,,challenge_C64_2026-02-24_decklist,,16,Jeskai Blink,Blink,AFX,
2026-02-24,Modern,64,,challenge_C64_2026-02-24_decklist,,17,Prowess,Aggro,O_danielakos,
2026-02-24,Modern,64,,challenge_C64_2026-02-24_decklist,,18,Dimir Midrange,Midrange,LethargicPear,
2026-02-24,Modern,64,,challenge_C64_2026-02-24_decklist,,19,Eldrazi Tron,Ramp,zhepir,
2026-02-24,Modern,64,,challenge_C64_2026-02-24_decklist,,20,Yawgmoth,Midrange,celedorph,
2026-02-24,Modern,64,,challenge_C64_2026-02-24_decklist,,21,Jund Death's Shadow,Midrange,cntrlfreak_ttv,
2026-02-24,Modern,64,,challenge_C64_2026-02-24_decklist,,22,Ruby Storm,Combo,TRON_Bahiano,
2026-02-24,Modern,64,,challenge_C64_2026-02-24_decklist,,23,Amulet Titan,Combo,Mistakenn,
2026-02-24,Modern,64,,challenge_C64_2026-02-24_decklist,,24,Ruby Storm,Combo,nijlpaard123,
2026-02-24,Modern,64,,challenge_C64_2026-02-24_decklist,,25,Orzhov Blink,Blink,SuperCow12653,
2026-02-24,Modern,64,,challenge_C64_2026-02-24_decklist,,26,Goryo's Vengeance,Graveyard,mei0024,
2026-02-24,Modern,64,,challenge_C64_2026-02-24_decklist,,27,Affinity,Aggro,ejk,
2026-02-24,Modern,64,,challenge_C64_2026-02-24_decklist,,28,Boros Energy,Aggro,DemianDesposito10,
2026-02-24,Modern,64,,challenge_C64_2026-02-24_decklist,,29,Boros Energy,Aggro,fazparte,
2026-02-24,Modern,64,,challenge_C64_2026-02-24_decklist,,30,Affinity,Aggro,DobleP,
2026-02-24,Modern,64,,challenge_C64_2026-02-24_decklist,,31,Boros Energy,Aggro,LucasG1ggs,
2026-02-24,Modern,64,,challenge_C64_2026-02-24_decklist,,32,Ruby Storm,Combo,EsperWTB,
2026-02-25,Modern,32,,challenge_C32_2026-02-25_decklist,,1,Eldrazi Tron,Ramp,Martin_Dominguez,
2026-02-25,Modern,32,,challenge_C32_2026-02-25_decklist,,2,Boros Energy,Aggro,rastaf,
2026-02-25,Modern,32,,challenge_C32_2026-02-25_decklist,,3,Ruby Storm,Combo,azax,
2026-02-25,Modern,32,,challenge_C32_2026-02-25_decklist,,4,Eldrazi Tron,Ramp,Kritik,
2026-02-25,Modern,32,,challenge_C32_2026-02-25_decklist,,5,Amulet Titan,Combo,NathanOfTheGiltLeaf,
2026-02-25,Modern,32,,challenge_C32_2026-02-25_decklist,,6,Jeskai Blink,Blink,TentacleFan,
2026-02-25,Modern,32,,challenge_C32_2026-02-25_decklist,,7,Boros Energy,Aggro,VizosMTG,
2026-02-25,Modern,32,,challenge_C32_2026-02-25_decklist,,8,Eldrazi Tron,Ramp,leandru,
2026-02-25,Modern,32,,challenge_C32_2026-02-25_decklist,,9,Living End,Graveyard,MeninoNey,
2026-02-25,Modern,32,,challenge_C32_2026-02-25_decklist,,10,Living End,Graveyard,Capitano_CL,
2026-02-25,Modern,32,,challenge_C32_2026-02-25_decklist,,11,Jeskai Blink,Blink,Alpha_Go,
2026-02-25,Modern,32,,challenge_C32_2026-02-25_decklist,,12,Boros Energy,Aggro,SHUANEEHOG,
2026-02-25,Modern,32,,challenge_C32_2026-02-25_decklist,,13,Prowess,Aggro,HyPPeR,
2026-02-25,Modern,32,,challenge_C32_2026-02-25_decklist,,14,Azorius Control,Control,eclipse4343,
2026-02-25,Modern,32,,challenge_C32_2026-02-25_decklist,,15,Boros Energy,Aggro,Skadonk,
2026-02-25,Modern,32,,challenge_C32_2026-02-25_decklist,,16,Grixis Midrange,Midrange,DobleP,
2026-02-25,Modern,32,,challenge_C32_2026-02-25_decklist,,17,Ruby Storm,Combo,YoungElf,
2026-02-25,Modern,32,,challenge_C32_2026-02-25_decklist,,18,Amulet Titan,Combo,justAlice,
2026-02-25,Modern,32,,challenge_C32_2026-02-25_decklist,,19,Indomitable Creativity,Combo,roter_Erzengel,
2026-02-25,Modern,32,,challenge_C32_2026-02-25_decklist,,20,Azorius Control,Control,Nammersquats,
2026-02-25,Modern,32,,challenge_C32_2026-02-25_decklist,,21,Boros Energy,Aggro,DemianDesposito10,
2026-02-25,Modern,32,,challenge_C32_2026-02-25_decklist,,22,Boros Energy,Aggro,Jose Guillermo,
2026-02-25,Modern,32,,challenge_C32_2026-02-25_decklist,,23,Affinity,Aggro,arbitraryarmor,
2026-02-25,Modern,32,,challenge_C32_2026-02-25_decklist,,24,Broodscale Combo,Combo,Odin2015,
2026-02-25,Modern,32,,challenge_C32_2026-02-25_decklist,,25,Boros Energy,Aggro,Lennny,
2026-02-25,Modern,32,,challenge_C32_2026-02-25_decklist,,26,Living End,Graveyard,MisterTwin,
2026-02-25,Modern,32,,challenge_C32_2026-02-25_decklist,,27,Living End,Graveyard,Ecoscuro,
2026-02-25,Modern,32,,challenge_C32_2026-02-25_decklist,,28,Living End,Graveyard,arturcosta,
2026-02-25,Modern,32,,challenge_C32_2026-02-25_decklist,,29,Prowess,Aggro,O_danielakos,
2026-02-25,Modern,32,,challenge_C32_2026-02-25_decklist,,30,Eldrazi Tron,Ramp,Jumba,
2026-02-25,Modern,32,,challenge_C32_2026-02-25_decklist,,31,Eldrazi Ramp,Ramp,Dioferreira,
2026-02-25,Modern,32,,challenge_C32_2026-02-25_decklist,,32,Boros Energy,Aggro,Misplacedginger,
2026-02-26,Modern,64,,challenge_C64_2026-02-26_decklist,,1,Boros Energy,Aggro,peter780108,
2026-02-26,Modern,64,,challenge_C64_2026-02-26_decklist,,2,Boros Energy,Aggro,sokos13,
2026-02-26,Modern,64,,challenge_C64_2026-02-26_decklist,,3,Prowess,Aggro,mechrataal,
2026-02-26,Modern,64,,challenge_C64_2026-02-26_decklist,,4,Affinity,Aggro,hermanomlg,
2026-02-26,Modern,64,,challenge_C64_2026-02-26_decklist,,5,Through the Breach,Combo,Reiam,
2026-02-26,Modern,64,,challenge_C64_2026-02-26_decklist,,6,Boros Energy,Aggro,SloppySanchez,
2026-02-26,Modern,64,,challenge_C64_2026-02-26_decklist,,7,Eldrazi Tron,Ramp,NMT_Sco94,
2026-02-26,Modern,64,,challenge_C64_2026-02-26_decklist,,8,Belcher,Combo,JustAnotherGuy83,
2026-02-26,Modern,64,,challenge_C64_2026-02-26_decklist,,9,Grixis Reanimator,Graveyard,SaltyXD,
2026-02-26,Modern,64,,challenge_C64_2026-02-26_decklist,,10,Boros Energy,Aggro,fazparte,
2026-02-26,Modern,64,,challenge_C64_2026-02-26_decklist,,11,Eldrazi Tron,Ramp,Scooby_Snacks,
2026-02-26,Modern,64,,challenge_C64_2026-02-26_decklist,,12,Goryo's Vengeance,Graveyard,ElPuerco,
2026-02-26,Modern,64,,challenge_C64_2026-02-26_decklist,,13,Jeskai Blink,Blink,Yarfangel,
2026-02-26,Modern,64,,challenge_C64_2026-02-26_decklist,,14,Esper Blink,Blink,toondoslav,
2026-02-26,Modern,64,,challenge_C64_2026-02-26_decklist,,15,Esper Blink,Blink,duke12,
2026-02-26,Modern,64,,challenge_C64_2026-02-26_decklist,,16,Eldrazi Ramp,Ramp,Scappie,
2026-02-26,Modern,64,,challenge_C64_2026-02-26_decklist,,17,Living End,Graveyard,pcpalhares,
2026-02-26,Modern,64,,challenge_C64_2026-02-26_decklist,,18,Boros Energy,Aggro,pepeteam,
2026-02-26,Modern,64,,challenge_C64_2026-02-26_decklist,,19,Jund Death's Shadow,Midrange,benchsummer,
2026-02-26,Modern,64,,challenge_C64_2026-02-26_decklist,,20,Ruby Storm,Combo,Xwhale,
2026-02-26,Modern,64,,challenge_C64_2026-02-26_decklist,,21,Boros Midrange,Midrange,PaulArcher,
2026-02-26,Modern,64,,challenge_C64_2026-02-26_decklist,,22,Eldrazi Tron,Ramp,Jumba,
2026-02-26,Modern,64,,challenge_C64_2026-02-26_decklist,,23,Boros Energy,Aggro,SHUANEEHOG,
2026-02-26,Modern,64,,challenge_C64_2026-02-26_decklist,,24,Prowess,Aggro,Aldreen,
2026-02-26,Modern,64,,challenge_C64_2026-02-26_decklist,,25,Eldrazi Tron,Ramp,leandru,
2026-02-26,Modern,64,,challenge_C64_2026-02-26_decklist,,26,Boros Energy,Aggro,rastaf,
2026-02-26,Modern,64,,challenge_C64_2026-02-26_decklist,,27,Amulet Titan,Combo,WeareVenom,
2026-02-26,Modern,64,,challenge_C64_2026-02-26_decklist,,28,Belcher,Combo,jpopster,
2026-02-26,Modern,64,,challenge_C64_2026-02-26_decklist,,29,Affinity,Aggro,ejk,
2026-02-26,Modern,64,,challenge_C64_2026-02-26_decklist,,30,Jeskai Blink,Blink,St1ffler,
2026-02-26,Modern,64,,challenge_C64_2026-02-26_decklist,,31,Eldrazi Tron,Ramp,Antarctica,
2026-02-26,Modern,64,,challenge_C64_2026-02-26_decklist,,32,Grixis Death's Shadow,Aggro,Wiltron92,
2026-02-27,Modern,32,,challenge_C32_2026-02-27_decklist,,1,Ruby Storm,Combo,Erik157751,
2026-02-27,Modern,32,,challenge_C32_2026-02-27_decklist,,2,Sultai Ritual,Midrange,strgn7,
2026-02-27,Modern,32,,challenge_C32_2026-02-27_decklist,,3,Affinity,Aggro,makaaaa,
2026-02-27,Modern,32,,challenge_C32_2026-02-27_decklist,,4,Sultai Ritual,Midrange,TheAdonis,
2026-02-27,Modern,32,,challenge_C32_2026-02-27_decklist,,5,Orzhov Midrange,Midrange,SuperCow12653,
2026-02-27,Modern,32,,challenge_C32_2026-02-27_decklist,,6,Domain Zoo,Midrange,Pleyboy,
2026-02-27,Modern,32,,challenge_C32_2026-02-27_decklist,,7,Eldrazi Tron,Ramp,Jumba,
2026-02-27,Modern,32,,challenge_C32_2026-02-27_decklist,,8,Esper Blink,Blink,toondoslav,
2026-02-27,Modern,32,,challenge_C32_2026-02-27_decklist,,9,Boros Energy,Aggro,BenJimmy,
2026-02-27,Modern,32,,challenge_C32_2026-02-27_decklist,,10,Eldrazi Ramp,Ramp,Lightspirit,
2026-02-27,Modern,32,,challenge_C32_2026-02-27_decklist,,11,Eldrazi Tron,Ramp,Kritik,
2026-02-27,Modern,32,,challenge_C32_2026-02-27_decklist,,12,Eldrazi Tron,Ramp,DroopyStorm,
2026-02-27,Modern,32,,challenge_C32_2026-02-27_decklist,,13,Prowess,Aggro,CMack_,
2026-02-27,Modern,32,,challenge_C32_2026-02-27_decklist,,14,Amulet Titan,Combo,NathanOfTheGiltLeaf,
2026-02-27,Modern,32,,challenge_C32_2026-02-27_decklist,,15,Boros Energy,Aggro,rastaf,
2026-02-27,Modern,32,,challenge_C32_2026-02-27_decklist,,16,Prowess,Aggro,mechrataal,
2026-02-27,Modern,32,,challenge_C32_2026-02-27_decklist,,17,Esper Blink,Blink,_Batutinha_,
2026-02-27,Modern,32,,challenge_C32_2026-02-27_decklist,,18,Grixis Midrange,Midrange,nahuel10,
2026-02-27,Modern,32,,challenge_C32_2026-02-27_decklist,,19,Azorius Control,Control,echecetmat35,
2026-02-27,Modern,32,,challenge_C32_2026-02-27_decklist,,20,Mardu Blink,Blink,Jedgi,
2026-02-27,Modern,32,,challenge_C32_2026-02-27_decklist,,21,Sultai Ritual,Midrange,HuUeBR,
2026-02-27,Modern,32,,challenge_C32_2026-02-27_decklist,,22,Amulet Titan,Combo,WeareVenom,
2026-02-27,Modern,32,,challenge_C32_2026-02-27_decklist,,23,Boros Energy,Aggro,SHUANEEHOG,
2026-02-27,Modern,32,,challenge_C32_2026-02-27_decklist,,24,RG,Ramp,EDHplayer,
2026-02-27,Modern,32,,challenge_C32_2026-02-27_decklist,,25,Jeskai Blink,Blink,r0cknati0n,
2026-02-27,Modern,32,,challenge_C32_2026-02-27_decklist,,26,Boros Energy,Aggro,zarbo,
2026-02-27,Modern,32,,challenge_C32_2026-02-27_decklist,,27,Through the Breach,Combo,Schmeckles,
2026-02-27,Modern,32,,challenge_C32_2026-02-27_decklist,,28,Prowess,Aggro,Aldreen,
2026-02-27,Modern,32,,challenge_C32_2026-02-27_decklist,,29,Ruby Storm,Combo,optivial,
2026-02-27,Modern,32,,challenge_C32_2026-02-27_decklist,,30,Dimir Midrange,Midrange,Craig_Long123,
2026-02-27,Modern,32,,challenge_C32_2026-02-27_decklist,,31,Dimir Midrange,Midrange,1OR513N86,
2026-02-27,Modern,32,,challenge_C32_2026-02-27_decklist,,32,Prowess,Aggro,CrazyMorango,
2026-02-28,Modern,32,,challenge_C32_2026-02-28_decklist,,1,Prowess,Aggro,Richie727,
2026-02-28,Modern,32,,challenge_C32_2026-02-28_decklist,,2,Belcher,Combo,mei0024,
2026-02-28,Modern,32,,challenge_C32_2026-02-28_decklist,,3,Ruby Storm,Combo,Xuxa,
2026-02-28,Modern,32,,challenge_C32_2026-02-28_decklist,,4,Esper Blink,Blink,olbeda,
2026-02-28,Modern,32,,challenge_C32_2026-02-28_decklist,,5,Living End,Graveyard,Lord_Beerus,
2026-02-28,Modern,32,,challenge_C32_2026-02-28_decklist,,6,4c Control,Control,Parrotlet,
2026-02-28,Modern,32,,challenge_C32_2026-02-28_decklist,,7,Grixis Midrange,Midrange,nahuel10,
2026-02-28,Modern,32,,challenge_C32_2026-02-28_decklist,,8,Boros Energy,Aggro,Konohakitsune,
2026-02-28,Modern,32,,challenge_C32_2026-02-28_decklist,,9,Goryo's Vengeance,Graveyard,cgouldner,
2026-02-28,Modern,32,,challenge_C32_2026-02-28_decklist,,10,Boros Energy,Aggro,STRONKSMASH,
2026-02-28,Modern,32,,challenge_C32_2026-02-28_decklist,,11,Ruby Storm,Combo,CliffBoyardee,
2026-02-28,Modern,32,,challenge_C32_2026-02-28_decklist,,12,Goryo's Vengeance,Graveyard,ZKG,
2026-02-28,Modern,32,,challenge_C32_2026-02-28_decklist,,13,The Rock,Midrange,RiceTackler,
2026-02-28,Modern,32,,challenge_C32_2026-02-28_decklist,,14,Boros Energy,Aggro,E_Kaminuma,
2026-02-28,Modern,32,,challenge_C32_2026-02-28_decklist,,15,Affinity,Aggro,bless_von,
2026-02-28,Modern,32,,challenge_C32_2026-02-28_decklist,,16,Broodscale Combo,Combo,HelpfulHobo,
2026-02-28,Modern,32,,challenge_C32_2026-02-28_decklist,,17,Living End,Graveyard,MeninoNey,
2026-02-28,Modern,32,,challenge_C32_2026-02-28_decklist,,18,Prowess,Aggro,xuejian,
2026-02-28,Modern,32,,challenge_C32_2026-02-28_decklist,,19,Living End,Graveyard,niuwaid001,
2026-02-28,Modern,32,,challenge_C32_2026-02-28_decklist,,20,Dimir Midrange,Midrange,Evariel,
2026-02-28,Modern,32,,challenge_C32_2026-02-28_decklist,,21,Boros Energy,Aggro,_Stream,
2026-02-28,Modern,32,,challenge_C32_2026-02-28_decklist,,22,Jund Death's Shadow,Midrange,benchsummer,
2026-02-28,Modern,32,,challenge_C32_2026-02-28_decklist,,23,Esper Blink,Blink,zbogames,
2026-02-28,Modern,32,,challenge_C32_2026-02-28_decklist,,24,Dimir Midrange,Midrange,Infinitea,
2026-02-28,Modern,32,,challenge_C32_2026-02-28_decklist,,25,Affinity,Aggro,JV_7777,
2026-02-28,Modern,32,,challenge_C32_2026-02-28_decklist,,26,Ruby Storm,Combo,Cachorrowo,
2026-02-28,Modern,32,,challenge_C32_2026-02-28_decklist,,27,Ruby Storm,Combo,billster47,
2026-02-28,Modern,32,,challenge_C32_2026-02-28_decklist,,28,Ruby Storm,Combo,pwqz,
2026-02-28,Modern,32,,challenge_C32_2026-02-28_decklist,,29,Boros Energy,Aggro,fazparte,
2026-02-28,Modern,32,,challenge_C32_2026-02-28_decklist,,30,Living End,Graveyard,manohito,
2026-02-28,Modern,32,,challenge_C32_2026-02-28_decklist,,31,UBR,Midrange,Akirasaurus,
2026-02-28,Modern,32,,challenge_C32_2026-02-28_decklist,,32,Boros Energy,Aggro,DemianDesposito10,
2026-02-28,Modern,64,,challenge_C64_2026-02-28_decklist,,1,Boros Energy,Aggro,Misplacedginger,
2026-02-28,Modern,64,,challenge_C64_2026-02-28_decklist,,2,Living End,Graveyard,Xenowan,
2026-02-28,Modern,64,,challenge_C64_2026-02-28_decklist,,3,Dimir Control,Control,JakeTMS,
2026-02-28,Modern,64,,challenge_C64_2026-02-28_decklist,,4,Belcher,Combo,Galashev29,
2026-02-28,Modern,64,,challenge_C64_2026-02-28_decklist,,5,Broodscale Combo,Combo,Burnigh0,
2026-02-28,Modern,64,,challenge_C64_2026-02-28_decklist,,6,Grixis Midrange,Midrange,LethargicPear,
2026-02-28,Modern,64,,challenge_C64_2026-02-28_decklist,,7,Boros Energy,Aggro,PieGonti,
2026-02-28,Modern,64,,challenge_C64_2026-02-28_decklist,,8,Dimir Midrange,Midrange,Ma7x,
2026-02-28,Modern,64,,challenge_C64_2026-02-28_decklist,,9,Grixis Midrange,Midrange,roter_Erzengel,
2026-02-28,Modern,64,,challenge_C64_2026-02-28_decklist,,10,Boros Energy,Aggro,jayrod115,
2026-02-28,Modern,64,,challenge_C64_2026-02-28_decklist,,11,Ragavan,Aggro,looknonumbers,
2026-02-28,Modern,64,,challenge_C64_2026-02-28_decklist,,12,Jeskai Blink,Blink,Caleb_Yetman,
2026-02-28,Modern,64,,challenge_C64_2026-02-28_decklist,,13,Boros Energy,Aggro,outZEROo,
2026-02-28,Modern,64,,challenge_C64_2026-02-28_decklist,,14,Amulet Titan,Combo,Mistakenn,
2026-02-28,Modern,64,,challenge_C64_2026-02-28_decklist,,15,Affinity,Aggro,DobleP,
2026-02-28,Modern,64,,challenge_C64_2026-02-28_decklist,,16,Orzhov Midrange,Midrange,SuperCow12653,
2026-02-28,Modern,64,,challenge_C64_2026-02-28_decklist,,17,Ruby Storm,Combo,nijlpaard123,
2026-02-28,Modern,64,,challenge_C64_2026-02-28_decklist,,18,Eldrazi Ramp,Ramp,NotAComboPlayer,
2026-02-28,Modern,64,,challenge_C64_2026-02-28_decklist,,19,Azorius Blink,Blink,mh7lucky,
2026-02-28,Modern,64,,challenge_C64_2026-02-28_decklist,,20,Affinity,Aggro,esatheking,
2026-02-28,Modern,64,,challenge_C64_2026-02-28_decklist,,21,Prowess,Aggro,i_b_TRUE,
2026-02-28,Modern,64,,challenge_C64_2026-02-28_decklist,,22,Eldrazi Tron,Ramp,DroopyStorm,
2026-02-28,Modern,64,,challenge_C64_2026-02-28_decklist,,23,Amulet Titan,Combo,wutey,
2026-02-28,Modern,64,,challenge_C64_2026-02-28_decklist,,24,Domain Zoo,Midrange,D00mwake,
2026-02-28,Modern,64,,challenge_C64_2026-02-28_decklist,,25,Yawgmoth,Midrange,Moorehardcore,
2026-02-28,Modern,64,,challenge_C64_2026-02-28_decklist,,26,Boros Energy,Aggro,CMack_,
2026-02-28,Modern,64,,challenge_C64_2026-02-28_decklist,,27,Living End,Graveyard,TheGodMikeDeVo,
2026-02-28,Modern,64,,challenge_C64_2026-02-28_decklist,,28,Jeskai Blink,Blink,zbogames,
2026-02-28,Modern,64,,challenge_C64_2026-02-28_decklist,,29,Jeskai Blink,Blink,Benjamin_S,
2026-02-28,Modern,64,,challenge_C64_2026-02-28_decklist,,30,Goryo's Vengeance,Graveyard,coljr,
2026-02-28,Modern,64,,challenge_C64_2026-02-28_decklist,,31,Prowess,Aggro,Zoroyaya,
2026-02-28,Modern,64,,challenge_C64_2026-02-28_decklist,,32,Amulet Titan,Combo,LegacyGrinder,
2026-03-01,Modern,32,,challenge_C32_2026-03-01_decklist,,1,Jeskai Blink,Blink,Venom1,
2026-03-01,Modern,32,,challenge_C32_2026-03-01_decklist,,2,Jeskai Blink,Blink,felider,
2026-03-01,Modern,32,,challenge_C32_2026-03-01_decklist,,3,Boros Energy,Aggro,termidor,
2026-03-01,Modern,32,,challenge_C32_2026-03-01_decklist,,4,Boros Energy,Aggro,Aelyck,
2026-03-01,Modern,32,,challenge_C32_2026-03-01_decklist,,5,Prowess,Aggro,jben,
2026-03-01,Modern,32,,challenge_C32_2026-03-01_decklist,,6,Affinity,Aggro,JV_7777,
2026-03-01,Modern,32,,challenge_C32_2026-03-01_decklist,,7,Dimir Midrange,Midrange,bitterest,
2026-03-01,Modern,32,,challenge_C32_2026-03-01_decklist,,8,Goryo's Vengeance,Graveyard,Barneygumbal,
2026-03-01,Modern,32,,challenge_C32_2026-03-01_decklist,,9,Jeskai Blink,Blink,SKK,
2026-03-01,Modern,32,,challenge_C32_2026-03-01_decklist,,10,Boros Energy,Aggro,jayrod115,
2026-03-01,Modern,32,,challenge_C32_2026-03-01_decklist,,11,Eldrazi Tron,Ramp,zhepir,
2026-03-01,Modern,32,,challenge_C32_2026-03-01_decklist,,12,Boros Energy,Aggro,Marvin_Dalkiri,
2026-03-01,Modern,32,,challenge_C32_2026-03-01_decklist,,13,Boros Energy,Aggro,jessy_samek,
2026-03-01,Modern,32,,challenge_C32_2026-03-01_decklist,,14,Esper Blink,Blink,yolad,
2026-03-01,Modern,32,,challenge_C32_2026-03-01_decklist,,15,Jeskai Blink,Blink,bless_von,
2026-03-01,Modern,32,,challenge_C32_2026-03-01_decklist,,16,Broodscale Combo,Combo,InsaneAP3Z,
2026-03-01,Modern,32,,challenge_C32_2026-03-01_decklist,,17,Boros Energy,Aggro,kaikas,
2026-03-01,Modern,32,,challenge_C32_2026-03-01_decklist,,18,Boros Energy,Aggro,TooManySnacks,
2026-03-01,Modern,32,,challenge_C32_2026-03-01_decklist,,19,Domain Zoo,Midrange,mendyourheart,
2026-03-01,Modern,32,,challenge_C32_2026-03-01_decklist,,20,Boros Energy,Aggro,E_Kaminuma,
2026-03-01,Modern,32,,challenge_C32_2026-03-01_decklist,,21,Domain Zoo,Midrange,Braychap,
2026-03-01,Modern,32,,challenge_C32_2026-03-01_decklist,,22,Boros Energy,Aggro,Crawdaddy23,
2026-03-01,Modern,32,,challenge_C32_2026-03-01_decklist,,23,Boros Energy,Aggro,EquipCranialPlating,
2026-03-01,Modern,32,,challenge_C32_2026-03-01_decklist,,24,Rakdos Aggro,Aggro,DragonFodder,
2026-03-01,Modern,32,,challenge_C32_2026-03-01_decklist,,25,Jeskai Blink,Blink,C_S_W____,
2026-03-01,Modern,32,,challenge_C32_2026-03-01_decklist,,26,Ruby Storm,Combo,N0000000B,
2026-03-01,Modern,32,,challenge_C32_2026-03-01_decklist,,27,Eldrazi Tron,Ramp,MagicianMagico,
2026-03-01,Modern,32,,challenge_C32_2026-03-01_decklist,,28,Boros Energy,Aggro,Ihateoko,
2026-03-01,Modern,32,,challenge_C32_2026-03-01_decklist,,29,Boros Energy,Aggro,peter780108,
2026-03-01,Modern,32,,challenge_C32_2026-03-01_decklist,,30,Eldrazi Ramp,Ramp,NotAComboPlayer,
2026-03-01,Modern,32,,challenge_C32_2026-03-01_decklist,,31,Prowess,Aggro,Samky21,
2026-03-01,Modern,32,,challenge_C32_2026-03-01_decklist,,32,Dimir Mill,Combo,DB_xerioc,
2026-03-02,Modern,32,,challenge_C32_2026-03-02_decklist,,1,Jeskai Blink,Blink,mtgobazaar8,
2026-03-02,Modern,32,,challenge_C32_2026-03-02_decklist,,2,Living End,Graveyard,MeninoNey,
2026-03-02,Modern,32,,challenge_C32_2026-03-02_decklist,,3,Boros Energy,Aggro,Alpha_Go,
2026-03-02,Modern,32,,challenge_C32_2026-03-02_decklist,,4,Jeskai Control,Control,ScreenwriterNY,
2026-03-02,Modern,32,,challenge_C32_2026-03-02_decklist,,5,Grixis Midrange,Midrange,kcomedina,
2026-03-02,Modern,32,,challenge_C32_2026-03-02_decklist,,6,Broodscale Combo,Combo,Gevrial,
2026-03-02,Modern,32,,challenge_C32_2026-03-02_decklist,,7,Goryo's Vengeance,Graveyard,bobo_el_cheque,
2026-03-02,Modern,32,,challenge_C32_2026-03-02_decklist,,8,Boros Energy,Aggro,oOMegaGenesis,
2026-03-02,Modern,32,,challenge_C32_2026-03-02_decklist,,9,Grixis Midrange,Midrange,Dioferreira,
2026-03-02,Modern,32,,challenge_C32_2026-03-02_decklist,,10,Boros Energy,Aggro,TooManySnacks,
2026-03-02,Modern,32,,challenge_C32_2026-03-02_decklist,,11,Jeskai Blink,Blink,bless_von,
2026-03-02,Modern,32,,challenge_C32_2026-03-02_decklist,,12,Amulet Titan,Combo,NathanOfTheGiltLeaf,
2026-03-02,Modern,32,,challenge_C32_2026-03-02_decklist,,13,Boros Energy,Aggro,Infinitea,
2026-03-02,Modern,32,,challenge_C32_2026-03-02_decklist,,14,Yawgmoth,Midrange,Bmadman,
2026-03-02,Modern,32,,challenge_C32_2026-03-02_decklist,,15,Through the Breach,Combo,AChord4Five,
2026-03-02,Modern,32,,challenge_C32_2026-03-02_decklist,,16,Ruby Storm,Combo,xfile,
2026-03-02,Modern,32,,challenge_C32_2026-03-02_decklist,,17,Goryo's Vengeance,Graveyard,indianpancake,
2026-03-02,Modern,32,,challenge_C32_2026-03-02_decklist,,18,Boros Energy,Aggro,_Stream,
2026-03-02,Modern,32,,challenge_C32_2026-03-02_decklist,,19,Broodscale Combo,Combo,HelpfulHobo,
2026-03-02,Modern,32,,challenge_C32_2026-03-02_decklist,,20,Eldrazi Tron,Ramp,LucasG1ggs,
2026-03-02,Modern,32,,challenge_C32_2026-03-02_decklist,,21,Boros Energy,Aggro,DemianDesposito10,
2026-03-02,Modern,32,,challenge_C32_2026-03-02_decklist,,22,WBR,Midrange,ice_nine_,
2026-03-02,Modern,32,,challenge_C32_2026-03-02_decklist,,23,Eldrazi Tron,Ramp,fingers1991,
2026-03-02,Modern,32,,challenge_C32_2026-03-02_decklist,,24,Boros Energy,Aggro,jayrod115,
2026-03-02,Modern,32,,challenge_C32_2026-03-02_decklist,,25,Esper Blink,Blink,olbeda,
2026-03-02,Modern,32,,challenge_C32_2026-03-02_decklist,,26,Asmo Food,Combo,KnightOfSuri,
2026-03-02,Modern,32,,challenge_C32_2026-03-02_decklist,,27,Eldrazi Tron,Ramp,zhepir,
2026-03-02,Modern,32,,challenge_C32_2026-03-02_decklist,,28,Boros Energy,Aggro,rastaf,
2026-03-02,Modern,32,,challenge_C32_2026-03-02_decklist,,29,Jeskai Blink,Blink,Ivan_Draw_Go,
2026-03-02,Modern,32,,challenge_C32_2026-03-02_decklist,,30,Amulet Titan,Combo,HouseOfManaMTG,
2026-03-02,Modern,32,,challenge_C32_2026-03-02_decklist,,31,Boros Energy,Aggro,ejk,
2026-03-02,Modern,32,,challenge_C32_2026-03-02_decklist,,32,Eldrazi Tron,Ramp,gwochefbandit,
2026-03-03,Modern,64,,challenge_C64_2026-03-03_decklist,,1,Amulet Titan,Combo,NathanOfTheGiltLeaf,
2026-03-03,Modern,64,,challenge_C64_2026-03-03_decklist,,2,Ruby Storm,Combo,hugofreitas1,
2026-03-03,Modern,64,,challenge_C64_2026-03-03_decklist,,3,Jeskai Blink,Blink,AFX,
2026-03-03,Modern,64,,challenge_C64_2026-03-03_decklist,,4,Boros Energy,Aggro,rastaf,
2026-03-03,Modern,64,,challenge_C64_2026-03-03_decklist,,5,Boros Energy,Aggro,termidor,
2026-03-03,Modern,64,,challenge_C64_2026-03-03_decklist,,6,Boros Energy,Aggro,TheColorOfBoom,
2026-03-03,Modern,64,,challenge_C64_2026-03-03_decklist,,7,Jeskai Blink,Blink,No_e_that_knows,
2026-03-03,Modern,64,,challenge_C64_2026-03-03_decklist,,8,Eldrazi Tron,Ramp,Jumba,
2026-03-03,Modern,64,,challenge_C64_2026-03-03_decklist,,9,Dimir Midrange,Midrange,Craig_Long123,
2026-03-03,Modern,64,,challenge_C64_2026-03-03_decklist,,10,RG,Ramp,toothymtg,
2026-03-03,Modern,64,,challenge_C64_2026-03-03_decklist,,11,Affinity,Aggro,Chichichi,
2026-03-03,Modern,64,,challenge_C64_2026-03-03_decklist,,12,Boros Energy,Aggro,Misplacedginger,
2026-03-03,Modern,64,,challenge_C64_2026-03-03_decklist,,13,Broodscale Combo,Combo,PedroPolukranos,
2026-03-03,Modern,64,,challenge_C64_2026-03-03_decklist,,14,Eldrazi Ramp,Ramp,Lightspirit,
2026-03-03,Modern,64,,challenge_C64_2026-03-03_decklist,,15,Sultai Ritual,Midrange,_Batutinha_,
2026-03-03,Modern,64,,challenge_C64_2026-03-03_decklist,,16,Boros Energy,Aggro,SHUANEEHOG,
2026-03-03,Modern,64,,challenge_C64_2026-03-03_decklist,,17,Living End,Graveyard,MisterTwin,
2026-03-03,Modern,64,,challenge_C64_2026-03-03_decklist,,18,Boros Energy,Aggro,fazparte,
2026-03-03,Modern,64,,challenge_C64_2026-03-03_decklist,,19,Domain Zoo,Midrange,_DrB_,
2026-03-03,Modern,64,,challenge_C64_2026-03-03_decklist,,20,Eldrazi Tron,Ramp,Dlihchtarw,
2026-03-03,Modern,64,,challenge_C64_2026-03-03_decklist,,21,Prowess,Aggro,DemonicTutors,
2026-03-03,Modern,64,,challenge_C64_2026-03-03_decklist,,22,Boros Energy,Aggro,Cabooseinator,
2026-03-03,Modern,64,,challenge_C64_2026-03-03_decklist,,23,Prowess,Aggro,Frejat,
2026-03-03,Modern,64,,challenge_C64_2026-03-03_decklist,,24,Living End,Graveyard,duke12,
2026-03-03,Modern,64,,challenge_C64_2026-03-03_decklist,,25,Eldrazi Tron,Ramp,Porks,
2026-03-03,Modern,64,,challenge_C64_2026-03-03_decklist,,26,Affinity,Aggro,Capitano_CL,
2026-03-03,Modern,64,,challenge_C64_2026-03-03_decklist,,27,Boros Energy,Aggro,VizosMTG,
2026-03-03,Modern,64,,challenge_C64_2026-03-03_decklist,,28,Eldrazi Tron,Ramp,LucasG1ggs,
2026-03-03,Modern,64,,challenge_C64_2026-03-03_decklist,,29,Ruby Storm,Combo,xfile,
2026-03-03,Modern,64,,challenge_C64_2026-03-03_decklist,,30,Eldrazi Tron,Ramp,leandru,
2026-03-03,Modern,64,,challenge_C64_2026-03-03_decklist,,31,Grixis Reanimator,Graveyard,GLSwadow,
2026-03-03,Modern,64,,challenge_C64_2026-03-03_decklist,,32,Eldrazi Tron,Ramp,Magic_Dads71522,
2026-03-04,Modern,32,,challenge_C32_2026-03-04_decklist,,1,Boros Energy,Aggro,Sorathrix,
2026-03-04,Modern,32,,challenge_C32_2026-03-04_decklist,,2,Affinity,Aggro,GinkoHS,
2026-03-04,Modern,32,,challenge_C32_2026-03-04_decklist,,3,Jeskai Blink,Blink,CMack_,
2026-03-04,Modern,32,,challenge_C32_2026-03-04_decklist,,4,Eldrazi Tron,Ramp,Scappie,
2026-03-04,Modern,32,,challenge_C32_2026-03-04_decklist,,5,Boros Energy,Aggro,HolaChico,
2026-03-04,Modern,32,,challenge_C32_2026-03-04_decklist,,6,Prowess,Aggro,O_danielakos,
2026-03-04,Modern,32,,challenge_C32_2026-03-04_decklist,,7,Sultai Ritual,Midrange,_Batutinha_,
2026-03-04,Modern,32,,challenge_C32_2026-03-04_decklist,,8,Boros Energy,Aggro,Misplacedginger,
2026-03-04,Modern,32,,challenge_C32_2026-03-04_decklist,,9,Amulet Titan,Combo,Mistakenn,
2026-03-04,Modern,32,,challenge_C32_2026-03-04_decklist,,10,Living End,Graveyard,MeninoNey,
2026-03-04,Modern,32,,challenge_C32_2026-03-04_decklist,,11,Living End,Graveyard,NMT_Sco94,
2026-03-04,Modern,32,,challenge_C32_2026-03-04_decklist,,12,Hollow One,Graveyard,Dudarudi,
2026-03-04,Modern,32,,challenge_C32_2026-03-04_decklist,,13,Boros Energy,Aggro,fazparte,
2026-03-04,Modern,32,,challenge_C32_2026-03-04_decklist,,14,W,Aggro,Corkyboyy,
2026-03-04,Modern,32,,challenge_C32_2026-03-04_decklist,,15,Belcher,Combo,Minivan_of_Jeskai,
2026-03-04,Modern,32,,challenge_C32_2026-03-04_decklist,,16,Ruby Storm,Combo,xfile,
2026-03-04,Modern,32,,challenge_C32_2026-03-04_decklist,,17,Domain Zoo,Midrange,Imaeda,
2026-03-04,Modern,32,,challenge_C32_2026-03-04_decklist,,18,Living End,Graveyard,Xenowan,
2026-03-04,Modern,32,,challenge_C32_2026-03-04_decklist,,19,Affinity,Aggro,DobleP,
2026-03-04,Modern,32,,challenge_C32_2026-03-04_decklist,,20,Amulet Titan,Combo,justAlice,
2026-03-04,Modern,32,,challenge_C32_2026-03-04_decklist,,21,Grixis Reanimator,Graveyard,GLSwadow,
2026-03-04,Modern,32,,challenge_C32_2026-03-04_decklist,,22,Jeskai Energy,Aggro,Laplasjan,
2026-03-04,Modern,32,,challenge_C32_2026-03-04_decklist,,23,Miracles,Control,salad,
2026-03-04,Modern,32,,challenge_C32_2026-03-04_decklist,,24,Belcher,Combo,Walker735,
2026-03-04,Modern,32,,challenge_C32_2026-03-04_decklist,,25,Goryo's Vengeance,Graveyard,groot02,
2026-03-04,Modern,32,,challenge_C32_2026-03-04_decklist,,26,Rakdos Aggro,Aggro,DragonFodder,
2026-03-04,Modern,32,,challenge_C32_2026-03-04_decklist,,27,Dimir Midrange,Midrange,jvidarte,
2026-03-04,Modern,32,,challenge_C32_2026-03-04_decklist,,28,Eldrazi Tron,Ramp,Odin2015,
2026-03-04,Modern,32,,challenge_C32_2026-03-04_decklist,,29,Boros Energy,Aggro,ejk,
2026-03-04,Modern,32,,challenge_C32_2026-03-04_decklist,,30,Belcher,Combo,Galashev29,
2026-03-04,Modern,32,,challenge_C32_2026-03-04_decklist,,31,Eldrazi Tron,Ramp,FynnOfBlood,
2026-03-04,Modern,32,,challenge_C32_2026-03-04_decklist,,32,Ruby Storm,Combo,DeathInParis,
2026-03-05,Modern,64,,challenge_C64_2026-03-05_decklist,,1,Boros Energy,Aggro,russell_wilson,
2026-03-05,Modern,64,,challenge_C64_2026-03-05_decklist,,2,Living End,Graveyard,MisterTwin,
2026-03-05,Modern,64,,challenge_C64_2026-03-05_decklist,,3,Boros Energy,Aggro,Sorathrix,
2026-03-05,Modern,64,,challenge_C64_2026-03-05_decklist,,4,Boros Energy,Aggro,hardfight,
2026-03-05,Modern,64,,challenge_C64_2026-03-05_decklist,,5,Living End,Graveyard,Xenowan,
2026-03-05,Modern,64,,challenge_C64_2026-03-05_decklist,,6,Ruby Storm,Combo,hugofreitas1,
2026-03-05,Modern,64,,challenge_C64_2026-03-05_decklist,,7,Domain Zoo,Midrange,Imaeda,
2026-03-05,Modern,64,,challenge_C64_2026-03-05_decklist,,8,Belcher,Combo,mei0024,
2026-03-05,Modern,64,,challenge_C64_2026-03-05_decklist,,9,Esper Blink,Blink,Omegauo,
2026-03-05,Modern,64,,challenge_C64_2026-03-05_decklist,,10,Jeskai Blink,Blink,Alpha_Go,
2026-03-05,Modern,64,,challenge_C64_2026-03-05_decklist,,11,Boros Energy,Aggro,fazparte,
2026-03-05,Modern,64,,challenge_C64_2026-03-05_decklist,,12,Ruby Storm,Combo,Malox11,
2026-03-05,Modern,64,,challenge_C64_2026-03-05_decklist,,13,Boros Energy,Aggro,jpopster,
2026-03-05,Modern,64,,challenge_C64_2026-03-05_decklist,,14,Ruby Storm,Combo,Filho_do_MOL,
2026-03-05,Modern,64,,challenge_C64_2026-03-05_decklist,,15,Grixis Reanimator,Graveyard,GLSwadow,
2026-03-05,Modern,64,,challenge_C64_2026-03-05_decklist,,16,Grixis Reanimator,Graveyard,soggymeatball,
2026-03-05,Modern,64,,challenge_C64_2026-03-05_decklist,,17,Eldrazi Tron,Ramp,leandru,
2026-03-05,Modern,64,,challenge_C64_2026-03-05_decklist,,18,Sultai Ritual,Midrange,DayBreakMe,
2026-03-05,Modern,64,,challenge_C64_2026-03-05_decklist,,19,Prowess,Aggro,arturcosta,
2026-03-05,Modern,64,,challenge_C64_2026-03-05_decklist,,20,Eldrazi Tron,Ramp,Porks,
2026-03-05,Modern,64,,challenge_C64_2026-03-05_decklist,,21,Prowess,Aggro,T1_Tinker,
2026-03-05,Modern,64,,challenge_C64_2026-03-05_decklist,,22,Sultai Ritual,Midrange,HuUeBR,
2026-03-05,Modern,64,,challenge_C64_2026-03-05_decklist,,23,Affinity,Aggro,DobleP,
2026-03-05,Modern,64,,challenge_C64_2026-03-05_decklist,,24,Amulet Titan,Combo,Mistakenn,
2026-03-05,Modern,64,,challenge_C64_2026-03-05_decklist,,25,Belcher,Combo,Walker735,
2026-03-05,Modern,64,,challenge_C64_2026-03-05_decklist,,26,Boros Energy,Aggro,SHUANEEHOG,
2026-03-05,Modern,64,,challenge_C64_2026-03-05_decklist,,27,Prowess,Aggro,O_danielakos,
2026-03-05,Modern,64,,challenge_C64_2026-03-05_decklist,,28,Esper Blink,Blink,Pnutz47,
2026-03-05,Modern,64,,challenge_C64_2026-03-05_decklist,,29,Domain Zoo,Midrange,MKC,
2026-03-05,Modern,64,,challenge_C64_2026-03-05_decklist,,30,Boros Energy,Aggro,rastaf,
2026-03-05,Modern,64,,challenge_C64_2026-03-05_decklist,,31,Living End,Graveyard,MeninoNey,
2026-03-05,Modern,64,,challenge_C64_2026-03-05_decklist,,32,Boros Energy,Aggro,jvidarte,
2026-03-06,Modern,32,,challenge_C32_2026-03-06_decklist,,1,Boros Energy,Aggro,VizosMTG,
2026-03-06,Modern,32,,challenge_C32_2026-03-06_decklist,,2,Sultai Ritual,Midrange,_Batutinha_,
2026-03-06,Modern,32,,challenge_C32_2026-03-06_decklist,,3,Boros Energy,Aggro,rastaf,
2026-03-06,Modern,32,,challenge_C32_2026-03-06_decklist,,4,Boros Energy,Aggro,oscarprod23,
2026-03-06,Modern,32,,challenge_C32_2026-03-06_decklist,,5,Prowess,Aggro,JPA93,
2026-03-06,Modern,32,,challenge_C32_2026-03-06_decklist,,6,Ruby Storm,Combo,hugofreitas1,
2026-03-06,Modern,32,,challenge_C32_2026-03-06_decklist,,7,Living End,Graveyard,MisterTwin,
2026-03-06,Modern,32,,challenge_C32_2026-03-06_decklist,,8,Affinity,Aggro,Kikis,
2026-03-06,Modern,32,,challenge_C32_2026-03-06_decklist,,9,Domain Zoo,Midrange,MKC,
2026-03-06,Modern,32,,challenge_C32_2026-03-06_decklist,,10,Boros Energy,Aggro,hardfight,
2026-03-06,Modern,32,,challenge_C32_2026-03-06_decklist,,11,Eldrazi Tron,Ramp,leandru,
2026-03-06,Modern,32,,challenge_C32_2026-03-06_decklist,,12,Domain Zoo,Midrange,maxbv,
2026-03-06,Modern,32,,challenge_C32_2026-03-06_decklist,,13,Sultai Ritual,Midrange,jready,
2026-03-06,Modern,32,,challenge_C32_2026-03-06_decklist,,14,Prowess,Aggro,O_danielakos,
2026-03-06,Modern,32,,challenge_C32_2026-03-06_decklist,,15,Prowess,Aggro,DelverOfBolts,
2026-03-06,Modern,32,,challenge_C32_2026-03-06_decklist,,16,Boros Energy,Aggro,ejk,
2026-03-06,Modern,32,,challenge_C32_2026-03-06_decklist,,17,Boros Energy,Aggro,bobthedog,
2026-03-06,Modern,32,,challenge_C32_2026-03-06_decklist,,18,Ruby Storm,Combo,Fatone,
2026-03-06,Modern,32,,challenge_C32_2026-03-06_decklist,,19,Jeskai Blink,Blink,CMack_,
2026-03-06,Modern,32,,challenge_C32_2026-03-06_decklist,,20,Boros Energy,Aggro,Serakki,
2026-03-06,Modern,32,,challenge_C32_2026-03-06_decklist,,21,Eldrazi Tron,Ramp,Jumba,
2026-03-06,Modern,32,,challenge_C32_2026-03-06_decklist,,22,Boros Energy,Aggro,celobee,
2026-03-06,Modern,32,,challenge_C32_2026-03-06_decklist,,23,Yawgmoth,Midrange,crzzmvx,
2026-03-06,Modern,32,,challenge_C32_2026-03-06_decklist,,24,Eldrazi Tron,Ramp,nv_goblin,
2026-03-06,Modern,32,,challenge_C32_2026-03-06_decklist,,25,Boros Energy,Aggro,TheCroutons,
2026-03-06,Modern,32,,challenge_C32_2026-03-06_decklist,,26,Grixis Death's Shadow,Aggro,aspiringspike,
2026-03-06,Modern,32,,challenge_C32_2026-03-06_decklist,,27,Boros Energy,Aggro,SHUANEEHOG,
2026-03-06,Modern,32,,challenge_C32_2026-03-06_decklist,,28,Living End,Graveyard,MeninoNey,
2026-03-06,Modern,32,,challenge_C32_2026-03-06_decklist,,29,Boros Energy,Aggro,zbogames,
2026-03-06,Modern,32,,challenge_C32_2026-03-06_decklist,,30,Affinity,Aggro,Kage_and_Bojji,
2026-03-06,Modern,32,,challenge_C32_2026-03-06_decklist,,31,Yawgmoth,Midrange,VinegarDoppio,
2026-03-06,Modern,32,,challenge_C32_2026-03-06_decklist,,32,Ruby Storm,Combo,Terminus0,
2026-03-07,Modern,32,,challenge_C32_2026-03-07_decklist,,1,Broodscale Combo,Combo,HelpfulHobo,
2026-03-07,Modern,32,,challenge_C32_2026-03-07_decklist,,2,Jeskai Blink,Blink,Venom1,
2026-03-07,Modern,32,,challenge_C32_2026-03-07_decklist,,3,Boros Energy,Aggro,TripleQ,
2026-03-07,Modern,32,,challenge_C32_2026-03-07_decklist,,4,Indomitable Creativity,Combo,Corkyboyy,
2026-03-07,Modern,32,,challenge_C32_2026-03-07_decklist,,5,Ruby Storm,Combo,xfile,
2026-03-07,Modern,32,,challenge_C32_2026-03-07_decklist,,6,Boros Energy,Aggro,Bmadman,
2026-03-07,Modern,32,,challenge_C32_2026-03-07_decklist,,7,Grixis Reanimator,Graveyard,MisterTwin,
2026-03-07,Modern,32,,challenge_C32_2026-03-07_decklist,,8,Boros Energy,Aggro,Samky21,
2026-03-07,Modern,32,,challenge_C32_2026-03-07_decklist,,9,Boros Energy,Aggro,jayrod115,
2026-03-07,Modern,32,,challenge_C32_2026-03-07_decklist,,10,Boros Energy,Aggro,amin0e,
2026-03-07,Modern,32,,challenge_C32_2026-03-07_decklist,,11,Living End,Graveyard,MeninoNey,
2026-03-07,Modern,32,,challenge_C32_2026-03-07_decklist,,12,Domain Zoo,Midrange,MagicianMagico,
2026-03-07,Modern,32,,challenge_C32_2026-03-07_decklist,,13,Azorius Control,Control,eclipse4343,
2026-03-07,Modern,32,,challenge_C32_2026-03-07_decklist,,14,Affinity,Aggro,Samcaster-Mage,
2026-03-07,Modern,32,,challenge_C32_2026-03-07_decklist,,15,Boros Energy,Aggro,zbogames,
2026-03-07,Modern,32,,challenge_C32_2026-03-07_decklist,,16,Eldrazi Tron,Ramp,leandru,
2026-03-07,Modern,32,,challenge_C32_2026-03-07_decklist,,17,Living End,Graveyard,Mighty_Ravendark,
2026-03-07,Modern,32,,challenge_C32_2026-03-07_decklist,,18,Goryo's Vengeance,Graveyard,MikeEgan,
2026-03-07,Modern,32,,challenge_C32_2026-03-07_decklist,,19,Ruby Storm,Combo,N0000000B,
2026-03-07,Modern,32,,challenge_C32_2026-03-07_decklist,,20,Rakdos Aggro,Aggro,DragonFodder,
2026-03-07,Modern,32,,challenge_C32_2026-03-07_decklist,,21,Tron,Ramp,GoldenKid24K,
2026-03-07,Modern,32,,challenge_C32_2026-03-07_decklist,,22,Jeskai Blink,Blink,C_S_W____,
2026-03-07,Modern,32,,challenge_C32_2026-03-07_decklist,,23,Dimir Midrange,Midrange,JakeTMS,
2026-03-07,Modern,32,,challenge_C32_2026-03-07_decklist,,24,Ruby Storm,Combo,pwqz,
2026-03-07,Modern,32,,challenge_C32_2026-03-07_decklist,,25,Sam Combo,Combo,MikeOxlittle,
2026-03-07,Modern,32,,challenge_C32_2026-03-07_decklist,,26,Boros Energy,Aggro,DemianDesposito10,
2026-03-07,Modern,32,,challenge_C32_2026-03-07_decklist,,27,Boros Energy,Aggro,_ruda_,
2026-03-07,Modern,32,,challenge_C32_2026-03-07_decklist,,28,Boros Energy,Aggro,Misplacedginger,
2026-03-07,Modern,32,,challenge_C32_2026-03-07_decklist,,29,Jeskai Blink,Blink,Benjamin_S,
2026-03-07,Modern,32,,challenge_C32_2026-03-07_decklist,,30,Eldrazi Tron,Ramp,zhepir,
2026-03-07,Modern,32,,challenge_C32_2026-03-07_decklist,,31,Lantern,Control,Elkhorn,
2026-03-07,Modern,32,,challenge_C32_2026-03-07_decklist,,32,Boros Energy,Aggro,Aelyck,
2026-03-07,Modern,64,,challenge_C64_2026-03-07_decklist,,1,Jeskai Blink,Blink,C_S_W____,
2026-03-07,Modern,64,,challenge_C64_2026-03-07_decklist,,2,Ruby Storm,Combo,optivial,
2026-03-07,Modern,64,,challenge_C64_2026-03-07_decklist,,3,Ruby Storm,Combo,SuperCow12653,
2026-03-07,Modern,64,,challenge_C64_2026-03-07_decklist,,4,Simic Midrange,Midrange,Zoob5555,
2026-03-07,Modern,64,,challenge_C64_2026-03-07_decklist,,5,Dimir Midrange,Midrange,Craig_Long123,
2026-03-07,Modern,64,,challenge_C64_2026-03-07_decklist,,6,Jeskai Blink,Blink,Urthstrype,
2026-03-07,Modern,64,,challenge_C64_2026-03-07_decklist,,7,Jeskai Blink,Blink,Benjamin_S,
2026-03-07,Modern,64,,challenge_C64_2026-03-07_decklist,,8,Jeskai Blink,Blink,yriel,
2026-03-07,Modern,64,,challenge_C64_2026-03-07_decklist,,9,Living End,Graveyard,Occultatum,
2026-03-07,Modern,64,,challenge_C64_2026-03-07_decklist,,10,Eldrazi Tron,Ramp,masakitaro,
2026-03-07,Modern,64,,challenge_C64_2026-03-07_decklist,,11,Ruby Storm,Combo,Terminus0,
2026-03-07,Modern,64,,challenge_C64_2026-03-07_decklist,,12,Boros Energy,Aggro,hardfight,
2026-03-07,Modern,64,,challenge_C64_2026-03-07_decklist,,13,Amulet Titan,Combo,Bullwinkkle6705,
2026-03-07,Modern,64,,challenge_C64_2026-03-07_decklist,,14,Domain Zoo,Midrange,_DrB_,
2026-03-07,Modern,64,,challenge_C64_2026-03-07_decklist,,15,Amulet Titan,Combo,AverageHasteEnjoyer,
2026-03-07,Modern,64,,challenge_C64_2026-03-07_decklist,,16,Jund Saga,Midrange,crzzmvx,
2026-03-07,Modern,64,,challenge_C64_2026-03-07_decklist,,17,Esper Blink,Blink,UninspiredMehjagic,
2026-03-07,Modern,64,,challenge_C64_2026-03-07_decklist,,18,Sam Combo,Combo,MikeOxlittle,
2026-03-07,Modern,64,,challenge_C64_2026-03-07_decklist,,19,Living End,Graveyard,jbl2311,
2026-03-07,Modern,64,,challenge_C64_2026-03-07_decklist,,20,Ruby Storm,Combo,xfile,
2026-03-07,Modern,64,,challenge_C64_2026-03-07_decklist,,21,Hollow One,Graveyard,Dudarudi,
2026-03-07,Modern,64,,challenge_C64_2026-03-07_decklist,,22,Goryo's Vengeance,Graveyard,Lufia,
2026-03-07,Modern,64,,challenge_C64_2026-03-07_decklist,,23,Eldrazi Ramp,Ramp,MTGWojtek,
2026-03-07,Modern,64,,challenge_C64_2026-03-07_decklist,,24,Living End,Graveyard,MeninoNey,
2026-03-07,Modern,64,,challenge_C64_2026-03-07_decklist,,25,Domain Zoo,Midrange,Imaeda,
2026-03-07,Modern,64,,challenge_C64_2026-03-07_decklist,,26,Boros Energy,Aggro,lunaloveee,
2026-03-07,Modern,64,,challenge_C64_2026-03-07_decklist,,27,Belcher,Combo,Galashev29,
2026-03-07,Modern,64,,challenge_C64_2026-03-07_decklist,,28,Esper Blink,Blink,6argamel,
2026-03-07,Modern,64,,challenge_C64_2026-03-07_decklist,,29,Prowess,Aggro,iGrix_ys,
2026-03-07,Modern,64,,challenge_C64_2026-03-07_decklist,,30,Goryo's Vengeance,Graveyard,habieh,
2026-03-07,Modern,64,,challenge_C64_2026-03-07_decklist,,31,Domain Zoo,Midrange,Zolazar,
2026-03-07,Modern,64,,challenge_C64_2026-03-07_decklist,,32,Boros Energy,Aggro,VizosMTG,
2026-03-08,Modern,32,,challenge_C32_2026-03-08_decklist,,1,Prowess,Aggro,Capriccioso,
2026-03-08,Modern,32,,challenge_C32_2026-03-08_decklist,,2,Prowess,Aggro,toothymtg,
2026-03-08,Modern,32,,challenge_C32_2026-03-08_decklist,,3,Belcher,Combo,FakeShaver,
2026-03-08,Modern,32,,challenge_C32_2026-03-08_decklist,,4,Boros Energy,Aggro,gyyby297,
2026-03-08,Modern,32,,challenge_C32_2026-03-08_decklist,,5,Ruby Storm,Combo,JustAnotherGuy83,
2026-03-08,Modern,32,,challenge_C32_2026-03-08_decklist,,6,Sultai Ritual,Midrange,TheAdonis,
2026-03-08,Modern,32,,challenge_C32_2026-03-08_decklist,,7,Boros Energy,Aggro,Samky21,
2026-03-08,Modern,32,,challenge_C32_2026-03-08_decklist,,8,BRG,Midrange,HawQ,
2026-03-08,Modern,32,,challenge_C32_2026-03-08_decklist,,9,Boros Energy,Aggro,DemianDesposito10,
2026-03-08,Modern,32,,challenge_C32_2026-03-08_decklist,,10,Prowess,Aggro,wutup,
2026-03-08,Modern,32,,challenge_C32_2026-03-08_decklist,,11,Belcher,Combo,AcquireCardboard,
2026-03-08,Modern,32,,challenge_C32_2026-03-08_decklist,,12,Domain Zoo,Midrange,MagicianMagico,
2026-03-08,Modern,32,,challenge_C32_2026-03-08_decklist,,13,Eldrazi Tron,Ramp,Dlihchtarw,
2026-03-08,Modern,32,,challenge_C32_2026-03-08_decklist,,14,Azorius Control,Control,eclipse4343,
2026-03-08,Modern,32,,challenge_C32_2026-03-08_decklist,,15,Boros Energy,Aggro,Infinitea,
2026-03-08,Modern,32,,challenge_C32_2026-03-08_decklist,,16,Boros Energy,Aggro,dramaticRoyalty,
2026-03-08,Modern,32,,challenge_C32_2026-03-08_decklist,,17,Broodscale Combo,Combo,VenerableLammasu,
2026-03-08,Modern,32,,challenge_C32_2026-03-08_decklist,,18,Ruby Storm,Combo,xfile,
2026-03-08,Modern,32,,challenge_C32_2026-03-08_decklist,,19,Goryo's Vengeance,Graveyard,indianpancake,
2026-03-08,Modern,32,,challenge_C32_2026-03-08_decklist,,20,Boros Energy,Aggro,Bails76,
2026-03-08,Modern,32,,challenge_C32_2026-03-08_decklist,,21,Ruby Storm,Combo,drcoffee,
2026-03-08,Modern,32,,challenge_C32_2026-03-08_decklist,,22,Grixis Midrange,Midrange,nahuel10,
2026-03-08,Modern,32,,challenge_C32_2026-03-08_decklist,,23,Affinity,Aggro,Zarathustra,
2026-03-08,Modern,32,,challenge_C32_2026-03-08_decklist,,24,Jeskai Blink,Blink,mtgobazaar8,
2026-03-08,Modern,32,,challenge_C32_2026-03-08_decklist,,25,Jeskai Blink,Blink,_Batutinha_,
2026-03-08,Modern,32,,challenge_C32_2026-03-08_decklist,,26,Mono-Red Artifact Reanimation,Graveyard,kahluah777,
2026-03-08,Modern,32,,challenge_C32_2026-03-08_decklist,,27,Rakdos Aggro,Aggro,DragonFodder,
2026-03-08,Modern,32,,challenge_C32_2026-03-08_decklist,,28,Affinity,Aggro,Milkshake_,
2026-03-08,Modern,32,,challenge_C32_2026-03-08_decklist,,29,Boros Energy,Aggro,ejk,
2026-03-08,Modern,32,,challenge_C32_2026-03-08_decklist,,30,Jeskai Blink,Blink,bitwize,
2026-03-08,Modern,32,,challenge_C32_2026-03-08_decklist,,31,Boros Energy,Aggro,Spellyp,
2026-03-08,Modern,32,,challenge_C32_2026-03-08_decklist,,32,Ruby Storm,Combo,blackfish231,
2026-03-09,Modern,32,,challenge_C32_2026-03-09_decklist,,1,Affinity,Aggro,Capriccioso,
2026-03-09,Modern,32,,challenge_C32_2026-03-09_decklist,,2,Eldrazi Tron,Ramp,leandru,
2026-03-09,Modern,32,,challenge_C32_2026-03-09_decklist,,3,Dimir Midrange,Midrange,ETBJezus,
2026-03-09,Modern,32,,challenge_C32_2026-03-09_decklist,,4,Ruby Storm,Combo,xfile,
2026-03-09,Modern,32,,challenge_C32_2026-03-09_decklist,,5,Prowess,Aggro,moreno13,
2026-03-09,Modern,32,,challenge_C32_2026-03-09_decklist,,6,Ruby Storm,Combo,azax,
2026-03-09,Modern,32,,challenge_C32_2026-03-09_decklist,,7,Amulet Titan,Combo,NathanOfTheGiltLeaf,
2026-03-09,Modern,32,,challenge_C32_2026-03-09_decklist,,8,Prowess,Aggro,eggybenny,
2026-03-09,Modern,32,,challenge_C32_2026-03-09_decklist,,9,Living End,Graveyard,Lord_Beerus,
2026-03-09,Modern,32,,challenge_C32_2026-03-09_decklist,,10,Boros Energy,Aggro,_Babbuja_,
2026-03-09,Modern,32,,challenge_C32_2026-03-09_decklist,,11,Goryo's Vengeance,Graveyard,LuckSackJack,
2026-03-09,Modern,32,,challenge_C32_2026-03-09_decklist,,12,Boros Energy,Aggro,NJ5030,
2026-03-09,Modern,32,,challenge_C32_2026-03-09_decklist,,13,Eldrazi Tron,Ramp,Dlihchtarw,
2026-03-09,Modern,32,,challenge_C32_2026-03-09_decklist,,14,Boros Energy,Aggro,ejk,
2026-03-09,Modern,32,,challenge_C32_2026-03-09_decklist,,15,UBR,Midrange,bless_von,
2026-03-09,Modern,32,,challenge_C32_2026-03-09_decklist,,16,Boros Energy,Aggro,BWG,
2026-03-09,Modern,32,,challenge_C32_2026-03-09_decklist,,17,Dimir Control,Control,zturchan,
2026-03-09,Modern,32,,challenge_C32_2026-03-09_decklist,,18,Domain Zoo,Midrange,CrepesForLife,
2026-03-09,Modern,32,,challenge_C32_2026-03-09_decklist,,19,Belcher,Combo,mtgobazaar8,
2026-03-09,Modern,32,,challenge_C32_2026-03-09_decklist,,20,Eldrazi Tron,Ramp,WaffleWiz,
2026-03-09,Modern,32,,challenge_C32_2026-03-09_decklist,,21,Boros Energy,Aggro,LucasG1ggs,
2026-03-09,Modern,32,,challenge_C32_2026-03-09_decklist,,22,Jeskai Control,Control,Chemist1234,
2026-03-09,Modern,32,,challenge_C32_2026-03-09_decklist,,23,Boros Energy,Aggro,HolaChico,
2026-03-09,Modern,32,,challenge_C32_2026-03-09_decklist,,24,Prowess,Aggro,SteveFromStrangerThings,
2026-03-09,Modern,32,,challenge_C32_2026-03-09_decklist,,25,Prowess,Aggro,Rexplosion,
2026-03-09,Modern,32,,challenge_C32_2026-03-09_decklist,,26,UBRG,Control,Ztenod,
2026-03-09,Modern,32,,challenge_C32_2026-03-09_decklist,,27,Boros Energy,Aggro,Relieve,
2026-03-09,Modern,32,,challenge_C32_2026-03-09_decklist,,28,Yawgmoth,Midrange,Moorehardcore,
2026-03-09,Modern,32,,challenge_C32_2026-03-09_decklist,,29,Boros Energy,Aggro,DemianDesposito10,
2026-03-09,Modern,32,,challenge_C32_2026-03-09_decklist,,30,Sam Combo,Combo,Kummins11,
2026-03-09,Modern,32,,challenge_C32_2026-03-09_decklist,,31,Boros Energy,Aggro,el-pollo-lolo,
2026-03-09,Modern,32,,challenge_C32_2026-03-09_decklist,,32,Boros Energy,Aggro,sargpw,
2026-03-10,Modern,64,,challenge_C64_2026-03-10_decklist,,1,Prowess,Aggro,O_danielakos,
2026-03-10,Modern,64,,challenge_C64_2026-03-10_decklist,,2,Grixis Reanimator,Graveyard,GLSwadow,
2026-03-10,Modern,64,,challenge_C64_2026-03-10_decklist,,3,Dimir Midrange,Midrange,ETBJezus,
2026-03-10,Modern,64,,challenge_C64_2026-03-10_decklist,,4,Eldrazi Tron,Ramp,newbarola,
2026-03-10,Modern,64,,challenge_C64_2026-03-10_decklist,,5,Boros Energy,Aggro,hardfight,
2026-03-10,Modern,64,,challenge_C64_2026-03-10_decklist,,6,Eldrazi Tron,Ramp,Porks,
2026-03-10,Modern,64,,challenge_C64_2026-03-10_decklist,,7,Izzet Splinter Twin,Combo,SoIMBAGallade,
2026-03-10,Modern,64,,challenge_C64_2026-03-10_decklist,,8,Prowess,Aggro,Dioferreira,
2026-03-10,Modern,64,,challenge_C64_2026-03-10_decklist,,9,Ruby Storm,Combo,Cachorrowo,
2026-03-10,Modern,64,,challenge_C64_2026-03-10_decklist,,10,Prowess,Aggro,Killah_SUV,
2026-03-10,Modern,64,,challenge_C64_2026-03-10_decklist,,11,Prowess,Aggro,DemonicTutors,
2026-03-10,Modern,64,,challenge_C64_2026-03-10_decklist,,12,Jeskai Blink,Blink,peter780108,
2026-03-10,Modern,64,,challenge_C64_2026-03-10_decklist,,13,Prowess,Aggro,toothymtg,
2026-03-10,Modern,64,,challenge_C64_2026-03-10_decklist,,14,Dimir Death's Shadow,Aggro,chase00111,
2026-03-10,Modern,64,,challenge_C64_2026-03-10_decklist,,15,Sultai Ritual,Midrange,HuUeBR,
2026-03-10,Modern,64,,challenge_C64_2026-03-10_decklist,,16,Boros Energy,Aggro,C_S_W____,
2026-03-10,Modern,64,,challenge_C64_2026-03-10_decklist,,17,Living End,Graveyard,JPA93,
2026-03-10,Modern,64,,challenge_C64_2026-03-10_decklist,,18,Ruby Storm,Combo,COMBO-BOY,
2026-03-10,Modern,64,,challenge_C64_2026-03-10_decklist,,19,Eldrazi Tron,Ramp,Minivan_of_Jeskai,
2026-03-10,Modern,64,,challenge_C64_2026-03-10_decklist,,20,Prowess,Aggro,NukaCola,
2026-03-10,Modern,64,,challenge_C64_2026-03-10_decklist,,21,Ruby Storm,Combo,hugofreitas1,
2026-03-10,Modern,64,,challenge_C64_2026-03-10_decklist,,22,Jeskai Blink,Blink,yriel,
2026-03-10,Modern,64,,challenge_C64_2026-03-10_decklist,,23,Ruby Storm,Combo,Neymar_Jr,
2026-03-10,Modern,64,,challenge_C64_2026-03-10_decklist,,24,Orzhov Midrange,Midrange,SuperCow12653,
2026-03-10,Modern,64,,challenge_C64_2026-03-10_decklist,,25,Boros Energy,Aggro,VizosMTG,
2026-03-10,Modern,64,,challenge_C64_2026-03-10_decklist,,26,Boros Energy,Aggro,Sorathrix,
2026-03-10,Modern,64,,challenge_C64_2026-03-10_decklist,,27,Boros Energy,Aggro,novaschin22,
2026-03-10,Modern,64,,challenge_C64_2026-03-10_decklist,,28,Boros Energy,Aggro,jvidarte,
2026-03-10,Modern,64,,challenge_C64_2026-03-10_decklist,,29,Boros Energy,Aggro,_ruda_,
2026-03-10,Modern,64,,challenge_C64_2026-03-10_decklist,,30,Eldrazi Tron,Ramp,Jumba,
2026-03-10,Modern,64,,challenge_C64_2026-03-10_decklist,,31,Boros Energy,Aggro,rastaf,
2026-03-10,Modern,64,,challenge_C64_2026-03-10_decklist,,32,Prowess,Aggro,MarcoBelacca95,
2026-03-11,Modern,32,,challenge_C32_2026-03-11_decklist,,1,Prowess,Aggro,O_danielakos,
2026-03-11,Modern,32,,challenge_C32_2026-03-11_decklist,,2,Boros Energy,Aggro,Sorathrix,
2026-03-11,Modern,32,,challenge_C32_2026-03-11_decklist,,3,Prowess,Aggro,mechrataal,
2026-03-11,Modern,32,,challenge_C32_2026-03-11_decklist,,4,Prowess,Aggro,JPA93,
2026-03-11,Modern,32,,challenge_C32_2026-03-11_decklist,,5,Prowess,Aggro,MagicalSnap,
2026-03-11,Modern,32,,challenge_C32_2026-03-11_decklist,,6,Ruby Storm,Combo,Violet_Starmine,
2026-03-11,Modern,32,,challenge_C32_2026-03-11_decklist,,7,Affinity,Aggro,McWinSauce,
2026-03-11,Modern,32,,challenge_C32_2026-03-11_decklist,,8,Prowess,Aggro,RowzCheese,
2026-03-11,Modern,32,,challenge_C32_2026-03-11_decklist,,9,Azorius Control,Control,gilliganisla,
2026-03-11,Modern,32,,challenge_C32_2026-03-11_decklist,,10,Living End,Graveyard,MeninoNey,
2026-03-11,Modern,32,,challenge_C32_2026-03-11_decklist,,11,Boros Energy,Aggro,nahuel10,
2026-03-11,Modern,32,,challenge_C32_2026-03-11_decklist,,12,Boros Energy,Aggro,DcNo,
2026-03-11,Modern,32,,challenge_C32_2026-03-11_decklist,,13,Ruby Storm,Combo,Capitano_CL,
2026-03-11,Modern,32,,challenge_C32_2026-03-11_decklist,,14,Ruby Storm,Combo,medicbehindyou,
2026-03-11,Modern,32,,challenge_C32_2026-03-11_decklist,,15,Affinity,Aggro,Kikis,
2026-03-11,Modern,32,,challenge_C32_2026-03-11_decklist,,16,Boros Energy,Aggro,MayoDominaria,
2026-03-11,Modern,32,,challenge_C32_2026-03-11_decklist,,17,Belcher,Combo,Walker735,
2026-03-11,Modern,32,,challenge_C32_2026-03-11_decklist,,18,Boros Energy,Aggro,cicciogire,
2026-03-11,Modern,32,,challenge_C32_2026-03-11_decklist,,19,Prowess,Aggro,Killah_SUV,
2026-03-11,Modern,32,,challenge_C32_2026-03-11_decklist,,20,Hollow One,Graveyard,Dudarudi,
2026-03-11,Modern,32,,challenge_C32_2026-03-11_decklist,,21,Living End,Graveyard,Ecoscuro,
2026-03-11,Modern,32,,challenge_C32_2026-03-11_decklist,,22,Prowess,Aggro,Dioferreira,
2026-03-11,Modern,32,,challenge_C32_2026-03-11_decklist,,23,Boros Energy,Aggro,dani_tb,
2026-03-11,Modern,32,,challenge_C32_2026-03-11_decklist,,24,Living End,Graveyard,MisterTwin,
2026-03-11,Modern,32,,challenge_C32_2026-03-11_decklist,,25,Ruby Storm,Combo,xfile,
2026-03-11,Modern,32,,challenge_C32_2026-03-11_decklist,,26,Azorius Control,Control,eclipse4343,
2026-03-11,Modern,32,,challenge_C32_2026-03-11_decklist,,27,Boros Energy,Aggro,Foxantes,
2026-03-11,Modern,32,,challenge_C32_2026-03-11_decklist,,28,Eldrazi Tron,Ramp,newbarola,
2026-03-11,Modern,32,,challenge_C32_2026-03-11_decklist,,29,Amulet Titan,Combo,justAlice,
2026-03-11,Modern,32,,challenge_C32_2026-03-11_decklist,,30,Esper Blink,Blink,olbeda,
2026-03-11,Modern,32,,challenge_C32_2026-03-11_decklist,,31,Boros Energy,Aggro,ratabruta,
2026-03-11,Modern,32,,challenge_C32_2026-03-11_decklist,,32,Jeskai Blink,Blink,OkoDio,
2026-03-12,Modern,64,,challenge_C64_2026-03-12_decklist,,1,Boros Energy,Aggro,Sorathrix,
2026-03-12,Modern,64,,challenge_C64_2026-03-12_decklist,,2,Eldrazi Tron,Ramp,Antarctica,
2026-03-12,Modern,64,,challenge_C64_2026-03-12_decklist,,3,Amulet Titan,Combo,kanister,
2026-03-12,Modern,64,,challenge_C64_2026-03-12_decklist,,4,Ruby Storm,Combo,Capitano_CL,
2026-03-12,Modern,64,,challenge_C64_2026-03-12_decklist,,5,Simic Midrange,Midrange,chagu,
2026-03-12,Modern,64,,challenge_C64_2026-03-12_decklist,,6,Sultai Ritual,Midrange,_Batutinha_,
2026-03-12,Modern,64,,challenge_C64_2026-03-12_decklist,,7,Boros Energy,Aggro,jvidarte,
2026-03-12,Modern,64,,challenge_C64_2026-03-12_decklist,,8,Boros Energy,Aggro,el-pollo-lolo,
2026-03-12,Modern,64,,challenge_C64_2026-03-12_decklist,,9,Belcher,Combo,Walker735,
2026-03-12,Modern,64,,challenge_C64_2026-03-12_decklist,,10,Prowess,Aggro,O_danielakos,
2026-03-12,Modern,64,,challenge_C64_2026-03-12_decklist,,11,Hollow One,Graveyard,Bawer,
2026-03-12,Modern,64,,challenge_C64_2026-03-12_decklist,,12,Prowess,Aggro,Dioferreira,
2026-03-12,Modern,64,,challenge_C64_2026-03-12_decklist,,13,Boros Energy,Aggro,JJ,
2026-03-12,Modern,64,,challenge_C64_2026-03-12_decklist,,14,Azorius Control,Control,levunga21,
2026-03-12,Modern,64,,challenge_C64_2026-03-12_decklist,,15,Living End,Graveyard,MeninoNey,
2026-03-12,Modern,64,,challenge_C64_2026-03-12_decklist,,16,Eldrazi Ramp,Ramp,MisterTwin,
2026-03-12,Modern,64,,challenge_C64_2026-03-12_decklist,,17,Eldrazi Tron,Ramp,Jumba,
2026-03-12,Modern,64,,challenge_C64_2026-03-12_decklist,,18,Prowess,Aggro,groot02,
2026-03-12,Modern,64,,challenge_C64_2026-03-12_decklist,,19,Eldrazi Tron,Ramp,DroopyStorm,
2026-03-12,Modern,64,,challenge_C64_2026-03-12_decklist,,20,Boros Energy,Aggro,rastaf,
2026-03-12,Modern,64,,challenge_C64_2026-03-12_decklist,,21,Domain Zoo,Midrange,Pleyboy,
2026-03-12,Modern,64,,challenge_C64_2026-03-12_decklist,,22,Goryo's Vengeance,Graveyard,Rvng,
2026-03-12,Modern,64,,challenge_C64_2026-03-12_decklist,,23,Grixis Reanimator,Graveyard,ejk,
2026-03-12,Modern,64,,challenge_C64_2026-03-12_decklist,,24,Eldrazi Tron,Ramp,Odin2015,
2026-03-12,Modern,64,,challenge_C64_2026-03-12_decklist,,25,Jeskai Blink,Blink,peter780108,
2026-03-12,Modern,64,,challenge_C64_2026-03-12_decklist,,26,Ruby Storm,Combo,hugofreitas1,
2026-03-12,Modern,64,,challenge_C64_2026-03-12_decklist,,27,Living End,Graveyard,JPA93,
2026-03-12,Modern,64,,challenge_C64_2026-03-12_decklist,,28,Ruby Storm,Combo,ice_nine_BIGFAN,
2026-03-12,Modern,64,,challenge_C64_2026-03-12_decklist,,29,Yawgmoth,Midrange,Thunus,
2026-03-12,Modern,64,,challenge_C64_2026-03-12_decklist,,30,Eldrazi Tron,Ramp,WaffleWiz,
2026-03-12,Modern,64,,challenge_C64_2026-03-12_decklist,,31,Asmo Food,Combo,Cubswin45,
2026-03-12,Modern,64,,challenge_C64_2026-03-12_decklist,,32,Boros Energy,Aggro,Doomenstein,
2026-03-13,Modern,32,,challenge_C32_2026-03-13_decklist,,1,Prowess,Aggro,JPA93,
2026-03-13,Modern,32,,challenge_C32_2026-03-13_decklist,,2,WG,Aggro,aspiringspike,
2026-03-13,Modern,32,,challenge_C32_2026-03-13_decklist,,3,Dimir Midrange,Midrange,1OR513N86,
2026-03-13,Modern,32,,challenge_C32_2026-03-13_decklist,,4,Goryo's Vengeance,Graveyard,BrokenVerse,
2026-03-13,Modern,32,,challenge_C32_2026-03-13_decklist,,5,UBRG,Control,MahfuzVanGogh,
2026-03-13,Modern,32,,challenge_C32_2026-03-13_decklist,,6,Eldrazi Tron,Ramp,Bullz0Eye,
2026-03-13,Modern,32,,challenge_C32_2026-03-13_decklist,,7,Prowess,Aggro,NathanOfTheGiltLeaf,
2026-03-13,Modern,32,,challenge_C32_2026-03-13_decklist,,8,Affinity,Aggro,slaxx,
2026-03-13,Modern,32,,challenge_C32_2026-03-13_decklist,,9,Boros Energy,Aggro,sokos13,
2026-03-13,Modern,32,,challenge_C32_2026-03-13_decklist,,10,Boros Energy,Aggro,Thalai,
2026-03-13,Modern,32,,challenge_C32_2026-03-13_decklist,,11,Ruby Storm,Combo,xfile,
2026-03-13,Modern,32,,challenge_C32_2026-03-13_decklist,,12,Affinity,Aggro,sioutis_kk,
2026-03-13,Modern,32,,challenge_C32_2026-03-13_decklist,,13,Living End,Graveyard,MeninoNey,
2026-03-13,Modern,32,,challenge_C32_2026-03-13_decklist,,14,Mardu Blink,Blink,Jedgi,
2026-03-13,Modern,32,,challenge_C32_2026-03-13_decklist,,15,Sultai Ritual,Midrange,strgn7,
2026-03-13,Modern,32,,challenge_C32_2026-03-13_decklist,,16,Domain Zoo,Midrange,Pleyboy,
2026-03-13,Modern,32,,challenge_C32_2026-03-13_decklist,,17,Living End,Graveyard,Comrade1312,
2026-03-13,Modern,32,,challenge_C32_2026-03-13_decklist,,18,Living End,Graveyard,KadettiKersantti,
2026-03-13,Modern,32,,challenge_C32_2026-03-13_decklist,,19,Indomitable Creativity,Combo,Corkyboyy,
2026-03-13,Modern,32,,challenge_C32_2026-03-13_decklist,,20,Boros Energy,Aggro,oscarprod23,
2026-03-13,Modern,32,,challenge_C32_2026-03-13_decklist,,21,Prowess,Aggro,hugeowl,
2026-03-13,Modern,32,,challenge_C32_2026-03-13_decklist,,22,Prowess,Aggro,Killerp0p0,
2026-03-13,Modern,32,,challenge_C32_2026-03-13_decklist,,23,Goryo's Vengeance,Graveyard,Rvng,
2026-03-13,Modern,32,,challenge_C32_2026-03-13_decklist,,24,Ruby Storm,Combo,Malox11,
2026-03-13,Modern,32,,challenge_C32_2026-03-13_decklist,,25,Boros Energy,Aggro,el-pollo-lolo,
2026-03-13,Modern,32,,challenge_C32_2026-03-13_decklist,,26,Boros Energy,Aggro,celobee,
2026-03-13,Modern,32,,challenge_C32_2026-03-13_decklist,,27,Rakdos Midrange,Midrange,maximusdee,
2026-03-13,Modern,32,,challenge_C32_2026-03-13_decklist,,28,Living End,Graveyard,jben,
2026-03-13,Modern,32,,challenge_C32_2026-03-13_decklist,,29,Sultai Ritual,Midrange,KeepAny7vsYou,
2026-03-13,Modern,32,,challenge_C32_2026-03-13_decklist,,30,Living End,Graveyard,Univerce,
2026-03-13,Modern,32,,challenge_C32_2026-03-13_decklist,,31,Dimir Midrange,Midrange,PaulArcher,
2026-03-13,Modern,32,,challenge_C32_2026-03-13_decklist,,32,Boros Energy,Aggro,Flappynaps,
2026-03-14,Modern,32,,challenge_C32_2026-03-14_decklist,,1,Jeskai Blink,Blink,CMack_,
2026-03-14,Modern,32,,challenge_C32_2026-03-14_decklist,,2,Azorius Control,Control,eclipse4343,
2026-03-14,Modern,32,,challenge_C32_2026-03-14_decklist,,3,Eldrazi Ramp,Ramp,LucasG1ggs,
2026-03-14,Modern,32,,challenge_C32_2026-03-14_decklist,,4,Dimir Midrange,Midrange,Sprouts,
2026-03-14,Modern,32,,challenge_C32_2026-03-14_decklist,,5,Eldrazi Tron,Ramp,Scappie,
2026-03-14,Modern,32,,challenge_C32_2026-03-14_decklist,,6,Eldrazi Tron,Ramp,NeoKipper,
2026-03-14,Modern,32,,challenge_C32_2026-03-14_decklist,,7,Sultai Ritual,Midrange,renatoaraujo,
2026-03-14,Modern,32,,challenge_C32_2026-03-14_decklist,,8,Prowess,Aggro,Evariel,
2026-03-14,Modern,32,,challenge_C32_2026-03-14_decklist,,9,Yawgmoth,Midrange,Moorehardcore,
2026-03-14,Modern,32,,challenge_C32_2026-03-14_decklist,,10,Eldrazi Tron,Ramp,mtgobazaar8,
2026-03-14,Modern,32,,challenge_C32_2026-03-14_decklist,,11,Dimir Midrange,Midrange,bless_von,
2026-03-14,Modern,32,,challenge_C32_2026-03-14_decklist,,12,Jeskai Blink,Blink,Dioferreira,
2026-03-14,Modern,32,,challenge_C32_2026-03-14_decklist,,13,Amulet Titan,Combo,tigress,
2026-03-14,Modern,32,,challenge_C32_2026-03-14_decklist,,14,Boros Energy,Aggro,ip_pontes,
2026-03-14,Modern,32,,challenge_C32_2026-03-14_decklist,,15,Affinity,Aggro,jessy_samek,
2026-03-14,Modern,32,,challenge_C32_2026-03-14_decklist,,16,Broodscale Combo,Combo,HelpfulHobo,
2026-03-14,Modern,32,,challenge_C32_2026-03-14_decklist,,17,Boros Energy,Aggro,BWG,
2026-03-14,Modern,32,,challenge_C32_2026-03-14_decklist,,18,4c Omnath,Midrange,selesneal,
2026-03-14,Modern,32,,challenge_C32_2026-03-14_decklist,,19,Rakdos Aggro,Aggro,DragonFodder,
2026-03-14,Modern,32,,challenge_C32_2026-03-14_decklist,,20,Living End,Graveyard,Lord_Beerus,
2026-03-14,Modern,32,,challenge_C32_2026-03-14_decklist,,21,Sultai Ritual,Midrange,_Batutinha_,
2026-03-14,Modern,32,,challenge_C32_2026-03-14_decklist,,22,UBRG,Control,Ztenod,
2026-03-14,Modern,32,,challenge_C32_2026-03-14_decklist,,23,Living End,Graveyard,MeninoNey,
2026-03-14,Modern,32,,challenge_C32_2026-03-14_decklist,,24,Boros Energy,Aggro,SirSemaj429,
2026-03-14,Modern,32,,challenge_C32_2026-03-14_decklist,,25,Boros Energy,Aggro,VizosMTG,
2026-03-14,Modern,32,,challenge_C32_2026-03-14_decklist,,26,Affinity,Aggro,YungDingo,
2026-03-14,Modern,32,,challenge_C32_2026-03-14_decklist,,27,Sam Combo,Combo,SGMY95,
2026-03-14,Modern,32,,challenge_C32_2026-03-14_decklist,,28,Eldrazi Ramp,Ramp,Lightspirit,
2026-03-14,Modern,32,,challenge_C32_2026-03-14_decklist,,29,Boros Energy,Aggro,nahuel10,
2026-03-14,Modern,32,,challenge_C32_2026-03-14_decklist,,30,Boros Energy,Aggro,Pe_Efi,
2026-03-14,Modern,32,,challenge_C32_2026-03-14_decklist,,31,Ruby Storm,Combo,hugofreitas1,
2026-03-14,Modern,32,,challenge_C32_2026-03-14_decklist,,32,Affinity,Aggro,ctm00,
2026-03-14,Modern,64,,challenge_C64_2026-03-14_decklist,,1,Jeskai Blink,Blink,r0cknati0n,
2026-03-14,Modern,64,,challenge_C64_2026-03-14_decklist,,2,Boros Energy,Aggro,Alan07,
2026-03-14,Modern,64,,challenge_C64_2026-03-14_decklist,,3,Boros Energy,Aggro,JuanmaAT,
2026-03-14,Modern,64,,challenge_C64_2026-03-14_decklist,,4,Dimir Midrange,Midrange,alessandro81,
2026-03-14,Modern,64,,challenge_C64_2026-03-14_decklist,,5,Grixis Control,Control,LangeBastian,
2026-03-14,Modern,64,,challenge_C64_2026-03-14_decklist,,6,Jeskai Blink,Blink,John1111,
2026-03-14,Modern,64,,challenge_C64_2026-03-14_decklist,,7,Domain Zoo,Midrange,Imaeda,
2026-03-14,Modern,64,,challenge_C64_2026-03-14_decklist,,8,Boros Energy,Aggro,ip_pontes,
2026-03-14,Modern,64,,challenge_C64_2026-03-14_decklist,,9,Jeskai Blink,Blink,Dioferreira,
2026-03-14,Modern,64,,challenge_C64_2026-03-14_decklist,,10,Jeskai Blink,Blink,Urthstrype,
2026-03-14,Modern,64,,challenge_C64_2026-03-14_decklist,,11,Domain Zoo,Midrange,heredia593,
2026-03-14,Modern,64,,challenge_C64_2026-03-14_decklist,,12,WUBRG,Control,daibloXSC,
2026-03-14,Modern,64,,challenge_C64_2026-03-14_decklist,,13,Living End,Graveyard,TheGodMikeDeVo,
2026-03-14,Modern,64,,challenge_C64_2026-03-14_decklist,,14,Dimir Midrange,Midrange,TSPJendrek,
2026-03-14,Modern,64,,challenge_C64_2026-03-14_decklist,,15,Eldrazi Tron,Ramp,iome922,
2026-03-14,Modern,64,,challenge_C64_2026-03-14_decklist,,16,Living End,Graveyard,JPA93,
2026-03-14,Modern,64,,challenge_C64_2026-03-14_decklist,,17,Prowess,Aggro,Thattaman,
2026-03-14,Modern,64,,challenge_C64_2026-03-14_decklist,,18,Esper Blink,Blink,mh7lucky,
2026-03-14,Modern,64,,challenge_C64_2026-03-14_decklist,,19,Boros Energy,Aggro,ecoeon,
2026-03-14,Modern,64,,challenge_C64_2026-03-14_decklist,,20,Prowess,Aggro,pepeteam,
2026-03-14,Modern,64,,challenge_C64_2026-03-14_decklist,,21,Goryo's Vengeance,Graveyard,Oderus Urungus,
2026-03-14,Modern,64,,challenge_C64_2026-03-14_decklist,,22,Eldrazi Ramp,Ramp,LucasG1ggs,
2026-03-14,Modern,64,,challenge_C64_2026-03-14_decklist,,23,Domain Zoo,Midrange,Boin,
2026-03-14,Modern,64,,challenge_C64_2026-03-14_decklist,,24,Eldrazi Tron,Ramp,PneumaticDragon,
2026-03-14,Modern,64,,challenge_C64_2026-03-14_decklist,,25,Belcher,Combo,SafetyHazard,
2026-03-14,Modern,64,,challenge_C64_2026-03-14_decklist,,26,Amulet Titan,Combo,Croco-polarbear,
2026-03-14,Modern,64,,challenge_C64_2026-03-14_decklist,,27,Boros Energy,Aggro,Slimreaper060,
2026-03-14,Modern,64,,challenge_C64_2026-03-14_decklist,,28,Ruby Storm,Combo,ice_nine_BIGFAN,
2026-03-14,Modern,64,,challenge_C64_2026-03-14_decklist,,29,Prowess,Aggro,MagicalSnap,
2026-03-14,Modern,64,,challenge_C64_2026-03-14_decklist,,30,Eldrazi Tron,Ramp,Devoured,
2026-03-14,Modern,64,,challenge_C64_2026-03-14_decklist,,31,Mardu Blink,Blink,Jedgi,
2026-03-14,Modern,64,,challenge_C64_2026-03-14_decklist,,32,Eldrazi Ramp,Ramp,MTGWojtek,
2026-03-15,Modern,32,,challenge_C32_2026-03-15_decklist,,1,Jeskai Blink,Blink,Spellyp,
2026-03-15,Modern,32,,challenge_C32_2026-03-15_decklist,,2,Prowess,Aggro,nahuel10,
2026-03-15,Modern,32,,challenge_C32_2026-03-15_decklist,,3,Ruby Storm,Combo,nprism,
2026-03-15,Modern,32,,challenge_C32_2026-03-15_decklist,,4,W,Aggro,Fugate,
2026-03-15,Modern,32,,challenge_C32_2026-03-15_decklist,,5,Prowess,Aggro,termidor,
2026-03-15,Modern,32,,challenge_C32_2026-03-15_decklist,,6,Eldrazi Ramp,Ramp,newbarola,
2026-03-15,Modern,32,,challenge_C32_2026-03-15_decklist,,7,Amulet Titan,Combo,Capriccioso,
2026-03-15,Modern,32,,challenge_C32_2026-03-15_decklist,,8,Boros Energy,Aggro,B-Carp,
2026-03-15,Modern,32,,challenge_C32_2026-03-15_decklist,,9,Boros Energy,Aggro,el-pollo-lolo,
2026-03-15,Modern,32,,challenge_C32_2026-03-15_decklist,,10,Boros Energy,Aggro,ejk,
2026-03-15,Modern,32,,challenge_C32_2026-03-15_decklist,,11,Living End,Graveyard,Micc1313,
2026-03-15,Modern,32,,challenge_C32_2026-03-15_decklist,,12,Amulet Titan,Combo,Mistakenn,
2026-03-15,Modern,32,,challenge_C32_2026-03-15_decklist,,13,Boros Energy,Aggro,NJ5030,
2026-03-15,Modern,32,,challenge_C32_2026-03-15_decklist,,14,Jeskai Blink,Blink,Dioferreira,
2026-03-15,Modern,32,,challenge_C32_2026-03-15_decklist,,15,Amulet Titan,Combo,reidq7,
2026-03-15,Modern,32,,challenge_C32_2026-03-15_decklist,,16,Prowess,Aggro,JustCallMeJick,
2026-03-15,Modern,32,,challenge_C32_2026-03-15_decklist,,17,Tron,Ramp,dorayaki6020,
2026-03-15,Modern,32,,challenge_C32_2026-03-15_decklist,,18,Affinity,Aggro,E_Kaminuma,
2026-03-15,Modern,32,,challenge_C32_2026-03-15_decklist,,19,Eldrazi Tron,Ramp,jessy_samek,
2026-03-15,Modern,32,,challenge_C32_2026-03-15_decklist,,20,Sultai Ritual,Midrange,SorryImSoTilted,
2026-03-15,Modern,32,,challenge_C32_2026-03-15_decklist,,21,Prowess,Aggro,NathanOfTheGiltLeaf,
2026-03-15,Modern,32,,challenge_C32_2026-03-15_decklist,,22,Rakdos Aggro,Aggro,DragonFodder,
2026-03-15,Modern,32,,challenge_C32_2026-03-15_decklist,,23,Eldrazi Tron,Ramp,leandru,
2026-03-15,Modern,32,,challenge_C32_2026-03-15_decklist,,24,Boros Energy,Aggro,DemianDesposito10,
2026-03-15,Modern,32,,challenge_C32_2026-03-15_decklist,,25,Prowess,Aggro,AvianScrolls,
2026-03-15,Modern,32,,challenge_C32_2026-03-15_decklist,,26,Azorius Control,Control,gooplay1,
2026-03-15,Modern,32,,challenge_C32_2026-03-15_decklist,,27,Domain Zoo,Midrange,TingInTheRice,
2026-03-15,Modern,32,,challenge_C32_2026-03-15_decklist,,28,Prowess,Aggro,MyrRetriever,
2026-03-15,Modern,32,,challenge_C32_2026-03-15_decklist,,29,Living End,Graveyard,GriselSram,
2026-03-15,Modern,32,,challenge_C32_2026-03-15_decklist,,30,Eldrazi Tron,Ramp,chumgod,
2026-03-15,Modern,32,,challenge_C32_2026-03-15_decklist,,31,Ruby Storm,Combo,N0000000B,
2026-03-15,Modern,32,,challenge_C32_2026-03-15_decklist,,32,Boros Energy,Aggro,LaRougeMTG,
2026-03-16,Modern,32,,challenge_C32_2026-03-16_decklist,,1,Goryo's Vengeance,Graveyard,kthanakit26,
2026-03-16,Modern,32,,challenge_C32_2026-03-16_decklist,,2,Boros Energy,Aggro,jayrod115,
2026-03-16,Modern,32,,challenge_C32_2026-03-16_decklist,,3,Amulet Titan,Combo,tigress,
2026-03-16,Modern,32,,challenge_C32_2026-03-16_decklist,,4,Boros Energy,Aggro,ejk,
2026-03-16,Modern,32,,challenge_C32_2026-03-16_decklist,,5,Affinity,Aggro,jussupinator,
2026-03-16,Modern,32,,challenge_C32_2026-03-16_decklist,,6,Amulet Titan,Combo,Kollslaw,
2026-03-16,Modern,32,,challenge_C32_2026-03-16_decklist,,7,Prowess,Aggro,duke12,
2026-03-16,Modern,32,,challenge_C32_2026-03-16_decklist,,8,Goryo's Vengeance,Graveyard,No_e_that_knows,
2026-03-16,Modern,32,,challenge_C32_2026-03-16_decklist,,9,Boros Energy,Aggro,jakobpablo,
2026-03-16,Modern,32,,challenge_C32_2026-03-16_decklist,,10,Amulet Titan,Combo,Mistakenn,
2026-03-16,Modern,32,,challenge_C32_2026-03-16_decklist,,11,Living End,Graveyard,niuwaid001,
2026-03-16,Modern,32,,challenge_C32_2026-03-16_decklist,,12,Boros Energy,Aggro,Infinitea,
2026-03-16,Modern,32,,challenge_C32_2026-03-16_decklist,,13,Jeskai Blink,Blink,Dioferreira,
2026-03-16,Modern,32,,challenge_C32_2026-03-16_decklist,,14,Boros Energy,Aggro,bless_von,
2026-03-16,Modern,32,,challenge_C32_2026-03-16_decklist,,15,Affinity,Aggro,Samcaster-Mage,
2026-03-16,Modern,32,,challenge_C32_2026-03-16_decklist,,16,Eldrazi Tron,Ramp,eggybenny,
2026-03-16,Modern,32,,challenge_C32_2026-03-16_decklist,,17,Boros Energy,Aggro,jicklemania,
2026-03-16,Modern,32,,challenge_C32_2026-03-16_decklist,,18,Boros Energy,Aggro,lazerbeam,
2026-03-16,Modern,32,,challenge_C32_2026-03-16_decklist,,19,Boros Energy,Aggro,ip_pontes,
2026-03-16,Modern,32,,challenge_C32_2026-03-16_decklist,,20,Esper Blink,Blink,yolad,
2026-03-16,Modern,32,,challenge_C32_2026-03-16_decklist,,21,Boros Energy,Aggro,MagicianMagico,
2026-03-16,Modern,32,,challenge_C32_2026-03-16_decklist,,22,Prowess,Aggro,moreno13,
2026-03-16,Modern,32,,challenge_C32_2026-03-16_decklist,,23,Affinity,Aggro,ChinaNO2,
2026-03-16,Modern,32,,challenge_C32_2026-03-16_decklist,,24,Prowess,Aggro,Xsper,
2026-03-16,Modern,32,,challenge_C32_2026-03-16_decklist,,25,Grixis Midrange,Midrange,MisterTwin,
2026-03-16,Modern,32,,challenge_C32_2026-03-16_decklist,,26,Dimir Mill,Combo,zhepir,
2026-03-16,Modern,32,,challenge_C32_2026-03-16_decklist,,27,Affinity,Aggro,jessy_samek,
2026-03-16,Modern,32,,challenge_C32_2026-03-16_decklist,,28,Prowess,Aggro,Raizeer,
2026-03-16,Modern,32,,challenge_C32_2026-03-16_decklist,,29,Azorius Control,Control,eclipse4343,
2026-03-16,Modern,32,,challenge_C32_2026-03-16_decklist,,30,Dimir Midrange,Midrange,zturchan,
2026-03-16,Modern,32,,challenge_C32_2026-03-16_decklist,,31,Jeskai Blink,Blink,peter780108,
2026-03-16,Modern,32,,challenge_C32_2026-03-16_decklist,,32,UBRG,Control,Ztenod,
2026-03-17,Modern,64,,challenge_C64_2026-03-17_decklist,,1,Eldrazi Tron,Ramp,Jumba,
2026-03-17,Modern,64,,challenge_C64_2026-03-17_decklist,,2,Jeskai Blink,Blink,Chichichi,
2026-03-17,Modern,64,,challenge_C64_2026-03-17_decklist,,3,Boros Energy,Aggro,MtgoUser031832121,
2026-03-17,Modern,64,,challenge_C64_2026-03-17_decklist,,4,Jeskai Blink,Blink,Dioferreira,
2026-03-17,Modern,64,,challenge_C64_2026-03-17_decklist,,5,Boros Energy,Aggro,AFX,
2026-03-17,Modern,64,,challenge_C64_2026-03-17_decklist,,6,Mono-Black Midrange,Midrange,SoIMBAGallade,
2026-03-17,Modern,64,,challenge_C64_2026-03-17_decklist,,7,Prowess,Aggro,Sven745,
2026-03-17,Modern,64,,challenge_C64_2026-03-17_decklist,,8,Prowess,Aggro,O_danielakos,
2026-03-17,Modern,64,,challenge_C64_2026-03-17_decklist,,9,Living End,Graveyard,JPA93,
2026-03-17,Modern,64,,challenge_C64_2026-03-17_decklist,,10,Broodscale Combo,Combo,PedroPolukranos,
2026-03-17,Modern,64,,challenge_C64_2026-03-17_decklist,,11,UG,Combo,Univerce,
2026-03-17,Modern,64,,challenge_C64_2026-03-17_decklist,,12,Boros Energy,Aggro,SHUANEEHOG,
2026-03-17,Modern,64,,challenge_C64_2026-03-17_decklist,,13,Boros Energy,Aggro,LucasG1ggs,
2026-03-17,Modern,64,,challenge_C64_2026-03-17_decklist,,14,Boros Energy,Aggro,hardfight,
2026-03-17,Modern,64,,challenge_C64_2026-03-17_decklist,,15,Living End,Graveyard,MeninoNey,
2026-03-17,Modern,64,,challenge_C64_2026-03-17_decklist,,16,Mardu Blink,Blink,Jedgi,
2026-03-17,Modern,64,,challenge_C64_2026-03-17_decklist,,17,Jeskai Blink,Blink,Misplacedginger,
2026-03-17,Modern,64,,challenge_C64_2026-03-17_decklist,,18,Boros Energy,Aggro,mechrataal,
2026-03-17,Modern,64,,challenge_C64_2026-03-17_decklist,,19,Affinity,Aggro,cigarettesaftershrek,
2026-03-17,Modern,64,,challenge_C64_2026-03-17_decklist,,20,Ruby Storm,Combo,azax,
2026-03-17,Modern,64,,challenge_C64_2026-03-17_decklist,,21,Jeskai Blink,Blink,_ruda_,
2026-03-17,Modern,64,,challenge_C64_2026-03-17_decklist,,22,Living End,Graveyard,416FrowningTable,
2026-03-17,Modern,64,,challenge_C64_2026-03-17_decklist,,23,Boros Energy,Aggro,Thalai,
2026-03-17,Modern,64,,challenge_C64_2026-03-17_decklist,,24,Boros Energy,Aggro,TheColorOfBoom,
2026-03-17,Modern,64,,challenge_C64_2026-03-17_decklist,,25,Prowess,Aggro,nahuel10,
2026-03-17,Modern,64,,challenge_C64_2026-03-17_decklist,,26,Jeskai Blink,Blink,fencingbrick,
2026-03-17,Modern,64,,challenge_C64_2026-03-17_decklist,,27,Mardu Energy,Aggro,Linden_43,
2026-03-17,Modern,64,,challenge_C64_2026-03-17_decklist,,28,Ruby Storm,Combo,Cachorrowo,
2026-03-17,Modern,64,,challenge_C64_2026-03-17_decklist,,29,Domain Zoo,Midrange,soggymeatball,
2026-03-17,Modern,64,,challenge_C64_2026-03-17_decklist,,30,Orzhov Blink,Blink,StormQrow,
2026-03-17,Modern,64,,challenge_C64_2026-03-17_decklist,,31,Boros Energy,Aggro,GothMuse,
2026-03-17,Modern,64,,challenge_C64_2026-03-17_decklist,,32,Boros Energy,Aggro,Patriones,
2026-03-18,Modern,32,,challenge_C32_2026-03-18_decklist,,1,Eldrazi Tron,Ramp,Wagadel,
2026-03-18,Modern,32,,challenge_C32_2026-03-18_decklist,,2,Jeskai Control,Control,YopopMTG,
2026-03-18,Modern,32,,challenge_C32_2026-03-18_decklist,,3,Boros Energy,Aggro,Sorathrix,
2026-03-18,Modern,32,,challenge_C32_2026-03-18_decklist,,4,Goryo's Vengeance,Graveyard,brag1,
2026-03-18,Modern,32,,challenge_C32_2026-03-18_decklist,,5,Jeskai Blink,Blink,Misplacedginger,
2026-03-18,Modern,32,,challenge_C32_2026-03-18_decklist,,6,Amulet Titan,Combo,NathanOfTheGiltLeaf,
2026-03-18,Modern,32,,challenge_C32_2026-03-18_decklist,,7,Affinity,Aggro,Bugsy69,
2026-03-18,Modern,32,,challenge_C32_2026-03-18_decklist,,8,Goryo's Vengeance,Graveyard,mei0024,
2026-03-18,Modern,32,,challenge_C32_2026-03-18_decklist,,9,Prowess,Aggro,JPA93,
2026-03-18,Modern,32,,challenge_C32_2026-03-18_decklist,,10,Living End,Graveyard,Univerce,
2026-03-18,Modern,32,,challenge_C32_2026-03-18_decklist,,11,Ruby Storm,Combo,Nuserdog,
2026-03-18,Modern,32,,challenge_C32_2026-03-18_decklist,,12,Eldrazi Tron,Ramp,roter_Erzengel,
2026-03-18,Modern,32,,challenge_C32_2026-03-18_decklist,,13,Ruby Storm,Combo,Cachorrowo,
2026-03-18,Modern,32,,challenge_C32_2026-03-18_decklist,,14,Rakdos Midrange,Midrange,Dudarudi,
2026-03-18,Modern,32,,challenge_C32_2026-03-18_decklist,,15,Jeskai Blink,Blink,Chichichi,
2026-03-18,Modern,32,,challenge_C32_2026-03-18_decklist,,16,Boros Energy,Aggro,Scorpion100,
2026-03-18,Modern,32,,challenge_C32_2026-03-18_decklist,,17,Jeskai Blink,Blink,katuo079595,
2026-03-18,Modern,32,,challenge_C32_2026-03-18_decklist,,18,Living End,Graveyard,MeninoNey,
2026-03-18,Modern,32,,challenge_C32_2026-03-18_decklist,,19,Boros Energy,Aggro,GothMuse,
2026-03-18,Modern,32,,challenge_C32_2026-03-18_decklist,,20,Boros Energy,Aggro,Impshadowknight,
2026-03-18,Modern,32,,challenge_C32_2026-03-18_decklist,,21,Eldrazi Tron,Ramp,Birdstrike1999,
2026-03-18,Modern,32,,challenge_C32_2026-03-18_decklist,,22,Amulet Titan,Combo,Mistakenn,
2026-03-18,Modern,32,,challenge_C32_2026-03-18_decklist,,23,Grixis Midrange,Midrange,LethargicPear,
2026-03-18,Modern,32,,challenge_C32_2026-03-18_decklist,,24,Prowess,Aggro,Xsper,
2026-03-18,Modern,32,,challenge_C32_2026-03-18_decklist,,25,Boros Energy,Aggro,el-pollo-lolo,
2026-03-18,Modern,32,,challenge_C32_2026-03-18_decklist,,26,Living End,Graveyard,Stayconf,
2026-03-18,Modern,32,,challenge_C32_2026-03-18_decklist,,27,Ruby Storm,Combo,N3to,
2026-03-18,Modern,32,,challenge_C32_2026-03-18_decklist,,28,Amulet Titan,Combo,KanyMTG,
2026-03-18,Modern,32,,challenge_C32_2026-03-18_decklist,,29,Boros Energy,Aggro,PaulArcher,
2026-03-18,Modern,32,,challenge_C32_2026-03-18_decklist,,30,Yawgmoth,Midrange,kachiku_san,
2026-03-18,Modern,32,,challenge_C32_2026-03-18_decklist,,31,Jeskai Blink,Blink,Capitano_CL,
2026-03-18,Modern,32,,challenge_C32_2026-03-18_decklist,,32,Boros Energy,Aggro,p1gogang,
2026-03-19,Modern,64,,challenge_C64_2026-03-19_decklist,,1,Jeskai Blink,Blink,McWinSauce,
2026-03-19,Modern,64,,challenge_C64_2026-03-19_decklist,,2,Rakdos Midrange,Midrange,Dudarudi,
2026-03-19,Modern,64,,challenge_C64_2026-03-19_decklist,,3,Affinity,Aggro,hermanomlg,
2026-03-19,Modern,64,,challenge_C64_2026-03-19_decklist,,4,Esper Blink,Blink,mh7lucky,
2026-03-19,Modern,64,,challenge_C64_2026-03-19_decklist,,5,Boros Energy,Aggro,Sorathrix,
2026-03-19,Modern,64,,challenge_C64_2026-03-19_decklist,,6,Grixis Midrange,Midrange,MisterTwin,
2026-03-19,Modern,64,,challenge_C64_2026-03-19_decklist,,7,Living End,Graveyard,MeninoNey,
2026-03-19,Modern,64,,challenge_C64_2026-03-19_decklist,,8,Eldrazi Tron,Ramp,Scappie,
2026-03-19,Modern,64,,challenge_C64_2026-03-19_decklist,,9,Domain Zoo,Midrange,Imaeda,
2026-03-19,Modern,64,,challenge_C64_2026-03-19_decklist,,10,Affinity,Aggro,PieGonti,
2026-03-19,Modern,64,,challenge_C64_2026-03-19_decklist,,11,Grixis Control,Control,ganache1127,
2026-03-19,Modern,64,,challenge_C64_2026-03-19_decklist,,12,Eldrazi Tron,Ramp,Jumba,
2026-03-19,Modern,64,,challenge_C64_2026-03-19_decklist,,13,Domain Zoo,Midrange,Pleyboy,
2026-03-19,Modern,64,,challenge_C64_2026-03-19_decklist,,14,Goryo's Vengeance,Graveyard,Rvng,
2026-03-19,Modern,64,,challenge_C64_2026-03-19_decklist,,15,Boros Energy,Aggro,celobee,
2026-03-19,Modern,64,,challenge_C64_2026-03-19_decklist,,16,Ruby Storm,Combo,Cachorrowo,
2026-03-19,Modern,64,,challenge_C64_2026-03-19_decklist,,17,Eldrazi Tron,Ramp,Devoured,
2026-03-19,Modern,64,,challenge_C64_2026-03-19_decklist,,18,Prowess,Aggro,MatheusPonciano,
2026-03-19,Modern,64,,challenge_C64_2026-03-19_decklist,,19,Grixis Reanimator,Graveyard,hunnhu,
2026-03-19,Modern,64,,challenge_C64_2026-03-19_decklist,,20,Goryo's Vengeance,Graveyard,No_e_that_knows,
2026-03-19,Modern,64,,challenge_C64_2026-03-19_decklist,,21,Grixis Reanimator,Graveyard,SaltyXD,
2026-03-19,Modern,64,,challenge_C64_2026-03-19_decklist,,22,Living End,Graveyard,MATTOMARINAIO,
2026-03-19,Modern,64,,challenge_C64_2026-03-19_decklist,,23,Boros Energy,Aggro,mhc2cd40,
2026-03-19,Modern,64,,challenge_C64_2026-03-19_decklist,,24,Sultai Ritual,Midrange,_Batutinha_,
2026-03-19,Modern,64,,challenge_C64_2026-03-19_decklist,,25,Boros Energy,Aggro,Bahamut147,
2026-03-19,Modern,64,,challenge_C64_2026-03-19_decklist,,26,Dimir Midrange,Midrange,aplapp,
2026-03-19,Modern,64,,challenge_C64_2026-03-19_decklist,,27,Affinity,Aggro,pepeteam,
2026-03-19,Modern,64,,challenge_C64_2026-03-19_decklist,,28,Living End,Graveyard,LegacyGrinder,
2026-03-19,Modern,64,,challenge_C64_2026-03-19_decklist,,29,Eldrazi Tron,Ramp,fazparte,
2026-03-19,Modern,64,,challenge_C64_2026-03-19_decklist,,30,Boros Energy,Aggro,BiIIyBruto,
2026-03-19,Modern,64,,challenge_C64_2026-03-19_decklist,,31,Jeskai Blink,Blink,_Tia93_,
2026-03-19,Modern,64,,challenge_C64_2026-03-19_decklist,,32,Affinity,Aggro,JJ,
2026-03-20,Modern,32,,challenge_C32_2026-03-20_decklist,,1,Esper Blink,Blink,Omegauo,
2026-03-20,Modern,32,,challenge_C32_2026-03-20_decklist,,2,Amulet Titan,Combo,WeareVenom,
2026-03-20,Modern,32,,challenge_C32_2026-03-20_decklist,,3,Jeskai Blink,Blink,McWinSauce,
2026-03-20,Modern,32,,challenge_C32_2026-03-20_decklist,,4,Boros Energy,Aggro,TentacleFan,
2026-03-20,Modern,32,,challenge_C32_2026-03-20_decklist,,5,Jeskai Blink,Blink,Corkyboyy,
2026-03-20,Modern,32,,challenge_C32_2026-03-20_decklist,,6,Domain Zoo,Midrange,DB_makeitcat,
2026-03-20,Modern,32,,challenge_C32_2026-03-20_decklist,,7,Prowess,Aggro,SvenSveeterSven,
2026-03-20,Modern,32,,challenge_C32_2026-03-20_decklist,,8,Living End,Graveyard,MyPotatoes,
2026-03-20,Modern,32,,challenge_C32_2026-03-20_decklist,,9,Amulet Titan,Combo,NathanOfTheGiltLeaf,
2026-03-20,Modern,32,,challenge_C32_2026-03-20_decklist,,10,Living End,Graveyard,MeninoNey,
2026-03-20,Modern,32,,challenge_C32_2026-03-20_decklist,,11,Boros Energy,Aggro,fazparte,
2026-03-20,Modern,32,,challenge_C32_2026-03-20_decklist,,12,Ruby Storm,Combo,Alakai,
2026-03-20,Modern,32,,challenge_C32_2026-03-20_decklist,,13,Affinity,Aggro,slaxx,
2026-03-20,Modern,32,,challenge_C32_2026-03-20_decklist,,14,Eldrazi Tron,Ramp,kuriroy2567,
2026-03-20,Modern,32,,challenge_C32_2026-03-20_decklist,,15,Affinity,Aggro,sioutis_kk,
2026-03-20,Modern,32,,challenge_C32_2026-03-20_decklist,,16,Jeskai Blink,Blink,iAndrew,
2026-03-20,Modern,32,,challenge_C32_2026-03-20_decklist,,17,Prowess,Aggro,mechrataal,
2026-03-20,Modern,32,,challenge_C32_2026-03-20_decklist,,18,Dimir Midrange,Midrange,JakeTMS,
2026-03-20,Modern,32,,challenge_C32_2026-03-20_decklist,,19,Domain Zoo,Midrange,Zolazar,
2026-03-20,Modern,32,,challenge_C32_2026-03-20_decklist,,20,Goryo's Vengeance,Graveyard,Lufia,
2026-03-20,Modern,32,,challenge_C32_2026-03-20_decklist,,21,Esper Blink,Blink,Aced5,
2026-03-20,Modern,32,,challenge_C32_2026-03-20_decklist,,22,Ruby Storm,Combo,Cachorrowo,
2026-03-20,Modern,32,,challenge_C32_2026-03-20_decklist,,23,Jeskai Blink,Blink,CliffBoyardee,
2026-03-20,Modern,32,,challenge_C32_2026-03-20_decklist,,24,Boros Energy,Aggro,GothMuse,
2026-03-20,Modern,32,,challenge_C32_2026-03-20_decklist,,25,Sultai Ritual,Midrange,Dioferreira,
2026-03-20,Modern,32,,challenge_C32_2026-03-20_decklist,,26,Sultai Ritual,Midrange,LethargicPear,
2026-03-20,Modern,32,,challenge_C32_2026-03-20_decklist,,27,Grixis Death's Shadow,Aggro,Crunix,
2026-03-20,Modern,32,,challenge_C32_2026-03-20_decklist,,28,Goryo's Vengeance,Graveyard,groot02,
2026-03-20,Modern,32,,challenge_C32_2026-03-20_decklist,,29,Boros Energy,Aggro,mhc2cd40,
2026-03-20,Modern,32,,challenge_C32_2026-03-20_decklist,,30,Boros Energy,Aggro,SHUANEEHOG,
2026-03-20,Modern,32,,challenge_C32_2026-03-20_decklist,,31,Amulet Titan,Combo,Kevincito,
2026-03-20,Modern,32,,challenge_C32_2026-03-20_decklist,,32,Ruby Storm,Combo,-=Alfa=-,
2026-03-22,Modern,32,,challenge_C32_2026-03-22_decklist,,1,Yawgmoth,Midrange,TheMeatMan,
2026-03-22,Modern,32,,challenge_C32_2026-03-22_decklist,,2,Jeskai Blink,Blink,MTGHolic,
2026-03-22,Modern,32,,challenge_C32_2026-03-22_decklist,,3,Jeskai Blink,Blink,Misplacedginger,
2026-03-22,Modern,32,,challenge_C32_2026-03-22_decklist,,4,Jeskai Blink,Blink,Venom1,
2026-03-22,Modern,32,,challenge_C32_2026-03-22_decklist,,5,Boros Energy,Aggro,Comrade1312,
2026-03-22,Modern,32,,challenge_C32_2026-03-22_decklist,,6,Amulet Titan,Combo,NathanOfTheGiltLeaf,
2026-03-22,Modern,32,,challenge_C32_2026-03-22_decklist,,7,Jeskai Blink,Blink,RRozanski,
2026-03-22,Modern,32,,challenge_C32_2026-03-22_decklist,,8,Boros Energy,Aggro,chumgod,
2026-03-22,Modern,32,,challenge_C32_2026-03-22_decklist,,9,Boros Energy,Aggro,xfile,
2026-03-22,Modern,32,,challenge_C32_2026-03-22_decklist,,10,Boros Energy,Aggro,Mortaa,
2026-03-22,Modern,32,,challenge_C32_2026-03-22_decklist,,11,Grixis Midrange,Midrange,_Falcon_,
2026-03-22,Modern,32,,challenge_C32_2026-03-22_decklist,,12,Amulet Titan,Combo,Kollslaw,
2026-03-22,Modern,32,,challenge_C32_2026-03-22_decklist,,13,Prowess,Aggro,oOMegaGenesis,
2026-03-22,Modern,32,,challenge_C32_2026-03-22_decklist,,14,Jeskai Blink,Blink,CliffBoyardee,
2026-03-22,Modern,32,,challenge_C32_2026-03-22_decklist,,15,Eldrazi Tron,Ramp,notoary,
2026-03-22,Modern,32,,challenge_C32_2026-03-22_decklist,,16,Jeskai Blink,Blink,Dioferreira,
2026-03-22,Modern,32,,challenge_C32_2026-03-22_decklist,,17,Living End,Graveyard,TheFireGolem,
2026-03-22,Modern,32,,challenge_C32_2026-03-22_decklist,,18,Eldrazi Tron,Ramp,DerpityDerpz,
2026-03-22,Modern,32,,challenge_C32_2026-03-22_decklist,,19,Grixis Midrange,Midrange,RandomOctopus,
2026-03-22,Modern,32,,challenge_C32_2026-03-22_decklist,,20,Jeskai Blink,Blink,bless_von,
2026-03-22,Modern,32,,challenge_C32_2026-03-22_decklist,,21,Esper Blink,Blink,Barneygumbal,
2026-03-22,Modern,32,,challenge_C32_2026-03-22_decklist,,22,Eldrazi Tron,Ramp,LegacyGrinder,
2026-03-22,Modern,32,,challenge_C32_2026-03-22_decklist,,23,Jeskai Control,Control,HugoVenda,
2026-03-22,Modern,32,,challenge_C32_2026-03-22_decklist,,24,Through the Breach,Combo,ScreenwriterNY,
2026-03-22,Modern,32,,challenge_C32_2026-03-22_decklist,,25,Belcher,Combo,NJAMTG,
2026-03-22,Modern,32,,challenge_C32_2026-03-22_decklist,,26,Goryo's Vengeance,Graveyard,Lineman5454,
2026-03-22,Modern,32,,challenge_C32_2026-03-22_decklist,,27,Rakdos Aggro,Aggro,DragonFodder,
2026-03-22,Modern,32,,challenge_C32_2026-03-22_decklist,,28,Prowess,Aggro,Xsper,
2026-03-22,Modern,32,,challenge_C32_2026-03-22_decklist,,29,Jeskai Blink,Blink,Rexplosion,
2026-03-22,Modern,32,,challenge_C32_2026-03-22_decklist,,30,Asmo Food,Combo,internetsurfer09,
2026-03-22,Modern,32,,challenge_C32_2026-03-22_decklist,,31,Eldrazi Tron,Ramp,Dlihchtarw,
2026-03-22,Modern,32,,challenge_C32_2026-03-22_decklist,,32,Living End,Graveyard,TheGodMikeDeVo,
2026-03-23,Modern,32,,challenge_C32_2026-03-23_decklist,,1,Living End,Graveyard,niuwaid001,
2026-03-23,Modern,32,,challenge_C32_2026-03-23_decklist,,2,Prowess,Aggro,Xsper,
2026-03-23,Modern,32,,challenge_C32_2026-03-23_decklist,,3,Living End,Graveyard,selesneal,
2026-03-23,Modern,32,,challenge_C32_2026-03-23_decklist,,4,Living End,Graveyard,Milkshake_,
2026-03-23,Modern,32,,challenge_C32_2026-03-23_decklist,,5,Boros Energy,Aggro,thatguy_champ,
2026-03-23,Modern,32,,challenge_C32_2026-03-23_decklist,,6,Boros Energy,Aggro,Anthaaang,
2026-03-23,Modern,32,,challenge_C32_2026-03-23_decklist,,7,Jeskai Blink,Blink,Misplacedginger,
2026-03-23,Modern,32,,challenge_C32_2026-03-23_decklist,,8,Boros Energy,Aggro,bcs8995,
2026-03-23,Modern,32,,challenge_C32_2026-03-23_decklist,,9,Affinity,Aggro,ChinaNO2,
2026-03-23,Modern,32,,challenge_C32_2026-03-23_decklist,,10,Broodscale Combo,Combo,HelpfulHobo,
2026-03-23,Modern,32,,challenge_C32_2026-03-23_decklist,,11,Boros Energy,Aggro,xfile,
2026-03-23,Modern,32,,challenge_C32_2026-03-23_decklist,,12,Affinity,Aggro,STRONKSMASH,
2026-03-23,Modern,32,,challenge_C32_2026-03-23_decklist,,13,Jeskai Blink,Blink,_Babbuja_,
2026-03-23,Modern,32,,challenge_C32_2026-03-23_decklist,,14,Ruby Storm,Combo,Capitano_CL,
2026-03-23,Modern,32,,challenge_C32_2026-03-23_decklist,,15,Prowess,Aggro,nahuel10,
2026-03-23,Modern,32,,challenge_C32_2026-03-23_decklist,,16,Affinity,Aggro,ResponsiblyStupid,
2026-03-23,Modern,32,,challenge_C32_2026-03-23_decklist,,17,Eldrazi Tron,Ramp,WaffleWiz,
2026-03-23,Modern,32,,challenge_C32_2026-03-23_decklist,,18,Boros Energy,Aggro,GothMuse,
2026-03-23,Modern,32,,challenge_C32_2026-03-23_decklist,,19,Affinity,Aggro,solaec0501,
2026-03-23,Modern,32,,challenge_C32_2026-03-23_decklist,,20,Boros Energy,Aggro,LaRougeMTG,
2026-03-23,Modern,32,,challenge_C32_2026-03-23_decklist,,21,Grixis Reanimator,Graveyard,Wiltron92,
2026-03-23,Modern,32,,challenge_C32_2026-03-23_decklist,,22,Prowess,Aggro,eggybenny,
2026-03-23,Modern,32,,challenge_C32_2026-03-23_decklist,,23,Affinity,Aggro,Zarathustra,
2026-03-23,Modern,32,,challenge_C32_2026-03-23_decklist,,24,Grixis Midrange,Midrange,kcomedina,
2026-03-23,Modern,32,,challenge_C32_2026-03-23_decklist,,25,Kethis Combo,Combo,mosh_joscoe,
2026-03-23,Modern,32,,challenge_C32_2026-03-23_decklist,,26,Living End,Graveyard,Lord_Beerus,
2026-03-23,Modern,32,,challenge_C32_2026-03-23_decklist,,27,Jeskai Control,Control,ganache1127,
2026-03-23,Modern,32,,challenge_C32_2026-03-23_decklist,,28,Goryo's Vengeance,Graveyard,internetsurfer09,
2026-03-23,Modern,32,,challenge_C32_2026-03-23_decklist,,29,Boros Energy,Aggro,VizosMTG,
2026-03-23,Modern,32,,challenge_C32_2026-03-23_decklist,,30,Eldrazi Tron,Ramp,bowie21,
2026-03-23,Modern,32,,challenge_C32_2026-03-23_decklist,,31,Eldrazi Tron,Ramp,Tunaktunak,
2026-03-23,Modern,32,,challenge_C32_2026-03-23_decklist,,32,Eldrazi Tron,Ramp,Dlihchtarw,
2026-03-24,Modern,64,,challenge_C64_2026-03-24_decklist,,1,Ruby Storm,Combo,Scandimaniac,
2026-03-24,Modern,64,,challenge_C64_2026-03-24_decklist,,2,Boros Energy,Aggro,Lennny,
2026-03-24,Modern,64,,challenge_C64_2026-03-24_decklist,,3,Boros Energy,Aggro,_ruda_,
2026-03-24,Modern,64,,challenge_C64_2026-03-24_decklist,,4,Boros Energy,Aggro,VizosMTG,
2026-03-24,Modern,64,,challenge_C64_2026-03-24_decklist,,5,Prowess,Aggro,JPA93,
2026-03-24,Modern,64,,challenge_C64_2026-03-24_decklist,,6,Goryo's Vengeance,Graveyard,No_e_that_knows,
2026-03-24,Modern,64,,challenge_C64_2026-03-24_decklist,,7,Living End,Graveyard,MeninoNey,
2026-03-24,Modern,64,,challenge_C64_2026-03-24_decklist,,8,4c Omnath,Midrange,shadow438,
2026-03-24,Modern,64,,challenge_C64_2026-03-24_decklist,,9,Affinity,Aggro,Sven745,
2026-03-24,Modern,64,,challenge_C64_2026-03-24_decklist,,10,Azorius Control,Control,TrueHero,
2026-03-24,Modern,64,,challenge_C64_2026-03-24_decklist,,11,Goryo's Vengeance,Graveyard,KingChainsaw,
2026-03-24,Modern,64,,challenge_C64_2026-03-24_decklist,,12,Boros Energy,Aggro,jvidarte,
2026-03-24,Modern,64,,challenge_C64_2026-03-24_decklist,,13,Boros Energy,Aggro,xfile,
2026-03-24,Modern,64,,challenge_C64_2026-03-24_decklist,,14,Living End,Graveyard,joaoclaudioms,
2026-03-24,Modern,64,,challenge_C64_2026-03-24_decklist,,15,Boros Energy,Aggro,HolaChico,
2026-03-24,Modern,64,,challenge_C64_2026-03-24_decklist,,16,Grixis Reanimator,Graveyard,GLSwadow,
2026-03-24,Modern,64,,challenge_C64_2026-03-24_decklist,,17,Dimir Midrange,Midrange,Craig_Long123,
2026-03-24,Modern,64,,challenge_C64_2026-03-24_decklist,,18,Boros Energy,Aggro,SHUANEEHOG,
2026-03-24,Modern,64,,challenge_C64_2026-03-24_decklist,,19,Boros Energy,Aggro,MtgoUser031832121,
2026-03-24,Modern,64,,challenge_C64_2026-03-24_decklist,,20,Eldrazi Tron,Ramp,Jumba,
2026-03-24,Modern,64,,challenge_C64_2026-03-24_decklist,,21,Jeskai Blink,Blink,Dioferreira,
2026-03-24,Modern,64,,challenge_C64_2026-03-24_decklist,,22,Lantern,Control,HugoVenda,
2026-03-24,Modern,64,,challenge_C64_2026-03-24_decklist,,23,BRG,Midrange,Dudarudi,
2026-03-24,Modern,64,,challenge_C64_2026-03-24_decklist,,24,Boros Energy,Aggro,outZEROo,
2026-03-24,Modern,64,,challenge_C64_2026-03-24_decklist,,25,Goryo's Vengeance,Graveyard,jussupinator,
2026-03-24,Modern,64,,challenge_C64_2026-03-24_decklist,,26,Eldrazi Tron,Ramp,leandru,
2026-03-24,Modern,64,,challenge_C64_2026-03-24_decklist,,27,Belcher,Combo,MakiRikka,
2026-03-24,Modern,64,,challenge_C64_2026-03-24_decklist,,28,Goryo's Vengeance,Graveyard,XantosCell,
2026-03-24,Modern,64,,challenge_C64_2026-03-24_decklist,,29,Dimir Midrange,Midrange,cntrlfreak_ttv,
2026-03-24,Modern,64,,challenge_C64_2026-03-24_decklist,,30,Azorius Control,Control,levunga21,
2026-03-24,Modern,64,,challenge_C64_2026-03-24_decklist,,31,Ruby Storm,Combo,Cachorrowo,
2026-03-24,Modern,64,,challenge_C64_2026-03-24_decklist,,32,Boros Energy,Aggro,DelverFofoqueiro,
2026-03-25,Modern,64,,challenge_C64_2026-03-25_decklist,,1,Affinity,Aggro,Smallforest,
2026-03-25,Modern,64,,challenge_C64_2026-03-25_decklist,,2,Boros Energy,Aggro,Linden_43,
2026-03-25,Modern,64,,challenge_C64_2026-03-25_decklist,,3,Affinity,Aggro,sioutis_kk,
2026-03-25,Modern,64,,challenge_C64_2026-03-25_decklist,,4,Affinity,Aggro,Bugsy69,
2026-03-25,Modern,64,,challenge_C64_2026-03-25_decklist,,5,Jeskai Control,Control,KingHairy,
2026-03-25,Modern,64,,challenge_C64_2026-03-25_decklist,,6,Affinity,Aggro,NuBlkAu,
2026-03-25,Modern,64,,challenge_C64_2026-03-25_decklist,,7,Jeskai Blink,Blink,sokos13,
2026-03-25,Modern,64,,challenge_C64_2026-03-25_decklist,,8,Boros Energy,Aggro,Rayst,
2026-03-25,Modern,64,,challenge_C64_2026-03-25_decklist,,9,Yawgmoth,Midrange,House565,
2026-03-25,Modern,64,,challenge_C64_2026-03-25_decklist,,10,Esper Blink,Blink,RespectTheCat,
2026-03-25,Modern,64,,challenge_C64_2026-03-25_decklist,,11,Jeskai Blink,Blink,SPyromancer,
2026-03-25,Modern,64,,challenge_C64_2026-03-25_decklist,,12,BRG,Midrange,Bullz0Eye,
2026-03-25,Modern,64,,challenge_C64_2026-03-25_decklist,,13,Living End,Graveyard,MynameisSylar,
2026-03-25,Modern,64,,challenge_C64_2026-03-25_decklist,,14,Azorius Control,Control,levunga21,
2026-03-25,Modern,64,,challenge_C64_2026-03-25_decklist,,15,Boros Energy,Aggro,Napoleon_I,
2026-03-25,Modern,64,,challenge_C64_2026-03-25_decklist,,16,Boros Energy,Aggro,Rashek,
2026-03-25,Modern,64,,challenge_C64_2026-03-25_decklist,,17,Ruby Storm,Combo,Cachorrowo,
2026-03-25,Modern,64,,challenge_C64_2026-03-25_decklist,,18,Belcher,Combo,Walker735,
2026-03-25,Modern,64,,challenge_C64_2026-03-25_decklist,,19,Ruby Storm,Combo,PANTARES,
2026-03-25,Modern,64,,challenge_C64_2026-03-25_decklist,,20,Boros Energy,Aggro,Chichichi,
2026-03-25,Modern,64,,challenge_C64_2026-03-25_decklist,,21,Goryo's Vengeance,Graveyard,Phryziel,
2026-03-25,Modern,64,,challenge_C64_2026-03-25_decklist,,22,Affinity,Aggro,MayoDominaria,
2026-03-25,Modern,64,,challenge_C64_2026-03-25_decklist,,23,Jeskai Blink,Blink,_Batutinha_,
2026-03-25,Modern,64,,challenge_C64_2026-03-25_decklist,,24,Living End,Graveyard,Stayconf,
2026-03-25,Modern,64,,challenge_C64_2026-03-25_decklist,,25,Goryo's Vengeance,Graveyard,makaaaa,
2026-03-25,Modern,64,,challenge_C64_2026-03-25_decklist,,26,Boros Energy,Aggro,Birdstrike1999,
2026-03-25,Modern,64,,challenge_C64_2026-03-25_decklist,,27,Esper Blink,Blink,dawido,
2026-03-25,Modern,64,,challenge_C64_2026-03-25_decklist,,28,Eldrazi Tron,Ramp,yunyu1234,
2026-03-25,Modern,64,,challenge_C64_2026-03-25_decklist,,29,Jeskai Blink,Blink,Alan07,
2026-03-25,Modern,64,,challenge_C64_2026-03-25_decklist,,30,Jeskai Blink,Blink,fradev1988,
2026-03-25,Modern,64,,challenge_C64_2026-03-25_decklist,,31,Domain Zoo,Midrange,Imaeda,
2026-03-25,Modern,64,,challenge_C64_2026-03-25_decklist,,32,Eldrazi Tron,Ramp,Jumba,
2026-03-26,Modern,64,,challenge_C64_2026-03-26_decklist,,1,Jeskai Blink,Blink,SPyromancer,
2026-03-26,Modern,64,,challenge_C64_2026-03-26_decklist,,2,Eldrazi Tron,Ramp,Martin_Dominguez,
2026-03-26,Modern,64,,challenge_C64_2026-03-26_decklist,,3,Boros Energy,Aggro,hardfight,
2026-03-26,Modern,64,,challenge_C64_2026-03-26_decklist,,4,Prowess,Aggro,O_danielakos,
2026-03-26,Modern,64,,challenge_C64_2026-03-26_decklist,,5,Belcher,Combo,Walker735,
2026-03-26,Modern,64,,challenge_C64_2026-03-26_decklist,,6,Goryo's Vengeance,Graveyard,kthanakit26,
2026-03-26,Modern,64,,challenge_C64_2026-03-26_decklist,,7,Jeskai Blink,Blink,Yarfangel,
2026-03-26,Modern,64,,challenge_C64_2026-03-26_decklist,,8,Jeskai Blink,Blink,Maxheart,
2026-03-26,Modern,64,,challenge_C64_2026-03-26_decklist,,9,Goryo's Vengeance,Graveyard,Rvng,
2026-03-26,Modern,64,,challenge_C64_2026-03-26_decklist,,10,Boros Energy,Aggro,Cereza,
2026-03-26,Modern,64,,challenge_C64_2026-03-26_decklist,,11,Eldrazi Tron,Ramp,Takayama,
2026-03-26,Modern,64,,challenge_C64_2026-03-26_decklist,,12,Goryo's Vengeance,Graveyard,Phryziel,
2026-03-26,Modern,64,,challenge_C64_2026-03-26_decklist,,13,Boros Energy,Aggro,Arkany1,
2026-03-26,Modern,64,,challenge_C64_2026-03-26_decklist,,14,Grixis Reanimator,Graveyard,Wiltron92,
2026-03-26,Modern,64,,challenge_C64_2026-03-26_decklist,,15,Grixis Midrange,Midrange,RatoMorto,
2026-03-26,Modern,64,,challenge_C64_2026-03-26_decklist,,16,Jeskai Control,Control,KingHairy,
2026-03-26,Modern,64,,challenge_C64_2026-03-26_decklist,,17,Boros Energy,Aggro,rastaf,
2026-03-26,Modern,64,,challenge_C64_2026-03-26_decklist,,18,Jeskai Blink,Blink,Deathmaxx,
2026-03-26,Modern,64,,challenge_C64_2026-03-26_decklist,,19,Boros Energy,Aggro,willjetz1323,
2026-03-26,Modern,64,,challenge_C64_2026-03-26_decklist,,20,Jeskai Blink,Blink,groot02,
2026-03-26,Modern,64,,challenge_C64_2026-03-26_decklist,,21,Boros Energy,Aggro,Birdstrike1999,
2026-03-26,Modern,64,,challenge_C64_2026-03-26_decklist,,22,Domain Zoo,Midrange,Pleyboy,
2026-03-26,Modern,64,,challenge_C64_2026-03-26_decklist,,23,Living End,Graveyard,MeninoNey,
2026-03-26,Modern,64,,challenge_C64_2026-03-26_decklist,,24,Amulet Titan,Combo,NathanOfTheGiltLeaf,
2026-03-26,Modern,64,,challenge_C64_2026-03-26_decklist,,25,Boros Energy,Aggro,GothMuse,
2026-03-26,Modern,64,,challenge_C64_2026-03-26_decklist,,26,Jeskai Blink,Blink,Ritak13,
2026-03-26,Modern,64,,challenge_C64_2026-03-26_decklist,,27,Boros Energy,Aggro,DelverFofoqueiro,
2026-03-26,Modern,64,,challenge_C64_2026-03-26_decklist,,28,Affinity,Aggro,myra00,
2026-03-26,Modern,64,,challenge_C64_2026-03-26_decklist,,29,Prowess,Aggro,FraKoE,
2026-03-26,Modern,64,,challenge_C64_2026-03-26_decklist,,30,Jeskai Blink,Blink,Alan07,
2026-03-26,Modern,64,,challenge_C64_2026-03-26_decklist,,31,Jeskai Blink,Blink,MtgoUser031832121,
2026-03-26,Modern,64,,challenge_C64_2026-03-26_decklist,,32,Prowess,Aggro,MagicalSnap,
2026-03-27,Modern,64,,challenge_C64_2026-03-27_decklist,,1,Belcher,Combo,FakeShaver,
2026-03-27,Modern,64,,challenge_C64_2026-03-27_decklist,,2,Amulet Titan,Combo,deftjad,
2026-03-27,Modern,64,,challenge_C64_2026-03-27_decklist,,3,Eldrazi Tron,Ramp,leandru,
2026-03-27,Modern,64,,challenge_C64_2026-03-27_decklist,,4,Jeskai Blink,Blink,John1111,
2026-03-27,Modern,64,,challenge_C64_2026-03-27_decklist,,5,Amulet Titan,Combo,ElPuerco,
2026-03-27,Modern,64,,challenge_C64_2026-03-27_decklist,,6,Affinity,Aggro,therock988,
2026-03-27,Modern,64,,challenge_C64_2026-03-27_decklist,,7,Yawgmoth,Midrange,AlexanderRosdahl,
2026-03-27,Modern,64,,challenge_C64_2026-03-27_decklist,,8,Ruby Storm,Combo,akashakashay,
2026-03-27,Modern,64,,challenge_C64_2026-03-27_decklist,,9,Amulet Titan,Combo,kanister,
2026-03-27,Modern,64,,challenge_C64_2026-03-27_decklist,,10,Jeskai Blink,Blink,JJ,
2026-03-27,Modern,64,,challenge_C64_2026-03-27_decklist,,11,Jeskai Energy,Aggro,sokos13,
2026-03-27,Modern,64,,challenge_C64_2026-03-27_decklist,,12,Affinity,Aggro,Matts,
2026-03-27,Modern,64,,challenge_C64_2026-03-27_decklist,,13,Affinity,Aggro,sioutis_kk,
2026-03-27,Modern,64,,challenge_C64_2026-03-27_decklist,,14,Jeskai Blink,Blink,MaeMtg,
2026-03-27,Modern,64,,challenge_C64_2026-03-27_decklist,,15,Amulet Titan,Combo,DFrank,
2026-03-27,Modern,64,,challenge_C64_2026-03-27_decklist,,16,Domain Zoo,Midrange,ShowTime_,
2026-03-27,Modern,64,,challenge_C64_2026-03-27_decklist,,17,Jeskai Blink,Blink,iAndrew,
2026-03-27,Modern,64,,challenge_C64_2026-03-27_decklist,,18,Jeskai Blink,Blink,kennydarko,
2026-03-27,Modern,64,,challenge_C64_2026-03-27_decklist,,19,Eldrazi Tron,Ramp,WaffleWiz,
2026-03-27,Modern,64,,challenge_C64_2026-03-27_decklist,,20,Eldrazi Tron,Ramp,ShikiXYZ,
2026-03-27,Modern,64,,challenge_C64_2026-03-27_decklist,,21,Boros Energy,Aggro,jayrod115,
2026-03-27,Modern,64,,challenge_C64_2026-03-27_decklist,,22,Orzhov Blink,Blink,aspiringspike,
2026-03-27,Modern,64,,challenge_C64_2026-03-27_decklist,,23,Affinity,Aggro,Ryan_39,
2026-03-27,Modern,64,,challenge_C64_2026-03-27_decklist,,24,Jeskai Blink,Blink,echecetmat35,
2026-03-27,Modern,64,,challenge_C64_2026-03-27_decklist,,25,Affinity,Aggro,Querv,
2026-03-27,Modern,64,,challenge_C64_2026-03-27_decklist,,26,Affinity,Aggro,DarkUltar,
2026-03-27,Modern,64,,challenge_C64_2026-03-27_decklist,,27,Living End,Graveyard,blademagician,
2026-03-27,Modern,64,,challenge_C64_2026-03-27_decklist,,28,Goryo's Vengeance,Graveyard,Anthaaang,
2026-03-27,Modern,64,,challenge_C64_2026-03-27_decklist,,29,Living End,Graveyard,MeninoNey,
2026-03-27,Modern,64,,challenge_C64_2026-03-27_decklist,,30,Boros Energy,Aggro,TheCroutons,
2026-03-27,Modern,64,,challenge_C64_2026-03-27_decklist,,31,Boros Energy,Aggro,festering88,
2026-03-27,Modern,64,,challenge_C64_2026-03-27_decklist,,32,Boros Energy,Aggro,DelverFofoqueiro,
2026-03-28,Modern,32,,challenge_C32_2026-03-28_decklist,,1,Amulet Titan,Combo,Kollslaw,
2026-03-28,Modern,32,,challenge_C32_2026-03-28_decklist,,2,Living End,Graveyard,Milkshake_,
2026-03-28,Modern,32,,challenge_C32_2026-03-28_decklist,,3,Goryo's Vengeance,Graveyard,rerere,
2026-03-28,Modern,32,,challenge_C32_2026-03-28_decklist,,4,Prowess,Aggro,Jacksonian26,
2026-03-28,Modern,32,,challenge_C32_2026-03-28_decklist,,5,Affinity,Aggro,myra00,
2026-03-28,Modern,32,,challenge_C32_2026-03-28_decklist,,6,Jeskai Blink,Blink,Dioferreira,
2026-03-28,Modern,32,,challenge_C32_2026-03-28_decklist,,7,Boros Energy,Aggro,bless_von,
2026-03-28,Modern,32,,challenge_C32_2026-03-28_decklist,,8,Eldrazi Tron,Ramp,Samcaster-Mage,
2026-03-28,Modern,32,,challenge_C32_2026-03-28_decklist,,9,Boros Energy,Aggro,ejk,
2026-03-28,Modern,32,,challenge_C32_2026-03-28_decklist,,10,Boros Energy,Aggro,yolad,
2026-03-28,Modern,32,,challenge_C32_2026-03-28_decklist,,11,Azorius Control,Control,RRozanski,
2026-03-28,Modern,32,,challenge_C32_2026-03-28_decklist,,12,Goryo's Vengeance,Graveyard,NotAComboPlayer,
2026-03-28,Modern,32,,challenge_C32_2026-03-28_decklist,,13,Belcher,Combo,renatoaraujo,
2026-03-28,Modern,32,,challenge_C32_2026-03-28_decklist,,14,Boros Energy,Aggro,RandomOctopus,
2026-03-28,Modern,32,,challenge_C32_2026-03-28_decklist,,15,Broodscale Combo,Combo,Mcalmic,
2026-03-28,Modern,32,,challenge_C32_2026-03-28_decklist,,16,Indomitable Creativity,Combo,McBronze,
2026-03-28,Modern,32,,challenge_C32_2026-03-28_decklist,,17,Jeskai Blink,Blink,Venom01,
2026-03-28,Modern,32,,challenge_C32_2026-03-28_decklist,,18,Jeskai Blink,Blink,_Stream,
2026-03-28,Modern,32,,challenge_C32_2026-03-28_decklist,,19,Ruby Storm,Combo,billster47,
2026-03-28,Modern,32,,challenge_C32_2026-03-28_decklist,,20,Boros Energy,Aggro,jayrod115,
2026-03-28,Modern,32,,challenge_C32_2026-03-28_decklist,,21,Boros Energy,Aggro,_ruda_,
2026-03-28,Modern,32,,challenge_C32_2026-03-28_decklist,,22,Jeskai Blink,Blink,CaptainKirkk,
2026-03-28,Modern,32,,challenge_C32_2026-03-28_decklist,,23,Boros Energy,Aggro,hardfight,
2026-03-28,Modern,32,,challenge_C32_2026-03-28_decklist,,24,Yawgmoth,Midrange,MacIsaac,
2026-03-28,Modern,32,,challenge_C32_2026-03-28_decklist,,25,Eldrazi Tron,Ramp,Takayama,
2026-03-28,Modern,32,,challenge_C32_2026-03-28_decklist,,26,Living End,Graveyard,MisterTwin,
2026-03-28,Modern,32,,challenge_C32_2026-03-28_decklist,,27,Living End,Graveyard,Shamplade,
2026-03-28,Modern,32,,challenge_C32_2026-03-28_decklist,,28,Ruby Storm,Combo,Shuichi_Saito,
2026-03-28,Modern,32,,challenge_C32_2026-03-28_decklist,,29,Tron,Ramp,Cachorrowo,
2026-03-28,Modern,32,,challenge_C32_2026-03-28_decklist,,30,Goryo's Vengeance,Graveyard,Musebreaks,
2026-03-28,Modern,32,,challenge_C32_2026-03-28_decklist,,31,Eldrazi Tron,Ramp,Stealthmagician,
2026-03-28,Modern,32,,challenge_C32_2026-03-28_decklist,,32,Indomitable Creativity,Combo,mtggamur420,
2026-03-28,Modern,64,,challenge_C64_2026-03-28_decklist,,1,Domain Zoo,Midrange,ShowTime_,
2026-03-28,Modern,64,,challenge_C64_2026-03-28_decklist,,2,Boros Energy,Aggro,nahuel10,
2026-03-28,Modern,64,,challenge_C64_2026-03-28_decklist,,3,Grixis Midrange,Midrange,PaulArcher,
2026-03-28,Modern,64,,challenge_C64_2026-03-28_decklist,,4,Belcher,Combo,Ztenod,
2026-03-28,Modern,64,,challenge_C64_2026-03-28_decklist,,5,Amulet Titan,Combo,lxlxl,
2026-03-28,Modern,64,,challenge_C64_2026-03-28_decklist,,6,Boros Energy,Aggro,LucasG1ggs,
2026-03-28,Modern,64,,challenge_C64_2026-03-28_decklist,,7,Affinity,Aggro,MayoDominaria,
2026-03-28,Modern,64,,challenge_C64_2026-03-28_decklist,,8,Prowess,Aggro,calmdownbronco,
2026-03-28,Modern,64,,challenge_C64_2026-03-28_decklist,,9,Tron,Ramp,Jugador1,
2026-03-28,Modern,64,,challenge_C64_2026-03-28_decklist,,10,Eldrazi Tron,Ramp,Jumba,
2026-03-28,Modern,64,,challenge_C64_2026-03-28_decklist,,11,Infect,Aggro,darkiller456,
2026-03-28,Modern,64,,challenge_C64_2026-03-28_decklist,,12,Dimir Midrange,Midrange,JakeTMS,
2026-03-28,Modern,64,,challenge_C64_2026-03-28_decklist,,13,Eldrazi Ramp,Ramp,pepeteam,
2026-03-28,Modern,64,,challenge_C64_2026-03-28_decklist,,14,Jeskai Blink,Blink,41krid,
2026-03-28,Modern,64,,challenge_C64_2026-03-28_decklist,,15,Eldrazi Tron,Ramp,BERNASTORRES,
2026-03-28,Modern,64,,challenge_C64_2026-03-28_decklist,,16,Jeskai Blink,Blink,John1111,
2026-03-28,Modern,64,,challenge_C64_2026-03-28_decklist,,17,Goryo's Vengeance,Graveyard,makaaaa,
2026-03-28,Modern,64,,challenge_C64_2026-03-28_decklist,,18,Eldrazi Ramp,Ramp,Nuserdog,
2026-03-28,Modern,64,,challenge_C64_2026-03-28_decklist,,19,WRG,Combo,NoHonorAmongThieves,
2026-03-28,Modern,64,,challenge_C64_2026-03-28_decklist,,20,Living End,Graveyard,AnActualRacc00n,
2026-03-28,Modern,64,,challenge_C64_2026-03-28_decklist,,21,Boros Energy,Aggro,lo_zio_torri,
2026-03-28,Modern,64,,challenge_C64_2026-03-28_decklist,,22,Jeskai Blink,Blink,iome922,
2026-03-28,Modern,64,,challenge_C64_2026-03-28_decklist,,23,Jeskai Blink,Blink,peter780108,
2026-03-28,Modern,64,,challenge_C64_2026-03-28_decklist,,24,Belcher,Combo,Walker735,
2026-03-28,Modern,64,,challenge_C64_2026-03-28_decklist,,25,Jeskai Blink,Blink,Misplacedginger,
2026-03-28,Modern,64,,challenge_C64_2026-03-28_decklist,,26,Boros Energy,Aggro,Rayst,
2026-03-28,Modern,64,,challenge_C64_2026-03-28_decklist,,27,Affinity,Aggro,Arcbound_Papi,
2026-03-28,Modern,64,,challenge_C64_2026-03-28_decklist,,28,Grixis Reanimator,Graveyard,Ma7x,
2026-03-28,Modern,64,,challenge_C64_2026-03-28_decklist,,29,Esper Blink,Blink,mh7lucky,
2026-03-28,Modern,64,,challenge_C64_2026-03-28_decklist,,30,Amulet Titan,Combo,PerkyT,
2026-03-28,Modern,64,,challenge_C64_2026-03-28_decklist,,31,Boros Energy,Aggro,BigBoyT,
2026-03-28,Modern,64,,challenge_C64_2026-03-28_decklist,,32,Prowess,Aggro,mrf1shie,
2026-03-29,Modern,32,,challenge_C32_2026-03-29_decklist,,1,Grixis Midrange,Midrange,kcomedina,
2026-03-29,Modern,32,,challenge_C32_2026-03-29_decklist,,2,Living End,Graveyard,416FrowningTable,
2026-03-29,Modern,32,,challenge_C32_2026-03-29_decklist,,3,Jeskai Blink,Blink,TerraNorman09,
2026-03-29,Modern,32,,challenge_C32_2026-03-29_decklist,,4,Prowess,Aggro,Pugface,
2026-03-29,Modern,32,,challenge_C32_2026-03-29_decklist,,5,Esper Blink,Blink,Chichichi,
2026-03-29,Modern,32,,challenge_C32_2026-03-29_decklist,,6,Azorius Control,Control,YungDingo,
2026-03-29,Modern,32,,challenge_C32_2026-03-29_decklist,,7,Goryo's Vengeance,Graveyard,kthanakit26,
2026-03-29,Modern,32,,challenge_C32_2026-03-29_decklist,,8,Affinity,Aggro,Arcbound_Papi,
2026-03-29,Modern,32,,challenge_C32_2026-03-29_decklist,,9,Jeskai Blink,Blink,Spellyp,
2026-03-29,Modern,32,,challenge_C32_2026-03-29_decklist,,10,Jeskai Blink,Blink,groot02,
2026-03-29,Modern,32,,challenge_C32_2026-03-29_decklist,,11,Affinity,Aggro,JV_7777,
2026-03-29,Modern,32,,challenge_C32_2026-03-29_decklist,,12,Affinity,Aggro,MTG_Chemist,
2026-03-29,Modern,32,,challenge_C32_2026-03-29_decklist,,13,UG,Combo,NathanOfTheGiltLeaf,
2026-03-29,Modern,32,,challenge_C32_2026-03-29_decklist,,14,Esper Midrange,Midrange,cntrlfreak_ttv,
2026-03-29,Modern,32,,challenge_C32_2026-03-29_decklist,,15,Goryo's Vengeance,Graveyard,OSOL,
2026-03-29,Modern,32,,challenge_C32_2026-03-29_decklist,,16,Affinity,Aggro,Dcal215,
2026-03-29,Modern,32,,challenge_C32_2026-03-29_decklist,,17,Ruby Storm,Combo,wkmidori,
2026-03-29,Modern,32,,challenge_C32_2026-03-29_decklist,,18,Eldrazi Tron,Ramp,leandru,
2026-03-29,Modern,32,,challenge_C32_2026-03-29_decklist,,19,Esper Blink,Blink,Rexplosion,
2026-03-29,Modern,32,,challenge_C32_2026-03-29_decklist,,20,Amulet Titan,Combo,sidisi,
2026-03-29,Modern,32,,challenge_C32_2026-03-29_decklist,,21,Affinity,Aggro,NotAComboPlayer,
2026-03-29,Modern,32,,challenge_C32_2026-03-29_decklist,,22,Jeskai Blink,Blink,_Stream,
2026-03-29,Modern,32,,challenge_C32_2026-03-29_decklist,,23,Boros Energy,Aggro,Birdstrike1999,
2026-03-29,Modern,32,,challenge_C32_2026-03-29_decklist,,24,Boros Energy,Aggro,Restokiki,
2026-03-29,Modern,32,,challenge_C32_2026-03-29_decklist,,25,Mono-Black Midrange,Midrange,XxquestionablyawesomexX,
2026-03-29,Modern,32,,challenge_C32_2026-03-29_decklist,,26,Boros Energy,Aggro,Dalinar765,
2026-03-29,Modern,32,,challenge_C32_2026-03-29_decklist,,27,Goryo's Vengeance,Graveyard,cgouldner,
2026-03-29,Modern,32,,challenge_C32_2026-03-29_decklist,,28,Eldrazi Tron,Ramp,Tunaktunak,
2026-03-29,Modern,32,,challenge_C32_2026-03-29_decklist,,29,Boros Energy,Aggro,Nougatygoodness,
2026-03-29,Modern,32,,challenge_C32_2026-03-29_decklist,,30,Esper Blink,Blink,Mortaa,
2026-03-29,Modern,32,,challenge_C32_2026-03-29_decklist,,31,Affinity,Aggro,moreno13,
2026-03-29,Modern,32,,challenge_C32_2026-03-29_decklist,,32,Amulet Titan,Combo,Kollslaw,
2026-03-30,Modern,32,,challenge_C32_2026-03-30_decklist,,1,Jeskai Blink,Blink,Misplacedginger,
2026-03-30,Modern,32,,challenge_C32_2026-03-30_decklist,,2,Boros Energy,Aggro,rastaf,
2026-03-30,Modern,32,,challenge_C32_2026-03-30_decklist,,3,Boros Energy,Aggro,jayrod115,
2026-03-30,Modern,32,,challenge_C32_2026-03-30_decklist,,4,Boros Energy,Aggro,jakobpablo,
2026-03-30,Modern,32,,challenge_C32_2026-03-30_decklist,,5,Grixis Midrange,Midrange,kcomedina,
2026-03-30,Modern,32,,challenge_C32_2026-03-30_decklist,,6,Jeskai Blink,Blink,bless_von,
2026-03-30,Modern,32,,challenge_C32_2026-03-30_decklist,,7,Jeskai Blink,Blink,TentacleFan,
2026-03-30,Modern,32,,challenge_C32_2026-03-30_decklist,,8,Azorius Control,Control,RRozanski,
2026-03-30,Modern,32,,challenge_C32_2026-03-30_decklist,,9,Jeskai Blink,Blink,Dioferreira,
2026-03-30,Modern,32,,challenge_C32_2026-03-30_decklist,,10,Boros Energy,Aggro,temur4life,
2026-03-30,Modern,32,,challenge_C32_2026-03-30_decklist,,11,Domain Zoo,Midrange,mendyourheart,
2026-03-30,Modern,32,,challenge_C32_2026-03-30_decklist,,12,Boros Energy,Aggro,Anthaaang,
2026-03-30,Modern,32,,challenge_C32_2026-03-30_decklist,,13,Domain Zoo,Midrange,ShadowTitan1,
2026-03-30,Modern,32,,challenge_C32_2026-03-30_decklist,,14,Humans,Aggro,Zannty,
2026-03-30,Modern,32,,challenge_C32_2026-03-30_decklist,,15,Dimir Midrange,Midrange,RandomOctopus,
2026-03-30,Modern,32,,challenge_C32_2026-03-30_decklist,,16,Boros Energy,Aggro,HAKUmtg7gLmn,
2026-03-30,Modern,32,,challenge_C32_2026-03-30_decklist,,17,Jeskai Control,Control,YungDingo,
2026-03-30,Modern,32,,challenge_C32_2026-03-30_decklist,,18,Azorius Control,Control,goron27,
2026-03-30,Modern,32,,challenge_C32_2026-03-30_decklist,,19,Living End,Graveyard,niuwaid001,
2026-03-30,Modern,32,,challenge_C32_2026-03-30_decklist,,20,Jeskai Blink,Blink,brainysackgaming1,
2026-03-30,Modern,32,,challenge_C32_2026-03-30_decklist,,21,Prowess,Aggro,Xsper,
2026-03-30,Modern,32,,challenge_C32_2026-03-30_decklist,,22,Living End,Graveyard,Shamplade,
2026-03-30,Modern,32,,challenge_C32_2026-03-30_decklist,,23,Ruby Storm,Combo,Cachorrowo,
2026-03-30,Modern,32,,challenge_C32_2026-03-30_decklist,,24,Grixis Reanimator,Graveyard,jk1592,
2026-03-30,Modern,32,,challenge_C32_2026-03-30_decklist,,25,Boros Energy,Aggro,lillo6,
2026-03-30,Modern,32,,challenge_C32_2026-03-30_decklist,,26,Boros Energy,Aggro,LucasG1ggs,
2026-03-30,Modern,32,,challenge_C32_2026-03-30_decklist,,27,Broodscale Combo,Combo,sultai4lyfe,
2026-03-30,Modern,32,,challenge_C32_2026-03-30_decklist,,28,Living End,Graveyard,Milkshake_,
2026-03-30,Modern,32,,challenge_C32_2026-03-30_decklist,,29,Boros Energy,Aggro,DenimHero19,
2026-03-30,Modern,32,,challenge_C32_2026-03-30_decklist,,30,Jeskai Blink,Blink,zturchan,
2026-03-30,Modern,32,,challenge_C32_2026-03-30_decklist,,31,Esper Blink,Blink,Chichichi,
2026-03-30,Modern,32,,challenge_C32_2026-03-30_decklist,,32,Boros Energy,Aggro,nahuel10,
2026-03-31,Modern,64,,challenge_C64_2026-03-31_decklist,,1,Domain Zoo,Midrange,_J0SE_,
2026-03-31,Modern,64,,challenge_C64_2026-03-31_decklist,,2,Grixis Reanimator,Graveyard,soggymeatball,
2026-03-31,Modern,64,,challenge_C64_2026-03-31_decklist,,3,Jeskai Blink,Blink,Misplacedginger,
2026-03-31,Modern,64,,challenge_C64_2026-03-31_decklist,,4,Eldrazi Tron,Ramp,Jumba,
2026-03-31,Modern,64,,challenge_C64_2026-03-31_decklist,,5,Living End,Graveyard,JPA93,
2026-03-31,Modern,64,,challenge_C64_2026-03-31_decklist,,6,Jeskai Blink,Blink,MaeMtg,
2026-03-31,Modern,64,,challenge_C64_2026-03-31_decklist,,7,Boros Energy,Aggro,jayrod115,
2026-03-31,Modern,64,,challenge_C64_2026-03-31_decklist,,8,Dimir Midrange,Midrange,Craig_Long123,
2026-03-31,Modern,64,,challenge_C64_2026-03-31_decklist,,9,4c Omnath,Midrange,shadow438,
2026-03-31,Modern,64,,challenge_C64_2026-03-31_decklist,,10,Grixis Midrange,Midrange,Rexplosion,
2026-03-31,Modern,64,,challenge_C64_2026-03-31_decklist,,11,Boros Energy,Aggro,jvidarte,
2026-03-31,Modern,64,,challenge_C64_2026-03-31_decklist,,12,Prowess,Aggro,mtgobazaar8,
2026-03-31,Modern,64,,challenge_C64_2026-03-31_decklist,,13,Boros Energy,Aggro,Shadowz2005,
2026-03-31,Modern,64,,challenge_C64_2026-03-31_decklist,,14,Prowess,Aggro,Xsper,
2026-03-31,Modern,64,,challenge_C64_2026-03-31_decklist,,15,Boros Energy,Aggro,3HDgamers,
2026-03-31,Modern,64,,challenge_C64_2026-03-31_decklist,,16,Azorius Control,Control,Awesome7574,
2026-03-31,Modern,64,,challenge_C64_2026-03-31_decklist,,17,Broodscale Combo,Combo,HelpfulHobo,
2026-03-31,Modern,64,,challenge_C64_2026-03-31_decklist,,18,Domain Zoo,Midrange,mendyourheart,
2026-03-31,Modern,64,,challenge_C64_2026-03-31_decklist,,19,Boros Energy,Aggro,Samky21,
2026-03-31,Modern,64,,challenge_C64_2026-03-31_decklist,,20,Boros Energy,Aggro,Ihateoko,
2026-03-31,Modern,64,,challenge_C64_2026-03-31_decklist,,21,Boros Energy,Aggro,LucasG1ggs,
2026-03-31,Modern,64,,challenge_C64_2026-03-31_decklist,,22,Eldrazi Tron,Ramp,Porks,
2026-03-31,Modern,64,,challenge_C64_2026-03-31_decklist,,23,Living End,Graveyard,MeninooNey,
2026-03-31,Modern,64,,challenge_C64_2026-03-31_decklist,,24,Boros Energy,Aggro,VizosMTG,
2026-03-31,Modern,64,,challenge_C64_2026-03-31_decklist,,25,Jeskai Blink,Blink,boytriton,
2026-03-31,Modern,64,,challenge_C64_2026-03-31_decklist,,26,Living End,Graveyard,blademagician,
2026-03-31,Modern,64,,challenge_C64_2026-03-31_decklist,,27,Affinity,Aggro,chairiang,
2026-03-31,Modern,64,,challenge_C64_2026-03-31_decklist,,28,Boros Energy,Aggro,_ruda_,
2026-03-31,Modern,64,,challenge_C64_2026-03-31_decklist,,29,Jeskai Blink,Blink,Dioferreira,
2026-03-31,Modern,64,,challenge_C64_2026-03-31_decklist,,30,Esper Blink,Blink,DobleP,
2026-03-31,Modern,64,,challenge_C64_2026-03-31_decklist,,31,Hollow One,Graveyard,Bawer,
2026-03-31,Modern,64,,challenge_C64_2026-03-31_decklist,,32,Jeskai Blink,Blink,NeyMatoGrosso,
2026-04-01,Modern,32,,challenge_C32_2026-04-01_decklist,,1,Affinity,Aggro,Kikis,
2026-04-01,Modern,32,,challenge_C32_2026-04-01_decklist,,2,Boros Energy,Aggro,rastaf,
2026-04-01,Modern,32,,challenge_C32_2026-04-01_decklist,,3,Affinity,Aggro,RandomOctopus,
2026-04-01,Modern,32,,challenge_C32_2026-04-01_decklist,,4,Grixis Reanimator,Graveyard,Darthkid,
2026-04-01,Modern,32,,challenge_C32_2026-04-01_decklist,,5,Boros Energy,Aggro,Impshadowknight,
2026-04-01,Modern,32,,challenge_C32_2026-04-01_decklist,,6,Amulet Titan,Combo,Mistakenn,
2026-04-01,Modern,32,,challenge_C32_2026-04-01_decklist,,7,Jeskai Energy,Aggro,IronBeagle,
2026-04-01,Modern,32,,challenge_C32_2026-04-01_decklist,,8,Boros Energy,Aggro,Linden_43,
2026-04-01,Modern,32,,challenge_C32_2026-04-01_decklist,,9,Goryo's Vengeance,Graveyard,roter_Erzengel,
2026-04-01,Modern,32,,challenge_C32_2026-04-01_decklist,,10,Boros Energy,Aggro,PieGonti,
2026-04-01,Modern,32,,challenge_C32_2026-04-01_decklist,,11,Eldrazi Tron,Ramp,leandru,
2026-04-01,Modern,32,,challenge_C32_2026-04-01_decklist,,12,Eldrazi Tron,Ramp,DroopyStorm,
2026-04-01,Modern,32,,challenge_C32_2026-04-01_decklist,,13,Boros Energy,Aggro,Navigator_2505,
2026-04-01,Modern,32,,challenge_C32_2026-04-01_decklist,,14,Domain Zoo,Midrange,Doomenstein,
2026-04-01,Modern,32,,challenge_C32_2026-04-01_decklist,,15,Azorius Control,Control,eclipse4343,
2026-04-01,Modern,32,,challenge_C32_2026-04-01_decklist,,16,Boros Energy,Aggro,itstime,
2026-04-01,Modern,32,,challenge_C32_2026-04-01_decklist,,17,Eldrazi Tron,Ramp,bleschat,
2026-04-01,Modern,32,,challenge_C32_2026-04-01_decklist,,18,Grixis Midrange,Midrange,SPyromancer,
2026-04-01,Modern,32,,challenge_C32_2026-04-01_decklist,,19,Living End,Graveyard,MeninooNey,
2026-04-01,Modern,32,,challenge_C32_2026-04-01_decklist,,20,Jeskai Blink,Blink,Misplacedginger,
2026-04-01,Modern,32,,challenge_C32_2026-04-01_decklist,,21,Boros Energy,Aggro,Rashek,
2026-04-01,Modern,32,,challenge_C32_2026-04-01_decklist,,22,Ruby Storm,Combo,Nuserdog,
2026-04-01,Modern,32,,challenge_C32_2026-04-01_decklist,,23,Gruul Hardened Scales,Combo,Chichichi,
2026-04-01,Modern,32,,challenge_C32_2026-04-01_decklist,,24,Jeskai Blink,Blink,Willthepill,
2026-04-01,Modern,32,,challenge_C32_2026-04-01_decklist,,25,Amulet Titan,Combo,kanister,
2026-04-01,Modern,32,,challenge_C32_2026-04-01_decklist,,26,Belcher,Combo,Walker735,
2026-04-01,Modern,32,,challenge_C32_2026-04-01_decklist,,27,Grixis Midrange,Midrange,nahuel10,
2026-04-01,Modern,32,,challenge_C32_2026-04-01_decklist,,28,Jeskai Blink,Blink,kennydarko,
2026-04-01,Modern,32,,challenge_C32_2026-04-01_decklist,,29,Jeskai Blink,Blink,groot02,
2026-04-01,Modern,32,,challenge_C32_2026-04-01_decklist,,30,Amulet Titan,Combo,pizzangry,
2026-04-01,Modern,32,,challenge_C32_2026-04-01_decklist,,31,Dimir Midrange,Midrange,SoulStrong,
2026-04-01,Modern,32,,challenge_C32_2026-04-01_decklist,,32,Mono-Black Midrange,Midrange,cahlorena,
2026-04-02,Modern,64,,challenge_C64_2026-04-02_decklist,,1,Living End,Graveyard,Marmotte_Lambda,
2026-04-02,Modern,64,,challenge_C64_2026-04-02_decklist,,2,Affinity,Aggro,Ale_Mtg,
2026-04-02,Modern,64,,challenge_C64_2026-04-02_decklist,,3,Amulet Titan,Combo,Mistakenn,
2026-04-02,Modern,64,,challenge_C64_2026-04-02_decklist,,4,Boros Energy,Aggro,Lennny,
2026-04-02,Modern,64,,challenge_C64_2026-04-02_decklist,,5,Affinity,Aggro,MatheusPonciano,
2026-04-02,Modern,64,,challenge_C64_2026-04-02_decklist,,6,Jeskai Blink,Blink,Scappie,
2026-04-02,Modern,64,,challenge_C64_2026-04-02_decklist,,7,Eldrazi Tron,Ramp,Karazu,
2026-04-02,Modern,64,,challenge_C64_2026-04-02_decklist,,8,Belcher,Combo,jonahc18043,
2026-04-02,Modern,64,,challenge_C64_2026-04-02_decklist,,9,Goryo's Vengeance,Graveyard,Phryziel,
2026-04-02,Modern,64,,challenge_C64_2026-04-02_decklist,,10,Boros Energy,Aggro,DcNo,
2026-04-02,Modern,64,,challenge_C64_2026-04-02_decklist,,11,Domain Zoo,Midrange,Tetsubou,
2026-04-02,Modern,64,,challenge_C64_2026-04-02_decklist,,12,Azorius Control,Control,levunga21,
2026-04-02,Modern,64,,challenge_C64_2026-04-02_decklist,,13,Living End,Graveyard,MeninooNey,
2026-04-02,Modern,64,,challenge_C64_2026-04-02_decklist,,14,Ruby Storm,Combo,haoqinglangou,
2026-04-02,Modern,64,,challenge_C64_2026-04-02_decklist,,15,Dimir Murktide,Midrange,_Falcon_,
2026-04-02,Modern,64,,challenge_C64_2026-04-02_decklist,,16,Azorius Control,Control,Dabol-R,
2026-04-02,Modern,64,,challenge_C64_2026-04-02_decklist,,17,Jeskai Blink,Blink,Frejat,
2026-04-02,Modern,64,,challenge_C64_2026-04-02_decklist,,18,Boros Energy,Aggro,Rashek,
2026-04-02,Modern,64,,challenge_C64_2026-04-02_decklist,,19,Goryo's Vengeance,Graveyard,avishai-elma,
2026-04-02,Modern,64,,challenge_C64_2026-04-02_decklist,,20,Affinity,Aggro,heredia593,
2026-04-02,Modern,64,,challenge_C64_2026-04-02_decklist,,21,Esper Blink,Blink,Chichichi,
2026-04-02,Modern,64,,challenge_C64_2026-04-02_decklist,,22,Boros Energy,Aggro,SHUANEEHOG,
2026-04-02,Modern,64,,challenge_C64_2026-04-02_decklist,,23,Grixis Reanimator,Graveyard,Sorathrix,
2026-04-02,Modern,64,,challenge_C64_2026-04-02_decklist,,24,Ruby Storm,Combo,dialetticanegativa,
2026-04-02,Modern,64,,challenge_C64_2026-04-02_decklist,,25,Boros Energy,Aggro,hardfight,
2026-04-02,Modern,64,,challenge_C64_2026-04-02_decklist,,26,Boros Energy,Aggro,rastaf,
2026-04-02,Modern,64,,challenge_C64_2026-04-02_decklist,,27,Mono-Black Midrange,Midrange,Rosiedog88,
2026-04-02,Modern,64,,challenge_C64_2026-04-02_decklist,,28,Domain Zoo,Midrange,BunkerBuster04,
2026-04-02,Modern,64,,challenge_C64_2026-04-02_decklist,,29,Ruby Storm,Combo,makaaaa,
2026-04-02,Modern,64,,challenge_C64_2026-04-02_decklist,,30,Affinity,Aggro,sebastianpozzo,
2026-04-02,Modern,64,,challenge_C64_2026-04-02_decklist,,31,Boros Energy,Aggro,GothMuse,
2026-04-02,Modern,64,,challenge_C64_2026-04-02_decklist,,32,Affinity,Aggro,MJ_23,
2026-04-03,Modern,64,,challenge_C64_2026-04-03_decklist,,1,Esper Blink,Blink,mh7lucky,
2026-04-03,Modern,64,,challenge_C64_2026-04-03_decklist,,2,Indomitable Creativity,Combo,McBronze,
2026-04-03,Modern,64,,challenge_C64_2026-04-03_decklist,,3,Esper Midrange,Midrange,Minivan_of_Jeskai,
2026-04-03,Modern,64,,challenge_C64_2026-04-03_decklist,,4,Boros Energy,Aggro,Linden_43,
2026-04-03,Modern,64,,challenge_C64_2026-04-03_decklist,,5,Boros Energy,Aggro,HolaChico,
2026-04-03,Modern,64,,challenge_C64_2026-04-03_decklist,,6,Boros Energy,Aggro,fazparte,
2026-04-03,Modern,64,,challenge_C64_2026-04-03_decklist,,7,Jeskai Blink,Blink,jev_,
2026-04-03,Modern,64,,challenge_C64_2026-04-03_decklist,,8,Grixis Midrange,Midrange,JuanmaAT,
2026-04-03,Modern,64,,challenge_C64_2026-04-03_decklist,,9,Broodscale Combo,Combo,ziofrancone,
2026-04-03,Modern,64,,challenge_C64_2026-04-03_decklist,,10,Affinity,Aggro,sioutis_kk,
2026-04-03,Modern,64,,challenge_C64_2026-04-03_decklist,,11,Jeskai Blink,Blink,Venom01,
2026-04-03,Modern,64,,challenge_C64_2026-04-03_decklist,,12,Amulet Titan,Combo,reidq7,
2026-04-03,Modern,64,,challenge_C64_2026-04-03_decklist,,13,Belcher,Combo,Ztenod,
2026-04-03,Modern,64,,challenge_C64_2026-04-03_decklist,,14,Jeskai Control,Control,PieGonti,
2026-04-03,Modern,64,,challenge_C64_2026-04-03_decklist,,15,Prowess,Aggro,Bunbuneru,
2026-04-03,Modern,64,,challenge_C64_2026-04-03_decklist,,16,Boros Energy,Aggro,_Batutinha_,
2026-04-03,Modern,64,,challenge_C64_2026-04-03_decklist,,17,Prowess,Aggro,mechrataal,
2026-04-03,Modern,64,,challenge_C64_2026-04-03_decklist,,18,Boros Energy,Aggro,jakobpablo,
2026-04-03,Modern,64,,challenge_C64_2026-04-03_decklist,,19,Jeskai Blink,Blink,yriel,
2026-04-03,Modern,64,,challenge_C64_2026-04-03_decklist,,20,Grixis Reanimator,Graveyard,Sorathrix,
2026-04-03,Modern,64,,challenge_C64_2026-04-03_decklist,,21,Prowess,Aggro,Suechtler,
2026-04-03,Modern,64,,challenge_C64_2026-04-03_decklist,,22,Boros Energy,Aggro,Mikebrav,
2026-04-03,Modern,64,,challenge_C64_2026-04-03_decklist,,23,Amulet Titan,Combo,Mistakenn,
2026-04-03,Modern,64,,challenge_C64_2026-04-03_decklist,,24,Boros Energy,Aggro,itstime,
2026-04-03,Modern,64,,challenge_C64_2026-04-03_decklist,,25,Belcher,Combo,Lord_of_The_Wastes,
2026-04-03,Modern,64,,challenge_C64_2026-04-03_decklist,,26,Jeskai Blink,Blink,Deathmaxx,
2026-04-03,Modern,64,,challenge_C64_2026-04-03_decklist,,27,Living End,Graveyard,Corkyboyy,
2026-04-03,Modern,64,,challenge_C64_2026-04-03_decklist,,28,Boros Energy,Aggro,Ihateoko,
2026-04-03,Modern,64,,challenge_C64_2026-04-03_decklist,,29,Belcher,Combo,GregorV,
2026-04-03,Modern,64,,challenge_C64_2026-04-03_decklist,,30,Affinity,Aggro,D00mwake,
2026-04-03,Modern,64,,challenge_C64_2026-04-03_decklist,,31,Yawgmoth,Midrange,IceburgFun,
2026-04-03,Modern,64,,challenge_C64_2026-04-03_decklist,,32,Jeskai Blink,Blink,Misplacedginger,
2026-04-04,Modern,32,,challenge_C32_2026-04-04_decklist,,1,Amulet Titan,Combo,reidq7,
2026-04-04,Modern,32,,challenge_C32_2026-04-04_decklist,,2,Amulet Titan,Combo,Squiggy686,
2026-04-04,Modern,32,,challenge_C32_2026-04-04_decklist,,3,Broodscale Combo,Combo,Iaashadow,
2026-04-04,Modern,32,,challenge_C32_2026-04-04_decklist,,4,Amulet Titan,Combo,NathanOfTheGiltLeaf,
2026-04-04,Modern,32,,challenge_C32_2026-04-04_decklist,,5,Boros Energy,Aggro,AlexBarbosa,
2026-04-04,Modern,32,,challenge_C32_2026-04-04_decklist,,6,Jeskai Blink,Blink,Venom01,
2026-04-04,Modern,32,,challenge_C32_2026-04-04_decklist,,7,Boros Energy,Aggro,goron27,
2026-04-04,Modern,32,,challenge_C32_2026-04-04_decklist,,8,Affinity,Aggro,skullcrobatjoker,
2026-04-04,Modern,32,,challenge_C32_2026-04-04_decklist,,9,Living End,Graveyard,MeninoNey,
2026-04-04,Modern,32,,challenge_C32_2026-04-04_decklist,,10,Goryo's Vengeance,Graveyard,Arcbound_Papi,
2026-04-04,Modern,32,,challenge_C32_2026-04-04_decklist,,11,Jeskai Blink,Blink,Dioferreira,
2026-04-04,Modern,32,,challenge_C32_2026-04-04_decklist,,12,Jeskai Blink,Blink,MaeMtg,
2026-04-04,Modern,32,,challenge_C32_2026-04-04_decklist,,13,Jeskai Blink,Blink,CORESET_OMEGALUL,
2026-04-04,Modern,32,,challenge_C32_2026-04-04_decklist,,14,Affinity,Aggro,MystikHawk,
2026-04-04,Modern,32,,challenge_C32_2026-04-04_decklist,,15,Domain Zoo,Midrange,Tetsubou,
2026-04-04,Modern,32,,challenge_C32_2026-04-04_decklist,,16,Boros Energy,Aggro,lillo6,
2026-04-04,Modern,32,,challenge_C32_2026-04-04_decklist,,17,Boros Energy,Aggro,BERNASTORRES,
2026-04-04,Modern,32,,challenge_C32_2026-04-04_decklist,,18,Boros Energy,Aggro,Restokiki,
2026-04-04,Modern,32,,challenge_C32_2026-04-04_decklist,,19,Jeskai Blink,Blink,brainysackgaming1,
2026-04-04,Modern,32,,challenge_C32_2026-04-04_decklist,,20,Eldrazi Tron,Ramp,Dlihchtarw,
2026-04-04,Modern,32,,challenge_C32_2026-04-04_decklist,,21,Azorius Control,Control,ShadowTitan1,
2026-04-04,Modern,32,,challenge_C32_2026-04-04_decklist,,22,Boros Energy,Aggro,temur4life,
2026-04-04,Modern,32,,challenge_C32_2026-04-04_decklist,,23,Boros Energy,Aggro,nahuel10,
2026-04-04,Modern,32,,challenge_C32_2026-04-04_decklist,,24,Amulet Titan,Combo,Mistakenn,
2026-04-04,Modern,32,,challenge_C32_2026-04-04_decklist,,25,Grixis Midrange,Midrange,kcomedina,
2026-04-04,Modern,32,,challenge_C32_2026-04-04_decklist,,26,Goryo's Vengeance,Graveyard,IDontNeedAName,
2026-04-04,Modern,32,,challenge_C32_2026-04-04_decklist,,27,Jeskai Blink,Blink,zturchan,
2026-04-04,Modern,32,,challenge_C32_2026-04-04_decklist,,28,Azorius Control,Control,YungDingo,
2026-04-04,Modern,32,,challenge_C32_2026-04-04_decklist,,29,Affinity,Aggro,Bugsy69,
2026-04-04,Modern,32,,challenge_C32_2026-04-04_decklist,,30,Prowess,Aggro,JoaoCelestini,
2026-04-04,Modern,32,,challenge_C32_2026-04-04_decklist,,31,Broodscale Combo,Combo,kazambolt,
2026-04-04,Modern,32,,challenge_C32_2026-04-04_decklist,,32,Azorius Control,Control,eclipse4343,
2026-04-04,Modern,64,,challenge_C64_2026-04-04_decklist,,1,Boros Energy,Aggro,RandomOctopus,
2026-04-04,Modern,64,,challenge_C64_2026-04-04_decklist,,2,Boros Energy,Aggro,pepeteam,
2026-04-04,Modern,64,,challenge_C64_2026-04-04_decklist,,3,Prowess,Aggro,Aldreen,
2026-04-04,Modern,64,,challenge_C64_2026-04-04_decklist,,4,Boros Energy,Aggro,DcNo,
2026-04-04,Modern,64,,challenge_C64_2026-04-04_decklist,,5,Domain Zoo,Midrange,Sarlanga,
2026-04-04,Modern,64,,challenge_C64_2026-04-04_decklist,,6,Domain Zoo,Midrange,Smurfyyy,
2026-04-04,Modern,64,,challenge_C64_2026-04-04_decklist,,7,Eldrazi Ramp,Ramp,Lightspirit,
2026-04-04,Modern,64,,challenge_C64_2026-04-04_decklist,,8,Prowess,Aggro,TanookiJJ,
2026-04-04,Modern,64,,challenge_C64_2026-04-04_decklist,,9,Amulet Titan,Combo,KeeganReynolds,
2026-04-04,Modern,64,,challenge_C64_2026-04-04_decklist,,10,Goryo's Vengeance,Graveyard,avishai-elma,
2026-04-04,Modern,64,,challenge_C64_2026-04-04_decklist,,11,Dimir Midrange,Midrange,JakeTMS,
2026-04-04,Modern,64,,challenge_C64_2026-04-04_decklist,,12,Sultai Ritual,Midrange,Dioferreira,
2026-04-04,Modern,64,,challenge_C64_2026-04-04_decklist,,13,Jeskai Blink,Blink,John1111,
2026-04-04,Modern,64,,challenge_C64_2026-04-04_decklist,,14,Boros Energy,Aggro,LucasG1ggs,
2026-04-04,Modern,64,,challenge_C64_2026-04-04_decklist,,15,Belcher,Combo,Walker735,
2026-04-04,Modern,64,,challenge_C64_2026-04-04_decklist,,16,Jeskai Control,Control,YopopMTG,
2026-04-04,Modern,64,,challenge_C64_2026-04-04_decklist,,17,Amulet Titan,Combo,Mistakenn,
2026-04-04,Modern,64,,challenge_C64_2026-04-04_decklist,,18,Affinity,Aggro,Dcal215,
2026-04-04,Modern,64,,challenge_C64_2026-04-04_decklist,,19,Boros Energy,Aggro,Sinisstar619,
2026-04-04,Modern,64,,challenge_C64_2026-04-04_decklist,,20,Dimir Midrange,Midrange,Hravv,
2026-04-04,Modern,64,,challenge_C64_2026-04-04_decklist,,21,Jeskai Blink,Blink,Laplasjan,
2026-04-04,Modern,64,,challenge_C64_2026-04-04_decklist,,22,Grixis Reanimator,Graveyard,mikeleee,
2026-04-04,Modern,64,,challenge_C64_2026-04-04_decklist,,23,Living End,Graveyard,Stealthmagician,
2026-04-04,Modern,64,,challenge_C64_2026-04-04_decklist,,24,Grixis Death's Shadow,Aggro,EsperWTB,
2026-04-04,Modern,64,,challenge_C64_2026-04-04_decklist,,25,Belcher,Combo,mami,
2026-04-04,Modern,64,,challenge_C64_2026-04-04_decklist,,26,Eldrazi Tron,Ramp,Giallonero,
2026-04-04,Modern,64,,challenge_C64_2026-04-04_decklist,,27,Esper Midrange,Midrange,cntrlfreak_ttv,
2026-04-04,Modern,64,,challenge_C64_2026-04-04_decklist,,28,Boros Energy,Aggro,Mikebrav,
2026-04-04,Modern,64,,challenge_C64_2026-04-04_decklist,,29,Broodscale Combo,Combo,RCMerriam,
2026-04-04,Modern,64,,challenge_C64_2026-04-04_decklist,,30,Affinity,Aggro,Polikasoll,
2026-04-04,Modern,64,,challenge_C64_2026-04-04_decklist,,31,Jeskai Blink,Blink,TheLengend90,
2026-04-04,Modern,64,,challenge_C64_2026-04-04_decklist,,32,Affinity,Aggro,Marxelo,
2026-04-05,Modern,32,,challenge_C32_2026-04-05_decklist,,1,Sultai Ritual,Midrange,wigglegenie,
2026-04-05,Modern,32,,challenge_C32_2026-04-05_decklist,,2,Indomitable Creativity,Combo,DarthStone,
2026-04-05,Modern,32,,challenge_C32_2026-04-05_decklist,,3,Grixis Midrange,Midrange,Rexplosion,
2026-04-05,Modern,32,,challenge_C32_2026-04-05_decklist,,4,Jeskai Blink,Blink,E_Kaminuma,
2026-04-05,Modern,32,,challenge_C32_2026-04-05_decklist,,5,Living End,Graveyard,Lord_Beerus,
2026-04-05,Modern,32,,challenge_C32_2026-04-05_decklist,,6,Grixis Reanimator,Graveyard,K_Renegade,
2026-04-05,Modern,32,,challenge_C32_2026-04-05_decklist,,7,Belcher,Combo,E90_DeliveryBoy,
2026-04-05,Modern,32,,challenge_C32_2026-04-05_decklist,,8,Grixis Death's Shadow,Aggro,EsperWTB,
2026-04-05,Modern,32,,challenge_C32_2026-04-05_decklist,,9,Amulet Titan,Combo,Kollslaw,
2026-04-05,Modern,32,,challenge_C32_2026-04-05_decklist,,10,Jeskai Blink,Blink,Spellyp,
2026-04-05,Modern,32,,challenge_C32_2026-04-05_decklist,,11,Amulet Titan,Combo,Prim3Time,
2026-04-05,Modern,32,,challenge_C32_2026-04-05_decklist,,12,Living End,Graveyard,Stealthmagician,
2026-04-05,Modern,32,,challenge_C32_2026-04-05_decklist,,13,Jeskai Blink,Blink,Venom01,
2026-04-05,Modern,32,,challenge_C32_2026-04-05_decklist,,14,Boros Energy,Aggro,el-pollo-lolo,
2026-04-05,Modern,32,,challenge_C32_2026-04-05_decklist,,15,Goryo's Vengeance,Graveyard,YoungElf,
2026-04-05,Modern,32,,challenge_C32_2026-04-05_decklist,,16,Amulet Titan,Combo,NathanOfTheGiltLeaf,
2026-04-05,Modern,32,,challenge_C32_2026-04-05_decklist,,17,Jeskai Blink,Blink,C_S_W____,
2026-04-05,Modern,32,,challenge_C32_2026-04-05_decklist,,18,Living End,Graveyard,Corkyboyy,
2026-04-05,Modern,32,,challenge_C32_2026-04-05_decklist,,19,Grixis Reanimator,Graveyard,Wiltron92,
2026-04-05,Modern,32,,challenge_C32_2026-04-05_decklist,,20,Jeskai Energy,Aggro,MtgoUser031832121,
2026-04-05,Modern,32,,challenge_C32_2026-04-05_decklist,,21,Boros Energy,Aggro,_Batutinha_,
2026-04-05,Modern,32,,challenge_C32_2026-04-05_decklist,,22,Boros Energy,Aggro,DemianDesposito10,
2026-04-05,Modern,32,,challenge_C32_2026-04-05_decklist,,23,Azorius Control,Control,eclipse4343,
2026-04-05,Modern,32,,challenge_C32_2026-04-05_decklist,,24,Esper Control,Control,Dlihchtarw,
2026-04-05,Modern,32,,challenge_C32_2026-04-05_decklist,,25,Ruby Storm,Combo,Ch4ppy,
2026-04-05,Modern,32,,challenge_C32_2026-04-05_decklist,,26,Boros Energy,Aggro,nahuel10,
2026-04-05,Modern,32,,challenge_C32_2026-04-05_decklist,,27,Goryo's Vengeance,Graveyard,Waumpus,
2026-04-05,Modern,32,,challenge_C32_2026-04-05_decklist,,28,Eldrazi Tron,Ramp,otakkun,
2026-04-05,Modern,32,,challenge_C32_2026-04-05_decklist,,29,Ruby Storm,Combo,hugofreitas1,
2026-04-05,Modern,32,,challenge_C32_2026-04-05_decklist,,30,Jeskai Blink,Blink,gazmon48,
2026-04-05,Modern,32,,challenge_C32_2026-04-05_decklist,,31,Affinity,Aggro,NerdDadChad,
2026-04-05,Modern,32,,challenge_C32_2026-04-05_decklist,,32,Boros Energy,Aggro,Chichichi,
2026-04-06,Modern,32,,challenge_C32_2026-04-06_decklist,,1,Jeskai Blink,Blink,takeInitiative,
2026-04-06,Modern,32,,challenge_C32_2026-04-06_decklist,,2,Boros Energy,Aggro,Ihateoko,
2026-04-06,Modern,32,,challenge_C32_2026-04-06_decklist,,3,Affinity,Aggro,ChinaNO2,
2026-04-06,Modern,32,,challenge_C32_2026-04-06_decklist,,4,Eldrazi Tron,Ramp,henhen3000,
2026-04-06,Modern,32,,challenge_C32_2026-04-06_decklist,,5,Amulet Titan,Combo,NathanOfTheGiltLeaf,
2026-04-06,Modern,32,,challenge_C32_2026-04-06_decklist,,6,Sultai Ritual,Midrange,Dioferreira,
2026-04-06,Modern,32,,challenge_C32_2026-04-06_decklist,,7,Goryo's Vengeance,Graveyard,jussupinator,
2026-04-06,Modern,32,,challenge_C32_2026-04-06_decklist,,8,Grixis Death's Shadow,Aggro,RatherBplayingMTG,
2026-04-06,Modern,32,,challenge_C32_2026-04-06_decklist,,9,Domain Zoo,Midrange,mendyourheart,
2026-04-06,Modern,32,,challenge_C32_2026-04-06_decklist,,10,Boros Energy,Aggro,bless_von,
2026-04-06,Modern,32,,challenge_C32_2026-04-06_decklist,,11,Prowess,Aggro,mtgobazaar8,
2026-04-06,Modern,32,,challenge_C32_2026-04-06_decklist,,12,Boros Energy,Aggro,Linden_43,
2026-04-06,Modern,32,,challenge_C32_2026-04-06_decklist,,13,Jeskai Blink,Blink,zturchan,
2026-04-06,Modern,32,,challenge_C32_2026-04-06_decklist,,14,Prowess,Aggro,zer0h,
2026-04-06,Modern,32,,challenge_C32_2026-04-06_decklist,,15,Eldrazi Ramp,Ramp,littlebinboy,
2026-04-06,Modern,32,,challenge_C32_2026-04-06_decklist,,16,Belcher,Combo,jonahc18043,
2026-04-06,Modern,32,,challenge_C32_2026-04-06_decklist,,17,Grixis Midrange,Midrange,WaffleWiz,
2026-04-06,Modern,32,,challenge_C32_2026-04-06_decklist,,18,Jeskai Control,Control,XantosCell,
2026-04-06,Modern,32,,challenge_C32_2026-04-06_decklist,,19,Eldrazi Tron,Ramp,leandru,
2026-04-06,Modern,32,,challenge_C32_2026-04-06_decklist,,20,Boros Energy,Aggro,TentacleFan,
2026-04-06,Modern,32,,challenge_C32_2026-04-06_decklist,,21,Eldrazi Ramp,Ramp,Lightspirit,
2026-04-06,Modern,32,,challenge_C32_2026-04-06_decklist,,22,Esper Control,Control,Dlihchtarw,
2026-04-06,Modern,32,,challenge_C32_2026-04-06_decklist,,23,Ruby Storm,Combo,makaaaa,
2026-04-06,Modern,32,,challenge_C32_2026-04-06_decklist,,24,Azorius Control,Control,eclipse4343,
2026-04-06,Modern,32,,challenge_C32_2026-04-06_decklist,,25,Boros Energy,Aggro,nahuel10,
2026-04-06,Modern,32,,challenge_C32_2026-04-06_decklist,,26,Indomitable Creativity,Combo,MtgoUser031832121,
2026-04-06,Modern,32,,challenge_C32_2026-04-06_decklist,,27,Living End,Graveyard,talonflame23185,
2026-04-06,Modern,32,,challenge_C32_2026-04-06_decklist,,28,Grixis Midrange,Midrange,Rexplosion,
2026-04-06,Modern,32,,challenge_C32_2026-04-06_decklist,,29,Eldrazi Tron,Ramp,prophopper,
2026-04-06,Modern,32,,challenge_C32_2026-04-06_decklist,,30,Boros Energy,Aggro,GothMuse,
2026-04-06,Modern,32,,challenge_C32_2026-04-06_decklist,,31,Boros Energy,Aggro,MeLhamas,
2026-04-06,Modern,32,,challenge_C32_2026-04-06_decklist,,32,Indomitable Creativity,Combo,ejk,
2026-04-07,Modern,64,,challenge_C64_2026-04-07_decklist,,1,Affinity,Aggro,sioutis_kk,
2026-04-07,Modern,64,,challenge_C64_2026-04-07_decklist,,2,Grixis Reanimator,Graveyard,GLSwadow,
2026-04-07,Modern,64,,challenge_C64_2026-04-07_decklist,,3,Eldrazi Tron,Ramp,Jumba,
2026-04-07,Modern,64,,challenge_C64_2026-04-07_decklist,,4,Jeskai Blink,Blink,NeyMatoGrosso,
2026-04-07,Modern,64,,challenge_C64_2026-04-07_decklist,,5,Belcher,Combo,jonahc18043,
2026-04-07,Modern,64,,challenge_C64_2026-04-07_decklist,,6,Belcher,Combo,Savior0117,
2026-04-07,Modern,64,,challenge_C64_2026-04-07_decklist,,7,Jeskai Blink,Blink,Slyvester3,
2026-04-07,Modern,64,,challenge_C64_2026-04-07_decklist,,8,Jeskai Control,Control,XantosCell,
2026-04-07,Modern,64,,challenge_C64_2026-04-07_decklist,,9,Living End,Graveyard,MeninoNey,
2026-04-07,Modern,64,,challenge_C64_2026-04-07_decklist,,10,Jeskai Blink,Blink,Scappie,
2026-04-07,Modern,64,,challenge_C64_2026-04-07_decklist,,11,Jeskai Blink,Blink,manohito,
2026-04-07,Modern,64,,challenge_C64_2026-04-07_decklist,,12,Amulet Titan,Combo,aljce,
2026-04-07,Modern,64,,challenge_C64_2026-04-07_decklist,,13,Esper Blink,Blink,Dhedjeshdi,
2026-04-07,Modern,64,,challenge_C64_2026-04-07_decklist,,14,Boros Energy,Aggro,itstime,
2026-04-07,Modern,64,,challenge_C64_2026-04-07_decklist,,15,Belcher,Combo,trainboy,
2026-04-07,Modern,64,,challenge_C64_2026-04-07_decklist,,16,Boros Energy,Aggro,LucasG1ggs,
2026-04-07,Modern,64,,challenge_C64_2026-04-07_decklist,,17,Ruby Storm,Combo,hugofreitas1,
2026-04-07,Modern,64,,challenge_C64_2026-04-07_decklist,,18,Amulet Titan,Combo,kanister,
2026-04-07,Modern,64,,challenge_C64_2026-04-07_decklist,,19,Jeskai Blink,Blink,torrell8,
2026-04-07,Modern,64,,challenge_C64_2026-04-07_decklist,,20,Boros Energy,Aggro,AKvsJJ,
2026-04-07,Modern,64,,challenge_C64_2026-04-07_decklist,,21,Dimir Midrange,Midrange,Quinoa,
2026-04-07,Modern,64,,challenge_C64_2026-04-07_decklist,,22,Eldrazi Tron,Ramp,Dark_Shine,
2026-04-07,Modern,64,,challenge_C64_2026-04-07_decklist,,23,Boros Energy,Aggro,fazparte,
2026-04-07,Modern,64,,challenge_C64_2026-04-07_decklist,,24,Boros Energy,Aggro,Alpha_Go,
2026-04-07,Modern,64,,challenge_C64_2026-04-07_decklist,,25,Affinity,Aggro,outZEROo,
2026-04-07,Modern,64,,challenge_C64_2026-04-07_decklist,,26,Eldrazi Tron,Ramp,leandru,
2026-04-07,Modern,64,,challenge_C64_2026-04-07_decklist,,27,Domain Zoo,Midrange,Doomenstein,
2026-04-07,Modern,64,,challenge_C64_2026-04-07_decklist,,28,Prowess,Aggro,nahuel10,
2026-04-07,Modern,64,,challenge_C64_2026-04-07_decklist,,29,Orzhov Blink,Blink,SuperCow12653,
2026-04-07,Modern,64,,challenge_C64_2026-04-07_decklist,,30,Jeskai Blink,Blink,Asakuya,
2026-04-07,Modern,64,,challenge_C64_2026-04-07_decklist,,31,Boros Energy,Aggro,MagicLair,
2026-04-07,Modern,64,,challenge_C64_2026-04-07_decklist,,32,Boros Energy,Aggro,mavzero87,
2026-04-08,Modern,64,,challenge_C64_2026-04-08_decklist,,1,Prowess,Aggro,Aldreen,
2026-04-08,Modern,64,,challenge_C64_2026-04-08_decklist,,2,Eldrazi Tron,Ramp,Univerce,
2026-04-08,Modern,64,,challenge_C64_2026-04-08_decklist,,3,Affinity,Aggro,Rayst,
2026-04-08,Modern,64,,challenge_C64_2026-04-08_decklist,,4,Jeskai Blink,Blink,Scappie,
2026-04-08,Modern,64,,challenge_C64_2026-04-08_decklist,,5,Dimir Midrange,Midrange,Quinoa,
2026-04-08,Modern,64,,challenge_C64_2026-04-08_decklist,,6,Boros Energy,Aggro,Linden_43,
2026-04-08,Modern,64,,challenge_C64_2026-04-08_decklist,,7,Boros Energy,Aggro,Brunninho,
2026-04-08,Modern,64,,challenge_C64_2026-04-08_decklist,,8,Affinity,Aggro,kbol_,
2026-04-08,Modern,64,,challenge_C64_2026-04-08_decklist,,9,Yawgmoth,Midrange,Alan07,
2026-04-08,Modern,64,,challenge_C64_2026-04-08_decklist,,10,Amulet Titan,Combo,Boucha,
2026-04-08,Modern,64,,challenge_C64_2026-04-08_decklist,,11,Boros Energy,Aggro,BERNASTORRES,
2026-04-08,Modern,64,,challenge_C64_2026-04-08_decklist,,12,Boros Energy,Aggro,goron27,
2026-04-08,Modern,64,,challenge_C64_2026-04-08_decklist,,13,Boros Energy,Aggro,DcNo,
2026-04-08,Modern,64,,challenge_C64_2026-04-08_decklist,,14,Prowess,Aggro,Samlsd,
2026-04-08,Modern,64,,challenge_C64_2026-04-08_decklist,,15,Eldrazi Ramp,Ramp,Odin2015,
2026-04-08,Modern,64,,challenge_C64_2026-04-08_decklist,,16,Azorius Control,Control,levunga21,
2026-04-08,Modern,64,,challenge_C64_2026-04-08_decklist,,17,Grixis Reanimator,Graveyard,Brasatore,
2026-04-08,Modern,64,,challenge_C64_2026-04-08_decklist,,18,Living End,Graveyard,MeninooNey,
2026-04-08,Modern,64,,challenge_C64_2026-04-08_decklist,,19,Ruby Storm,Combo,hugofreitas1,
2026-04-08,Modern,64,,challenge_C64_2026-04-08_decklist,,20,Jeskai Blink,Blink,Spellyp,
2026-04-08,Modern,64,,challenge_C64_2026-04-08_decklist,,21,Jeskai Blink,Blink,habieh,
2026-04-08,Modern,64,,challenge_C64_2026-04-08_decklist,,22,Esper Midrange,Midrange,cntrlfreak_ttv,
2026-04-08,Modern,64,,challenge_C64_2026-04-08_decklist,,23,Boros Energy,Aggro,Rashek,
2026-04-08,Modern,64,,challenge_C64_2026-04-08_decklist,,24,Boros Energy,Aggro,Capitano_CL,
2026-04-08,Modern,64,,challenge_C64_2026-04-08_decklist,,25,Boros Energy,Aggro,itstime,
2026-04-08,Modern,64,,challenge_C64_2026-04-08_decklist,,26,Amulet Titan,Combo,Mistakenn,
2026-04-08,Modern,64,,challenge_C64_2026-04-08_decklist,,27,Boros Energy,Aggro,MtgoUser031832121,
2026-04-08,Modern,64,,challenge_C64_2026-04-08_decklist,,28,Living End,Graveyard,CrazyMorango,
2026-04-08,Modern,64,,challenge_C64_2026-04-08_decklist,,29,Boros Energy,Aggro,PieGonti,
2026-04-08,Modern,64,,challenge_C64_2026-04-08_decklist,,30,Boros Energy,Aggro,Sirbromsby,
2026-04-08,Modern,64,,challenge_C64_2026-04-08_decklist,,31,Ruby Storm,Combo,PetePete,
2026-04-08,Modern,64,,challenge_C64_2026-04-08_decklist,,32,Boros Energy,Aggro,Wesleke27,
2026-04-09,Modern,64,,challenge_C64_2026-04-09_decklist,,1,Eldrazi Tron,Ramp,RCMerriam,
2026-04-09,Modern,64,,challenge_C64_2026-04-09_decklist,,2,Jeskai Control,Control,Dabol-R,
2026-04-09,Modern,64,,challenge_C64_2026-04-09_decklist,,3,Boros Energy,Aggro,HolaChico,
2026-04-09,Modern,64,,challenge_C64_2026-04-09_decklist,,4,Amulet Titan,Combo,kanister,
2026-04-09,Modern,64,,challenge_C64_2026-04-09_decklist,,5,Boros Energy,Aggro,Lennny,
2026-04-09,Modern,64,,challenge_C64_2026-04-09_decklist,,6,Ruby Storm,Combo,haoqinglangou,
2026-04-09,Modern,64,,challenge_C64_2026-04-09_decklist,,7,Boros Energy,Aggro,Bahamut147,
2026-04-09,Modern,64,,challenge_C64_2026-04-09_decklist,,8,Dimir Midrange,Midrange,_Falcon_,
2026-04-09,Modern,64,,challenge_C64_2026-04-09_decklist,,9,Domain Zoo,Midrange,Pleyboy,
2026-04-09,Modern,64,,challenge_C64_2026-04-09_decklist,,10,Affinity,Aggro,kePs,
2026-04-09,Modern,64,,challenge_C64_2026-04-09_decklist,,11,Boros Energy,Aggro,Capitano_CL,
2026-04-09,Modern,64,,challenge_C64_2026-04-09_decklist,,12,Yawgmoth,Midrange,NickBolas90,
2026-04-09,Modern,64,,challenge_C64_2026-04-09_decklist,,13,Affinity,Aggro,xfile,
2026-04-09,Modern,64,,challenge_C64_2026-04-09_decklist,,14,Boros Energy,Aggro,ChuChuMTFKR,
2026-04-09,Modern,64,,challenge_C64_2026-04-09_decklist,,15,Eldrazi Tron,Ramp,Jumba,
2026-04-09,Modern,64,,challenge_C64_2026-04-09_decklist,,16,Living End,Graveyard,Marmotte_Lambda,
2026-04-09,Modern,64,,challenge_C64_2026-04-09_decklist,,17,Boros Energy,Aggro,Quetzoatlar,
2026-04-09,Modern,64,,challenge_C64_2026-04-09_decklist,,18,Living End,Graveyard,JPA93,
2026-04-09,Modern,64,,challenge_C64_2026-04-09_decklist,,19,Grixis Reanimator,Graveyard,Wiltron92,
2026-04-09,Modern,64,,challenge_C64_2026-04-09_decklist,,20,Jeskai Blink,Blink,manohito,
2026-04-09,Modern,64,,challenge_C64_2026-04-09_decklist,,21,Broodscale Combo,Combo,ziofrancone,
2026-04-09,Modern,64,,challenge_C64_2026-04-09_decklist,,22,Belcher,Combo,keyzoo,
2026-04-09,Modern,64,,challenge_C64_2026-04-09_decklist,,23,Boros Energy,Aggro,pepeteam,
2026-04-09,Modern,64,,challenge_C64_2026-04-09_decklist,,24,Mono-Black Midrange,Midrange,kaikas,
2026-04-09,Modern,64,,challenge_C64_2026-04-09_decklist,,25,Goryo's Vengeance,Graveyard,ElPuerco,
2026-04-09,Modern,64,,challenge_C64_2026-04-09_decklist,,26,Boros Energy,Aggro,fazparte,
2026-04-09,Modern,64,,challenge_C64_2026-04-09_decklist,,27,Boros Energy,Aggro,lunaloveee,
2026-04-09,Modern,64,,challenge_C64_2026-04-09_decklist,,28,Azorius Control,Control,eclipse4343,
2026-04-09,Modern,64,,challenge_C64_2026-04-09_decklist,,29,Living End,Graveyard,MeninooNey,
2026-04-09,Modern,64,,challenge_C64_2026-04-09_decklist,,30,Affinity,Aggro,TheGreatDragon,
2026-04-09,Modern,64,,challenge_C64_2026-04-09_decklist,,31,Boros Energy,Aggro,JJ,
2026-04-09,Modern,64,,challenge_C64_2026-04-09_decklist,,32,Domain Zoo,Midrange,Sarlanga,
2026-04-10,Modern,64,,challenge_C64_2026-04-10_decklist,,1,Boros Energy,Aggro,lunaloveee,
2026-04-10,Modern,64,,challenge_C64_2026-04-10_decklist,,2,Broodscale Combo,Combo,ziofrancone,
2026-04-10,Modern,64,,challenge_C64_2026-04-10_decklist,,3,Eldrazi Ramp,Ramp,Odin2015,
2026-04-10,Modern,64,,challenge_C64_2026-04-10_decklist,,4,Grixis Midrange,Midrange,nahuel10,
2026-04-10,Modern,64,,challenge_C64_2026-04-10_decklist,,5,Jeskai Energy,Aggro,ganache1127,
2026-04-10,Modern,64,,challenge_C64_2026-04-10_decklist,,6,Affinity,Aggro,MatheusPonciano,
2026-04-10,Modern,64,,challenge_C64_2026-04-10_decklist,,7,Affinity,Aggro,DarksteelWelder,
2026-04-10,Modern,64,,challenge_C64_2026-04-10_decklist,,8,Boros Energy,Aggro,bubblywubblytubbler,
2026-04-10,Modern,64,,challenge_C64_2026-04-10_decklist,,9,Boros Energy,Aggro,Aced5,
2026-04-10,Modern,64,,challenge_C64_2026-04-10_decklist,,10,Affinity,Aggro,Bugsy69,
2026-04-10,Modern,64,,challenge_C64_2026-04-10_decklist,,11,Yawgmoth,Midrange,NickBolas90,
2026-04-10,Modern,64,,challenge_C64_2026-04-10_decklist,,12,Eldrazi Tron,Ramp,LegacyGrinder,
2026-04-10,Modern,64,,challenge_C64_2026-04-10_decklist,,13,Eldrazi Tron,Ramp,DroopyStorm,
2026-04-10,Modern,64,,challenge_C64_2026-04-10_decklist,,14,Amulet Titan,Combo,NathanOfTheGiltLeaf,
2026-04-10,Modern,64,,challenge_C64_2026-04-10_decklist,,15,Temur Breach,Combo,-=Alfa=-,
2026-04-10,Modern,64,,challenge_C64_2026-04-10_decklist,,16,Jeskai Blink,Blink,kennydarko,
2026-04-10,Modern,64,,challenge_C64_2026-04-10_decklist,,17,Boros Energy,Aggro,Spellyp,
2026-04-10,Modern,64,,challenge_C64_2026-04-10_decklist,,18,Boros Energy,Aggro,GigaChadSigmaMale,
2026-04-10,Modern,64,,challenge_C64_2026-04-10_decklist,,19,Affinity,Aggro,Polikasoll,
2026-04-10,Modern,64,,challenge_C64_2026-04-10_decklist,,20,Boros Energy,Aggro,RandomOctopus,
2026-04-10,Modern,64,,challenge_C64_2026-04-10_decklist,,21,Prowess,Aggro,aspiringspike,
2026-04-10,Modern,64,,challenge_C64_2026-04-10_decklist,,22,Rakdos Aggro,Aggro,Imaeda,
2026-04-10,Modern,64,,challenge_C64_2026-04-10_decklist,,23,Eldrazi Ramp,Ramp,Lightspirit,
2026-04-10,Modern,64,,challenge_C64_2026-04-10_decklist,,24,Living End,Graveyard,MeninoNey,
2026-04-10,Modern,64,,challenge_C64_2026-04-10_decklist,,25,Jeskai Blink,Blink,St1ffler,
2026-04-10,Modern,64,,challenge_C64_2026-04-10_decklist,,26,Jeskai Blink,Blink,Scappie,
2026-04-10,Modern,64,,challenge_C64_2026-04-10_decklist,,27,Belcher,Combo,Alakai,
2026-04-10,Modern,64,,challenge_C64_2026-04-10_decklist,,28,Boros Energy,Aggro,Univerce,
2026-04-10,Modern,64,,challenge_C64_2026-04-10_decklist,,29,Dimir Control,Control,Articunozard,
2026-04-10,Modern,64,,challenge_C64_2026-04-10_decklist,,30,Belcher,Combo,Lord_of_The_Wastes,
2026-04-10,Modern,64,,challenge_C64_2026-04-10_decklist,,31,Affinity,Aggro,Thunus,
2026-04-10,Modern,64,,challenge_C64_2026-04-10_decklist,,32,Boros Energy,Aggro,Linden_43,
2026-04-11,Modern,32,,challenge_C32_2026-04-11_decklist,,1,Sultai Ritual,Midrange,wigglegenie,
2026-04-11,Modern,32,,challenge_C32_2026-04-11_decklist,,2,Boros Energy,Aggro,NJ5030,
2026-04-11,Modern,32,,challenge_C32_2026-04-11_decklist,,3,Boros Energy,Aggro,RandomOctopus,
2026-04-11,Modern,32,,challenge_C32_2026-04-11_decklist,,4,Living End,Graveyard,bananadisaster,
2026-04-11,Modern,32,,challenge_C32_2026-04-11_decklist,,5,Goryo's Vengeance,Graveyard,jussupinator,
2026-04-11,Modern,32,,challenge_C32_2026-04-11_decklist,,6,Jeskai Blink,Blink,Misplacedginger,
2026-04-11,Modern,32,,challenge_C32_2026-04-11_decklist,,7,Amulet Titan,Combo,Mistakenn,
2026-04-11,Modern,32,,challenge_C32_2026-04-11_decklist,,8,Boros Energy,Aggro,samsoni1,
2026-04-11,Modern,32,,challenge_C32_2026-04-11_decklist,,9,Boros Energy,Aggro,_Batutinha_,
2026-04-11,Modern,32,,challenge_C32_2026-04-11_decklist,,10,Boros Energy,Aggro,bless_von,
2026-04-11,Modern,32,,challenge_C32_2026-04-11_decklist,,11,Boros Energy,Aggro,lillo6,
2026-04-11,Modern,32,,challenge_C32_2026-04-11_decklist,,12,Prowess,Aggro,marito9911,
2026-04-11,Modern,32,,challenge_C32_2026-04-11_decklist,,13,Affinity,Aggro,Furstenberger,
2026-04-11,Modern,32,,challenge_C32_2026-04-11_decklist,,14,Boros Energy,Aggro,Anthaaang,
2026-04-11,Modern,32,,challenge_C32_2026-04-11_decklist,,15,Boros Energy,Aggro,TheColorOfBoom,
2026-04-11,Modern,32,,challenge_C32_2026-04-11_decklist,,16,Boros Energy,Aggro,jayrod115,
2026-04-11,Modern,32,,challenge_C32_2026-04-11_decklist,,17,Ruby Storm,Combo,hugofreitas1,
2026-04-11,Modern,32,,challenge_C32_2026-04-11_decklist,,18,Boros Energy,Aggro,LucasG1ggs,
2026-04-11,Modern,32,,challenge_C32_2026-04-11_decklist,,19,Yawgmoth,Midrange,Moorehardcore,
2026-04-11,Modern,32,,challenge_C32_2026-04-11_decklist,,20,Boros Energy,Aggro,DemianDesposito10,
2026-04-11,Modern,32,,challenge_C32_2026-04-11_decklist,,21,Boros Energy,Aggro,Cohrect,
2026-04-11,Modern,32,,challenge_C32_2026-04-11_decklist,,22,Boros Energy,Aggro,peter780108,
2026-04-11,Modern,32,,challenge_C32_2026-04-11_decklist,,23,Living End,Graveyard,MeninoNey,
2026-04-11,Modern,32,,challenge_C32_2026-04-11_decklist,,24,Boros Energy,Aggro,rarakkyo,
2026-04-11,Modern,32,,challenge_C32_2026-04-11_decklist,,25,Affinity,Aggro,Arcbound_Papi,
2026-04-11,Modern,32,,challenge_C32_2026-04-11_decklist,,26,Broodscale Combo,Combo,HelpfulHobo,
2026-04-11,Modern,32,,challenge_C32_2026-04-11_decklist,,27,Affinity,Aggro,ChinaNO2,
2026-04-11,Modern,32,,challenge_C32_2026-04-11_decklist,,28,Dimir Midrange,Midrange,Xsper,
2026-04-11,Modern,32,,challenge_C32_2026-04-11_decklist,,29,Amulet Titan,Combo,Kollslaw,
2026-04-11,Modern,32,,challenge_C32_2026-04-11_decklist,,30,Prowess,Aggro,MTGBananasack,
2026-04-11,Modern,32,,challenge_C32_2026-04-11_decklist,,31,Broodscale Combo,Combo,MisterTwin,
2026-04-11,Modern,32,,challenge_C32_2026-04-11_decklist,,32,Jeskai Blink,Blink,Patriones,
2026-04-11,Modern,64,,challenge_C64_2026-04-11_decklist,,1,Boros Energy,Aggro,Rashek,
2026-04-11,Modern,64,,challenge_C64_2026-04-11_decklist,,2,Affinity,Aggro,starfall,
2026-04-11,Modern,64,,challenge_C64_2026-04-11_decklist,,3,Jeskai Blink,Blink,St1ffler,
2026-04-11,Modern,64,,challenge_C64_2026-04-11_decklist,,4,Boros Energy,Aggro,Sixth,
2026-04-11,Modern,64,,challenge_C64_2026-04-11_decklist,,5,Mardu Blink,Blink,Jedgi,
2026-04-11,Modern,64,,challenge_C64_2026-04-11_decklist,,6,Jeskai Blink,Blink,Misplacedginger,
2026-04-11,Modern,64,,challenge_C64_2026-04-11_decklist,,7,Eldrazi Ramp,Ramp,Lightspirit,
2026-04-11,Modern,64,,challenge_C64_2026-04-11_decklist,,8,Boros Energy,Aggro,Linden_43,
2026-04-11,Modern,64,,challenge_C64_2026-04-11_decklist,,9,Living End,Graveyard,MeninoNey,
2026-04-11,Modern,64,,challenge_C64_2026-04-11_decklist,,10,Esper Blink,Blink,RespectTheCat,
2026-04-11,Modern,64,,challenge_C64_2026-04-11_decklist,,11,Jeskai Blink,Blink,yriel,
2026-04-11,Modern,64,,challenge_C64_2026-04-11_decklist,,12,Boros Energy,Aggro,hardfight,
2026-04-11,Modern,64,,challenge_C64_2026-04-11_decklist,,13,Boros Energy,Aggro,DcNo,
2026-04-11,Modern,64,,challenge_C64_2026-04-11_decklist,,14,Jeskai Blink,Blink,TheChazz,
2026-04-11,Modern,64,,challenge_C64_2026-04-11_decklist,,15,Living End,Graveyard,JPA93,
2026-04-11,Modern,64,,challenge_C64_2026-04-11_decklist,,16,Domain Zoo,Midrange,NooxTom,
2026-04-11,Modern,64,,challenge_C64_2026-04-11_decklist,,17,Affinity,Aggro,solaec0501,
2026-04-11,Modern,64,,challenge_C64_2026-04-11_decklist,,18,Affinity,Aggro,MatheusPonciano,
2026-04-11,Modern,64,,challenge_C64_2026-04-11_decklist,,19,Dimir Midrange,Midrange,1OR513N86,
2026-04-11,Modern,64,,challenge_C64_2026-04-11_decklist,,20,Belcher,Combo,Ztenod,
2026-04-11,Modern,64,,challenge_C64_2026-04-11_decklist,,21,Grixis Reanimator,Graveyard,LBBL,
2026-04-11,Modern,64,,challenge_C64_2026-04-11_decklist,,22,Temur Breach,Combo,-=Alfa=-,
2026-04-11,Modern,64,,challenge_C64_2026-04-11_decklist,,23,The Rock,Midrange,IZPhoenix,
2026-04-11,Modern,64,,challenge_C64_2026-04-11_decklist,,24,Jeskai Blink,Blink,Frejat,
2026-04-11,Modern,64,,challenge_C64_2026-04-11_decklist,,25,Eldrazi Tron,Ramp,strgn7,
2026-04-11,Modern,64,,challenge_C64_2026-04-11_decklist,,26,Ruby Storm,Combo,Alakai,
2026-04-11,Modern,64,,challenge_C64_2026-04-11_decklist,,27,Eldrazi Tron,Ramp,Jumba,
2026-04-11,Modern,64,,challenge_C64_2026-04-11_decklist,,28,Jeskai Blink,Blink,kentaro_hokori,
2026-04-11,Modern,64,,challenge_C64_2026-04-11_decklist,,29,Affinity,Aggro,Rayst,
2026-04-11,Modern,64,,challenge_C64_2026-04-11_decklist,,30,Boros Energy,Aggro,Morenothings,
2026-04-11,Modern,64,,challenge_C64_2026-04-11_decklist,,31,Indomitable Creativity,Combo,McBronze,
2026-04-11,Modern,64,,challenge_C64_2026-04-11_decklist,,32,Affinity,Aggro,TheEndofJakes,
2026-04-12,Modern,32,,challenge_C32_2026-04-12_decklist,,1,Boros Energy,Aggro,BERNASTORRES,
2026-04-12,Modern,32,,challenge_C32_2026-04-12_decklist,,2,Boros Energy,Aggro,AvianScrolls,
2026-04-12,Modern,32,,challenge_C32_2026-04-12_decklist,,3,Boros Energy,Aggro,_Batutinha_,
2026-04-12,Modern,32,,challenge_C32_2026-04-12_decklist,,4,Sultai Ritual,Midrange,wigglegenie,
2026-04-12,Modern,32,,challenge_C32_2026-04-12_decklist,,5,Sultai Ritual,Midrange,Dioferreira,
2026-04-12,Modern,32,,challenge_C32_2026-04-12_decklist,,6,Belcher,Combo,Chichichi,
2026-04-12,Modern,32,,challenge_C32_2026-04-12_decklist,,7,Domain Zoo,Midrange,mendyourheart,
2026-04-12,Modern,32,,challenge_C32_2026-04-12_decklist,,8,Jeskai Blink,Blink,kentaro_hokori,
2026-04-12,Modern,32,,challenge_C32_2026-04-12_decklist,,9,Affinity,Aggro,Yunakaze,
2026-04-12,Modern,32,,challenge_C32_2026-04-12_decklist,,10,Jeskai Blink,Blink,_Stream,
2026-04-12,Modern,32,,challenge_C32_2026-04-12_decklist,,11,Living End,Graveyard,bananadisaster,
2026-04-12,Modern,32,,challenge_C32_2026-04-12_decklist,,12,Affinity,Aggro,Miniman7778,
2026-04-12,Modern,32,,challenge_C32_2026-04-12_decklist,,13,Boros Energy,Aggro,Pugface,
2026-04-12,Modern,32,,challenge_C32_2026-04-12_decklist,,14,Prowess,Aggro,Xsper,
2026-04-12,Modern,32,,challenge_C32_2026-04-12_decklist,,15,Sam Combo,Combo,SGMY95,
2026-04-12,Modern,32,,challenge_C32_2026-04-12_decklist,,16,Domain Zoo,Midrange,sidisi,
2026-04-12,Modern,32,,challenge_C32_2026-04-12_decklist,,17,Goryo's Vengeance,Graveyard,wilson5434,
2026-04-12,Modern,32,,challenge_C32_2026-04-12_decklist,,18,Affinity,Aggro,Arcbound_Papi,
2026-04-12,Modern,32,,challenge_C32_2026-04-12_decklist,,19,Belcher,Combo,Ztenod,
2026-04-12,Modern,32,,challenge_C32_2026-04-12_decklist,,20,Jeskai Blink,Blink,RatherBplayingMTG,
2026-04-12,Modern,32,,challenge_C32_2026-04-12_decklist,,21,Affinity,Aggro,gingeralegames,
2026-04-12,Modern,32,,challenge_C32_2026-04-12_decklist,,22,Amulet Titan,Combo,Mistakenn,
2026-04-12,Modern,32,,challenge_C32_2026-04-12_decklist,,23,Boros Energy,Aggro,rarakkyo,
2026-04-12,Modern,32,,challenge_C32_2026-04-12_decklist,,24,Boros Energy,Aggro,Topdecker8000,
2026-04-12,Modern,32,,challenge_C32_2026-04-12_decklist,,25,Dimir Midrange,Midrange,_Falcon_,
2026-04-12,Modern,32,,challenge_C32_2026-04-12_decklist,,26,Jeskai Blink,Blink,zEddie,
2026-04-12,Modern,32,,challenge_C32_2026-04-12_decklist,,27,Jeskai Blink,Blink,zturchan,
2026-04-12,Modern,32,,challenge_C32_2026-04-12_decklist,,28,Through the Breach,Combo,ScreenwriterNY,
2026-04-12,Modern,32,,challenge_C32_2026-04-12_decklist,,29,Affinity,Aggro,SafetyHazard,
2026-04-12,Modern,32,,challenge_C32_2026-04-12_decklist,,30,Boros Energy,Aggro,Thronhart,
2026-04-12,Modern,32,,challenge_C32_2026-04-12_decklist,,31,Living End,Graveyard,jps_17,
2026-04-12,Modern,32,,challenge_C32_2026-04-12_decklist,,32,Ruby Storm,Combo,T-Bomb50,
2026-04-13,Modern,32,,challenge_C32_2026-04-13_decklist,,1,Ruby Storm,Combo,number1skeptic,
2026-04-13,Modern,32,,challenge_C32_2026-04-13_decklist,,2,Boros Energy,Aggro,Kev_1414,
2026-04-13,Modern,32,,challenge_C32_2026-04-13_decklist,,3,Affinity,Aggro,LaRougeMTG,
2026-04-13,Modern,32,,challenge_C32_2026-04-13_decklist,,4,Sultai Ritual,Midrange,Dioferreira,
2026-04-13,Modern,32,,challenge_C32_2026-04-13_decklist,,5,Boros Energy,Aggro,jayrod115,
2026-04-13,Modern,32,,challenge_C32_2026-04-13_decklist,,6,Living End,Graveyard,niuwaid001,
2026-04-13,Modern,32,,challenge_C32_2026-04-13_decklist,,7,Boros Energy,Aggro,peter780108,
2026-04-13,Modern,32,,challenge_C32_2026-04-13_decklist,,8,Boros Energy,Aggro,Shadowz2005,
2026-04-13,Modern,32,,challenge_C32_2026-04-13_decklist,,9,Broodscale Combo,Combo,HelpfulHobo,
2026-04-13,Modern,32,,challenge_C32_2026-04-13_decklist,,10,Amulet Titan,Combo,mtgobazaar8,
2026-04-13,Modern,32,,challenge_C32_2026-04-13_decklist,,11,Ruby Storm,Combo,T-Bomb50,
2026-04-13,Modern,32,,challenge_C32_2026-04-13_decklist,,12,Boros Energy,Aggro,Valimoth,
2026-04-13,Modern,32,,challenge_C32_2026-04-13_decklist,,13,Ruby Storm,Combo,Cachorrowo,
2026-04-13,Modern,32,,challenge_C32_2026-04-13_decklist,,14,Affinity,Aggro,SonicJ04,
2026-04-13,Modern,32,,challenge_C32_2026-04-13_decklist,,15,Boros Energy,Aggro,DemianDesposito10,
2026-04-13,Modern,32,,challenge_C32_2026-04-13_decklist,,16,Sultai Ritual,Midrange,robodude222,
2026-04-13,Modern,32,,challenge_C32_2026-04-13_decklist,,17,Jeskai Control,Control,XantosCell,
2026-04-13,Modern,32,,challenge_C32_2026-04-13_decklist,,18,Grixis Midrange,Midrange,Dlihchtarw,
2026-04-13,Modern,32,,challenge_C32_2026-04-13_decklist,,19,Yawgmoth,Midrange,aidoon,
2026-04-13,Modern,32,,challenge_C32_2026-04-13_decklist,,20,Boros Energy,Aggro,samsoni1,
2026-04-13,Modern,32,,challenge_C32_2026-04-13_decklist,,21,Eldrazi Ramp,Ramp,Odin2015,
2026-04-13,Modern,32,,challenge_C32_2026-04-13_decklist,,22,Grixis Reanimator,Graveyard,BENTO_,
2026-04-13,Modern,32,,challenge_C32_2026-04-13_decklist,,23,Jeskai Blink,Blink,ejk,
2026-04-13,Modern,32,,challenge_C32_2026-04-13_decklist,,24,Affinity,Aggro,Milkshake_,
2026-04-13,Modern,32,,challenge_C32_2026-04-13_decklist,,25,Affinity,Aggro,jakobpablo,
2026-04-13,Modern,32,,challenge_C32_2026-04-13_decklist,,26,Amulet Titan,Combo,aljce,
2026-04-13,Modern,32,,challenge_C32_2026-04-13_decklist,,27,Prowess,Aggro,zer0h,
2026-04-13,Modern,32,,challenge_C32_2026-04-13_decklist,,28,Prowess,Aggro,derlumberzack,
2026-04-13,Modern,32,,challenge_C32_2026-04-13_decklist,,29,Prowess,Aggro,Xsper,
2026-04-13,Modern,32,,challenge_C32_2026-04-13_decklist,,30,Eldrazi Tron,Ramp,talonflame23185,
2026-04-13,Modern,32,,challenge_C32_2026-04-13_decklist,,31,Living End,Graveyard,szn,
2026-04-13,Modern,32,,challenge_C32_2026-04-13_decklist,,32,Boros Energy,Aggro,jessy_samek,
2026-04-13,Modern,64,,challenge_C64_2026-04-13_decklist,,1,Boros Energy,Aggro,Rashek,
2026-04-13,Modern,64,,challenge_C64_2026-04-13_decklist,,2,Living End,Graveyard,Univerce,
2026-04-13,Modern,64,,challenge_C64_2026-04-13_decklist,,3,Boros Energy,Aggro,Cereza,
2026-04-13,Modern,64,,challenge_C64_2026-04-13_decklist,,4,Mardu Blink,Blink,Jedgi,
2026-04-13,Modern,64,,challenge_C64_2026-04-13_decklist,,5,Living End,Graveyard,MeninoNey,
2026-04-13,Modern,64,,challenge_C64_2026-04-13_decklist,,6,Amulet Titan,Combo,Boucha,
2026-04-13,Modern,64,,challenge_C64_2026-04-13_decklist,,7,Rakdos Aggro,Aggro,Czechito,
2026-04-13,Modern,64,,challenge_C64_2026-04-13_decklist,,8,Boros Energy,Aggro,sokos13,
2026-04-13,Modern,64,,challenge_C64_2026-04-13_decklist,,9,Boros Energy,Aggro,DcNo,
2026-04-13,Modern,64,,challenge_C64_2026-04-13_decklist,,10,Amulet Titan,Combo,Mistakenn,
2026-04-13,Modern,64,,challenge_C64_2026-04-13_decklist,,11,Yawgmoth,Midrange,aspiringspike,
2026-04-13,Modern,64,,challenge_C64_2026-04-13_decklist,,12,Jeskai Blink,Blink,Scappie,
2026-04-13,Modern,64,,challenge_C64_2026-04-13_decklist,,13,Ruby Storm,Combo,PraiseAqua,
2026-04-13,Modern,64,,challenge_C64_2026-04-13_decklist,,14,Boros Energy,Aggro,pepeteam,
2026-04-13,Modern,64,,challenge_C64_2026-04-13_decklist,,15,Grixis Reanimator,Graveyard,Wiltron92,
2026-04-13,Modern,64,,challenge_C64_2026-04-13_decklist,,16,Affinity,Aggro,xfile,
2026-04-13,Modern,64,,challenge_C64_2026-04-13_decklist,,17,Affinity,Aggro,TheDingoKing,
2026-04-13,Modern,64,,challenge_C64_2026-04-13_decklist,,18,Boros Energy,Aggro,MagicLair,
2026-04-13,Modern,64,,challenge_C64_2026-04-13_decklist,,19,Kethis Combo,Combo,mosh_joscoe,
2026-04-13,Modern,64,,challenge_C64_2026-04-13_decklist,,20,Affinity,Aggro,MayoDominaria,
2026-04-13,Modern,64,,challenge_C64_2026-04-13_decklist,,21,Boros Energy,Aggro,FraKoE,
2026-04-13,Modern,64,,challenge_C64_2026-04-13_decklist,,22,Affinity,Aggro,Polikasoll,
2026-04-13,Modern,64,,challenge_C64_2026-04-13_decklist,,23,Prowess,Aggro,Kvothe_De_Arrascaeta,
2026-04-13,Modern,64,,challenge_C64_2026-04-13_decklist,,24,Boros Energy,Aggro,La_Ele,
2026-04-13,Modern,64,,challenge_C64_2026-04-13_decklist,,25,Prowess,Aggro,chagu,
2026-04-13,Modern,64,,challenge_C64_2026-04-13_decklist,,26,Boros Energy,Aggro,Rayst,
2026-04-13,Modern,64,,challenge_C64_2026-04-13_decklist,,27,Affinity,Aggro,myra00,
2026-04-13,Modern,64,,challenge_C64_2026-04-13_decklist,,28,Boros Energy,Aggro,KadettiKersantti,
2026-04-13,Modern,64,,challenge_C64_2026-04-13_decklist,,29,Orzhov Blink,Blink,SuperCow12653,
2026-04-13,Modern,64,,challenge_C64_2026-04-13_decklist,,30,Living End,Graveyard,filpin,
2026-04-13,Modern,64,,challenge_C64_2026-04-13_decklist,,31,Rakdos Aggro,Aggro,DragonFodder,
2026-04-13,Modern,64,,challenge_C64_2026-04-13_decklist,,32,Eldrazi Tron,Ramp,DroopyStorm,
2026-04-14,Modern,64,,challenge_C64_2026-04-14_decklist,,1,Amulet Titan,Combo,NathanOfTheGiltLeaf,
2026-04-14,Modern,64,,challenge_C64_2026-04-14_decklist,,2,Boros Energy,Aggro,ShadowTitan1,
2026-04-14,Modern,64,,challenge_C64_2026-04-14_decklist,,3,Prowess,Aggro,arturcosta,
2026-04-14,Modern,64,,challenge_C64_2026-04-14_decklist,,4,Boros Energy,Aggro,Rashek,
2026-04-14,Modern,64,,challenge_C64_2026-04-14_decklist,,5,Broodscale Combo,Combo,Chichichi,
2026-04-14,Modern,64,,challenge_C64_2026-04-14_decklist,,6,Boros Energy,Aggro,Kev_1414,
2026-04-14,Modern,64,,challenge_C64_2026-04-14_decklist,,7,Affinity,Aggro,xfile,
2026-04-14,Modern,64,,challenge_C64_2026-04-14_decklist,,8,Ruby Storm,Combo,jade-venus,
2026-04-14,Modern,64,,challenge_C64_2026-04-14_decklist,,9,Prowess,Aggro,Xsper,
2026-04-14,Modern,64,,challenge_C64_2026-04-14_decklist,,10,Jeskai Blink,Blink,Misplacedginger,
2026-04-14,Modern,64,,challenge_C64_2026-04-14_decklist,,11,Dimir Midrange,Midrange,1OR513N86,
2026-04-14,Modern,64,,challenge_C64_2026-04-14_decklist,,12,Boros Energy,Aggro,_Batutinha_,
2026-04-14,Modern,64,,challenge_C64_2026-04-14_decklist,,13,Eldrazi Ramp,Ramp,russell_wilson,
2026-04-14,Modern,64,,challenge_C64_2026-04-14_decklist,,14,Boros Energy,Aggro,fazparte,
2026-04-14,Modern,64,,challenge_C64_2026-04-14_decklist,,15,Living End,Graveyard,MeninoNey,
2026-04-14,Modern,64,,challenge_C64_2026-04-14_decklist,,16,Eldrazi Tron,Ramp,myra00,
2026-04-14,Modern,64,,challenge_C64_2026-04-14_decklist,,17,Prowess,Aggro,CrazyMorango,
2026-04-14,Modern,64,,challenge_C64_2026-04-14_decklist,,18,Eldrazi Tron,Ramp,Univerce,
2026-04-14,Modern,64,,challenge_C64_2026-04-14_decklist,,19,Grixis Reanimator,Graveyard,GLSwadow,
2026-04-14,Modern,64,,challenge_C64_2026-04-14_decklist,,20,Mardu Blink,Blink,Jedgi,
2026-04-14,Modern,64,,challenge_C64_2026-04-14_decklist,,21,Amulet Titan,Combo,kanister,
2026-04-14,Modern,64,,challenge_C64_2026-04-14_decklist,,22,Eldrazi Tron,Ramp,FynnOfBlood,
2026-04-14,Modern,64,,challenge_C64_2026-04-14_decklist,,23,Boros Energy,Aggro,gazmon48,
2026-04-14,Modern,64,,challenge_C64_2026-04-14_decklist,,24,Boros Energy,Aggro,Dhedjeshdi,
2026-04-14,Modern,64,,challenge_C64_2026-04-14_decklist,,25,Boros Energy,Aggro,SHUANEEHOG,
2026-04-14,Modern,64,,challenge_C64_2026-04-14_decklist,,26,Boros Energy,Aggro,Wesleke27,
2026-04-14,Modern,64,,challenge_C64_2026-04-14_decklist,,27,Dimir Midrange,Midrange,RandomOctopus,
2026-04-14,Modern,64,,challenge_C64_2026-04-14_decklist,,28,Grixis Midrange,Midrange,Ketofol,
2026-04-14,Modern,64,,challenge_C64_2026-04-14_decklist,,29,Boros Energy,Aggro,peter780108,
2026-04-14,Modern,64,,challenge_C64_2026-04-14_decklist,,30,Sultai Ritual,Midrange,Profnatedogsc,
2026-04-14,Modern,64,,challenge_C64_2026-04-14_decklist,,31,Boros Energy,Aggro,BERNASTORRES,
2026-04-14,Modern,64,,challenge_C64_2026-04-14_decklist,,32,Domain Zoo,Midrange,Sarlanga,
2026-04-15,Modern,32,,challenge_C32_2026-04-15_decklist,,1,BRG,Midrange,HawQ,
2026-04-15,Modern,32,,challenge_C32_2026-04-15_decklist,,2,Boros Energy,Aggro,Linden_43,
2026-04-15,Modern,32,,challenge_C32_2026-04-15_decklist,,3,Boros Energy,Aggro,jonahc18043,
2026-04-15,Modern,32,,challenge_C32_2026-04-15_decklist,,4,Broodscale Combo,Combo,Chichichi,
2026-04-15,Modern,32,,challenge_C32_2026-04-15_decklist,,5,Boros Energy,Aggro,SHUANEEHOG,
2026-04-15,Modern,32,,challenge_C32_2026-04-15_decklist,,6,Living End,Graveyard,DrPP,
2026-04-15,Modern,32,,challenge_C32_2026-04-15_decklist,,7,Ruby Storm,Combo,jade-venus,
2026-04-15,Modern,32,,challenge_C32_2026-04-15_decklist,,8,Domain Zoo,Midrange,Sarlanga,
2026-04-15,Modern,32,,challenge_C32_2026-04-15_decklist,,9,Jeskai Blink,Blink,Scappie,
2026-04-15,Modern,32,,challenge_C32_2026-04-15_decklist,,10,Affinity,Aggro,_Chamytinho_,
2026-04-15,Modern,32,,challenge_C32_2026-04-15_decklist,,11,Affinity,Aggro,sioutis_kk,
2026-04-15,Modern,32,,challenge_C32_2026-04-15_decklist,,12,Goryo's Vengeance,Graveyard,slaxx,
2026-04-15,Modern,32,,challenge_C32_2026-04-15_decklist,,13,Boros Energy,Aggro,VizosMTG,
2026-04-15,Modern,32,,challenge_C32_2026-04-15_decklist,,14,Eldrazi Tron,Ramp,cart02,
2026-04-15,Modern,32,,challenge_C32_2026-04-15_decklist,,15,Ruby Storm,Combo,Thief_Of_Crowns,
2026-04-15,Modern,32,,challenge_C32_2026-04-15_decklist,,16,Prowess,Aggro,Xsper,
2026-04-15,Modern,32,,challenge_C32_2026-04-15_decklist,,17,Belcher,Combo,Walker735,
2026-04-15,Modern,32,,challenge_C32_2026-04-15_decklist,,18,Boros Energy,Aggro,HolaChico,
2026-04-15,Modern,32,,challenge_C32_2026-04-15_decklist,,19,Eldrazi Tron,Ramp,Jumba,
2026-04-15,Modern,32,,challenge_C32_2026-04-15_decklist,,20,Living End,Graveyard,MeninoNey,
2026-04-15,Modern,32,,challenge_C32_2026-04-15_decklist,,21,Living End,Graveyard,diogodesouzajr,
2026-04-15,Modern,32,,challenge_C32_2026-04-15_decklist,,22,Affinity,Aggro,Martin_Dominguez,
2026-04-15,Modern,32,,challenge_C32_2026-04-15_decklist,,23,Mardu Blink,Blink,Jedgi,
2026-04-15,Modern,32,,challenge_C32_2026-04-15_decklist,,24,Boros Energy,Aggro,TheColorOfBoom,
2026-04-15,Modern,32,,challenge_C32_2026-04-15_decklist,,25,Eldrazi Tron,Ramp,DroopyStorm,
2026-04-15,Modern,32,,challenge_C32_2026-04-15_decklist,,26,Prowess,Aggro,jben,
2026-04-15,Modern,32,,challenge_C32_2026-04-15_decklist,,27,Affinity,Aggro,Rosiedog88,
2026-04-15,Modern,32,,challenge_C32_2026-04-15_decklist,,28,Eldrazi Tron,Ramp,leandru,
2026-04-15,Modern,32,,challenge_C32_2026-04-15_decklist,,29,Boros Energy,Aggro,_Batutinha_,
2026-04-15,Modern,32,,challenge_C32_2026-04-15_decklist,,30,Jeskai Control,Control,eclipse4343,
2026-04-15,Modern,32,,challenge_C32_2026-04-15_decklist,,31,Boros Energy,Aggro,GothMuse,
2026-04-15,Modern,32,,challenge_C32_2026-04-15_decklist,,32,Boros Energy,Aggro,EdwardKenway,
2026-04-16,Modern,64,,challenge_C64_2026-04-16_decklist,,1,Boros Energy,Aggro,Rashek,
2026-04-16,Modern,64,,challenge_C64_2026-04-16_decklist,,2,Boros Energy,Aggro,_Batutinha_,
2026-04-16,Modern,64,,challenge_C64_2026-04-16_decklist,,3,Ruby Storm,Combo,Erik157751,
2026-04-16,Modern,64,,challenge_C64_2026-04-16_decklist,,4,Boros Energy,Aggro,GothMuse,
2026-04-16,Modern,64,,challenge_C64_2026-04-16_decklist,,5,Ruby Storm,Combo,haoqinglangou,
2026-04-16,Modern,64,,challenge_C64_2026-04-16_decklist,,6,Eldrazi Tron,Ramp,RCMerriam,
2026-04-16,Modern,64,,challenge_C64_2026-04-16_decklist,,7,Amulet Titan,Combo,Boucha,
2026-04-16,Modern,64,,challenge_C64_2026-04-16_decklist,,8,Boros Energy,Aggro,Bahamut147,
2026-04-16,Modern,64,,challenge_C64_2026-04-16_decklist,,9,Prowess,Aggro,Xsper,
2026-04-16,Modern,64,,challenge_C64_2026-04-16_decklist,,10,URG,Midrange,Im2SneakyMTG,
2026-04-16,Modern,64,,challenge_C64_2026-04-16_decklist,,11,Azorius Control,Control,Martin_Dominguez,
2026-04-16,Modern,64,,challenge_C64_2026-04-16_decklist,,12,Amulet Titan,Combo,Mistakenn,
2026-04-16,Modern,64,,challenge_C64_2026-04-16_decklist,,13,Esper Blink,Blink,RespectTheCat,
2026-04-16,Modern,64,,challenge_C64_2026-04-16_decklist,,14,Grixis Midrange,Midrange,oosunq,
2026-04-16,Modern,64,,challenge_C64_2026-04-16_decklist,,15,Boros Energy,Aggro,Folero,
2026-04-16,Modern,64,,challenge_C64_2026-04-16_decklist,,16,Eldrazi Tron,Ramp,DroopyStorm,
2026-04-16,Modern,64,,challenge_C64_2026-04-16_decklist,,17,Esper Control,Control,LangeBastian,
2026-04-16,Modern,64,,challenge_C64_2026-04-16_decklist,,18,Eldrazi Tron,Ramp,Jumba,
2026-04-16,Modern,64,,challenge_C64_2026-04-16_decklist,,19,Kethis Combo,Combo,mosh_joscoe,
2026-04-16,Modern,64,,challenge_C64_2026-04-16_decklist,,20,Domain Zoo,Midrange,Pleyboy,
2026-04-16,Modern,64,,challenge_C64_2026-04-16_decklist,,21,Boros Energy,Aggro,sokos13,
2026-04-16,Modern,64,,challenge_C64_2026-04-16_decklist,,22,Eldrazi Tron,Ramp,Karazu,
2026-04-16,Modern,64,,challenge_C64_2026-04-16_decklist,,23,Jeskai Blink,Blink,IFLacerda,
2026-04-16,Modern,64,,challenge_C64_2026-04-16_decklist,,24,Ruby Storm,Combo,hugofreitas1,
2026-04-16,Modern,64,,challenge_C64_2026-04-16_decklist,,25,Prowess,Aggro,arturcosta,
2026-04-16,Modern,64,,challenge_C64_2026-04-16_decklist,,26,Affinity,Aggro,Kikis,
2026-04-16,Modern,64,,challenge_C64_2026-04-16_decklist,,27,Jeskai Control,Control,eclipse4343,
2026-04-16,Modern,64,,challenge_C64_2026-04-16_decklist,,28,Boros Energy,Aggro,SHUANEEHOG,
2026-04-16,Modern,64,,challenge_C64_2026-04-16_decklist,,29,Living End,Graveyard,MeninoNey,
2026-04-16,Modern,64,,challenge_C64_2026-04-16_decklist,,30,Amulet Titan,Combo,NathanOfTheGiltLeaf,
2026-04-16,Modern,64,,challenge_C64_2026-04-16_decklist,,31,URG,Midrange,Bigatti,
2026-04-16,Modern,64,,challenge_C64_2026-04-16_decklist,,32,Affinity,Aggro,xfile,
2026-04-17,Modern,64,,challenge_C64_2026-04-17_decklist,,1,Belcher,Combo,532at,
2026-04-17,Modern,64,,challenge_C64_2026-04-17_decklist,,2,Boros Energy,Aggro,3HDgamers,
2026-04-17,Modern,64,,challenge_C64_2026-04-17_decklist,,3,Eldrazi Tron,Ramp,aspiringspike,
2026-04-17,Modern,64,,challenge_C64_2026-04-17_decklist,,4,Domain Zoo,Midrange,Pleyboy,
2026-04-17,Modern,64,,challenge_C64_2026-04-17_decklist,,5,Boros Energy,Aggro,_Batutinha_,
2026-04-17,Modern,64,,challenge_C64_2026-04-17_decklist,,6,Esper Midrange,Midrange,Slyvester3,
2026-04-17,Modern,64,,challenge_C64_2026-04-17_decklist,,7,Esper Blink,Blink,Stanners,
2026-04-17,Modern,64,,challenge_C64_2026-04-17_decklist,,8,Affinity,Aggro,myra00,
2026-04-17,Modern,64,,challenge_C64_2026-04-17_decklist,,9,Jeskai Control,Control,strgn7,
2026-04-17,Modern,64,,challenge_C64_2026-04-17_decklist,,10,Goryo's Vengeance,Graveyard,slaxx,
2026-04-17,Modern,64,,challenge_C64_2026-04-17_decklist,,11,Goryo's Vengeance,Graveyard,NAKISHIMA,
2026-04-17,Modern,64,,challenge_C64_2026-04-17_decklist,,12,Jeskai Control,Control,PieGonti,
2026-04-17,Modern,64,,challenge_C64_2026-04-17_decklist,,13,Rakdos Delirium,Aggro,Imaeda,
2026-04-17,Modern,64,,challenge_C64_2026-04-17_decklist,,14,Belcher,Combo,bugzbugs,
2026-04-17,Modern,64,,challenge_C64_2026-04-17_decklist,,15,Prowess,Aggro,Xsper,
2026-04-17,Modern,64,,challenge_C64_2026-04-17_decklist,,16,Ruby Storm,Combo,BERNASTORRES,
2026-04-17,Modern,64,,challenge_C64_2026-04-17_decklist,,17,Belcher,Combo,jmaw,
2026-04-17,Modern,64,,challenge_C64_2026-04-17_decklist,,18,Rakdos Death's Shadow,Aggro,looknonumbers,
2026-04-17,Modern,64,,challenge_C64_2026-04-17_decklist,,19,Boros Energy,Aggro,manjyui,
2026-04-17,Modern,64,,challenge_C64_2026-04-17_decklist,,20,Affinity,Aggro,LaRougeMTG,
2026-04-17,Modern,64,,challenge_C64_2026-04-17_decklist,,21,Eldrazi Tron,Ramp,ShikiXYZ,
2026-04-17,Modern,64,,challenge_C64_2026-04-17_decklist,,22,Goryo's Vengeance,Graveyard,Rvng,
2026-04-17,Modern,64,,challenge_C64_2026-04-17_decklist,,23,Prowess,Aggro,Suechtler,
2026-04-17,Modern,64,,challenge_C64_2026-04-17_decklist,,24,Boros Energy,Aggro,DemianDesposito10,
2026-04-17,Modern,64,,challenge_C64_2026-04-17_decklist,,25,Living End,Graveyard,Corkyboyy,
2026-04-17,Modern,64,,challenge_C64_2026-04-17_decklist,,26,Affinity,Aggro,MystikHawk,
2026-04-17,Modern,64,,challenge_C64_2026-04-17_decklist,,27,Belcher,Combo,Lord_of_The_Wastes,
2026-04-17,Modern,64,,challenge_C64_2026-04-17_decklist,,28,Living End,Graveyard,SweetnamStyle,
2026-04-17,Modern,64,,challenge_C64_2026-04-17_decklist,,29,4c Control,Control,Sparky7674,
2026-04-17,Modern,64,,challenge_C64_2026-04-17_decklist,,30,Ruby Storm,Combo,WaIterWhite,
2026-04-17,Modern,64,,challenge_C64_2026-04-17_decklist,,31,Yawgmoth,Midrange,Taurum,
2026-04-17,Modern,64,,challenge_C64_2026-04-17_decklist,,32,Indomitable Creativity,Combo,McBronze,
2026-04-18,Modern,32,,challenge_C32_2026-04-18_decklist,,1,Jeskai Control,Control,cgouldner,
2026-04-18,Modern,32,,challenge_C32_2026-04-18_decklist,,2,Eldrazi Ramp,Ramp,Lightspirit,
2026-04-18,Modern,32,,challenge_C32_2026-04-18_decklist,,3,Domain Zoo,Midrange,TingInTheRice,
2026-04-18,Modern,32,,challenge_C32_2026-04-18_decklist,,4,Boros Energy,Aggro,bubblywubblytubbler,
2026-04-18,Modern,32,,challenge_C32_2026-04-18_decklist,,5,Ruby Storm,Combo,hugofreitas1,
2026-04-18,Modern,32,,challenge_C32_2026-04-18_decklist,,6,Boros Energy,Aggro,VizosMTG,
2026-04-18,Modern,32,,challenge_C32_2026-04-18_decklist,,7,Boros Energy,Aggro,Nadu,
2026-04-18,Modern,32,,challenge_C32_2026-04-18_decklist,,8,Jeskai Blink,Blink,felider,
2026-04-18,Modern,32,,challenge_C32_2026-04-18_decklist,,9,Amulet Titan,Combo,aljce,
2026-04-18,Modern,32,,challenge_C32_2026-04-18_decklist,,10,Eldrazi Ramp,Ramp,Odin2015,
2026-04-18,Modern,32,,challenge_C32_2026-04-18_decklist,,11,Boros Energy,Aggro,Silentstorm1003,
2026-04-18,Modern,32,,challenge_C32_2026-04-18_decklist,,12,Living End,Graveyard,Lord_Beerus,
2026-04-18,Modern,32,,challenge_C32_2026-04-18_decklist,,13,Broodscale Combo,Combo,toothymtg,
2026-04-18,Modern,32,,challenge_C32_2026-04-18_decklist,,14,Affinity,Aggro,gazmon48,
2026-04-18,Modern,32,,challenge_C32_2026-04-18_decklist,,15,Domain Zoo,Midrange,mendyourheart,
2026-04-18,Modern,32,,challenge_C32_2026-04-18_decklist,,16,Esper Blink,Blink,olbeda,
2026-04-18,Modern,32,,challenge_C32_2026-04-18_decklist,,17,Sultai Ritual,Midrange,wigglegenie,
2026-04-18,Modern,32,,challenge_C32_2026-04-18_decklist,,18,Boros Energy,Aggro,jibeta,
2026-04-18,Modern,32,,challenge_C32_2026-04-18_decklist,,19,Jeskai Blink,Blink,CaptainKirkk,
2026-04-18,Modern,32,,challenge_C32_2026-04-18_decklist,,20,Goryo's Vengeance,Graveyard,RandomOctopus,
2026-04-18,Modern,32,,challenge_C32_2026-04-18_decklist,,21,Boros Energy,Aggro,Pugface,
2026-04-18,Modern,32,,challenge_C32_2026-04-18_decklist,,22,Jeskai Blink,Midrange,eclipse4343,
2026-04-18,Modern,32,,challenge_C32_2026-04-18_decklist,,23,Boros Energy,Aggro,bless_von,
2026-04-18,Modern,32,,challenge_C32_2026-04-18_decklist,,24,Amulet Titan,Combo,Mistakenn,
2026-04-18,Modern,32,,challenge_C32_2026-04-18_decklist,,25,Affinity,Aggro,_Stream,
2026-04-18,Modern,32,,challenge_C32_2026-04-18_decklist,,26,Boros Energy,Aggro,ip_pontes,
2026-04-18,Modern,32,,challenge_C32_2026-04-18_decklist,,27,Jeskai Blink,Blink,zturchan,
2026-04-18,Modern,32,,challenge_C32_2026-04-18_decklist,,28,Grixis Reanimator,Graveyard,HonestPete,
2026-04-18,Modern,32,,challenge_C32_2026-04-18_decklist,,29,Jeskai Blink,Blink,funnyscreenname,
2026-04-18,Modern,32,,challenge_C32_2026-04-18_decklist,,30,Jeskai Blink,Blink,Venom01,
2026-04-18,Modern,32,,challenge_C32_2026-04-18_decklist,,31,Affinity,Aggro,416FrowningTable,
2026-04-18,Modern,32,,challenge_C32_2026-04-18_decklist,,32,Boros Energy,Aggro,Ahusga,
2026-04-18,Modern,64,,challenge_C64_2026-04-18_decklist,,1,Living End,Graveyard,SweetnamStyle,
2026-04-18,Modern,64,,challenge_C64_2026-04-18_decklist,,2,Living End,Graveyard,MisterTwin,
2026-04-18,Modern,64,,challenge_C64_2026-04-18_decklist,,3,Amulet Titan,Combo,Mistakenn,
2026-04-18,Modern,64,,challenge_C64_2026-04-18_decklist,,4,Boros Energy,Aggro,pepeteam,
2026-04-18,Modern,64,,challenge_C64_2026-04-18_decklist,,5,Jeskai Control,Control,bobthedog,
2026-04-18,Modern,64,,challenge_C64_2026-04-18_decklist,,6,Affinity,Aggro,LordEgg,
2026-04-18,Modern,64,,challenge_C64_2026-04-18_decklist,,7,Boros Energy,Aggro,fab47,
2026-04-18,Modern,64,,challenge_C64_2026-04-18_decklist,,8,Living End,Graveyard,AnActualRacc00n,
2026-04-18,Modern,64,,challenge_C64_2026-04-18_decklist,,9,Boros Energy,Aggro,jakobpablo,
2026-04-18,Modern,64,,challenge_C64_2026-04-18_decklist,,10,Eldrazi Ramp,Ramp,Odin2015,
2026-04-18,Modern,64,,challenge_C64_2026-04-18_decklist,,11,Boros Energy,Aggro,ip_pontes,
2026-04-18,Modern,64,,challenge_C64_2026-04-18_decklist,,12,Jeskai Blink,Blink,St1ffler,
2026-04-18,Modern,64,,challenge_C64_2026-04-18_decklist,,13,Mono-Green Midrange,Midrange,p00pInMyFacex3,
2026-04-18,Modern,64,,challenge_C64_2026-04-18_decklist,,14,Boros Energy,Aggro,Rashek,
2026-04-18,Modern,64,,challenge_C64_2026-04-18_decklist,,15,BRG,Midrange,mtbWolf,
2026-04-18,Modern,64,,challenge_C64_2026-04-18_decklist,,16,Yawgmoth,Midrange,Xerk,
2026-04-18,Modern,64,,challenge_C64_2026-04-18_decklist,,17,Amulet Titan,Combo,WeareVenom,
2026-04-18,Modern,64,,challenge_C64_2026-04-18_decklist,,18,Boros Energy,Aggro,SHUANEEHOG,
2026-04-18,Modern,64,,challenge_C64_2026-04-18_decklist,,19,Jeskai Blink,Blink,Terminus0,
2026-04-18,Modern,64,,challenge_C64_2026-04-18_decklist,,20,Goryo's Vengeance,Graveyard,slaxx,
2026-04-18,Modern,64,,challenge_C64_2026-04-18_decklist,,21,Jeskai Blink,Blink,takeInitiative,
2026-04-18,Modern,64,,challenge_C64_2026-04-18_decklist,,22,BRG,Midrange,MissTrigger,
2026-04-18,Modern,64,,challenge_C64_2026-04-18_decklist,,23,Living End,Graveyard,Lord_Beerus,
2026-04-18,Modern,64,,challenge_C64_2026-04-18_decklist,,24,Prowess,Aggro,arturcosta,
2026-04-18,Modern,64,,challenge_C64_2026-04-18_decklist,,25,Ruby Storm,Combo,hugofreitas1,
2026-04-18,Modern,64,,challenge_C64_2026-04-18_decklist,,26,Naya Energy,Aggro,DavidDaBridges,
2026-04-18,Modern,64,,challenge_C64_2026-04-18_decklist,,27,Amulet Titan,Combo,Kollslaw,
2026-04-18,Modern,64,,challenge_C64_2026-04-18_decklist,,28,Boros Energy,Aggro,Lupos,
2026-04-18,Modern,64,,challenge_C64_2026-04-18_decklist,,29,Dimir Midrange,Midrange,JTripleB,
2026-04-18,Modern,64,,challenge_C64_2026-04-18_decklist,,30,Amulet Titan,Combo,sidisi,
2026-04-18,Modern,64,,challenge_C64_2026-04-18_decklist,,31,Eldrazi Tron,Ramp,Cantergiani,
2026-04-18,Modern,64,,challenge_C64_2026-04-18_decklist,,32,Jeskai Control,Control,strgn7,
2026-04-19,Modern,32,,challenge_C32_2026-04-19_decklist,,1,Affinity,Aggro,416FrowningTable,
2026-04-19,Modern,32,,challenge_C32_2026-04-19_decklist,,2,Belcher,Combo,UnbanOko,
2026-04-19,Modern,32,,challenge_C32_2026-04-19_decklist,,3,Boros Energy,Aggro,TekiAkuma,
2026-04-19,Modern,32,,challenge_C32_2026-04-19_decklist,,4,Amulet Titan,Combo,NathanOfTheGiltLeaf,
2026-04-19,Modern,32,,challenge_C32_2026-04-19_decklist,,5,Sultai Ritual,Midrange,wigglegenie,
2026-04-19,Modern,32,,challenge_C32_2026-04-19_decklist,,6,Eldrazi Tron,Ramp,eggybenny,
2026-04-19,Modern,32,,challenge_C32_2026-04-19_decklist,,7,Yawgmoth,Midrange,JohnEly,
2026-04-19,Modern,32,,challenge_C32_2026-04-19_decklist,,8,Esper Blink,Blink,Marvin_Dalkiri,
2026-04-19,Modern,32,,challenge_C32_2026-04-19_decklist,,9,Domain Zoo,Midrange,Sarlanga,
2026-04-19,Modern,32,,challenge_C32_2026-04-19_decklist,,10,Domain Zoo,Midrange,mendyourheart,
2026-04-19,Modern,32,,challenge_C32_2026-04-19_decklist,,11,Eldrazi Ramp,Ramp,Odin2015,
2026-04-19,Modern,32,,challenge_C32_2026-04-19_decklist,,12,Boros Energy,Aggro,rarakkyo,
2026-04-19,Modern,32,,challenge_C32_2026-04-19_decklist,,13,Living End,Graveyard,t-v,
2026-04-19,Modern,32,,challenge_C32_2026-04-19_decklist,,14,Boros Energy,Aggro,DemianDesposito10,
2026-04-19,Modern,32,,challenge_C32_2026-04-19_decklist,,15,Boros Energy,Aggro,morris,
2026-04-19,Modern,32,,challenge_C32_2026-04-19_decklist,,16,Hammer Time,Combo,hyoooga,
2026-04-19,Modern,32,,challenge_C32_2026-04-19_decklist,,17,Amulet Titan,Combo,Squiggy686,
2026-04-19,Modern,32,,challenge_C32_2026-04-19_decklist,,18,Amulet Titan,Combo,sidisi,
2026-04-19,Modern,32,,challenge_C32_2026-04-19_decklist,,19,Amulet Titan,Combo,HouseOfManaMTG,
2026-04-19,Modern,32,,challenge_C32_2026-04-19_decklist,,20,Eldrazi Ramp,Ramp,DerpityDerpz,
2026-04-19,Modern,32,,challenge_C32_2026-04-19_decklist,,21,Jeskai Blink,Midrange,eclipse4343,
2026-04-19,Modern,32,,challenge_C32_2026-04-19_decklist,,22,Esper Murktide,Midrange,HypnosTV,
2026-04-19,Modern,32,,challenge_C32_2026-04-19_decklist,,23,Jeskai Blink,Blink,zturchan,
2026-04-19,Modern,32,,challenge_C32_2026-04-19_decklist,,24,Boros Energy,Aggro,wilson5434,
2026-04-19,Modern,32,,challenge_C32_2026-04-19_decklist,,25,Rakdos Delirium,Aggro,_and_one_,
2026-04-19,Modern,32,,challenge_C32_2026-04-19_decklist,,26,Boros Energy,Aggro,MTG_Chemist,
2026-04-19,Modern,32,,challenge_C32_2026-04-19_decklist,,27,Living End,Graveyard,GriselSram,
2026-04-19,Modern,32,,challenge_C32_2026-04-19_decklist,,28,Through the Breach,Combo,ScreenwriterNY,
2026-04-19,Modern,32,,challenge_C32_2026-04-19_decklist,,29,Affinity,Aggro,UnNavet,
2026-04-19,Modern,32,,challenge_C32_2026-04-19_decklist,,30,Affinity,Aggro,pawg-appreciator,
2026-04-19,Modern,32,,challenge_C32_2026-04-19_decklist,,31,Jeskai Blink,Blink,connorl33t,
2026-04-19,Modern,32,,challenge_C32_2026-04-19_decklist,,32,Boros Energy,Aggro,Pugface,
2026-04-20,Modern,32,,challenge_C32_2026-04-20_decklist,,1,Living End,Graveyard,Lord_Beerus,
2026-04-20,Modern,32,,challenge_C32_2026-04-20_decklist,,2,Living End,Graveyard,niuwaid001,
2026-04-20,Modern,32,,challenge_C32_2026-04-20_decklist,,3,Living End,Graveyard,BENTO_,
2026-04-20,Modern,32,,challenge_C32_2026-04-20_decklist,,4,Belcher,Combo,Valimoth,
2026-04-20,Modern,32,,challenge_C32_2026-04-20_decklist,,5,RG,Ramp,t-v,
2026-04-20,Modern,32,,challenge_C32_2026-04-20_decklist,,6,Sultai Ritual,Midrange,Tylamonster,
2026-04-20,Modern,32,,challenge_C32_2026-04-20_decklist,,7,Eldrazi Tron,Ramp,LucasG1ggs,
2026-04-20,Modern,32,,challenge_C32_2026-04-20_decklist,,8,Boros Energy,Aggro,Reyun,
2026-04-20,Modern,32,,challenge_C32_2026-04-20_decklist,,9,Living End,Graveyard,amin0e,
2026-04-20,Modern,32,,challenge_C32_2026-04-20_decklist,,10,Affinity,Aggro,Nadu,
2026-04-20,Modern,32,,challenge_C32_2026-04-20_decklist,,11,Affinity,Aggro,lime360jr,
2026-04-20,Modern,32,,challenge_C32_2026-04-20_decklist,,12,Jeskai Blink,Blink,bless_von,
2026-04-20,Modern,32,,challenge_C32_2026-04-20_decklist,,13,Esper Control,Control,wilson5434,
2026-04-20,Modern,32,,challenge_C32_2026-04-20_decklist,,14,Goryo's Vengeance,Graveyard,doom580,
2026-04-20,Modern,32,,challenge_C32_2026-04-20_decklist,,15,Affinity,Aggro,MystikHawk,
2026-04-20,Modern,32,,challenge_C32_2026-04-20_decklist,,16,Amulet Titan,Combo,Mistakenn,
2026-04-20,Modern,32,,challenge_C32_2026-04-20_decklist,,17,Boros Energy,Aggro,Kev_1414,
2026-04-20,Modern,32,,challenge_C32_2026-04-20_decklist,,18,Jeskai Blink,Midrange,eclipse4343,
2026-04-20,Modern,32,,challenge_C32_2026-04-20_decklist,,19,Dimir Midrange,Midrange,KangXiaotian,
2026-04-20,Modern,32,,challenge_C32_2026-04-20_decklist,,20,Boros Energy,Aggro,GothMuse,
2026-04-20,Modern,32,,challenge_C32_2026-04-20_decklist,,21,Goryo's Vengeance,Graveyard,lazerbeam,
2026-04-20,Modern,32,,challenge_C32_2026-04-20_decklist,,22,Esper Murktide,Midrange,HypnosTV,
2026-04-20,Modern,32,,challenge_C32_2026-04-20_decklist,,23,Boros Energy,Aggro,nitang,
2026-04-20,Modern,32,,challenge_C32_2026-04-20_decklist,,24,Boros Energy,Aggro,DemianDesposito10,
2026-04-20,Modern,32,,challenge_C32_2026-04-20_decklist,,25,Esper Midrange,Midrange,Dioferreira,
2026-04-20,Modern,32,,challenge_C32_2026-04-20_decklist,,26,Esper Midrange,Midrange,jbivens1,
2026-04-20,Modern,32,,challenge_C32_2026-04-20_decklist,,27,Amulet Titan,Combo,Prim3Time,
2026-04-20,Modern,32,,challenge_C32_2026-04-20_decklist,,28,Jeskai Blink,Blink,SaltySushi6,
2026-04-20,Modern,32,,challenge_C32_2026-04-20_decklist,,29,Boros Energy,Aggro,jakobpablo,
2026-04-20,Modern,32,,challenge_C32_2026-04-20_decklist,,30,Ruby Storm,Combo,TRON_Bahiano,
2026-04-20,Modern,32,,challenge_C32_2026-04-20_decklist,,31,Affinity,Aggro,Arcbound_Papi,
2026-04-20,Modern,32,,challenge_C32_2026-04-20_decklist,,32,Jeskai Blink,Blink,TheChazz,
2026-04-20,Modern,64,,challenge_C64_2026-04-20_decklist,,1,Prowess,Aggro,arturcosta,
2026-04-20,Modern,64,,challenge_C64_2026-04-20_decklist,,2,Amulet Titan,Combo,kanister,
2026-04-20,Modern,64,,challenge_C64_2026-04-20_decklist,,3,Boros Energy,Aggro,jakobpablo,
2026-04-20,Modern,64,,challenge_C64_2026-04-20_decklist,,4,Living End,Graveyard,Univerce,
2026-04-20,Modern,64,,challenge_C64_2026-04-20_decklist,,5,Boros Energy,Aggro,Lennny,
2026-04-20,Modern,64,,challenge_C64_2026-04-20_decklist,,6,Ruby Storm,Combo,Nuserdog,
2026-04-20,Modern,64,,challenge_C64_2026-04-20_decklist,,7,Boros Energy,Aggro,jayrod115,
2026-04-20,Modern,64,,challenge_C64_2026-04-20_decklist,,8,Affinity,Aggro,pirol94,
2026-04-20,Modern,64,,challenge_C64_2026-04-20_decklist,,9,Belcher,Combo,Walker735,
2026-04-20,Modern,64,,challenge_C64_2026-04-20_decklist,,10,Living End,Graveyard,JPA93,
2026-04-20,Modern,64,,challenge_C64_2026-04-20_decklist,,11,Jeskai Blink,Blink,St1ffler,
2026-04-20,Modern,64,,challenge_C64_2026-04-20_decklist,,12,Grixis Midrange,Midrange,SuperCow12653,
2026-04-20,Modern,64,,challenge_C64_2026-04-20_decklist,,13,Living End,Graveyard,chagu,
2026-04-20,Modern,64,,challenge_C64_2026-04-20_decklist,,14,Boros Energy,Aggro,GothMuse,
2026-04-20,Modern,64,,challenge_C64_2026-04-20_decklist,,15,Belcher,Combo,Capitano_CL,
2026-04-20,Modern,64,,challenge_C64_2026-04-20_decklist,,16,Boros Energy,Aggro,Kev_1414,
2026-04-20,Modern,64,,challenge_C64_2026-04-20_decklist,,17,Belcher,Combo,Sven745,
2026-04-20,Modern,64,,challenge_C64_2026-04-20_decklist,,18,Goryo's Vengeance,Graveyard,slaxx,
2026-04-20,Modern,64,,challenge_C64_2026-04-20_decklist,,19,Affinity,Aggro,MayoDominaria,
2026-04-20,Modern,64,,challenge_C64_2026-04-20_decklist,,20,Affinity,Aggro,SkolemChi,
2026-04-20,Modern,64,,challenge_C64_2026-04-20_decklist,,21,Boros Energy,Aggro,Rayst,
2026-04-20,Modern,64,,challenge_C64_2026-04-20_decklist,,22,Affinity,Aggro,sebastianpozzo,
2026-04-20,Modern,64,,challenge_C64_2026-04-20_decklist,,23,Esper Midrange,Midrange,1OR513N86,
2026-04-20,Modern,64,,challenge_C64_2026-04-20_decklist,,24,Esper Reanimator,Graveyard,Serosocram,
2026-04-20,Modern,64,,challenge_C64_2026-04-20_decklist,,25,Boros Energy,Aggro,peter780108,
2026-04-20,Modern,64,,challenge_C64_2026-04-20_decklist,,26,Boros Energy,Aggro,sokos13,
2026-04-20,Modern,64,,challenge_C64_2026-04-20_decklist,,27,Living End,Graveyard,Corkyboyy,
2026-04-20,Modern,64,,challenge_C64_2026-04-20_decklist,,28,Jeskai Blink,Midrange,eclipse4343,
2026-04-20,Modern,64,,challenge_C64_2026-04-20_decklist,,29,Affinity,Aggro,Kikis,
2026-04-20,Modern,64,,challenge_C64_2026-04-20_decklist,,30,Affinity,Aggro,CrazyMorango,
2026-04-20,Modern,64,,challenge_C64_2026-04-20_decklist,,31,Ruby Storm,Combo,Terracotta99,
2026-04-20,Modern,64,,challenge_C64_2026-04-20_decklist,,32,Dimir Murktide,Midrange,HypnosTV,
2026-04-21,Modern,32,,challenge_C32_2026-04-21_decklist,,1,Living End,Graveyard,FanksEoT,
2026-04-21,Modern,32,,challenge_C32_2026-04-21_decklist,,2,Jeskai Blink,Blink,Slyvester3,
2026-04-21,Modern,32,,challenge_C32_2026-04-21_decklist,,3,Goryo's Vengeance,Graveyard,Rvng,
2026-04-21,Modern,32,,challenge_C32_2026-04-21_decklist,,4,Boros Energy,Aggro,_Batutinha_,
2026-04-21,Modern,32,,challenge_C32_2026-04-21_decklist,,5,Dimir Midrange,Midrange,cntrlfreak_ttv,
2026-04-21,Modern,32,,challenge_C32_2026-04-21_decklist,,6,Belcher,Combo,Valimoth,
2026-04-21,Modern,32,,challenge_C32_2026-04-21_decklist,,7,Dimir Midrange,Midrange,MisterTwin,
2026-04-21,Modern,32,,challenge_C32_2026-04-21_decklist,,8,Amulet Titan,Combo,reidq7,
2026-04-21,Modern,32,,challenge_C32_2026-04-21_decklist,,9,Amulet Titan,Combo,NathanOfTheGiltLeaf,
2026-04-21,Modern,32,,challenge_C32_2026-04-21_decklist,,10,Boros Energy,Aggro,choccy_milk,
2026-04-21,Modern,32,,challenge_C32_2026-04-21_decklist,,11,Ruby Storm,Combo,CrazyMorango,
2026-04-21,Modern,32,,challenge_C32_2026-04-21_decklist,,12,Boros Energy,Aggro,SHUANEEHOG,
2026-04-21,Modern,32,,challenge_C32_2026-04-21_decklist,,13,Esper Blink,Blink,Martin_Dominguez,
2026-04-21,Modern,32,,challenge_C32_2026-04-21_decklist,,14,4c Control,Control,shadow438,
2026-04-21,Modern,32,,challenge_C32_2026-04-21_decklist,,15,Living End,Graveyard,DrPP,
2026-04-21,Modern,32,,challenge_C32_2026-04-21_decklist,,16,Prowess,Aggro,Xsper,
2026-04-21,Modern,32,,challenge_C32_2026-04-21_decklist,,17,Affinity,Aggro,-Nausea-,
2026-04-21,Modern,32,,challenge_C32_2026-04-21_decklist,,18,Eldrazi Ramp,Ramp,Odin2015,
2026-04-21,Modern,32,,challenge_C32_2026-04-21_decklist,,19,Eldrazi Tron,Ramp,DelverFofoqueiro,
2026-04-21,Modern,32,,challenge_C32_2026-04-21_decklist,,20,Grixis Reanimator,Graveyard,soggymeatball,
2026-04-21,Modern,32,,challenge_C32_2026-04-21_decklist,,21,Belcher,Combo,SuperCow12653,
2026-04-21,Modern,32,,challenge_C32_2026-04-21_decklist,,22,Boros Energy,Aggro,Dioferreira,
2026-04-21,Modern,32,,challenge_C32_2026-04-21_decklist,,23,Belcher,Combo,Bawer,
2026-04-21,Modern,32,,challenge_C32_2026-04-21_decklist,,24,Living End,Graveyard,Univerce,
2026-04-21,Modern,32,,challenge_C32_2026-04-21_decklist,,25,Domain Zoo,Midrange,Scooby_Snacks,
2026-04-21,Modern,32,,challenge_C32_2026-04-21_decklist,,26,Jeskai Blink,Blink,Witherstax28,
2026-04-21,Modern,32,,challenge_C32_2026-04-21_decklist,,27,Living End,Graveyard,myra00,
2026-04-21,Modern,32,,challenge_C32_2026-04-21_decklist,,28,Eldrazi Tron,Ramp,LucasG1ggs,
2026-04-21,Modern,32,,challenge_C32_2026-04-21_decklist,,29,Boros Energy,Aggro,VizosMTG,
2026-04-21,Modern,32,,challenge_C32_2026-04-21_decklist,,30,Ruby Storm,Combo,RED-King,
2026-04-21,Modern,32,,challenge_C32_2026-04-21_decklist,,31,Belcher,Combo,Capitano_CL,
2026-04-21,Modern,32,,challenge_C32_2026-04-21_decklist,,32,Mardu Blink,Blink,Jedgi,
2026-04-23,Modern,64,,challenge_C64_2026-04-23_decklist,,1,Living End,Graveyard,JPA93,
2026-04-23,Modern,64,,challenge_C64_2026-04-23_decklist,,2,Prowess,Aggro,Gobeli,
2026-04-23,Modern,64,,challenge_C64_2026-04-23_decklist,,3,Amulet Titan,Combo,Mistakenn,
2026-04-23,Modern,64,,challenge_C64_2026-04-23_decklist,,4,Prowess,Aggro,Alan07,
2026-04-23,Modern,64,,challenge_C64_2026-04-23_decklist,,5,Mardu Blink,Blink,Jedgi,
2026-04-23,Modern,64,,challenge_C64_2026-04-23_decklist,,6,Mardu Energy,Aggro,Napoleon_I,
2026-04-23,Modern,64,,challenge_C64_2026-04-23_decklist,,7,Boros Energy,Aggro,Rashek,
2026-04-23,Modern,64,,challenge_C64_2026-04-23_decklist,,8,Eldrazi Tron,Ramp,Jumba,
2026-04-23,Modern,64,,challenge_C64_2026-04-23_decklist,,9,Boros Energy,Aggro,_Batutinha_,
2026-04-23,Modern,64,,challenge_C64_2026-04-23_decklist,,10,Affinity,Aggro,MatheusPonciano,
2026-04-23,Modern,64,,challenge_C64_2026-04-23_decklist,,11,Domain Zoo,Midrange,Pleyboy,
2026-04-23,Modern,64,,challenge_C64_2026-04-23_decklist,,12,Izzet Phoenix,Aggro,kaikas,
2026-04-23,Modern,64,,challenge_C64_2026-04-23_decklist,,13,Boros Energy,Aggro,Bahamut147,
2026-04-23,Modern,64,,challenge_C64_2026-04-23_decklist,,14,Ruby Storm,Combo,hugofreitas1,
2026-04-23,Modern,64,,challenge_C64_2026-04-23_decklist,,15,Prowess,Aggro,arturcosta,
2026-04-23,Modern,64,,challenge_C64_2026-04-23_decklist,,16,G,Ramp,Taurum,
2026-04-23,Modern,64,,challenge_C64_2026-04-23_decklist,,17,Prowess,Aggro,fazparte,
2026-04-23,Modern,64,,challenge_C64_2026-04-23_decklist,,18,Esper Midrange,Midrange,groot02,
2026-04-23,Modern,64,,challenge_C64_2026-04-23_decklist,,19,Boros Energy,Aggro,ValaKing,
2026-04-23,Modern,64,,challenge_C64_2026-04-23_decklist,,20,Esper Blink,Blink,Pnutz47,
2026-04-23,Modern,64,,challenge_C64_2026-04-23_decklist,,21,Sultai Ritual,Midrange,wigglegenie,
2026-04-23,Modern,64,,challenge_C64_2026-04-23_decklist,,22,Esper Mill,Combo,medvedev,
2026-04-23,Modern,64,,challenge_C64_2026-04-23_decklist,,23,Jeskai Blink,Blink,mei0024,
2026-04-23,Modern,64,,challenge_C64_2026-04-23_decklist,,24,Affinity,Aggro,ChinaNO2,
2026-04-23,Modern,64,,challenge_C64_2026-04-23_decklist,,25,Goryo's Vengeance,Graveyard,Rvng,
2026-04-23,Modern,64,,challenge_C64_2026-04-23_decklist,,26,Boros Energy,Aggro,Capitano_CL,
2026-04-23,Modern,64,,challenge_C64_2026-04-23_decklist,,27,Rakdos Aggro,Aggro,Walri,
2026-04-23,Modern,64,,challenge_C64_2026-04-23_decklist,,28,WUBRG,Control,dch97e,
2026-04-23,Modern,64,,challenge_C64_2026-04-23_decklist,,29,Boros Energy,Aggro,pepeteam,
2026-04-23,Modern,64,,challenge_C64_2026-04-23_decklist,,30,Grixis Midrange,Midrange,MisterTwin,
2026-04-23,Modern,64,,challenge_C64_2026-04-23_decklist,,31,Azorius Control,Control,levunga21,
2026-04-23,Modern,64,,challenge_C64_2026-04-23_decklist,,32,Boros Energy,Aggro,Lennny,
2026-04-25,Modern,32,,challenge_C32_2026-04-25_decklist,,1,Prowess,Aggro,gazmon48,
2026-04-25,Modern,32,,challenge_C32_2026-04-25_decklist,,2,Living End,Graveyard,niuwaid001,
2026-04-25,Modern,32,,challenge_C32_2026-04-25_decklist,,3,Living End,Graveyard,Lord_Beerus,
2026-04-25,Modern,32,,challenge_C32_2026-04-25_decklist,,4,Prowess,Aggro,MTGBananasack,
2026-04-25,Modern,32,,challenge_C32_2026-04-25_decklist,,5,BRG,Midrange,LucasG1ggs,
2026-04-25,Modern,32,,challenge_C32_2026-04-25_decklist,,6,Ruby Storm,Combo,hugofreitas1,
2026-04-25,Modern,32,,challenge_C32_2026-04-25_decklist,,7,Boros Energy,Aggro,nahuel10,
2026-04-25,Modern,32,,challenge_C32_2026-04-25_decklist,,8,Boros Energy,Aggro,DemianDesposito10,
2026-04-25,Modern,32,,challenge_C32_2026-04-25_decklist,,9,Ruby Storm,Combo,YourGo,
2026-04-25,Modern,32,,challenge_C32_2026-04-25_decklist,,10,Amulet Titan,Combo,Mistakenn,
2026-04-25,Modern,32,,challenge_C32_2026-04-25_decklist,,11,Mardu Blink,Blink,Jedgi,
2026-04-25,Modern,32,,challenge_C32_2026-04-25_decklist,,12,Boros Energy,Aggro,morris,
2026-04-25,Modern,32,,challenge_C32_2026-04-25_decklist,,13,WUBRG,Control,The-Magic-Mana,
2026-04-25,Modern,32,,challenge_C32_2026-04-25_decklist,,14,Goryo's Vengeance,Graveyard,kthanakit26,
2026-04-25,Modern,32,,challenge_C32_2026-04-25_decklist,,15,Goryo's Vengeance,Graveyard,Mortaa,
2026-04-25,Modern,32,,challenge_C32_2026-04-25_decklist,,16,Ruby Storm,Combo,pwqz,
2026-04-25,Modern,32,,challenge_C32_2026-04-25_decklist,,17,Grixis Midrange,Midrange,MisterTwin,
2026-04-25,Modern,32,,challenge_C32_2026-04-25_decklist,,18,Boros Energy,Aggro,_Batutinha_,
2026-04-25,Modern,32,,challenge_C32_2026-04-25_decklist,,19,Goryo's Vengeance,Graveyard,Flossing,
2026-04-25,Modern,32,,challenge_C32_2026-04-25_decklist,,20,Goryo's Vengeance,Graveyard,bless_von,
2026-04-25,Modern,32,,challenge_C32_2026-04-25_decklist,,21,Boros Energy,Aggro,jayrod115,
2026-04-25,Modern,32,,challenge_C32_2026-04-25_decklist,,22,Boros Energy,Aggro,Pugface,
2026-04-25,Modern,32,,challenge_C32_2026-04-25_decklist,,23,Boros Energy,Aggro,Venom01,
2026-04-25,Modern,32,,challenge_C32_2026-04-25_decklist,,24,Living End,Graveyard,_Mago_,
2026-04-25,Modern,32,,challenge_C32_2026-04-25_decklist,,25,Boros Energy,Aggro,gyyby297,
2026-04-25,Modern,32,,challenge_C32_2026-04-25_decklist,,26,Affinity,Aggro,Arcbound_Papi,
2026-04-25,Modern,32,,challenge_C32_2026-04-25_decklist,,27,Eldrazi Tron,Ramp,Scooby_Snacks,
2026-04-25,Modern,32,,challenge_C32_2026-04-25_decklist,,28,Affinity,Aggro,magiclibrary,
2026-04-25,Modern,32,,challenge_C32_2026-04-25_decklist,,29,Naya Energy,Aggro,gummy593,
2026-04-25,Modern,32,,challenge_C32_2026-04-25_decklist,,30,Amulet Titan,Combo,NathanOfTheGiltLeaf,
2026-04-25,Modern,32,,challenge_C32_2026-04-25_decklist,,31,Affinity,Aggro,MystikHawk,
2026-04-25,Modern,32,,challenge_C32_2026-04-25_decklist,,32,Boros Energy,Aggro,bubblywubblytubbler,
2026-04-26,Modern,32,,challenge_C32_2026-04-26_decklist,,1,Affinity,Aggro,Arcbound_Papi,
2026-04-26,Modern,32,,challenge_C32_2026-04-26_decklist,,2,Living End,Graveyard,niuwaid001,
2026-04-26,Modern,32,,challenge_C32_2026-04-26_decklist,,3,Eldrazi Ramp,Ramp,Lightspirit,
2026-04-26,Modern,32,,challenge_C32_2026-04-26_decklist,,4,Mardu Blink,Blink,Jedgi,
2026-04-26,Modern,32,,challenge_C32_2026-04-26_decklist,,5,RG,Ramp,t-v,
2026-04-26,Modern,32,,challenge_C32_2026-04-26_decklist,,6,Grixis Reanimator,Graveyard,HokunaMatataa,
2026-04-26,Modern,32,,challenge_C32_2026-04-26_decklist,,7,Sultai Ritual,Midrange,ganache1127,
2026-04-26,Modern,32,,challenge_C32_2026-04-26_decklist,,8,Esper Blink,Blink,Marvin_Dalkiri,
2026-04-26,Modern,32,,challenge_C32_2026-04-26_decklist,,9,Prowess,Aggro,toothymtg,
2026-04-26,Modern,32,,challenge_C32_2026-04-26_decklist,,10,Dimir Midrange,Midrange,DrewEldon,
2026-04-26,Modern,32,,challenge_C32_2026-04-26_decklist,,11,Domain Zoo,Midrange,Sarlanga,
2026-04-26,Modern,32,,challenge_C32_2026-04-26_decklist,,12,Belcher,Combo,E90_DeliveryBoy,
2026-04-26,Modern,32,,challenge_C32_2026-04-26_decklist,,13,Affinity,Aggro,lime360jr,
2026-04-26,Modern,32,,challenge_C32_2026-04-26_decklist,,14,Living End,Graveyard,MisterTwin,
2026-04-26,Modern,32,,challenge_C32_2026-04-26_decklist,,15,Affinity,Aggro,bennybo,
2026-04-26,Modern,32,,challenge_C32_2026-04-26_decklist,,16,Sultai Ritual,Midrange,gazmon48,
2026-04-26,Modern,32,,challenge_C32_2026-04-26_decklist,,17,Goryo's Vengeance,Graveyard,ScreenwriterNY,
2026-04-26,Modern,32,,challenge_C32_2026-04-26_decklist,,18,Boros Energy,Aggro,SinKarma,
2026-04-26,Modern,32,,challenge_C32_2026-04-26_decklist,,19,Amulet Titan,Combo,drew3141,
2026-04-26,Modern,32,,challenge_C32_2026-04-26_decklist,,20,Indomitable Creativity,Combo,McBronze,
2026-04-26,Modern,32,,challenge_C32_2026-04-26_decklist,,21,Jeskai Control,Control,salad,
2026-04-26,Modern,32,,challenge_C32_2026-04-26_decklist,,22,Boros Energy,Aggro,ejk,
2026-04-26,Modern,32,,challenge_C32_2026-04-26_decklist,,23,RG,Ramp,hamannator12,
2026-04-26,Modern,32,,challenge_C32_2026-04-26_decklist,,24,Boros Energy,Aggro,Pugface,
2026-04-26,Modern,32,,challenge_C32_2026-04-26_decklist,,25,Hammer Time,Combo,hyoooga,
2026-04-26,Modern,32,,challenge_C32_2026-04-26_decklist,,26,Affinity,Aggro,obirossi,
2026-04-26,Modern,32,,challenge_C32_2026-04-26_decklist,,27,Rakdos Midrange,Midrange,mtbWolf,
2026-04-26,Modern,32,,challenge_C32_2026-04-26_decklist,,28,Amulet Titan,Combo,aljce,
2026-04-26,Modern,32,,challenge_C32_2026-04-26_decklist,,29,Amulet Titan,Combo,Mistakenn,
2026-04-26,Modern,32,,challenge_C32_2026-04-26_decklist,,30,Prowess,Aggro,TuckerMTG,
2026-04-26,Modern,32,,challenge_C32_2026-04-26_decklist,,31,Belcher,Combo,BlankSlate,
2026-04-26,Modern,32,,challenge_C32_2026-04-26_decklist,,32,Ruby Storm,Combo,pwqz,
2026-04-27,Modern,32,,challenge_C32_2026-04-27_decklist,,1,Domain Zoo,Midrange,mendyourheart,
2026-04-27,Modern,32,,challenge_C32_2026-04-27_decklist,,2,Jeskai Energy,Aggro,gazmon48,
2026-04-27,Modern,32,,challenge_C32_2026-04-27_decklist,,3,Dimir Murktide,Midrange,HypnosTV,
2026-04-27,Modern,32,,challenge_C32_2026-04-27_decklist,,4,WUBRG,Control,The-Magic-Mana,
2026-04-27,Modern,32,,challenge_C32_2026-04-27_decklist,,5,Amulet Titan,Combo,Mistakenn,
2026-04-27,Modern,32,,challenge_C32_2026-04-27_decklist,,6,Affinity,Aggro,solaec0501,
2026-04-27,Modern,32,,challenge_C32_2026-04-27_decklist,,7,Domain Zoo,Midrange,Sarlanga,
2026-04-27,Modern,32,,challenge_C32_2026-04-27_decklist,,8,Ruby Storm,Combo,BlankSlate,
2026-04-27,Modern,32,,challenge_C32_2026-04-27_decklist,,9,Boros Energy,Aggro,sandydogmtg,
2026-04-27,Modern,32,,challenge_C32_2026-04-27_decklist,,10,Affinity,Aggro,lime360jr,
2026-04-27,Modern,32,,challenge_C32_2026-04-27_decklist,,11,Broodscale Combo,Combo,HelpfulHobo,
2026-04-27,Modern,32,,challenge_C32_2026-04-27_decklist,,12,Goryo's Vengeance,Graveyard,Waumpus,
2026-04-27,Modern,32,,challenge_C32_2026-04-27_decklist,,13,Jeskai Control,Control,eclipse4343,
2026-04-27,Modern,32,,challenge_C32_2026-04-27_decklist,,14,Affinity,Aggro,tasigurl,
2026-04-27,Modern,32,,challenge_C32_2026-04-27_decklist,,15,Boros Energy,Aggro,ejk,
2026-04-27,Modern,32,,challenge_C32_2026-04-27_decklist,,16,Boros Energy,Aggro,Mortaa,
2026-04-27,Modern,32,,challenge_C32_2026-04-27_decklist,,17,Prowess,Aggro,zer0h,
2026-04-27,Modern,32,,challenge_C32_2026-04-27_decklist,,18,Amulet Titan,Combo,Kollslaw,
2026-04-27,Modern,32,,challenge_C32_2026-04-27_decklist,,19,Affinity,Aggro,littesir095,
2026-04-27,Modern,32,,challenge_C32_2026-04-27_decklist,,20,Belcher,Combo,Ztenod,
2026-04-27,Modern,32,,challenge_C32_2026-04-27_decklist,,21,Grixis Midrange,Midrange,kcomedina,
2026-04-27,Modern,32,,challenge_C32_2026-04-27_decklist,,22,Affinity,Aggro,non_basic_land,
2026-04-27,Modern,32,,challenge_C32_2026-04-27_decklist,,23,Boros Energy,Aggro,DemianDesposito10,
2026-04-27,Modern,32,,challenge_C32_2026-04-27_decklist,,24,Mardu Blink,Blink,Cesstyx,
2026-04-27,Modern,32,,challenge_C32_2026-04-27_decklist,,25,Living End,Graveyard,Speg_,
2026-04-27,Modern,32,,challenge_C32_2026-04-27_decklist,,26,Affinity,Aggro,PearMist,
2026-04-27,Modern,32,,challenge_C32_2026-04-27_decklist,,27,Goryo's Vengeance,Graveyard,ScreenwriterNY,
2026-04-27,Modern,32,,challenge_C32_2026-04-27_decklist,,28,Affinity,Aggro,MystikHawk,
2026-04-27,Modern,32,,challenge_C32_2026-04-27_decklist,,29,Affinity,Aggro,nahuel10,
2026-04-27,Modern,32,,challenge_C32_2026-04-27_decklist,,30,Boros Energy,Aggro,ice_nine_,
2026-04-27,Modern,32,,challenge_C32_2026-04-27_decklist,,31,BRG,Midrange,LucasG1ggs,
2026-04-27,Modern,32,,challenge_C32_2026-04-27_decklist,,32,Jeskai Blink,Blink,Gerardo94,
2026-04-27,Modern,64,,challenge_C64_2026-04-27_decklist,,1,Affinity,Aggro,Bawer,
2026-04-27,Modern,64,,challenge_C64_2026-04-27_decklist,,2,RG,Ramp,LegacyGrinder,
2026-04-27,Modern,64,,challenge_C64_2026-04-27_decklist,,3,Jeskai Energy,Aggro,PieGonti,
2026-04-27,Modern,64,,challenge_C64_2026-04-27_decklist,,4,Jeskai Blink,Blink,Laplasjan,
2026-04-27,Modern,64,,challenge_C64_2026-04-27_decklist,,5,Affinity,Aggro,Martin_Dominguez,
2026-04-27,Modern,64,,challenge_C64_2026-04-27_decklist,,6,Goryo's Vengeance,Graveyard,Rvng,
2026-04-27,Modern,64,,challenge_C64_2026-04-27_decklist,,7,Boros Energy,Aggro,GothMuse,
2026-04-27,Modern,64,,challenge_C64_2026-04-27_decklist,,8,Boros Energy,Aggro,Mortaa,
2026-04-27,Modern,64,,challenge_C64_2026-04-27_decklist,,9,Boros Energy,Aggro,SHUANEEHOG,
2026-04-27,Modern,64,,challenge_C64_2026-04-27_decklist,,10,Amulet Titan,Combo,adrovk,
2026-04-27,Modern,64,,challenge_C64_2026-04-27_decklist,,11,Ruby Storm,Combo,Scandimaniac,
2026-04-27,Modern,64,,challenge_C64_2026-04-27_decklist,,12,Affinity,Aggro,Polikasoll,
2026-04-27,Modern,64,,challenge_C64_2026-04-27_decklist,,13,Boros Energy,Aggro,Rashek,
2026-04-27,Modern,64,,challenge_C64_2026-04-27_decklist,,14,Boros Energy,Aggro,DcNo,
2026-04-27,Modern,64,,challenge_C64_2026-04-27_decklist,,15,Eldrazi Tron,Ramp,Jumba,
2026-04-27,Modern,64,,challenge_C64_2026-04-27_decklist,,16,Domain Zoo,Midrange,MatthewMurdock,
2026-04-27,Modern,64,,challenge_C64_2026-04-27_decklist,,17,Amulet Titan,Combo,kanister,
2026-04-27,Modern,64,,challenge_C64_2026-04-27_decklist,,18,Eldrazi Tron,Ramp,Normanson,
2026-04-27,Modern,64,,challenge_C64_2026-04-27_decklist,,19,Domain Zoo,Midrange,Pleyboy,
2026-04-27,Modern,64,,challenge_C64_2026-04-27_decklist,,20,Ruby Storm,Combo,optivial,
2026-04-27,Modern,64,,challenge_C64_2026-04-27_decklist,,21,Living End,Graveyard,MrPippin,
2026-04-27,Modern,64,,challenge_C64_2026-04-27_decklist,,22,Boros Energy,Aggro,levunga21,
2026-04-27,Modern,64,,challenge_C64_2026-04-27_decklist,,23,Belcher,Combo,Lord_of_The_Wastes,
2026-04-27,Modern,64,,challenge_C64_2026-04-27_decklist,,24,Amulet Titan,Combo,mERAZED,
2026-04-27,Modern,64,,challenge_C64_2026-04-27_decklist,,25,Boros Energy,Aggro,peter780108,
2026-04-27,Modern,64,,challenge_C64_2026-04-27_decklist,,26,Jeskai Blink,Blink,Scappie,
2026-04-27,Modern,64,,challenge_C64_2026-04-27_decklist,,27,Boros Energy,Aggro,MayoDominaria,
2026-04-27,Modern,64,,challenge_C64_2026-04-27_decklist,,28,Living End,Graveyard,haveaboavida,
2026-04-27,Modern,64,,challenge_C64_2026-04-27_decklist,,29,Belcher,Combo,Walker735,
2026-04-27,Modern,64,,challenge_C64_2026-04-27_decklist,,30,Mardu Blink,Blink,Venom01,
2026-04-27,Modern,64,,challenge_C64_2026-04-27_decklist,,31,Boros Energy,Aggro,Kev_1414,
2026-04-27,Modern,64,,challenge_C64_2026-04-27_decklist,,32,Domain Zoo,Midrange,Sarlanga,
2026-04-28,Modern,64,,challenge_C64_2026-04-28_decklist,,1,Belcher,Combo,SlankyPotato,
2026-04-28,Modern,64,,challenge_C64_2026-04-28_decklist,,2,Amulet Titan,Combo,Boucha,
2026-04-28,Modern,64,,challenge_C64_2026-04-28_decklist,,3,Grixis Reanimator,Graveyard,soggymeatball,
2026-04-28,Modern,64,,challenge_C64_2026-04-28_decklist,,4,Living End,Graveyard,Ivo_06,
2026-04-28,Modern,64,,challenge_C64_2026-04-28_decklist,,5,Ruby Storm,Combo,Justsome_guy,
2026-04-28,Modern,64,,challenge_C64_2026-04-28_decklist,,6,Boros Energy,Aggro,haveaboavida,
2026-04-28,Modern,64,,challenge_C64_2026-04-28_decklist,,7,Prowess,Aggro,6argamel,
2026-04-28,Modern,64,,challenge_C64_2026-04-28_decklist,,8,Goryo's Vengeance,Graveyard,Rvng,
2026-04-28,Modern,64,,challenge_C64_2026-04-28_decklist,,9,Ruby Storm,Combo,makaaaa,
2026-04-28,Modern,64,,challenge_C64_2026-04-28_decklist,,10,Prowess,Aggro,Xsper,
2026-04-28,Modern,64,,challenge_C64_2026-04-28_decklist,,11,Boros Energy,Aggro,Im_Badnewz,
2026-04-28,Modern,64,,challenge_C64_2026-04-28_decklist,,12,Grixis Reanimator,Graveyard,GLSwadow,
2026-04-28,Modern,64,,challenge_C64_2026-04-28_decklist,,13,Dimir Midrange,Midrange,ETBJezus,
2026-04-28,Modern,64,,challenge_C64_2026-04-28_decklist,,14,Prowess,Aggro,arturcosta,
2026-04-28,Modern,64,,challenge_C64_2026-04-28_decklist,,15,Affinity,Aggro,nahuel10,
2026-04-28,Modern,64,,challenge_C64_2026-04-28_decklist,,16,Eldrazi Ramp,Ramp,Odin2015,
2026-04-28,Modern,64,,challenge_C64_2026-04-28_decklist,,17,Rakdos Aggro,Aggro,DragonFodder,
2026-04-28,Modern,64,,challenge_C64_2026-04-28_decklist,,18,Jeskai Control,Control,Mikol_,
2026-04-28,Modern,64,,challenge_C64_2026-04-28_decklist,,19,RG,Ramp,maytwer,
2026-04-28,Modern,64,,challenge_C64_2026-04-28_decklist,,20,Jeskai Control,Control,eclipse4343,
2026-04-28,Modern,64,,challenge_C64_2026-04-28_decklist,,21,Boros Energy,Aggro,P3SUS,
2026-04-28,Modern,64,,challenge_C64_2026-04-28_decklist,,22,Boros Energy,Aggro,Capitano_CL,
2026-04-28,Modern,64,,challenge_C64_2026-04-28_decklist,,23,Dimir Midrange,Midrange,Craig_Long123,
2026-04-28,Modern,64,,challenge_C64_2026-04-28_decklist,,24,Boros Energy,Aggro,3HDgamers,
2026-04-28,Modern,64,,challenge_C64_2026-04-28_decklist,,25,Dimir Murktide,Midrange,Shadowz2005,
2026-04-28,Modern,64,,challenge_C64_2026-04-28_decklist,,26,Domain Zoo,Midrange,Sarlanga,
2026-04-28,Modern,64,,challenge_C64_2026-04-28_decklist,,27,Jeskai Blink,Blink,peter780108,
2026-04-28,Modern,64,,challenge_C64_2026-04-28_decklist,,28,Jeskai Blink,Blink,Slyvester3,
2026-04-28,Modern,64,,challenge_C64_2026-04-28_decklist,,29,Domain Zoo,Midrange,_Punisher_,
2026-04-28,Modern,64,,challenge_C64_2026-04-28_decklist,,30,Eldrazi Tron,Ramp,Normanson,
2026-04-28,Modern,64,,challenge_C64_2026-04-28_decklist,,31,Eldrazi Tron,Ramp,Jumba,
2026-04-28,Modern,64,,challenge_C64_2026-04-28_decklist,,32,Mardu Blink,Blink,Jedgi,
2026-04-29,Modern,64,,challenge_C64_2026-04-29_decklist,,1,BRG,Midrange,MatheusPonciano,
2026-04-29,Modern,64,,challenge_C64_2026-04-29_decklist,,2,Affinity,Aggro,Martin_Dominguez,
2026-04-29,Modern,64,,challenge_C64_2026-04-29_decklist,,3,Living End,Graveyard,MeninooNey,
2026-04-29,Modern,64,,challenge_C64_2026-04-29_decklist,,4,Ruby Storm,Combo,HideOnShish,
2026-04-29,Modern,64,,challenge_C64_2026-04-29_decklist,,5,Goryo's Vengeance,Graveyard,Rvng,
2026-04-29,Modern,64,,challenge_C64_2026-04-29_decklist,,6,Affinity,Aggro,slaxx,
2026-04-29,Modern,64,,challenge_C64_2026-04-29_decklist,,7,Grixis Reanimator,Graveyard,MisterTwin,
2026-04-29,Modern,64,,challenge_C64_2026-04-29_decklist,,8,RG,Ramp,Corkyboyy,
2026-04-29,Modern,64,,challenge_C64_2026-04-29_decklist,,9,Yawgmoth,Midrange,Xerk,
2026-04-29,Modern,64,,challenge_C64_2026-04-29_decklist,,10,Ruby Storm,Combo,haveaboavida,
2026-04-29,Modern,64,,challenge_C64_2026-04-29_decklist,,11,Ruby Storm,Combo,hugofreitas1,
2026-04-29,Modern,64,,challenge_C64_2026-04-29_decklist,,12,Boros Energy,Aggro,renatoaraujo,
2026-04-29,Modern,64,,challenge_C64_2026-04-29_decklist,,13,Jeskai Blink,Blink,Slyvester3,
2026-04-29,Modern,64,,challenge_C64_2026-04-29_decklist,,14,Ruby Storm,Combo,Scorpion100,
2026-04-29,Modern,64,,challenge_C64_2026-04-29_decklist,,15,Esper Blink,Blink,RespectTheCat,
2026-04-29,Modern,64,,challenge_C64_2026-04-29_decklist,,16,Amulet Titan,Combo,reidq7,
2026-04-29,Modern,64,,challenge_C64_2026-04-29_decklist,,17,Dimir Midrange,Midrange,Craig_Long123,
2026-04-29,Modern,64,,challenge_C64_2026-04-29_decklist,,18,Grixis Reanimator,Graveyard,GLSwadow,
2026-04-29,Modern,64,,challenge_C64_2026-04-29_decklist,,19,Prowess,Aggro,arturcosta,
2026-04-29,Modern,64,,challenge_C64_2026-04-29_decklist,,20,Prowess,Aggro,Gobeli,
2026-04-29,Modern,64,,challenge_C64_2026-04-29_decklist,,21,Belcher,Combo,SlankyPotato,
2026-04-29,Modern,64,,challenge_C64_2026-04-29_decklist,,22,Boros Energy,Aggro,giuse713,
2026-04-29,Modern,64,,challenge_C64_2026-04-29_decklist,,23,Amulet Titan,Combo,Mistakenn,
2026-04-29,Modern,64,,challenge_C64_2026-04-29_decklist,,24,Affinity,Aggro,sioutis_kk,
2026-04-29,Modern,64,,challenge_C64_2026-04-29_decklist,,25,Jeskai Control,Control,eclipse4343,
2026-04-29,Modern,64,,challenge_C64_2026-04-29_decklist,,26,Affinity,Aggro,MystikHawk,
2026-04-29,Modern,64,,challenge_C64_2026-04-29_decklist,,27,Eldrazi Ramp,Ramp,Odin2015,
2026-04-29,Modern,64,,challenge_C64_2026-04-29_decklist,,28,Jeskai Energy,Aggro,Mansa_Musa,
2026-04-29,Modern,64,,challenge_C64_2026-04-29_decklist,,29,Goryo's Vengeance,Graveyard,groot02,
2026-04-29,Modern,64,,challenge_C64_2026-04-29_decklist,,30,Boros Energy,Aggro,MayoDominaria,
2026-04-29,Modern,64,,challenge_C64_2026-04-29_decklist,,31,Domain Zoo,Midrange,Imaeda,
2026-04-29,Modern,64,,challenge_C64_2026-04-29_decklist,,32,Boros Energy,Aggro,PM_Arnie,
2026-04-30,Modern,64,,challenge_C64_2026-04-30_decklist,,1,Belcher,Combo,Sodeq,
2026-04-30,Modern,64,,challenge_C64_2026-04-30_decklist,,2,Ruby Storm,Combo,hugofreitas1,
2026-04-30,Modern,64,,challenge_C64_2026-04-30_decklist,,3,Boros Energy,Aggro,GothMuse,
2026-04-30,Modern,64,,challenge_C64_2026-04-30_decklist,,4,Boros Energy,Aggro,levunga21,
2026-04-30,Modern,64,,challenge_C64_2026-04-30_decklist,,5,Living End,Graveyard,Univerce,
2026-04-30,Modern,64,,challenge_C64_2026-04-30_decklist,,6,Mardu Energy,Aggro,Napoleon_I,
2026-04-30,Modern,64,,challenge_C64_2026-04-30_decklist,,7,Affinity,Aggro,Martin_Dominguez,
2026-04-30,Modern,64,,challenge_C64_2026-04-30_decklist,,8,Esper Reanimator,Graveyard,Serosocram,
2026-04-30,Modern,64,,challenge_C64_2026-04-30_decklist,,9,Living End,Graveyard,blademagician,
2026-04-30,Modern,64,,challenge_C64_2026-04-30_decklist,,10,Boros Energy,Aggro,aarrgh,
2026-04-30,Modern,64,,challenge_C64_2026-04-30_decklist,,11,Esper Midrange,Midrange,sokos13,
2026-04-30,Modern,64,,challenge_C64_2026-04-30_decklist,,12,Ruby Storm,Combo,haoqinglangou,
2026-04-30,Modern,64,,challenge_C64_2026-04-30_decklist,,13,UBRG,Control,MahfuzVanGogh,
2026-04-30,Modern,64,,challenge_C64_2026-04-30_decklist,,14,Boros Energy,Aggro,Cool_Wave,
2026-04-30,Modern,64,,challenge_C64_2026-04-30_decklist,,15,Esper Blink,Blink,groot02,
2026-04-30,Modern,64,,challenge_C64_2026-04-30_decklist,,16,Boros Energy,Aggro,chanel-santini,
2026-04-30,Modern,64,,challenge_C64_2026-04-30_decklist,,17,Amulet Titan,Combo,WeareVenom,
2026-04-30,Modern,64,,challenge_C64_2026-04-30_decklist,,18,Grixis Reanimator,Graveyard,soggymeatball,
2026-04-30,Modern,64,,challenge_C64_2026-04-30_decklist,,19,Esper Midrange,Midrange,nanab30,
2026-04-30,Modern,64,,challenge_C64_2026-04-30_decklist,,20,Boros Energy,Aggro,LaRougeMTG,
2026-04-30,Modern,64,,challenge_C64_2026-04-30_decklist,,21,Living End,Graveyard,MisterTwin,
2026-04-30,Modern,64,,challenge_C64_2026-04-30_decklist,,22,Jeskai Control,Control,Scappie,
2026-04-30,Modern,64,,challenge_C64_2026-04-30_decklist,,23,Jeskai Blink,Blink,peter780108,
2026-04-30,Modern,64,,challenge_C64_2026-04-30_decklist,,24,Boros Energy,Aggro,zhangkh,
2026-04-30,Modern,64,,challenge_C64_2026-04-30_decklist,,25,Mardu Blink,Blink,Jedgi,
2026-04-30,Modern,64,,challenge_C64_2026-04-30_decklist,,26,Esper Blink,Blink,Pnutz47,
2026-04-30,Modern,64,,challenge_C64_2026-04-30_decklist,,27,Boros Energy,Aggro,Bahamut147,
2026-04-30,Modern,64,,challenge_C64_2026-04-30_decklist,,28,Amulet Titan,Combo,Mistakenn,
2026-04-30,Modern,64,,challenge_C64_2026-04-30_decklist,,29,Domain Zoo,Midrange,Pleyboy,
2026-04-30,Modern,64,,challenge_C64_2026-04-30_decklist,,30,Eldrazi Tron,Ramp,Nuserdog,
2026-04-30,Modern,64,,challenge_C64_2026-04-30_decklist,,31,Living End,Graveyard,MeninooNey,
2026-04-30,Modern,64,,challenge_C64_2026-04-30_decklist,,32,Grixis Midrange,Midrange,oosunq,
2026-05-01,Modern,64,,challenge_C64_2026-05-01_decklist,,1,Broodscale Combo,Combo,Punchy_Mage,
2026-05-01,Modern,64,,challenge_C64_2026-05-01_decklist,,2,Prowess,Aggro,fazparte,
2026-05-01,Modern,64,,challenge_C64_2026-05-01_decklist,,3,Yawgmoth,Midrange,Xerk,
2026-05-01,Modern,64,,challenge_C64_2026-05-01_decklist,,4,Goryo's Vengeance,Graveyard,Trionar,
2026-05-01,Modern,64,,challenge_C64_2026-05-01_decklist,,5,Boros Energy,Aggro,Robin0726,
2026-05-01,Modern,64,,challenge_C64_2026-05-01_decklist,,6,Boros Energy,Aggro,EDHplayer,
2026-05-01,Modern,64,,challenge_C64_2026-05-01_decklist,,7,Boros Energy,Aggro,Mikebrav,
2026-05-01,Modern,64,,challenge_C64_2026-05-01_decklist,,8,Domain Zoo,Midrange,Imaeda,
2026-05-01,Modern,64,,challenge_C64_2026-05-01_decklist,,9,Affinity,Aggro,Polikasoll,
2026-05-01,Modern,64,,challenge_C64_2026-05-01_decklist,,10,Eldrazi Tron,Ramp,Normanson,
2026-05-01,Modern,64,,challenge_C64_2026-05-01_decklist,,11,Dimir Murktide,Midrange,lars_duken,
2026-05-01,Modern,64,,challenge_C64_2026-05-01_decklist,,12,Affinity,Aggro,Martin_Dominguez,
2026-05-01,Modern,64,,challenge_C64_2026-05-01_decklist,,13,Ruby Storm,Combo,Violet_Starmine,
2026-05-01,Modern,64,,challenge_C64_2026-05-01_decklist,,14,Jeskai Control,Control,Scappie,
2026-05-01,Modern,64,,challenge_C64_2026-05-01_decklist,,15,Affinity,Aggro,Dibacabo,
2026-05-01,Modern,64,,challenge_C64_2026-05-01_decklist,,16,Dimir Midrange,Midrange,1OR513N86,
2026-05-01,Modern,64,,challenge_C64_2026-05-01_decklist,,17,Grixis Midrange,Midrange,Dioferreira,
2026-05-01,Modern,64,,challenge_C64_2026-05-01_decklist,,18,Prowess,Aggro,JakeTMS,
2026-05-01,Modern,64,,challenge_C64_2026-05-01_decklist,,19,Affinity,Aggro,Miniman7778,
2026-05-01,Modern,64,,challenge_C64_2026-05-01_decklist,,20,Belcher,Combo,Sodeq,
2026-05-01,Modern,64,,challenge_C64_2026-05-01_decklist,,21,Belcher,Combo,TooPoorToPlay,
2026-05-01,Modern,64,,challenge_C64_2026-05-01_decklist,,22,Living End,Graveyard,Corkyboyy,
2026-05-01,Modern,64,,challenge_C64_2026-05-01_decklist,,23,BRG,Midrange,CliffBoyardee,
2026-05-01,Modern,64,,challenge_C64_2026-05-01_decklist,,24,BRG,Midrange,Valimoth,
2026-05-01,Modern,64,,challenge_C64_2026-05-01_decklist,,25,Grixis Reanimator,Graveyard,GLSwadow,
2026-05-01,Modern,64,,challenge_C64_2026-05-01_decklist,,26,Boros Energy,Aggro,Arglex,
2026-05-01,Modern,64,,challenge_C64_2026-05-01_decklist,,27,Ruby Storm,Combo,hugofreitas1,
2026-05-01,Modern,64,,challenge_C64_2026-05-01_decklist,,28,Mardu Blink,Blink,Jedgi,
2026-05-01,Modern,64,,challenge_C64_2026-05-01_decklist,,29,Goblins,Aggro,goblin_ringleader1,
2026-05-01,Modern,64,,challenge_C64_2026-05-01_decklist,,30,Through the Breach,Combo,makeshiftreaper,
2026-05-01,Modern,64,,challenge_C64_2026-05-01_decklist,,31,Boros Energy,Aggro,tsndtl,
2026-05-01,Modern,64,,challenge_C64_2026-05-01_decklist,,32,Domain Zoo,Midrange,Pleyboy,
2026-05-02,Modern,32,,challenge_C32_2026-05-02_decklist,,1,Boros Energy,Aggro,Pugface,
2026-05-02,Modern,32,,challenge_C32_2026-05-02_decklist,,2,Eldrazi Ramp,Ramp,Lightspirit,
2026-05-02,Modern,32,,challenge_C32_2026-05-02_decklist,,3,Affinity,Aggro,nahuel10,
2026-05-02,Modern,32,,challenge_C32_2026-05-02_decklist,,4,Amulet Titan,Combo,sidisi,
2026-05-02,Modern,32,,challenge_C32_2026-05-02_decklist,,5,Living End,Graveyard,niuwaid001,
2026-05-02,Modern,32,,challenge_C32_2026-05-02_decklist,,6,Prowess,Aggro,BladeofIce,
2026-05-02,Modern,32,,challenge_C32_2026-05-02_decklist,,7,Affinity,Aggro,Arcbound_Papi,
2026-05-02,Modern,32,,challenge_C32_2026-05-02_decklist,,8,Boros Energy,Aggro,gazmon48,
2026-05-02,Modern,32,,challenge_C32_2026-05-02_decklist,,9,Ruby Storm,Combo,Manny-,
2026-05-02,Modern,32,,challenge_C32_2026-05-02_decklist,,10,Ruby Storm,Combo,Violet_Starmine,
2026-05-02,Modern,32,,challenge_C32_2026-05-02_decklist,,11,Sultai Ritual,Midrange,Bigatti,
2026-05-02,Modern,32,,challenge_C32_2026-05-02_decklist,,12,RG,Ramp,mmmbop,
2026-05-02,Modern,32,,challenge_C32_2026-05-02_decklist,,13,Prowess,Aggro,fazparte,
2026-05-02,Modern,32,,challenge_C32_2026-05-02_decklist,,14,Jeskai Blink,Blink,LordMendigao,
2026-05-02,Modern,32,,challenge_C32_2026-05-02_decklist,,15,Belcher,Combo,E90_DeliveryBoy,
2026-05-02,Modern,32,,challenge_C32_2026-05-02_decklist,,16,Goryo's Vengeance,Graveyard,Venom01,
2026-05-02,Modern,32,,challenge_C32_2026-05-02_decklist,,17,Domain Zoo,Midrange,Sarlanga,
2026-05-02,Modern,32,,challenge_C32_2026-05-02_decklist,,18,Boros Energy,Aggro,gyyby297,
2026-05-02,Modern,32,,challenge_C32_2026-05-02_decklist,,19,Boros Energy,Aggro,samsoni1,
2026-05-02,Modern,32,,challenge_C32_2026-05-02_decklist,,20,Boros Energy,Aggro,shoiwao,
2026-05-02,Modern,32,,challenge_C32_2026-05-02_decklist,,21,Jeskai Blink,Blink,E_Kaminuma,
2026-05-02,Modern,32,,challenge_C32_2026-05-02_decklist,,22,Yawgmoth,Midrange,Sam_Lewin,
2026-05-02,Modern,32,,challenge_C32_2026-05-02_decklist,,23,Ruby Storm,Combo,Scorpion100,
2026-05-02,Modern,32,,challenge_C32_2026-05-02_decklist,,24,Mono-Black Midrange,Midrange,xdd,
2026-05-02,Modern,32,,challenge_C32_2026-05-02_decklist,,25,Izzet Splinter Twin,Combo,kahluah777,
2026-05-02,Modern,32,,challenge_C32_2026-05-02_decklist,,26,Boros Energy,Aggro,Nunoboo,
2026-05-02,Modern,32,,challenge_C32_2026-05-02_decklist,,27,Boros Energy,Aggro,Stealthmagician,
2026-05-02,Modern,32,,challenge_C32_2026-05-02_decklist,,28,Grixis Midrange,Midrange,Dioferreira,
2026-05-02,Modern,32,,challenge_C32_2026-05-02_decklist,,29,Dimir Mill,Combo,tibalt_of_red_sub,
2026-05-02,Modern,32,,challenge_C32_2026-05-02_decklist,,30,Rakdos Aggro,Aggro,DragonFodder,
2026-05-02,Modern,32,,challenge_C32_2026-05-02_decklist,,31,Boros Energy,Aggro,Mspor,
2026-05-02,Modern,32,,challenge_C32_2026-05-02_decklist,,32,Jeskai Blink,Blink,Snoobie,
2026-05-02,Modern,64,,challenge_C64_2026-05-02_decklist,,1,Broodscale Combo,Combo,Koszul,
2026-05-02,Modern,64,,challenge_C64_2026-05-02_decklist,,2,Affinity,Aggro,filpin,
2026-05-02,Modern,64,,challenge_C64_2026-05-02_decklist,,3,Affinity,Aggro,LordEgg,
2026-05-02,Modern,64,,challenge_C64_2026-05-02_decklist,,4,Ruby Storm,Combo,BoreiMTG,
2026-05-02,Modern,64,,challenge_C64_2026-05-02_decklist,,5,Sam Combo,Combo,ThatSmashBotGuy,
2026-05-02,Modern,64,,challenge_C64_2026-05-02_decklist,,6,Goryo's Vengeance,Graveyard,JuanmaAT,
2026-05-02,Modern,64,,challenge_C64_2026-05-02_decklist,,7,Belcher,Combo,Ztenod,
2026-05-02,Modern,64,,challenge_C64_2026-05-02_decklist,,8,Boros Energy,Aggro,Zoob5555,
2026-05-02,Modern,64,,challenge_C64_2026-05-02_decklist,,9,WRG,Combo,sun_chips_and_a_40oz,
2026-05-02,Modern,64,,challenge_C64_2026-05-02_decklist,,10,G,Ramp,Gormatron,
2026-05-02,Modern,64,,challenge_C64_2026-05-02_decklist,,11,Domain Zoo,Midrange,Apocalypso,
2026-05-02,Modern,64,,challenge_C64_2026-05-02_decklist,,12,Boros Energy,Aggro,VitozzoNonVizzotto,
2026-05-02,Modern,64,,challenge_C64_2026-05-02_decklist,,13,Belcher,Combo,Sven745,
2026-05-02,Modern,64,,challenge_C64_2026-05-02_decklist,,14,Prowess,Aggro,therock988,
2026-05-02,Modern,64,,challenge_C64_2026-05-02_decklist,,15,Eldrazi Ramp,Ramp,AlpInco,
2026-05-02,Modern,64,,challenge_C64_2026-05-02_decklist,,16,Boros Energy,Aggro,Capitano_CL,
2026-05-02,Modern,64,,challenge_C64_2026-05-02_decklist,,17,Boros Energy,Aggro,SuperCow12653,
2026-05-02,Modern,64,,challenge_C64_2026-05-02_decklist,,18,URG,Midrange,HP_,
2026-05-02,Modern,64,,challenge_C64_2026-05-02_decklist,,19,Ruby Storm,Combo,TonyScapone,
2026-05-02,Modern,64,,challenge_C64_2026-05-02_decklist,,20,Jeskai Blink,Blink,CHILLEDADED,
2026-05-02,Modern,64,,challenge_C64_2026-05-02_decklist,,21,Amulet Titan,Combo,Mistakenn,
2026-05-02,Modern,64,,challenge_C64_2026-05-02_decklist,,22,Gruul Hardened Scales,Combo,kePs,
2026-05-02,Modern,64,,challenge_C64_2026-05-02_decklist,,23,Living End,Graveyard,MeninooNey,
2026-05-02,Modern,64,,challenge_C64_2026-05-02_decklist,,24,Eldrazi Tron,Ramp,Jumba,
2026-05-02,Modern,64,,challenge_C64_2026-05-02_decklist,,25,Boros Energy,Aggro,Curtisaxel,
2026-05-02,Modern,64,,challenge_C64_2026-05-02_decklist,,26,Goryo's Vengeance,Graveyard,_4L3,
2026-05-02,Modern,64,,challenge_C64_2026-05-02_decklist,,27,Boros Energy,Aggro,Galashev29,
2026-05-02,Modern,64,,challenge_C64_2026-05-02_decklist,,28,Dimir Midrange,Midrange,Dioferreira,
2026-05-02,Modern,64,,challenge_C64_2026-05-02_decklist,,29,Grixis Midrange,Midrange,JakeTMS,
2026-05-02,Modern,64,,challenge_C64_2026-05-02_decklist,,30,Ruby Storm,Combo,DaniMRebel,
2026-05-02,Modern,64,,challenge_C64_2026-05-02_decklist,,31,Boros Energy,Aggro,BigBoyT,
2026-05-02,Modern,64,,challenge_C64_2026-05-02_decklist,,32,Domain Zoo,Midrange,PharmD_MTG,
2026-05-03,Modern,32,,challenge_C32_2026-05-03_decklist,,1,Eldrazi Tron,Ramp,Chadderk,
2026-05-03,Modern,32,,challenge_C32_2026-05-03_decklist,,2,Ruby Storm,Combo,xfile,
2026-05-03,Modern,32,,challenge_C32_2026-05-03_decklist,,3,Living End,Graveyard,MeninooNey,
2026-05-03,Modern,32,,challenge_C32_2026-05-03_decklist,,4,Domain Zoo,Midrange,Sarlanga,
2026-05-03,Modern,32,,challenge_C32_2026-05-03_decklist,,5,Boros Energy,Aggro,Pugface,
2026-05-03,Modern,32,,challenge_C32_2026-05-03_decklist,,6,Sultai Ritual,Midrange,Bigatti,
2026-05-03,Modern,32,,challenge_C32_2026-05-03_decklist,,7,Amulet Titan,Combo,Mistakenn,
2026-05-03,Modern,32,,challenge_C32_2026-05-03_decklist,,8,Boros Energy,Aggro,ejk,
2026-05-03,Modern,32,,challenge_C32_2026-05-03_decklist,,9,Living End,Graveyard,niuwaid001,
2026-05-03,Modern,32,,challenge_C32_2026-05-03_decklist,,10,Boros Energy,Aggro,samsoni1,
2026-05-03,Modern,32,,challenge_C32_2026-05-03_decklist,,11,Mono-Black Midrange,Midrange,xdd,
2026-05-03,Modern,32,,challenge_C32_2026-05-03_decklist,,12,Boros Energy,Aggro,DenimHero19,
2026-05-03,Modern,32,,challenge_C32_2026-05-03_decklist,,13,Affinity,Aggro,yolad,
2026-05-03,Modern,32,,challenge_C32_2026-05-03_decklist,,14,Esper Reanimator,Graveyard,joetru,
2026-05-03,Modern,32,,challenge_C32_2026-05-03_decklist,,15,Esper Blink,Blink,The-Magic-Mana,
2026-05-03,Modern,32,,challenge_C32_2026-05-03_decklist,,16,Prowess,Aggro,BladeofIce,
2026-05-03,Modern,32,,challenge_C32_2026-05-03_decklist,,17,Prowess,Aggro,Silk_lobelia,
2026-05-03,Modern,32,,challenge_C32_2026-05-03_decklist,,18,Domain Zoo,Midrange,mendyourheart,
2026-05-03,Modern,32,,challenge_C32_2026-05-03_decklist,,19,Jeskai Energy,Aggro,ionez,
2026-05-03,Modern,32,,challenge_C32_2026-05-03_decklist,,20,Jund,Midrange,zturchan,
2026-05-03,Modern,32,,challenge_C32_2026-05-03_decklist,,21,Domain Zoo,Midrange,Dlihchtarw,
2026-05-03,Modern,32,,challenge_C32_2026-05-03_decklist,,22,URG,Midrange,ScorpioPhoenix,
2026-05-03,Modern,32,,challenge_C32_2026-05-03_decklist,,23,Affinity,Aggro,lime360jr,
2026-05-03,Modern,32,,challenge_C32_2026-05-03_decklist,,24,Grixis Reanimator,Graveyard,HybridSalaya,
2026-05-03,Modern,32,,challenge_C32_2026-05-03_decklist,,25,Sam Combo,Combo,SGMY95,
2026-05-03,Modern,32,,challenge_C32_2026-05-03_decklist,,26,Affinity,Aggro,jussupinator,
2026-05-03,Modern,32,,challenge_C32_2026-05-03_decklist,,27,Boros Energy,Aggro,Nocturne_,
2026-05-03,Modern,32,,challenge_C32_2026-05-03_decklist,,28,Boros Energy,Aggro,DemianDesposito10,
2026-05-03,Modern,32,,challenge_C32_2026-05-03_decklist,,29,Eldrazi Ramp,Ramp,DerpityDerpz,
2026-05-03,Modern,32,,challenge_C32_2026-05-03_decklist,,30,Goryo's Vengeance,Graveyard,BrandonVye,
2026-05-03,Modern,32,,challenge_C32_2026-05-03_decklist,,31,Belcher,Combo,E90_DeliveryBoy,
2026-05-03,Modern,32,,challenge_C32_2026-05-03_decklist,,32,Mardu Blink,Blink,Jedgi,
2026-05-04,Modern,64,,challenge_C64_2026-05-04_decklist,,1,Boros Energy,Aggro,Lennny,
2026-05-04,Modern,64,,challenge_C64_2026-05-04_decklist,,2,Eldrazi Ramp,Ramp,Odin2015,
2026-05-04,Modern,64,,challenge_C64_2026-05-04_decklist,,3,Goryo's Vengeance,Graveyard,Rvng,
2026-05-04,Modern,64,,challenge_C64_2026-05-04_decklist,,4,Boros Energy,Aggro,MayoDominaria,
2026-05-04,Modern,64,,challenge_C64_2026-05-04_decklist,,5,Amulet Titan,Combo,DFrank,
2026-05-04,Modern,64,,challenge_C64_2026-05-04_decklist,,6,Jeskai Control,Control,strgn7,
2026-05-04,Modern,64,,challenge_C64_2026-05-04_decklist,,7,Prowess,Aggro,JPA93,
2026-05-04,Modern,64,,challenge_C64_2026-05-04_decklist,,8,Domain Zoo,Midrange,Pleyboy,
2026-05-04,Modern,64,,challenge_C64_2026-05-04_decklist,,9,Living End,Graveyard,FanksEoT,
2026-05-04,Modern,64,,challenge_C64_2026-05-04_decklist,,10,Belcher,Combo,Valimoth,
2026-05-04,Modern,64,,challenge_C64_2026-05-04_decklist,,11,Amulet Titan,Combo,Mistakenn,
2026-05-04,Modern,64,,challenge_C64_2026-05-04_decklist,,12,Boros Energy,Aggro,unagieel,
2026-05-04,Modern,64,,challenge_C64_2026-05-04_decklist,,13,Boros Energy,Aggro,Corkyboyy,
2026-05-04,Modern,64,,challenge_C64_2026-05-04_decklist,,14,Boros Energy,Aggro,Cool_Wave,
2026-05-04,Modern,64,,challenge_C64_2026-05-04_decklist,,15,Living End,Graveyard,aarrgh,
2026-05-04,Modern,64,,challenge_C64_2026-05-04_decklist,,16,Esper Reanimator,Graveyard,Serosocram,
2026-05-04,Modern,64,,challenge_C64_2026-05-04_decklist,,17,Belcher,Combo,Comrade1312,
2026-05-04,Modern,64,,challenge_C64_2026-05-04_decklist,,18,Eldrazi Ramp,Ramp,NunoVale,
2026-05-04,Modern,64,,challenge_C64_2026-05-04_decklist,,19,Living End,Graveyard,Univerce,
2026-05-04,Modern,64,,challenge_C64_2026-05-04_decklist,,20,Boros Energy,Aggro,Rashek,
2026-05-04,Modern,64,,challenge_C64_2026-05-04_decklist,,21,Boros Energy,Aggro,jbl2311,
2026-05-04,Modern,64,,challenge_C64_2026-05-04_decklist,,22,Ruby Storm,Combo,CrazyMorango,
2026-05-04,Modern,64,,challenge_C64_2026-05-04_decklist,,23,4c Blink,Blink,biz1,
2026-05-04,Modern,64,,challenge_C64_2026-05-04_decklist,,24,Affinity,Aggro,Kikis,
2026-05-04,Modern,64,,challenge_C64_2026-05-04_decklist,,25,Boros Energy,Aggro,DcNo,
2026-05-04,Modern,64,,challenge_C64_2026-05-04_decklist,,26,Esper Blink,Blink,Marvin_Dalkiri,
2026-05-04,Modern,64,,challenge_C64_2026-05-04_decklist,,27,Affinity,Aggro,sioutis_kk,
2026-05-04,Modern,64,,challenge_C64_2026-05-04_decklist,,28,Boros Energy,Aggro,Cqt,
2026-05-04,Modern,64,,challenge_C64_2026-05-04_decklist,,29,Belcher,Combo,Shuichi_Saito,
2026-05-04,Modern,64,,challenge_C64_2026-05-04_decklist,,30,Boros Energy,Aggro,Capitano_CL,
2026-05-04,Modern,64,,challenge_C64_2026-05-04_decklist,,31,Prowess,Aggro,fazparte,
2026-05-04,Modern,64,,challenge_C64_2026-05-04_decklist,,32,Jeskai Blink,Blink,peter780108,
2026-05-05,Modern,64,,challenge_C64_2026-05-05_decklist,,1,Yawgmoth,Midrange,ShikiXYZ,
2026-05-05,Modern,64,,challenge_C64_2026-05-05_decklist,,2,Boros Energy,Aggro,_Batutinha_,
2026-05-05,Modern,64,,challenge_C64_2026-05-05_decklist,,3,Boros Energy,Aggro,Rashek,
2026-05-05,Modern,64,,challenge_C64_2026-05-05_decklist,,4,Grixis Reanimator,Graveyard,GLSwadow,
2026-05-05,Modern,64,,challenge_C64_2026-05-05_decklist,,5,Jeskai Blink,Blink,Laplasjan,
2026-05-05,Modern,64,,challenge_C64_2026-05-05_decklist,,6,Boros Energy,Aggro,tapjoshfor2,
2026-05-05,Modern,64,,challenge_C64_2026-05-05_decklist,,7,Grixis Reanimator,Graveyard,arturcosta,
2026-05-05,Modern,64,,challenge_C64_2026-05-05_decklist,,8,Goryo's Vengeance,Graveyard,gazmon48,
2026-05-05,Modern,64,,challenge_C64_2026-05-05_decklist,,9,Goryo's Vengeance,Graveyard,duke12,
2026-05-05,Modern,64,,challenge_C64_2026-05-05_decklist,,10,Affinity,Aggro,nahuel10,
2026-05-05,Modern,64,,challenge_C64_2026-05-05_decklist,,11,Boros Energy,Aggro,LaRougeMTG,
2026-05-05,Modern,64,,challenge_C64_2026-05-05_decklist,,12,Boros Energy,Aggro,DemianDesposito10,
2026-05-05,Modern,64,,challenge_C64_2026-05-05_decklist,,13,Broodscale Combo,Combo,PedroPolukranos,
2026-05-05,Modern,64,,challenge_C64_2026-05-05_decklist,,14,Living End,Graveyard,DrPP,
2026-05-05,Modern,64,,challenge_C64_2026-05-05_decklist,,15,Belcher,Combo,Valimoth,
2026-05-05,Modern,64,,challenge_C64_2026-05-05_decklist,,16,Prowess,Aggro,LucasG1ggs,
2026-05-05,Modern,64,,challenge_C64_2026-05-05_decklist,,17,Belcher,Combo,Capitano_CL,
2026-05-05,Modern,64,,challenge_C64_2026-05-05_decklist,,18,Belcher,Combo,LVGS,
2026-05-05,Modern,64,,challenge_C64_2026-05-05_decklist,,19,Boros Energy,Aggro,4FunNoWin,
2026-05-05,Modern,64,,challenge_C64_2026-05-05_decklist,,20,Eldrazi Tron,Ramp,Porks,
2026-05-05,Modern,64,,challenge_C64_2026-05-05_decklist,,21,Ruby Storm,Combo,pwqz,
2026-05-05,Modern,64,,challenge_C64_2026-05-05_decklist,,22,Boros Energy,Aggro,_Dionysos_,
2026-05-05,Modern,64,,challenge_C64_2026-05-05_decklist,,23,UG,Combo,cOmmi,
2026-05-05,Modern,64,,challenge_C64_2026-05-05_decklist,,24,Ruby Storm,Combo,ScreenwriterNY,
2026-05-05,Modern,64,,challenge_C64_2026-05-05_decklist,,25,Prowess,Aggro,fazparte,
2026-05-05,Modern,64,,challenge_C64_2026-05-05_decklist,,26,Domain Zoo,Midrange,Sarlanga,
2026-05-05,Modern,64,,challenge_C64_2026-05-05_decklist,,27,Boros Energy,Aggro,unagieel,
2026-05-05,Modern,64,,challenge_C64_2026-05-05_decklist,,28,Belcher,Combo,BYRP0777,
2026-05-05,Modern,64,,challenge_C64_2026-05-05_decklist,,29,BRG,Midrange,Walri,
2026-05-05,Modern,64,,challenge_C64_2026-05-05_decklist,,30,Dimir Midrange,Midrange,Craig_Long123,
2026-05-05,Modern,64,,challenge_C64_2026-05-05_decklist,,31,Eldrazi Ramp,Ramp,sgcyrus,
2026-05-05,Modern,64,,challenge_C64_2026-05-05_decklist,,32,Amulet Titan,Combo,mERAZED,
2026-05-06,Modern,64,,challenge_C64_2026-05-06_decklist,,1,Boros Energy,Aggro,MayoDominaria,
2026-05-06,Modern,64,,challenge_C64_2026-05-06_decklist,,2,Affinity,Aggro,sioutis_kk,
2026-05-06,Modern,64,,challenge_C64_2026-05-06_decklist,,3,Domain Zoo,Midrange,NooxTom,
2026-05-06,Modern,64,,challenge_C64_2026-05-06_decklist,,4,Ruby Storm,Combo,hugofreitas1,
2026-05-06,Modern,64,,challenge_C64_2026-05-06_decklist,,5,Prowess,Aggro,John123321,
2026-05-06,Modern,64,,challenge_C64_2026-05-06_decklist,,6,Jeskai Blink,Blink,yriel,
2026-05-06,Modern,64,,challenge_C64_2026-05-06_decklist,,7,UBRG,Control,seasonofmists,
2026-05-06,Modern,64,,challenge_C64_2026-05-06_decklist,,8,Boros Energy,Aggro,SHUANEEHOG,
2026-05-06,Modern,64,,challenge_C64_2026-05-06_decklist,,9,Affinity,Aggro,nahuel10,
2026-05-06,Modern,64,,challenge_C64_2026-05-06_decklist,,10,Boros Energy,Aggro,jayrod115,
2026-05-06,Modern,64,,challenge_C64_2026-05-06_decklist,,11,Boros Energy,Aggro,Mikebrav,
2026-05-06,Modern,64,,challenge_C64_2026-05-06_decklist,,12,Esper Midrange,Midrange,oosunq,
2026-05-06,Modern,64,,challenge_C64_2026-05-06_decklist,,13,Boros Energy,Aggro,Jumba,
2026-05-06,Modern,64,,challenge_C64_2026-05-06_decklist,,14,Jeskai Energy,Aggro,strgn7,
2026-05-06,Modern,64,,challenge_C64_2026-05-06_decklist,,15,Boros Energy,Aggro,imthekiing,
2026-05-06,Modern,64,,challenge_C64_2026-05-06_decklist,,16,Affinity,Aggro,heredia593,
2026-05-06,Modern,64,,challenge_C64_2026-05-06_decklist,,17,Goryo's Vengeance,Graveyard,NuBlkAu,
2026-05-06,Modern,64,,challenge_C64_2026-05-06_decklist,,18,Boros Energy,Aggro,Brasatore,
2026-05-06,Modern,64,,challenge_C64_2026-05-06_decklist,,19,Ruby Storm,Combo,haveaboavida,
2026-05-06,Modern,64,,challenge_C64_2026-05-06_decklist,,20,Living End,Graveyard,GriselSram,
2026-05-06,Modern,64,,challenge_C64_2026-05-06_decklist,,21,Amulet Titan,Combo,Mistakenn,
2026-05-06,Modern,64,,challenge_C64_2026-05-06_decklist,,22,Boros Energy,Aggro,Persona_Non_Grata,
2026-05-06,Modern,64,,challenge_C64_2026-05-06_decklist,,23,Eldrazi Tron,Ramp,Normanson,
2026-05-06,Modern,64,,challenge_C64_2026-05-06_decklist,,24,Goryo's Vengeance,Graveyard,Rvng,
2026-05-06,Modern,64,,challenge_C64_2026-05-06_decklist,,25,Prowess,Aggro,Duddz_z,
2026-05-06,Modern,64,,challenge_C64_2026-05-06_decklist,,26,Grixis Midrange,Midrange,_Falcon_,
2026-05-06,Modern,64,,challenge_C64_2026-05-06_decklist,,27,Ruby Storm,Combo,Scorpion100,
2026-05-06,Modern,64,,challenge_C64_2026-05-06_decklist,,28,Esper Blink,Blink,RespectTheCat,
2026-05-06,Modern,64,,challenge_C64_2026-05-06_decklist,,29,Boros Energy,Aggro,zbogames,
2026-05-06,Modern,64,,challenge_C64_2026-05-06_decklist,,30,Boros Energy,Aggro,MattTumavitch13,
2026-05-06,Modern,64,,challenge_C64_2026-05-06_decklist,,31,Boros Energy,Aggro,DemianDesposito10,
2026-05-06,Modern,64,,challenge_C64_2026-05-06_decklist,,32,Ruby Storm,Combo,HideOnShish,
2026-05-08,Modern,64,,challenge_C64_2026-05-08_decklist,,1,Jeskai Blink,Blink,St1ffler,
2026-05-08,Modern,64,,challenge_C64_2026-05-08_decklist,,2,Affinity,Aggro,nahuel10,
2026-05-08,Modern,64,,challenge_C64_2026-05-08_decklist,,3,Affinity,Aggro,Danielpena397,
2026-05-08,Modern,64,,challenge_C64_2026-05-08_decklist,,4,Domain Zoo,Midrange,heredia593,
2026-05-08,Modern,64,,challenge_C64_2026-05-08_decklist,,5,Belcher,Combo,quinniac,
2026-05-08,Modern,64,,challenge_C64_2026-05-08_decklist,,6,Prowess,Aggro,Xsper,
2026-05-08,Modern,64,,challenge_C64_2026-05-08_decklist,,7,Sam Combo,Combo,MikeOxlittle,
2026-05-08,Modern,64,,challenge_C64_2026-05-08_decklist,,8,Grixis Murktide,Midrange,aspiringspike,
2026-05-08,Modern,64,,challenge_C64_2026-05-08_decklist,,9,Eldrazi Ramp,Ramp,sgcyrus,
2026-05-08,Modern,64,,challenge_C64_2026-05-08_decklist,,10,Prowess,Aggro,choobes,
2026-05-08,Modern,64,,challenge_C64_2026-05-08_decklist,,11,Ruby Storm,Combo,The_Kingpin,
2026-05-08,Modern,64,,challenge_C64_2026-05-08_decklist,,12,Amulet Titan,Combo,mERAZED,
2026-05-08,Modern,64,,challenge_C64_2026-05-08_decklist,,13,Boros Energy,Aggro,_Batutinha_,
2026-05-08,Modern,64,,challenge_C64_2026-05-08_decklist,,14,Jeskai Control,Control,GWT,
2026-05-08,Modern,64,,challenge_C64_2026-05-08_decklist,,15,Affinity,Aggro,Matts,
2026-05-08,Modern,64,,challenge_C64_2026-05-08_decklist,,16,Eldrazi Ramp,Ramp,Odin2015,
2026-05-08,Modern,64,,challenge_C64_2026-05-08_decklist,,17,Living End,Graveyard,JPA93,
2026-05-08,Modern,64,,challenge_C64_2026-05-08_decklist,,18,Boros Energy,Aggro,levunga21,
2026-05-08,Modern,64,,challenge_C64_2026-05-08_decklist,,19,Amulet Titan,Combo,Mistakenn,
2026-05-08,Modern,64,,challenge_C64_2026-05-08_decklist,,20,Boros Energy,Aggro,tsndtl,
2026-05-08,Modern,64,,challenge_C64_2026-05-08_decklist,,21,Ruby Storm,Combo,Xuxa,
2026-05-08,Modern,64,,challenge_C64_2026-05-08_decklist,,22,Living End,Graveyard,lethargicarcher,
2026-05-08,Modern,64,,challenge_C64_2026-05-08_decklist,,23,Sultai Ritual,Midrange,-=Alfa=-,
2026-05-08,Modern,64,,challenge_C64_2026-05-08_decklist,,24,Eldrazi Tron,Ramp,e0068,
2026-05-08,Modern,64,,challenge_C64_2026-05-08_decklist,,25,Goryo's Vengeance,Graveyard,_Chamytinho_,
2026-05-08,Modern,64,,challenge_C64_2026-05-08_decklist,,26,Boros Energy,Aggro,peter780108,
2026-05-08,Modern,64,,challenge_C64_2026-05-08_decklist,,27,UBRG,Control,Xenowan,
2026-05-08,Modern,64,,challenge_C64_2026-05-08_decklist,,28,Ruby Storm,Combo,jssmage,
2026-05-08,Modern,64,,challenge_C64_2026-05-08_decklist,,29,Affinity,Aggro,_Tia93_,
2026-05-08,Modern,64,,challenge_C64_2026-05-08_decklist,,30,Broodscale Combo,Combo,Koszul,
2026-05-08,Modern,64,,challenge_C64_2026-05-08_decklist,,31,Boros Energy,Aggro,Croco-polarbear,
2026-05-08,Modern,64,,challenge_C64_2026-05-08_decklist,,32,Yawgmoth,Midrange,Thunus,
2026-05-09,Modern,32,,challenge_C32_2026-05-09_decklist,,1,Amulet Titan,Combo,Mistakenn,
2026-05-09,Modern,32,,challenge_C32_2026-05-09_decklist,,2,Prowess,Aggro,blub_blub,
2026-05-09,Modern,32,,challenge_C32_2026-05-09_decklist,,3,Living End,Graveyard,niuwaid001,
2026-05-09,Modern,32,,challenge_C32_2026-05-09_decklist,,4,Boros Midrange,Midrange,C_S_W____,
2026-05-09,Modern,32,,challenge_C32_2026-05-09_decklist,,5,Ruby Storm,Combo,hugofreitas1,
2026-05-09,Modern,32,,challenge_C32_2026-05-09_decklist,,6,Broodscale Combo,Combo,HelpfulHobo,
2026-05-09,Modern,32,,challenge_C32_2026-05-09_decklist,,7,Boros Energy,Aggro,dingzhen,
2026-05-09,Modern,32,,challenge_C32_2026-05-09_decklist,,8,Jeskai Blink,Blink,SaltySushi6,
2026-05-09,Modern,32,,challenge_C32_2026-05-09_decklist,,9,Mono-Black Midrange,Midrange,Selfeisek,
2026-05-09,Modern,32,,challenge_C32_2026-05-09_decklist,,10,Jeskai Blink,Blink,CaptainKirkk,
2026-05-09,Modern,32,,challenge_C32_2026-05-09_decklist,,11,Living End,Graveyard,MeninoNey,
2026-05-09,Modern,32,,challenge_C32_2026-05-09_decklist,,12,Esper Blink,Blink,Marvin_Dalkiri,
2026-05-09,Modern,32,,challenge_C32_2026-05-09_decklist,,13,Prowess,Aggro,LucasG1ggs,
2026-05-09,Modern,32,,challenge_C32_2026-05-09_decklist,,14,Affinity,Aggro,nahuel10,
2026-05-09,Modern,32,,challenge_C32_2026-05-09_decklist,,15,URG,Midrange,ScreenwriterNY,
2026-05-09,Modern,32,,challenge_C32_2026-05-09_decklist,,16,Domain Zoo,Midrange,Stealthmagician,
2026-05-09,Modern,32,,challenge_C32_2026-05-09_decklist,,17,Boros Energy,Aggro,bless_von,
2026-05-09,Modern,32,,challenge_C32_2026-05-09_decklist,,18,Boros Energy,Aggro,Reyun,
2026-05-09,Modern,32,,challenge_C32_2026-05-09_decklist,,19,Ruby Storm,Combo,Manny-,
2026-05-09,Modern,32,,challenge_C32_2026-05-09_decklist,,20,Azorius Blink,Blink,XboxGreg,
2026-05-09,Modern,32,,challenge_C32_2026-05-09_decklist,,21,Belcher,Combo,Hircine_,
2026-05-09,Modern,32,,challenge_C32_2026-05-09_decklist,,22,4c Control,Control,internetsurfer09,
2026-05-09,Modern,32,,challenge_C32_2026-05-09_decklist,,23,Boros Energy,Aggro,DemianDesposito10,
2026-05-09,Modern,32,,challenge_C32_2026-05-09_decklist,,24,Boros Energy,Aggro,Golgarburr,
2026-05-09,Modern,32,,challenge_C32_2026-05-09_decklist,,25,Boros Energy,Aggro,Mpsbrn,
2026-05-09,Modern,32,,challenge_C32_2026-05-09_decklist,,26,UBRG,Control,MdvWin,
2026-05-09,Modern,32,,challenge_C32_2026-05-09_decklist,,27,Boros Energy,Aggro,lillo6,
2026-05-09,Modern,32,,challenge_C32_2026-05-09_decklist,,28,Living End,Graveyard,GriselSram,
2026-05-09,Modern,32,,challenge_C32_2026-05-09_decklist,,29,Domain Zoo,Midrange,Sarlanga,
2026-05-09,Modern,32,,challenge_C32_2026-05-09_decklist,,30,Prowess,Aggro,gazmon48,
2026-05-09,Modern,32,,challenge_C32_2026-05-09_decklist,,31,BRG,Midrange,Walri,
2026-05-09,Modern,32,,challenge_C32_2026-05-09_decklist,,32,Mono-Black Midrange,Midrange,xdd,
2026-05-10,Modern,32,,challenge_C32_2026-05-10_decklist,,1,Affinity,Aggro,IHateJAJAJA,
2026-05-10,Modern,32,,challenge_C32_2026-05-10_decklist,,2,Prowess,Aggro,blub_blub,
2026-05-10,Modern,32,,challenge_C32_2026-05-10_decklist,,3,Living End,Graveyard,niuwaid001,
2026-05-10,Modern,32,,challenge_C32_2026-05-10_decklist,,4,Boros Energy,Aggro,gazmon48,
2026-05-10,Modern,32,,challenge_C32_2026-05-10_decklist,,5,Goryo's Vengeance,Graveyard,nikkuniku,
2026-05-10,Modern,32,,challenge_C32_2026-05-10_decklist,,6,Living End,Graveyard,GriselSram,
2026-05-10,Modern,32,,challenge_C32_2026-05-10_decklist,,7,Boros Energy,Aggro,Nocturne_,
2026-05-10,Modern,32,,challenge_C32_2026-05-10_decklist,,8,Affinity,Aggro,Hernan72,
2026-05-10,Modern,32,,challenge_C32_2026-05-10_decklist,,9,Esper Blink,Blink,Marvin_Dalkiri,
2026-05-10,Modern,32,,challenge_C32_2026-05-10_decklist,,10,Goryo's Vengeance,Graveyard,Barneygumbal,
2026-05-10,Modern,32,,challenge_C32_2026-05-10_decklist,,11,Affinity,Aggro,Stealthmagician,
2026-05-10,Modern,32,,challenge_C32_2026-05-10_decklist,,12,Mono-Black Midrange,Midrange,Piglet,
2026-05-10,Modern,32,,challenge_C32_2026-05-10_decklist,,13,Belcher,Combo,UninspiredMehjagic,
2026-05-10,Modern,32,,challenge_C32_2026-05-10_decklist,,14,BRG,Midrange,Zoza,
2026-05-10,Modern,32,,challenge_C32_2026-05-10_decklist,,15,Boros Energy,Aggro,Txuris,
2026-05-10,Modern,32,,challenge_C32_2026-05-10_decklist,,16,Prowess,Aggro,HonestPete,
2026-05-10,Modern,32,,challenge_C32_2026-05-10_decklist,,17,Eldrazi Ramp,Ramp,SaintLucie,
2026-05-10,Modern,32,,challenge_C32_2026-05-10_decklist,,18,Grixis Murktide,Midrange,MarkusBetts,
2026-05-10,Modern,32,,challenge_C32_2026-05-10_decklist,,19,Prowess,Aggro,Silk_lobelia,
2026-05-10,Modern,32,,challenge_C32_2026-05-10_decklist,,20,Belcher,Combo,E90_DeliveryBoy,
2026-05-10,Modern,32,,challenge_C32_2026-05-10_decklist,,21,Living End,Graveyard,lethargicarcher,
2026-05-10,Modern,32,,challenge_C32_2026-05-10_decklist,,22,Belcher,Combo,SafetyHazard,
2026-05-10,Modern,32,,challenge_C32_2026-05-10_decklist,,23,Affinity,Aggro,Arcbound_Papi,
2026-05-10,Modern,32,,challenge_C32_2026-05-10_decklist,,24,Domain Zoo,Midrange,Sarlanga,
2026-05-10,Modern,32,,challenge_C32_2026-05-10_decklist,,25,Ragavan,Aggro,XxquestionablyawesomexX,
2026-05-10,Modern,32,,challenge_C32_2026-05-10_decklist,,26,Affinity,Aggro,MAFS,
2026-05-10,Modern,32,,challenge_C32_2026-05-10_decklist,,27,Sultai Ritual,Midrange,Iaashadow,
2026-05-10,Modern,32,,challenge_C32_2026-05-10_decklist,,28,Prowess,Aggro,CORESET_OMEGALUL,
2026-05-10,Modern,32,,challenge_C32_2026-05-10_decklist,,29,Golgari Devotion,Midrange,RZ922923,
2026-05-10,Modern,32,,challenge_C32_2026-05-10_decklist,,30,URG,Midrange,ScreenwriterNY,
2026-05-10,Modern,32,,challenge_C32_2026-05-10_decklist,,31,4c Control,Control,internetsurfer09,
2026-05-10,Modern,32,,challenge_C32_2026-05-10_decklist,,32,Mono-Black Midrange,Midrange,Selfeisek,
2026-05-11,Modern,32,,challenge_C32_2026-05-11_decklist,,1,Boros Energy,Aggro,selesneal,
2026-05-11,Modern,32,,challenge_C32_2026-05-11_decklist,,2,Affinity,Aggro,MystikHawk,
2026-05-11,Modern,32,,challenge_C32_2026-05-11_decklist,,3,Boros Energy,Aggro,DemianDesposito10,
2026-05-11,Modern,32,,challenge_C32_2026-05-11_decklist,,4,Living End,Graveyard,niuwaid001,
2026-05-11,Modern,32,,challenge_C32_2026-05-11_decklist,,5,Affinity,Aggro,LordEgg,
2026-05-11,Modern,32,,challenge_C32_2026-05-11_decklist,,6,BRG,Midrange,crazybaloth,
2026-05-11,Modern,32,,challenge_C32_2026-05-11_decklist,,7,Dimir Mill,Combo,xerioc,
2026-05-11,Modern,32,,challenge_C32_2026-05-11_decklist,,8,Dimir Midrange,Midrange,Quarterdragon,
2026-05-11,Modern,32,,challenge_C32_2026-05-11_decklist,,9,Esper Blink,Blink,Spellyp,
2026-05-11,Modern,32,,challenge_C32_2026-05-11_decklist,,10,Boros Energy,Aggro,Linden_43,
2026-05-11,Modern,32,,challenge_C32_2026-05-11_decklist,,11,Boros Energy,Aggro,Venom01,
2026-05-11,Modern,32,,challenge_C32_2026-05-11_decklist,,12,Boros Energy,Aggro,chrish2134,
2026-05-11,Modern,32,,challenge_C32_2026-05-11_decklist,,13,Ruby Storm,Combo,guibracale,
2026-05-11,Modern,32,,challenge_C32_2026-05-11_decklist,,14,Boros Energy,Aggro,Txuris,
2026-05-11,Modern,32,,challenge_C32_2026-05-11_decklist,,15,Boros Energy,Aggro,zbogames,
2026-05-11,Modern,32,,challenge_C32_2026-05-11_decklist,,16,Domain Zoo,Midrange,mendyourheart,
2026-05-11,Modern,32,,challenge_C32_2026-05-11_decklist,,17,Mono-Black Midrange,Midrange,Piglet,
2026-05-11,Modern,32,,challenge_C32_2026-05-11_decklist,,18,Prowess,Aggro,CORESET_OMEGALUL,
2026-05-11,Modern,32,,challenge_C32_2026-05-11_decklist,,19,Lantern,Control,Elkhorn,
2026-05-11,Modern,32,,challenge_C32_2026-05-11_decklist,,20,Prowess,Aggro,LucasG1ggs,
2026-05-11,Modern,32,,challenge_C32_2026-05-11_decklist,,21,Boros Energy,Aggro,bcs8995,
2026-05-11,Modern,32,,challenge_C32_2026-05-11_decklist,,22,Affinity,Aggro,TheUnseen,
2026-05-11,Modern,32,,challenge_C32_2026-05-11_decklist,,23,Dimir Midrange,Midrange,maytwer,
2026-05-11,Modern,32,,challenge_C32_2026-05-11_decklist,,24,Living End,Graveyard,tamegorooo,
2026-05-11,Modern,32,,challenge_C32_2026-05-11_decklist,,25,Boros Energy,Aggro,Stanshine,
2026-05-11,Modern,32,,challenge_C32_2026-05-11_decklist,,26,Goryo's Vengeance,Graveyard,thottie_crippin,
2026-05-11,Modern,32,,challenge_C32_2026-05-11_decklist,,27,Domain Zoo,Midrange,PlusElephant,
2026-05-11,Modern,32,,challenge_C32_2026-05-11_decklist,,28,Living End,Graveyard,ZephyrCo,
2026-05-11,Modern,32,,challenge_C32_2026-05-11_decklist,,29,Domain Zoo,Midrange,Sarlanga,
2026-05-11,Modern,32,,challenge_C32_2026-05-11_decklist,,30,Boros Energy,Aggro,Trewest,
2026-05-11,Modern,32,,challenge_C32_2026-05-11_decklist,,31,Belcher,Combo,Ztenod,
2026-05-11,Modern,32,,challenge_C32_2026-05-11_decklist,,32,Belcher,Combo,SafetyHazard,
2026-05-11,Modern,64,,challenge_C64_2026-05-11_decklist,,1,Amulet Titan,Combo,DFrank,
2026-05-11,Modern,64,,challenge_C64_2026-05-11_decklist,,2,Affinity,Aggro,makaaaa,
2026-05-11,Modern,64,,challenge_C64_2026-05-11_decklist,,3,Grixis Reanimator,Graveyard,GLSwadow,
2026-05-11,Modern,64,,challenge_C64_2026-05-11_decklist,,4,Ruby Storm,Combo,hugofreitas1,
2026-05-11,Modern,64,,challenge_C64_2026-05-11_decklist,,5,Boros Energy,Aggro,MJ_23,
2026-05-11,Modern,64,,challenge_C64_2026-05-11_decklist,,6,Boros Energy,Aggro,Mortaa,
2026-05-11,Modern,64,,challenge_C64_2026-05-11_decklist,,7,Boros Energy,Aggro,MARZIANO,
2026-05-11,Modern,64,,challenge_C64_2026-05-11_decklist,,8,Affinity,Aggro,_Tia93_,
2026-05-11,Modern,64,,challenge_C64_2026-05-11_decklist,,9,Affinity,Aggro,jade-venus,
2026-05-11,Modern,64,,challenge_C64_2026-05-11_decklist,,10,Boros Energy,Aggro,DemianDesposito10,
2026-05-11,Modern,64,,challenge_C64_2026-05-11_decklist,,11,Boros Energy,Aggro,zhangkh,
2026-05-11,Modern,64,,challenge_C64_2026-05-11_decklist,,12,Affinity,Aggro,taldoitalo,
2026-05-11,Modern,64,,challenge_C64_2026-05-11_decklist,,13,Boros Energy,Aggro,Kev_1414,
2026-05-11,Modern,64,,challenge_C64_2026-05-11_decklist,,14,Boros Energy,Aggro,leandru,
2026-05-11,Modern,64,,challenge_C64_2026-05-11_decklist,,15,Rakdos Delirium,Aggro,Czechito,
2026-05-11,Modern,64,,challenge_C64_2026-05-11_decklist,,16,UBRG,Control,Xenowan,
2026-05-11,Modern,64,,challenge_C64_2026-05-11_decklist,,17,Domain Zoo,Midrange,Pleyboy,
2026-05-11,Modern,64,,challenge_C64_2026-05-11_decklist,,18,Boros Energy,Aggro,Aced5,
2026-05-11,Modern,64,,challenge_C64_2026-05-11_decklist,,19,Goryo's Vengeance,Graveyard,KIMCHIMAN,
2026-05-11,Modern,64,,challenge_C64_2026-05-11_decklist,,20,Domain Zoo,Midrange,Sarlanga,
2026-05-11,Modern,64,,challenge_C64_2026-05-11_decklist,,21,Prowess,Aggro,Xsper,
2026-05-11,Modern,64,,challenge_C64_2026-05-11_decklist,,22,Dimir Midrange,Midrange,Doomenstein,
2026-05-11,Modern,64,,challenge_C64_2026-05-11_decklist,,23,Affinity,Aggro,Danielpena397,
2026-05-11,Modern,64,,challenge_C64_2026-05-11_decklist,,24,Prowess,Aggro,JakeTMS,
2026-05-11,Modern,64,,challenge_C64_2026-05-11_decklist,,25,Goryo's Vengeance,Graveyard,Ivan_Draw_Go,
2026-05-11,Modern,64,,challenge_C64_2026-05-11_decklist,,26,Grixis Reanimator,Graveyard,mahou_54331,
2026-05-11,Modern,64,,challenge_C64_2026-05-11_decklist,,27,Boros Energy,Aggro,Dean_Winchester,
2026-05-11,Modern,64,,challenge_C64_2026-05-11_decklist,,28,Jeskai Blink,Blink,St1ffler,
2026-05-11,Modern,64,,challenge_C64_2026-05-11_decklist,,29,Jeskai Control,Control,GWT,
2026-05-11,Modern,64,,challenge_C64_2026-05-11_decklist,,30,Jeskai Blink,Blink,McWinSauce,
2026-05-11,Modern,64,,challenge_C64_2026-05-11_decklist,,31,Belcher,Combo,MatheusPonciano,
2026-05-11,Modern,64,,challenge_C64_2026-05-11_decklist,,32,Eldrazi Tron,Ramp,Marvelman123,
2026-05-12,Modern,64,,challenge_C64_2026-05-12_decklist,,1,Affinity,Aggro,nahuel10,
2026-05-12,Modern,64,,challenge_C64_2026-05-12_decklist,,2,Affinity,Aggro,sioutis_kk,
2026-05-12,Modern,64,,challenge_C64_2026-05-12_decklist,,3,Prowess,Aggro,blub_blub,
2026-05-12,Modern,64,,challenge_C64_2026-05-12_decklist,,4,Boros Energy,Aggro,Lennny,
2026-05-12,Modern,64,,challenge_C64_2026-05-12_decklist,,5,Living End,Graveyard,MeninooNey,
2026-05-12,Modern,64,,challenge_C64_2026-05-12_decklist,,6,Jeskai Blink,Blink,yriel,
2026-05-12,Modern,64,,challenge_C64_2026-05-12_decklist,,7,Affinity,Aggro,AFX,
2026-05-12,Modern,64,,challenge_C64_2026-05-12_decklist,,8,Sultai Ritual,Midrange,Univerce,
2026-05-12,Modern,64,,challenge_C64_2026-05-12_decklist,,9,Boros Energy,Aggro,MJ_23,
2026-05-12,Modern,64,,challenge_C64_2026-05-12_decklist,,10,Goryo's Vengeance,Graveyard,Rvng,
2026-05-12,Modern,64,,challenge_C64_2026-05-12_decklist,,11,Boros Energy,Aggro,TheWitchKling,
2026-05-12,Modern,64,,challenge_C64_2026-05-12_decklist,,12,Boros Energy,Aggro,Boin,
2026-05-12,Modern,64,,challenge_C64_2026-05-12_decklist,,13,Boros Energy,Aggro,Aced5,
2026-05-12,Modern,64,,challenge_C64_2026-05-12_decklist,,14,Affinity,Aggro,Retrisma,
2026-05-12,Modern,64,,challenge_C64_2026-05-12_decklist,,15,Amulet Titan,Combo,Kefwyn,
2026-05-12,Modern,64,,challenge_C64_2026-05-12_decklist,,16,Affinity,Aggro,Danielpena397,
2026-05-12,Modern,64,,challenge_C64_2026-05-12_decklist,,17,Eldrazi Ramp,Ramp,Odin2015,
2026-05-12,Modern,64,,challenge_C64_2026-05-12_decklist,,18,Boros Energy,Aggro,P3SUS,
2026-05-12,Modern,64,,challenge_C64_2026-05-12_decklist,,19,Living End,Graveyard,MdvWin,
2026-05-12,Modern,64,,challenge_C64_2026-05-12_decklist,,20,Amulet Titan,Combo,Jumba,
2026-05-12,Modern,64,,challenge_C64_2026-05-12_decklist,,21,Eldrazi Ramp,Ramp,sgcyrus,
2026-05-12,Modern,64,,challenge_C64_2026-05-12_decklist,,22,Prowess,Aggro,Xsper,
2026-05-12,Modern,64,,challenge_C64_2026-05-12_decklist,,23,Sam Combo,Combo,cbaseball119,
2026-05-12,Modern,64,,challenge_C64_2026-05-12_decklist,,24,Jeskai Control,Control,eclipse4343,
2026-05-12,Modern,64,,challenge_C64_2026-05-12_decklist,,25,Boros Energy,Aggro,_Shikamaru_,
2026-05-12,Modern,64,,challenge_C64_2026-05-12_decklist,,26,Mono-Blue Soul Cauldron Combo,Combo,tabunghasisi,
2026-05-12,Modern,64,,challenge_C64_2026-05-12_decklist,,27,Prowess,Aggro,LucasG1ggs,
2026-05-12,Modern,64,,challenge_C64_2026-05-12_decklist,,28,Affinity,Aggro,Drfuzybarrel,
2026-05-12,Modern,64,,challenge_C64_2026-05-12_decklist,,29,Boros Energy,Aggro,leandru,
2026-05-12,Modern,64,,challenge_C64_2026-05-12_decklist,,30,Yawgmoth,Midrange,DemonicTutors,
2026-05-12,Modern,64,,challenge_C64_2026-05-12_decklist,,31,Boros Energy,Aggro,HolaChico,
2026-05-12,Modern,64,,challenge_C64_2026-05-12_decklist,,32,Belcher,Combo,SafetyHazard,
2026-05-13,Modern,64,,challenge_C64_2026-05-13_decklist,,1,Ruby Storm,Combo,harlouuk,
2026-05-13,Modern,64,,challenge_C64_2026-05-13_decklist,,2,Ruby Storm,Combo,hugofreitas1,
2026-05-13,Modern,64,,challenge_C64_2026-05-13_decklist,,3,Affinity,Aggro,nahuel10,
2026-05-13,Modern,64,,challenge_C64_2026-05-13_decklist,,4,Dimir Midrange,Midrange,_Falcon_,
2026-05-13,Modern,64,,challenge_C64_2026-05-13_decklist,,5,RG,Ramp,Corkyboyy,
2026-05-13,Modern,64,,challenge_C64_2026-05-13_decklist,,6,Eldrazi Ramp,Ramp,Odin2015,
2026-05-13,Modern,64,,challenge_C64_2026-05-13_decklist,,7,Eldrazi Ramp,Ramp,Gobern,
2026-05-13,Modern,64,,challenge_C64_2026-05-13_decklist,,8,Affinity,Aggro,sioutis_kk,
2026-05-13,Modern,64,,challenge_C64_2026-05-13_decklist,,9,Affinity,Aggro,peter780108,
2026-05-13,Modern,64,,challenge_C64_2026-05-13_decklist,,10,Eldrazi Tron,Ramp,DeathW1sh,
2026-05-13,Modern,64,,challenge_C64_2026-05-13_decklist,,11,Boros Energy,Aggro,KelMasterP,
2026-05-13,Modern,64,,challenge_C64_2026-05-13_decklist,,12,Affinity,Aggro,Danielpena397,
2026-05-13,Modern,64,,challenge_C64_2026-05-13_decklist,,13,Affinity,Aggro,slaxx,
2026-05-13,Modern,64,,challenge_C64_2026-05-13_decklist,,14,Boros Energy,Aggro,DemianDesposito10,
2026-05-13,Modern,64,,challenge_C64_2026-05-13_decklist,,15,Domain Zoo,Midrange,Alan07,
2026-05-13,Modern,64,,challenge_C64_2026-05-13_decklist,,16,Boros Energy,Aggro,Young_Shaman,
2026-05-13,Modern,64,,challenge_C64_2026-05-13_decklist,,17,Boros Energy,Aggro,xfile,
2026-05-13,Modern,64,,challenge_C64_2026-05-13_decklist,,18,Boros Energy,Aggro,HolaChico,
2026-05-13,Modern,64,,challenge_C64_2026-05-13_decklist,,19,Dimir Midrange,Midrange,TSPJendrek,
2026-05-13,Modern,64,,challenge_C64_2026-05-13_decklist,,20,The Rock,Midrange,soggymeatball,
2026-05-13,Modern,64,,challenge_C64_2026-05-13_decklist,,21,Eldrazi Tron,Ramp,Porks,
2026-05-13,Modern,64,,challenge_C64_2026-05-13_decklist,,22,Jeskai Blink,Blink,yriel,
2026-05-13,Modern,64,,challenge_C64_2026-05-13_decklist,,23,Boros Energy,Aggro,Galashev29,
2026-05-13,Modern,64,,challenge_C64_2026-05-13_decklist,,24,Boros Energy,Aggro,Rashek,
2026-05-13,Modern,64,,challenge_C64_2026-05-13_decklist,,25,Yawgmoth,Midrange,Walri,
2026-05-13,Modern,64,,challenge_C64_2026-05-13_decklist,,26,BRG,Midrange,Xenowan,
2026-05-13,Modern,64,,challenge_C64_2026-05-13_decklist,,27,Prowess,Aggro,HideOnShish,
2026-05-13,Modern,64,,challenge_C64_2026-05-13_decklist,,28,Affinity,Aggro,taldoitalo,
2026-05-13,Modern,64,,challenge_C64_2026-05-13_decklist,,29,Boros Energy,Aggro,Brasatore,
2026-05-13,Modern,64,,challenge_C64_2026-05-13_decklist,,30,Living End,Graveyard,MeninoNey,
2026-05-13,Modern,64,,challenge_C64_2026-05-13_decklist,,31,Prowess,Aggro,JPA93,
2026-05-13,Modern,64,,challenge_C64_2026-05-13_decklist,,32,Boros Energy,Aggro,leandru,
2026-05-14,Modern,64,,challenge_C64_2026-05-14_decklist,,1,Living End,Graveyard,MeninoNey,
2026-05-14,Modern,64,,challenge_C64_2026-05-14_decklist,,2,Boros Energy,Aggro,Dabol-R,
2026-05-14,Modern,64,,challenge_C64_2026-05-14_decklist,,3,Ruby Storm,Combo,hugofreitas1,
2026-05-14,Modern,64,,challenge_C64_2026-05-14_decklist,,4,Affinity,Aggro,peter780108,
2026-05-14,Modern,64,,challenge_C64_2026-05-14_decklist,,5,Boros Energy,Aggro,Galashev29,
2026-05-14,Modern,64,,challenge_C64_2026-05-14_decklist,,6,Azorius Control,Control,levunga21,
2026-05-14,Modern,64,,challenge_C64_2026-05-14_decklist,,7,Prowess,Aggro,seasonofmists,
2026-05-14,Modern,64,,challenge_C64_2026-05-14_decklist,,8,The Rock,Midrange,soggymeatball,
2026-05-14,Modern,64,,challenge_C64_2026-05-14_decklist,,9,UBRG,Control,MahfuzVanGogh,
2026-05-14,Modern,64,,challenge_C64_2026-05-14_decklist,,10,Yawgmoth,Midrange,ShikiXYZ,
2026-05-14,Modern,64,,challenge_C64_2026-05-14_decklist,,11,Amulet Titan,Combo,kanister,
2026-05-14,Modern,64,,challenge_C64_2026-05-14_decklist,,12,Ruby Storm,Combo,Erik157751,
2026-05-14,Modern,64,,challenge_C64_2026-05-14_decklist,,13,RG,Ramp,KelMasterP,
2026-05-14,Modern,64,,challenge_C64_2026-05-14_decklist,,14,Ruby Storm,Combo,NMiner,
2026-05-14,Modern,64,,challenge_C64_2026-05-14_decklist,,15,Living End,Graveyard,rc6311,
2026-05-14,Modern,64,,challenge_C64_2026-05-14_decklist,,16,Living End,Graveyard,AgentLion09,
2026-05-14,Modern,64,,challenge_C64_2026-05-14_decklist,,17,Goryo's Vengeance,Graveyard,Phryziel,
2026-05-14,Modern,64,,challenge_C64_2026-05-14_decklist,,18,Prowess,Aggro,Koala40,
2026-05-14,Modern,64,,challenge_C64_2026-05-14_decklist,,19,Belcher,Combo,FakeShaver,
2026-05-14,Modern,64,,challenge_C64_2026-05-14_decklist,,20,Boros Energy,Aggro,MJ_23,
2026-05-14,Modern,64,,challenge_C64_2026-05-14_decklist,,21,Affinity,Aggro,Danielpena397,
2026-05-14,Modern,64,,challenge_C64_2026-05-14_decklist,,22,Yawgmoth,Midrange,Xerk,
2026-05-14,Modern,64,,challenge_C64_2026-05-14_decklist,,23,Eldrazi Ramp,Ramp,Odin2015,
2026-05-14,Modern,64,,challenge_C64_2026-05-14_decklist,,24,Amulet Titan,Combo,unagieel,
2026-05-14,Modern,64,,challenge_C64_2026-05-14_decklist,,25,Eldrazi Ramp,Ramp,Jumba,
2026-05-14,Modern,64,,challenge_C64_2026-05-14_decklist,,26,Boros Energy,Aggro,Rashek,
2026-05-14,Modern,64,,challenge_C64_2026-05-14_decklist,,27,Boros Energy,Aggro,Mappet92,
2026-05-14,Modern,64,,challenge_C64_2026-05-14_decklist,,28,Ruby Storm,Combo,Harvey_Specter,
2026-05-14,Modern,64,,challenge_C64_2026-05-14_decklist,,29,Ruby Storm,Combo,AlexanderTheGreat_,
2026-05-14,Modern,64,,challenge_C64_2026-05-14_decklist,,30,Amulet Titan,Combo,wutey,
2026-05-14,Modern,64,,challenge_C64_2026-05-14_decklist,,31,Affinity,Aggro,taldoitalo,
2026-05-14,Modern,64,,challenge_C64_2026-05-14_decklist,,32,Boros Energy,Aggro,none_mtg,
2026-05-15,Modern,64,,challenge_C64_2026-05-15_decklist,,1,Yawgmoth,Midrange,ShikiXYZ,
2026-05-15,Modern,64,,challenge_C64_2026-05-15_decklist,,2,Amulet Titan,Combo,Mistakenn,
2026-05-15,Modern,64,,challenge_C64_2026-05-15_decklist,,3,Living End,Graveyard,JPA93,
2026-05-15,Modern,64,,challenge_C64_2026-05-15_decklist,,4,Belcher,Combo,Walker735,
2026-05-15,Modern,64,,challenge_C64_2026-05-15_decklist,,5,Boros Energy,Aggro,unagieel,
2026-05-15,Modern,64,,challenge_C64_2026-05-15_decklist,,6,G,Ramp,aspiringspike,
2026-05-15,Modern,64,,challenge_C64_2026-05-15_decklist,,7,Yawgmoth,Midrange,jontih,
2026-05-15,Modern,64,,challenge_C64_2026-05-15_decklist,,8,Ruby Storm,Combo,HotspringsGames,
2026-05-15,Modern,64,,challenge_C64_2026-05-15_decklist,,9,Mardu Blink,Blink,Jedgi,
2026-05-15,Modern,64,,challenge_C64_2026-05-15_decklist,,10,Living End,Graveyard,MeninoNey,
2026-05-15,Modern,64,,challenge_C64_2026-05-15_decklist,,11,Boros Energy,Aggro,Gniksigerg,
2026-05-15,Modern,64,,challenge_C64_2026-05-15_decklist,,12,Ruby Storm,Combo,yannickelsuizo,
2026-05-15,Modern,64,,challenge_C64_2026-05-15_decklist,,13,Eldrazi Tron,Ramp,Antarctica,
2026-05-15,Modern,64,,challenge_C64_2026-05-15_decklist,,14,Eldrazi Ramp,Ramp,Jumba,
2026-05-15,Modern,64,,challenge_C64_2026-05-15_decklist,,15,Amulet Titan,Combo,DFrank,
2026-05-15,Modern,64,,challenge_C64_2026-05-15_decklist,,16,Eldrazi Ramp,Ramp,littlebinboy,
2026-05-15,Modern,64,,challenge_C64_2026-05-15_decklist,,17,Affinity,Aggro,sioutis_kk,
2026-05-15,Modern,64,,challenge_C64_2026-05-15_decklist,,18,Jeskai Blink,Blink,kentaro_hokori,
2026-05-15,Modern,64,,challenge_C64_2026-05-15_decklist,,19,Boros Energy,Aggro,strgn7,
2026-05-15,Modern,64,,challenge_C64_2026-05-15_decklist,,20,Affinity,Aggro,Danielpena397,
2026-05-15,Modern,64,,challenge_C64_2026-05-15_decklist,,21,Affinity,Aggro,Polikasoll,
2026-05-15,Modern,64,,challenge_C64_2026-05-15_decklist,,22,Living End,Graveyard,AgentLion09,
2026-05-15,Modern,64,,challenge_C64_2026-05-15_decklist,,23,Prowess,Aggro,taldoitalo,
2026-05-15,Modern,64,,challenge_C64_2026-05-15_decklist,,24,Boros Energy,Aggro,leandru,
2026-05-15,Modern,64,,challenge_C64_2026-05-15_decklist,,25,Domain Zoo,Midrange,Pleyboy,
2026-05-15,Modern,64,,challenge_C64_2026-05-15_decklist,,26,The Rock,Midrange,soggymeatball,
2026-05-15,Modern,64,,challenge_C64_2026-05-15_decklist,,27,RG,Ramp,KelMasterP,
2026-05-15,Modern,64,,challenge_C64_2026-05-15_decklist,,28,Affinity,Aggro,redmogg,
2026-05-15,Modern,64,,challenge_C64_2026-05-15_decklist,,29,Living End,Graveyard,Mogg_Flunkies,
2026-05-15,Modern,64,,challenge_C64_2026-05-15_decklist,,30,Eldrazi Ramp,Ramp,Scappie,
2026-05-15,Modern,64,,challenge_C64_2026-05-15_decklist,,31,Boros Energy,Aggro,Lord_of_The_Wastes,
2026-05-15,Modern,64,,challenge_C64_2026-05-15_decklist,,32,Affinity,Aggro,peter780108,
2026-05-16,Modern,32,,challenge_C32_2026-05-16_decklist,,1,Mono-Black Midrange,Midrange,Selfeisek,
2026-05-16,Modern,32,,challenge_C32_2026-05-16_decklist,,2,Ruby Storm,Combo,hugofreitas1,
2026-05-16,Modern,32,,challenge_C32_2026-05-16_decklist,,3,Affinity,Aggro,MystikHawk,
2026-05-16,Modern,32,,challenge_C32_2026-05-16_decklist,,4,Yawgmoth,Midrange,MAFS,
2026-05-16,Modern,32,,challenge_C32_2026-05-16_decklist,,5,G,Ramp,kaikas,
2026-05-16,Modern,32,,challenge_C32_2026-05-16_decklist,,6,Boros Energy,Aggro,gyyby297,
2026-05-16,Modern,32,,challenge_C32_2026-05-16_decklist,,7,Living End,Graveyard,Lord_Beerus,
2026-05-16,Modern,32,,challenge_C32_2026-05-16_decklist,,8,Jeskai Blink,Blink,yriel,
2026-05-16,Modern,32,,challenge_C32_2026-05-16_decklist,,9,Boros Energy,Aggro,jvidarte,
2026-05-16,Modern,32,,challenge_C32_2026-05-16_decklist,,10,Yawgmoth,Midrange,steelleaf51,
2026-05-16,Modern,32,,challenge_C32_2026-05-16_decklist,,11,Asmo Food,Combo,woodjt5,
2026-05-16,Modern,32,,challenge_C32_2026-05-16_decklist,,12,Boros Energy,Aggro,aarrgh,
2026-05-16,Modern,32,,challenge_C32_2026-05-16_decklist,,13,Rakdos Aggro,Aggro,DragonFodder,
2026-05-16,Modern,32,,challenge_C32_2026-05-16_decklist,,14,Lantern,Control,Elkhorn,
2026-05-16,Modern,32,,challenge_C32_2026-05-16_decklist,,15,Ruby Storm,Combo,_Shikamaru_,
2026-05-16,Modern,32,,challenge_C32_2026-05-16_decklist,,16,URG,Midrange,tabunghasisi,
2026-05-16,Modern,32,,challenge_C32_2026-05-16_decklist,,17,Sam Combo,Combo,Jacksonian26,
2026-05-16,Modern,32,,challenge_C32_2026-05-16_decklist,,18,Boros Energy,Aggro,Venom01,
2026-05-16,Modern,32,,challenge_C32_2026-05-16_decklist,,19,Amulet Titan,Combo,sidisi,
2026-05-16,Modern,32,,challenge_C32_2026-05-16_decklist,,20,Living End,Graveyard,Mighty_Ravendark,
2026-05-16,Modern,32,,challenge_C32_2026-05-16_decklist,,21,Yawgmoth,Midrange,Mogg_Flunkies,
2026-05-16,Modern,32,,challenge_C32_2026-05-16_decklist,,22,Affinity,Aggro,klien7,
2026-05-16,Modern,32,,challenge_C32_2026-05-16_decklist,,23,Belcher,Combo,Ztenod,
2026-05-16,Modern,32,,challenge_C32_2026-05-16_decklist,,24,Sam Combo,Combo,MikeOxlittle,
2026-05-16,Modern,32,,challenge_C32_2026-05-16_decklist,,25,Boros Energy,Aggro,Rapgod,
2026-05-16,Modern,32,,challenge_C32_2026-05-16_decklist,,26,Belcher,Combo,ice_nine_BIGFAN,
2026-05-16,Modern,32,,challenge_C32_2026-05-16_decklist,,27,Grixis Reanimator,Graveyard,SaN3,
2026-05-16,Modern,32,,challenge_C32_2026-05-16_decklist,,28,Boros Energy,Aggro,AdonaIsium,
2026-05-16,Modern,32,,challenge_C32_2026-05-16_decklist,,29,Living End,Graveyard,MeninoNey,
2026-05-16,Modern,32,,challenge_C32_2026-05-16_decklist,,30,Death & Taxes,Control,xfile,
2026-05-16,Modern,32,,challenge_C32_2026-05-16_decklist,,31,Esper Blink,Blink,Marvin_Dalkiri,
2026-05-16,Modern,32,,challenge_C32_2026-05-16_decklist,,32,Affinity,Aggro,nahuel10,
2026-05-16,Modern,64,,challenge_C64_2026-05-16_decklist,,1,Jeskai Blink,Blink,Slyvester3,
2026-05-16,Modern,64,,challenge_C64_2026-05-16_decklist,,2,Boros Energy,Aggro,MARZIANO,
2026-05-16,Modern,64,,challenge_C64_2026-05-16_decklist,,3,UBRG,Control,MahfuzVanGogh,
2026-05-16,Modern,64,,challenge_C64_2026-05-16_decklist,,4,Azorius Control,Control,Koala40,
2026-05-16,Modern,64,,challenge_C64_2026-05-16_decklist,,5,Boros Energy,Aggro,ejk,
2026-05-16,Modern,64,,challenge_C64_2026-05-16_decklist,,6,Mardu Blink,Blink,Jedgi,
2026-05-16,Modern,64,,challenge_C64_2026-05-16_decklist,,7,Sam Combo,Combo,ThatSmashBotGuy,
2026-05-16,Modern,64,,challenge_C64_2026-05-16_decklist,,8,Goryo's Vengeance,Graveyard,Xwhale,
2026-05-16,Modern,64,,challenge_C64_2026-05-16_decklist,,9,Prowess,Aggro,MdvWin,
2026-05-16,Modern,64,,challenge_C64_2026-05-16_decklist,,10,Jeskai Energy,Aggro,bobthedog,
2026-05-16,Modern,64,,challenge_C64_2026-05-16_decklist,,11,Living End,Graveyard,SatoruGojo,
2026-05-16,Modern,64,,challenge_C64_2026-05-16_decklist,,12,Ruby Storm,Combo,heredia593,
2026-05-16,Modern,64,,challenge_C64_2026-05-16_decklist,,13,Rakdos Delirium,Aggro,Czechito,
2026-05-16,Modern,64,,challenge_C64_2026-05-16_decklist,,14,Amulet Titan,Combo,Mistakenn,
2026-05-16,Modern,64,,challenge_C64_2026-05-16_decklist,,15,Eldrazi Ramp,Ramp,Lightspirit,
2026-05-16,Modern,64,,challenge_C64_2026-05-16_decklist,,16,Boros Energy,Aggro,pepeteam,
2026-05-16,Modern,64,,challenge_C64_2026-05-16_decklist,,17,Amulet Titan,Combo,DFrank,
2026-05-16,Modern,64,,challenge_C64_2026-05-16_decklist,,18,Boros Energy,Aggro,iShambler,
2026-05-16,Modern,64,,challenge_C64_2026-05-16_decklist,,19,Affinity,Aggro,peter780108,
2026-05-16,Modern,64,,challenge_C64_2026-05-16_decklist,,20,Eldrazi Tron,Ramp,DeathW1sh,
2026-05-16,Modern,64,,challenge_C64_2026-05-16_decklist,,21,Affinity,Aggro,ejcos531,
2026-05-16,Modern,64,,challenge_C64_2026-05-16_decklist,,22,Boros Energy,Aggro,RancidMind,
2026-05-16,Modern,64,,challenge_C64_2026-05-16_decklist,,23,Goryo's Vengeance,Graveyard,nikkuniku,
2026-05-16,Modern,64,,challenge_C64_2026-05-16_decklist,,24,Affinity,Aggro,klien7,
2026-05-16,Modern,64,,challenge_C64_2026-05-16_decklist,,25,Rakdos Midrange,Midrange,mtbWolf,
2026-05-16,Modern,64,,challenge_C64_2026-05-16_decklist,,26,Amulet Titan,Combo,Cedicent,
2026-05-16,Modern,64,,challenge_C64_2026-05-16_decklist,,27,Boros Energy,Aggro,Young_Shaman,
2026-05-16,Modern,64,,challenge_C64_2026-05-16_decklist,,28,Azorius Control,Control,Chemist1234,
2026-05-16,Modern,64,,challenge_C64_2026-05-16_decklist,,29,Boros Energy,Aggro,albybale93,
2026-05-16,Modern,64,,challenge_C64_2026-05-16_decklist,,30,Affinity,Aggro,juanjo1313,
2026-05-16,Modern,64,,challenge_C64_2026-05-16_decklist,,31,Living End,Graveyard,ZephyrCo,
2026-05-16,Modern,64,,challenge_C64_2026-05-16_decklist,,32,Through the Breach,Combo,Ingrimmsch,
2026-05-17,Modern,32,,challenge_C32_2026-05-17_decklist,,1,Amulet Titan,Combo,sidisi,
2026-05-17,Modern,32,,challenge_C32_2026-05-17_decklist,,2,Mono-Black Midrange,Midrange,jontih,
2026-05-17,Modern,32,,challenge_C32_2026-05-17_decklist,,3,Broodscale Combo,Combo,sultai4lyfe,
2026-05-17,Modern,32,,challenge_C32_2026-05-17_decklist,,4,Goryo's Vengeance,Graveyard,nikkuniku,
2026-05-17,Modern,32,,challenge_C32_2026-05-17_decklist,,5,Grixis Reanimator,Graveyard,MikeEgan,
2026-05-17,Modern,32,,challenge_C32_2026-05-17_decklist,,6,Affinity,Aggro,LunaMercury12,
2026-05-17,Modern,32,,challenge_C32_2026-05-17_decklist,,7,Prowess,Aggro,topdollar,
2026-05-17,Modern,32,,challenge_C32_2026-05-17_decklist,,8,Jeskai Blink,Blink,CaptainKirkk,
2026-05-17,Modern,32,,challenge_C32_2026-05-17_decklist,,9,Living End,Graveyard,Lord_Beerus,
2026-05-17,Modern,32,,challenge_C32_2026-05-17_decklist,,10,Ruby Storm,Combo,N0000000B,
2026-05-17,Modern,32,,challenge_C32_2026-05-17_decklist,,11,Boros Energy,Aggro,DJac,
2026-05-17,Modern,32,,challenge_C32_2026-05-17_decklist,,12,Domain Zoo,Midrange,unworldlyorigin,
2026-05-17,Modern,32,,challenge_C32_2026-05-17_decklist,,13,Boros Energy,Aggro,Marshmallowchess,
2026-05-17,Modern,32,,challenge_C32_2026-05-17_decklist,,14,Azorius Control,Control,WadeB,
2026-05-17,Modern,32,,challenge_C32_2026-05-17_decklist,,15,Boros Energy,Aggro,jessy_samek,
2026-05-17,Modern,32,,challenge_C32_2026-05-17_decklist,,16,Rakdos Aggro,Aggro,DragonFodder,
2026-05-17,Modern,32,,challenge_C32_2026-05-17_decklist,,17,Boros Energy,Aggro,ejk,
2026-05-17,Modern,32,,challenge_C32_2026-05-17_decklist,,18,Sultai Ritual,Midrange,Venom01,
2026-05-17,Modern,32,,challenge_C32_2026-05-17_decklist,,19,Sultai Ritual,Midrange,Dioferreira,
2026-05-17,Modern,32,,challenge_C32_2026-05-17_decklist,,20,Esper Blink,Blink,Marvin_Dalkiri,
2026-05-17,Modern,32,,challenge_C32_2026-05-17_decklist,,21,Golgari Devotion,Midrange,RZ922923,
2026-05-17,Modern,32,,challenge_C32_2026-05-17_decklist,,22,Affinity,Aggro,nahuel10,
2026-05-17,Modern,32,,challenge_C32_2026-05-17_decklist,,23,Affinity,Aggro,JV_7777,
2026-05-17,Modern,32,,challenge_C32_2026-05-17_decklist,,24,G,Ramp,the3nd,
2026-05-17,Modern,32,,challenge_C32_2026-05-17_decklist,,25,Ruby Storm,Combo,guibracale,
2026-05-17,Modern,32,,challenge_C32_2026-05-17_decklist,,26,Jeskai Energy,Aggro,ganache1127,
2026-05-17,Modern,32,,challenge_C32_2026-05-17_decklist,,27,Yawgmoth,Midrange,MAFS,
2026-05-17,Modern,32,,challenge_C32_2026-05-17_decklist,,28,Boros Energy,Aggro,Crunchychewy,
2026-05-17,Modern,32,,challenge_C32_2026-05-17_decklist,,29,Dimir Mill,Combo,SiWeiti,
2026-05-17,Modern,32,,challenge_C32_2026-05-17_decklist,,30,Grixis Midrange,Midrange,JakeTMS,
2026-05-17,Modern,32,,challenge_C32_2026-05-17_decklist,,31,Living End,Graveyard,GDS-in-modern,
2026-05-17,Modern,32,,challenge_C32_2026-05-17_decklist,,32,Boros Energy,Aggro,DemianDesposito10,
2026-05-18,Modern,32,,challenge_C32_2026-05-18_decklist,,1,Boros Energy,Aggro,xfile,
2026-05-18,Modern,32,,challenge_C32_2026-05-18_decklist,,2,Affinity,Aggro,Arcbound_Papi,
2026-05-18,Modern,32,,challenge_C32_2026-05-18_decklist,,3,Prowess,Aggro,TuckerMTG,
2026-05-18,Modern,32,,challenge_C32_2026-05-18_decklist,,4,Affinity,Aggro,peter780108,
2026-05-18,Modern,32,,challenge_C32_2026-05-18_decklist,,5,Jeskai Blink,Blink,Crawdaddy23,
2026-05-18,Modern,32,,challenge_C32_2026-05-18_decklist,,6,Sultai Ritual,Midrange,Venom01,
2026-05-18,Modern,32,,challenge_C32_2026-05-18_decklist,,7,Domain Zoo,Midrange,Sarlanga,
2026-05-18,Modern,32,,challenge_C32_2026-05-18_decklist,,8,Belcher,Combo,OPaZZwiZard,
2026-05-18,Modern,32,,challenge_C32_2026-05-18_decklist,,9,Ruby Storm,Combo,DarkShadow99,
2026-05-18,Modern,32,,challenge_C32_2026-05-18_decklist,,10,Boros Energy,Aggro,gazmon48,
2026-05-18,Modern,32,,challenge_C32_2026-05-18_decklist,,11,Yawgmoth,Midrange,Moorehardcore,
2026-05-18,Modern,32,,challenge_C32_2026-05-18_decklist,,12,Boros Energy,Aggro,jessy_samek,
2026-05-18,Modern,32,,challenge_C32_2026-05-18_decklist,,13,Prowess,Aggro,wft,
2026-05-18,Modern,32,,challenge_C32_2026-05-18_decklist,,14,Boros Energy,Aggro,manohito,
2026-05-18,Modern,32,,challenge_C32_2026-05-18_decklist,,15,Boros Energy,Aggro,jvidarte,
2026-05-18,Modern,32,,challenge_C32_2026-05-18_decklist,,16,Boros Energy,Aggro,Bok_Choy_,
2026-05-18,Modern,32,,challenge_C32_2026-05-18_decklist,,17,The Rock,Midrange,xdd,
2026-05-18,Modern,32,,challenge_C32_2026-05-18_decklist,,18,Rakdos Aggro,Aggro,DragonFodder,
2026-05-18,Modern,32,,challenge_C32_2026-05-18_decklist,,19,Boros Energy,Aggro,DemianDesposito10,
2026-05-18,Modern,32,,challenge_C32_2026-05-18_decklist,,20,Ruby Storm,Combo,CliffBoyardee,
2026-05-18,Modern,32,,challenge_C32_2026-05-18_decklist,,21,Mono-Black Midrange,Midrange,bless_von,
2026-05-18,Modern,32,,challenge_C32_2026-05-18_decklist,,22,Eldrazi Ramp,Ramp,MChoq,
2026-05-18,Modern,32,,challenge_C32_2026-05-18_decklist,,23,Belcher,Combo,Savior0117,
2026-05-18,Modern,32,,challenge_C32_2026-05-18_decklist,,24,Affinity,Aggro,Hernan72,
2026-05-18,Modern,32,,challenge_C32_2026-05-18_decklist,,25,Belcher,Combo,Ztenod,
2026-05-18,Modern,32,,challenge_C32_2026-05-18_decklist,,26,Dimir Mill,Combo,xerioc,
2026-05-18,Modern,32,,challenge_C32_2026-05-18_decklist,,27,Dimir Midrange,Midrange,derlumberzack,
2026-05-18,Modern,32,,challenge_C32_2026-05-18_decklist,,28,Ruby Storm,Combo,Rzt4097,
2026-05-18,Modern,32,,challenge_C32_2026-05-18_decklist,,29,Affinity,Aggro,Stealthmagician,
2026-05-18,Modern,32,,challenge_C32_2026-05-18_decklist,,30,Living End,Graveyard,niuwaid001,
2026-05-18,Modern,32,,challenge_C32_2026-05-18_decklist,,31,Prowess,Aggro,Xsper,
2026-05-18,Modern,32,,challenge_C32_2026-05-18_decklist,,32,Dimir Midrange,Midrange,AdonaIsium,
2026-05-18,Modern,64,,challenge_C64_2026-05-18_decklist,,1,Amulet Titan,Combo,SkillsByNiels,
2026-05-18,Modern,64,,challenge_C64_2026-05-18_decklist,,2,Amulet Titan,Combo,Mistakenn,
2026-05-18,Modern,64,,challenge_C64_2026-05-18_decklist,,3,Grixis Midrange,Midrange,JakeTMS,
2026-05-18,Modern,64,,challenge_C64_2026-05-18_decklist,,4,Prowess,Aggro,ziofrancone,
2026-05-18,Modern,64,,challenge_C64_2026-05-18_decklist,,5,Affinity,Aggro,Young_Shaman,
2026-05-18,Modern,64,,challenge_C64_2026-05-18_decklist,,6,Sultai Ritual,Midrange,Venom01,
2026-05-18,Modern,64,,challenge_C64_2026-05-18_decklist,,7,Eldrazi Tron,Ramp,photolytic,
2026-05-18,Modern,64,,challenge_C64_2026-05-18_decklist,,8,Esper Reanimator,Graveyard,Serosocram,
2026-05-18,Modern,64,,challenge_C64_2026-05-18_decklist,,9,Living End,Graveyard,JPA93,
2026-05-18,Modern,64,,challenge_C64_2026-05-18_decklist,,10,Affinity,Aggro,peter780108,
2026-05-18,Modern,64,,challenge_C64_2026-05-18_decklist,,11,Affinity,Aggro,RedArmada,
2026-05-18,Modern,64,,challenge_C64_2026-05-18_decklist,,12,Boros Energy,Aggro,iShambler,
2026-05-18,Modern,64,,challenge_C64_2026-05-18_decklist,,13,Boros Energy,Aggro,xfile,
2026-05-18,Modern,64,,challenge_C64_2026-05-18_decklist,,14,Living End,Graveyard,MeninoNey,
2026-05-18,Modern,64,,challenge_C64_2026-05-18_decklist,,15,Goryo's Vengeance,Graveyard,Rvng,
2026-05-18,Modern,64,,challenge_C64_2026-05-18_decklist,,16,Belcher,Combo,Walker735,
2026-05-18,Modern,64,,challenge_C64_2026-05-18_decklist,,17,Amulet Titan,Combo,brabes239,
2026-05-18,Modern,64,,challenge_C64_2026-05-18_decklist,,18,Azorius Control,Control,boytriton,
2026-05-18,Modern,64,,challenge_C64_2026-05-18_decklist,,19,UBRG,Control,katuo079595,
2026-05-18,Modern,64,,challenge_C64_2026-05-18_decklist,,20,Boros Energy,Aggro,leandru,
2026-05-18,Modern,64,,challenge_C64_2026-05-18_decklist,,21,Prowess,Aggro,Xsper,
2026-05-18,Modern,64,,challenge_C64_2026-05-18_decklist,,22,Rakdos Midrange,Midrange,soggymeatball,
2026-05-18,Modern,64,,challenge_C64_2026-05-18_decklist,,23,Boros Energy,Aggro,Lord_of_The_Wastes,
2026-05-18,Modern,64,,challenge_C64_2026-05-18_decklist,,24,Belcher,Combo,HoldTheElle,
2026-05-18,Modern,64,,challenge_C64_2026-05-18_decklist,,25,Yawgmoth,Midrange,Spellyp,
2026-05-18,Modern,64,,challenge_C64_2026-05-18_decklist,,26,Belcher,Combo,wolf777,
2026-05-18,Modern,64,,challenge_C64_2026-05-18_decklist,,27,Prowess,Aggro,taldoitalo,
2026-05-18,Modern,64,,challenge_C64_2026-05-18_decklist,,28,Boros Energy,Aggro,MayoDominaria,
2026-05-18,Modern,64,,challenge_C64_2026-05-18_decklist,,29,Eldrazi Ramp,Ramp,Death_Lighter,
2026-05-18,Modern,64,,challenge_C64_2026-05-18_decklist,,30,Boros Energy,Aggro,MJ_23,
2026-05-18,Modern,64,,challenge_C64_2026-05-18_decklist,,31,Amulet Titan,Combo,DFrank,
2026-05-18,Modern,64,,challenge_C64_2026-05-18_decklist,,32,Boros Energy,Aggro,BiIIyBruto,
2026-05-19,Modern,64,,challenge_C64_2026-05-19_decklist,,1,Azorius Blink,Blink,gazmon48,
2026-05-19,Modern,64,,challenge_C64_2026-05-19_decklist,,2,Esper Blink,Blink,McWinSauce,
2026-05-19,Modern,64,,challenge_C64_2026-05-19_decklist,,3,Domain Zoo,Midrange,Tetsubou,
2026-05-19,Modern,64,,challenge_C64_2026-05-19_decklist,,4,Affinity,Aggro,Martin_Dominguez,
2026-05-19,Modern,64,,challenge_C64_2026-05-19_decklist,,5,Prowess,Aggro,MdvWin,
2026-05-19,Modern,64,,challenge_C64_2026-05-19_decklist,,6,Goryo's Vengeance,Graveyard,Rvng,
2026-05-19,Modern,64,,challenge_C64_2026-05-19_decklist,,7,Grixis Reanimator,Graveyard,MisterTwin,
2026-05-19,Modern,64,,challenge_C64_2026-05-19_decklist,,8,Boros Energy,Aggro,Johnny_Hobbs,
2026-05-19,Modern,64,,challenge_C64_2026-05-19_decklist,,9,Affinity,Aggro,msmayer,
2026-05-19,Modern,64,,challenge_C64_2026-05-19_decklist,,10,Grixis Death's Shadow,Aggro,SoulStrong,
2026-05-19,Modern,64,,challenge_C64_2026-05-19_decklist,,11,Affinity,Aggro,GyaraMos6812,
2026-05-19,Modern,64,,challenge_C64_2026-05-19_decklist,,12,Prowess,Aggro,Xsper,
2026-05-19,Modern,64,,challenge_C64_2026-05-19_decklist,,13,Crashing Footfalls,Combo,klien7,
2026-05-19,Modern,64,,challenge_C64_2026-05-19_decklist,,14,The Rock,Midrange,moon11,
2026-05-19,Modern,64,,challenge_C64_2026-05-19_decklist,,15,Ruby Storm,Combo,golden_knights,
2026-05-19,Modern,64,,challenge_C64_2026-05-19_decklist,,16,Eldrazi Ramp,Ramp,r0cknati0n,
2026-05-19,Modern,64,,challenge_C64_2026-05-19_decklist,,17,Sultai Ritual,Midrange,TheWitchKling,
2026-05-19,Modern,64,,challenge_C64_2026-05-19_decklist,,18,Boros Energy,Aggro,Rashek,
2026-05-19,Modern,64,,challenge_C64_2026-05-19_decklist,,19,Boros Energy,Aggro,EightFinity,
2026-05-19,Modern,64,,challenge_C64_2026-05-19_decklist,,20,Prowess,Aggro,Goomy_,
2026-05-19,Modern,64,,challenge_C64_2026-05-19_decklist,,21,Eldrazi Ramp,Ramp,sgcyrus,
2026-05-19,Modern,64,,challenge_C64_2026-05-19_decklist,,22,Eldrazi Tron,Ramp,Porks,
2026-05-19,Modern,64,,challenge_C64_2026-05-19_decklist,,23,Hammer Time,Combo,xfile,
2026-05-19,Modern,64,,challenge_C64_2026-05-19_decklist,,24,Eldrazi Tron,Ramp,powered_by_VANYA,
2026-05-19,Modern,64,,challenge_C64_2026-05-19_decklist,,25,Crashing Footfalls,Combo,AFX,
2026-05-19,Modern,64,,challenge_C64_2026-05-19_decklist,,26,Eldrazi Tron,Ramp,_foobar,
2026-05-19,Modern,64,,challenge_C64_2026-05-19_decklist,,27,Azorius Control,Control,nahuel10,
2026-05-19,Modern,64,,challenge_C64_2026-05-19_decklist,,28,Eldrazi Tron,Ramp,KingOfGames1522,
2026-05-19,Modern,64,,challenge_C64_2026-05-19_decklist,,29,Living End,Graveyard,MeninooNey,
2026-05-19,Modern,64,,challenge_C64_2026-05-19_decklist,,30,Jeskai Blink,Midrange,chase00111,
2026-05-19,Modern,64,,challenge_C64_2026-05-19_decklist,,31,Eldrazi Tron,Ramp,Jumba,
2026-05-19,Modern,64,,challenge_C64_2026-05-19_decklist,,32,Affinity,Aggro,FulmineVeloce,
2026-05-20,Modern,64,,challenge_C64_2026-05-20_decklist,,1,Boros Energy,Aggro,MayoDominaria,
2026-05-20,Modern,64,,challenge_C64_2026-05-20_decklist,,2,Affinity,Aggro,Bugsy69,
2026-05-20,Modern,64,,challenge_C64_2026-05-20_decklist,,3,Living End,Graveyard,SanPop,
2026-05-20,Modern,64,,challenge_C64_2026-05-20_decklist,,4,Grixis Reanimator,Graveyard,soggymeatball,
2026-05-20,Modern,64,,challenge_C64_2026-05-20_decklist,,5,Boros Energy,Aggro,tapjoshfor2,
2026-05-20,Modern,64,,challenge_C64_2026-05-20_decklist,,6,Boros Energy,Aggro,Smigui,
2026-05-20,Modern,64,,challenge_C64_2026-05-20_decklist,,7,Yawgmoth,Midrange,ShikiXYZ,
2026-05-20,Modern,64,,challenge_C64_2026-05-20_decklist,,8,Azorius Control,Control,nahuel10,
2026-05-20,Modern,64,,challenge_C64_2026-05-20_decklist,,9,Boros Energy,Aggro,KelMasterP,
2026-05-20,Modern,64,,challenge_C64_2026-05-20_decklist,,10,Eldrazi Tron,Ramp,Malox11,
2026-05-20,Modern,64,,challenge_C64_2026-05-20_decklist,,11,Living End,Graveyard,MeninoNey,
2026-05-20,Modern,64,,challenge_C64_2026-05-20_decklist,,12,Living End,Graveyard,OiGachi1,
2026-05-20,Modern,64,,challenge_C64_2026-05-20_decklist,,13,Eldrazi Tron,Ramp,MisterTwin,
2026-05-20,Modern,64,,challenge_C64_2026-05-20_decklist,,14,Crashing Footfalls,Combo,Marcuzinho,
2026-05-20,Modern,64,,challenge_C64_2026-05-20_decklist,,15,Boros Energy,Aggro,Corkyboyy,
2026-05-20,Modern,64,,challenge_C64_2026-05-20_decklist,,16,Sam Combo,Combo,RNAPBP1,
2026-05-20,Modern,64,,challenge_C64_2026-05-20_decklist,,17,Boros Energy,Aggro,rastaf,
2026-05-20,Modern,64,,challenge_C64_2026-05-20_decklist,,18,Prowess,Aggro,RearrangedAS,
2026-05-20,Modern,64,,challenge_C64_2026-05-20_decklist,,19,Ruby Storm,Combo,hugofreitas1,
2026-05-20,Modern,64,,challenge_C64_2026-05-20_decklist,,20,Azorius Blink,Blink,Nowayh,
2026-05-20,Modern,64,,challenge_C64_2026-05-20_decklist,,21,Mardu Energy,Aggro,TentacleFan,
2026-05-20,Modern,64,,challenge_C64_2026-05-20_decklist,,22,Amulet Titan,Combo,powered_by_VANYA,
2026-05-20,Modern,64,,challenge_C64_2026-05-20_decklist,,23,Prowess,Aggro,Manatee_Man,
2026-05-20,Modern,64,,challenge_C64_2026-05-20_decklist,,24,Azorius Blink,Blink,LordMendigao,
2026-05-20,Modern,64,,challenge_C64_2026-05-20_decklist,,25,Boros Energy,Aggro,StevveLynx,
2026-05-20,Modern,64,,challenge_C64_2026-05-20_decklist,,26,Goryo's Vengeance,Graveyard,Rvng,
2026-05-20,Modern,64,,challenge_C64_2026-05-20_decklist,,27,Boros Energy,Aggro,ShadowTitan1,
2026-05-20,Modern,64,,challenge_C64_2026-05-20_decklist,,28,Ruby Storm,Combo,Erik157751,
2026-05-20,Modern,64,,challenge_C64_2026-05-20_decklist,,29,Eldrazi Ramp,Ramp,arturcosta,
2026-05-20,Modern,64,,challenge_C64_2026-05-20_decklist,,30,Mardu Energy,Aggro,Napoleon_I,
2026-05-20,Modern,64,,challenge_C64_2026-05-20_decklist,,31,Domain Zoo,Midrange,_Falcon_,
2026-05-20,Modern,64,,challenge_C64_2026-05-20_decklist,,32,Dimir Midrange,Midrange,Craig_Long123,
2026-05-21,Modern,64,,challenge_C64_2026-05-21_decklist,,1,Boros Energy,Aggro,jbl2311,
2026-05-21,Modern,64,,challenge_C64_2026-05-21_decklist,,2,Grixis Reanimator,Graveyard,MisterTwin,
2026-05-21,Modern,64,,challenge_C64_2026-05-21_decklist,,3,Broodscale Combo,Combo,mei0024,
2026-05-21,Modern,64,,challenge_C64_2026-05-21_decklist,,4,Boros Burn,Aggro,LaRougeMTG,
2026-05-21,Modern,64,,challenge_C64_2026-05-21_decklist,,5,Eldrazi Tron,Ramp,Odin2015,
2026-05-21,Modern,64,,challenge_C64_2026-05-21_decklist,,6,Boros Energy,Aggro,KelMasterP,
2026-05-21,Modern,64,,challenge_C64_2026-05-21_decklist,,7,Hammer Time,Combo,taldoitalo,
2026-05-21,Modern,64,,challenge_C64_2026-05-21_decklist,,8,Prowess,Aggro,HumblestRodent,
2026-05-21,Modern,64,,challenge_C64_2026-05-21_decklist,,9,Boros Energy,Aggro,VitoCorleone,
2026-05-21,Modern,64,,challenge_C64_2026-05-21_decklist,,10,Esper Blink,Blink,groot02,
2026-05-21,Modern,64,,challenge_C64_2026-05-21_decklist,,11,Boros Energy,Aggro,rastaf,
2026-05-21,Modern,64,,challenge_C64_2026-05-21_decklist,,12,Jeskai Blink,Midrange,Comrade1312,
2026-05-21,Modern,64,,challenge_C64_2026-05-21_decklist,,13,Esper Blink,Blink,Univerce,
2026-05-21,Modern,64,,challenge_C64_2026-05-21_decklist,,14,Crashing Footfalls,Combo,xfile,
2026-05-21,Modern,64,,challenge_C64_2026-05-21_decklist,,15,Azorius Control,Control,Koala40,
2026-05-21,Modern,64,,challenge_C64_2026-05-21_decklist,,16,Indomitable Creativity,Combo,Elfu,
2026-05-21,Modern,64,,challenge_C64_2026-05-21_decklist,,17,Grixis Reanimator,Graveyard,soggymeatball,
2026-05-21,Modern,64,,challenge_C64_2026-05-21_decklist,,18,Eldrazi Tron,Ramp,Scappie,
2026-05-21,Modern,64,,challenge_C64_2026-05-21_decklist,,19,Azorius Control,Control,zarbo,
2026-05-21,Modern,64,,challenge_C64_2026-05-21_decklist,,20,Azorius Control,Control,nahuel10,
2026-05-21,Modern,64,,challenge_C64_2026-05-21_decklist,,21,Broodscale Combo,Combo,makaaaa,
2026-05-21,Modern,64,,challenge_C64_2026-05-21_decklist,,22,Belcher,Combo,Xenowan,
2026-05-21,Modern,64,,challenge_C64_2026-05-21_decklist,,23,Amulet Titan,Combo,Mistakenn,
2026-05-21,Modern,64,,challenge_C64_2026-05-21_decklist,,24,WRG,Combo,DavidDaBridges,
2026-05-21,Modern,64,,challenge_C64_2026-05-21_decklist,,25,Dimir Midrange,Midrange,Masterbeardsman,
2026-05-21,Modern,64,,challenge_C64_2026-05-21_decklist,,26,Crashing Footfalls,Combo,_Falcon_,
2026-05-21,Modern,64,,challenge_C64_2026-05-21_decklist,,27,Boros Burn,Aggro,DemianDesposito10,
2026-05-21,Modern,64,,challenge_C64_2026-05-21_decklist,,28,Dimir Midrange,Midrange,Craig_Long123,
2026-05-21,Modern,64,,challenge_C64_2026-05-21_decklist,,29,Boros Energy,Aggro,romstek,
2026-05-21,Modern,64,,challenge_C64_2026-05-21_decklist,,30,Eldrazi Ramp,Ramp,Porks,
2026-05-21,Modern,64,,challenge_C64_2026-05-21_decklist,,31,Esper Blink,Blink,takeInitiative,
2026-05-21,Modern,64,,challenge_C64_2026-05-21_decklist,,32,Broodscale Combo,Combo,Ivo_06,
2026-05-22,Modern,64,,challenge_C64_2026-05-22_decklist,,1,Belcher,Combo,Xenowan,
2026-05-22,Modern,64,,challenge_C64_2026-05-22_decklist,,2,Yawgmoth,Midrange,ShikiXYZ,
2026-05-22,Modern,64,,challenge_C64_2026-05-22_decklist,,3,Goryo's Vengeance,Graveyard,Sifui,
2026-05-22,Modern,64,,challenge_C64_2026-05-22_decklist,,4,Ruby Storm,Combo,HisDudeness,
2026-05-22,Modern,64,,challenge_C64_2026-05-22_decklist,,5,Boros Energy,Aggro,Corkyboyy,
2026-05-22,Modern,64,,challenge_C64_2026-05-22_decklist,,6,Grixis Reanimator,Graveyard,JPA93,
2026-05-22,Modern,64,,challenge_C64_2026-05-22_decklist,,7,Azorius Control,Control,nahuel10,
2026-05-22,Modern,64,,challenge_C64_2026-05-22_decklist,,8,G,Ramp,Jsutas,
2026-05-22,Modern,64,,challenge_C64_2026-05-22_decklist,,9,Belcher,Combo,Walker735,
2026-05-22,Modern,64,,challenge_C64_2026-05-22_decklist,,10,Domain Zoo,Midrange,Apocalypso,
2026-05-22,Modern,64,,challenge_C64_2026-05-22_decklist,,11,Boros Burn,Aggro,DemianDesposito10,
2026-05-22,Modern,64,,challenge_C64_2026-05-22_decklist,,12,Boros Energy,Aggro,Bosseidon,
2026-05-22,Modern,64,,challenge_C64_2026-05-22_decklist,,13,Yawgmoth,Midrange,Barro,
2026-05-22,Modern,64,,challenge_C64_2026-05-22_decklist,,14,Boros Energy,Aggro,powered_by_VANYA,
2026-05-22,Modern,64,,challenge_C64_2026-05-22_decklist,,15,Living End,Graveyard,MeninoNey,
2026-05-22,Modern,64,,challenge_C64_2026-05-22_decklist,,16,Eldrazi Tron,Ramp,hermanomlg,
2026-05-22,Modern,64,,challenge_C64_2026-05-22_decklist,,17,Esper Blink,Blink,St1ffler,
2026-05-22,Modern,64,,challenge_C64_2026-05-22_decklist,,18,Crashing Footfalls,Combo,D00mwake,
2026-05-22,Modern,64,,challenge_C64_2026-05-22_decklist,,19,Grixis Reanimator,Graveyard,Capitano_CL,
2026-05-22,Modern,64,,challenge_C64_2026-05-22_decklist,,20,Affinity,Aggro,Danielpena397,
2026-05-22,Modern,64,,challenge_C64_2026-05-22_decklist,,21,Living End,Graveyard,Separatist,
2026-05-22,Modern,64,,challenge_C64_2026-05-22_decklist,,22,Eldrazi Tron,Ramp,Porks,
2026-05-22,Modern,64,,challenge_C64_2026-05-22_decklist,,23,Eldrazi Tron,Ramp,Jumba,
2026-05-22,Modern,64,,challenge_C64_2026-05-22_decklist,,24,Boros Energy,Aggro,Smigui,
2026-05-22,Modern,64,,challenge_C64_2026-05-22_decklist,,25,Eldrazi Tron,Ramp,bearland,
2026-05-22,Modern,64,,challenge_C64_2026-05-22_decklist,,26,Living End,Graveyard,AgentLion09,
2026-05-22,Modern,64,,challenge_C64_2026-05-22_decklist,,27,Orzhov Blink,Blink,McWinSauce,
2026-05-22,Modern,64,,challenge_C64_2026-05-22_decklist,,28,RG,Ramp,MacIsaac,
2026-05-22,Modern,64,,challenge_C64_2026-05-22_decklist,,29,Boros Energy,Aggro,rastaf,
2026-05-22,Modern,64,,challenge_C64_2026-05-22_decklist,,30,Broodscale Combo,Combo,makaaaa,
2026-05-22,Modern,64,,challenge_C64_2026-05-22_decklist,,31,Azorius Control,Control,GWT,
2026-05-22,Modern,64,,challenge_C64_2026-05-22_decklist,,32,Grixis Midrange,Midrange,JakeTMS,
2026-05-23,Modern,32,,challenge_C32_2026-05-23_decklist,,1,Azorius Control,Control,yriel,
2026-05-23,Modern,32,,challenge_C32_2026-05-23_decklist,,2,Affinity,Aggro,Arcbound_Papi,
2026-05-23,Modern,32,,challenge_C32_2026-05-23_decklist,,3,Bant Blink,Blink,VampireDiaries,
2026-05-23,Modern,32,,challenge_C32_2026-05-23_decklist,,4,Dimir Mill,Combo,BERNASTORRES,
2026-05-23,Modern,32,,challenge_C32_2026-05-23_decklist,,5,Belcher,Combo,Savior0117,
2026-05-23,Modern,32,,challenge_C32_2026-05-23_decklist,,6,Domain Zoo,Midrange,_Falcon_,
2026-05-23,Modern,32,,challenge_C32_2026-05-23_decklist,,7,Dimir Mill,Combo,xerioc,
2026-05-23,Modern,32,,challenge_C32_2026-05-23_decklist,,8,Prowess,Aggro,giraffesarentreal,
2026-05-23,Modern,32,,challenge_C32_2026-05-23_decklist,,9,Prowess,Aggro,LucasG1ggs,
2026-05-23,Modern,32,,challenge_C32_2026-05-23_decklist,,10,Boros Energy,Aggro,MystikHawk,
2026-05-23,Modern,32,,challenge_C32_2026-05-23_decklist,,11,Prowess,Aggro,SvenSveeterSven,
2026-05-23,Modern,32,,challenge_C32_2026-05-23_decklist,,12,Crashing Footfalls,Combo,katuo079595,
2026-05-23,Modern,32,,challenge_C32_2026-05-23_decklist,,13,Goryo's Vengeance,Graveyard,MikeEgan,
2026-05-23,Modern,32,,challenge_C32_2026-05-23_decklist,,14,Broodscale Combo,Combo,hauterho,
2026-05-23,Modern,32,,challenge_C32_2026-05-23_decklist,,15,Jeskai Energy,Aggro,ganache1127,
2026-05-23,Modern,32,,challenge_C32_2026-05-23_decklist,,16,Affinity,Aggro,Stealthmagician,
2026-05-23,Modern,32,,challenge_C32_2026-05-23_decklist,,17,Prowess,Aggro,Jacksonian26,
2026-05-23,Modern,32,,challenge_C32_2026-05-23_decklist,,18,Broodscale Combo,Combo,sultai4lyfe,
2026-05-23,Modern,32,,challenge_C32_2026-05-23_decklist,,19,BRG,Midrange,goron27,
2026-05-23,Modern,32,,challenge_C32_2026-05-23_decklist,,20,Affinity,Aggro,NJ5030,
2026-05-23,Modern,32,,challenge_C32_2026-05-23_decklist,,21,Boros Burn,Aggro,Ztenod,
2026-05-23,Modern,32,,challenge_C32_2026-05-23_decklist,,22,Goryo's Vengeance,Graveyard,BrandonVye,
2026-05-23,Modern,32,,challenge_C32_2026-05-23_decklist,,23,Azorius Blink,Blink,VTCLA,
2026-05-23,Modern,32,,challenge_C32_2026-05-23_decklist,,24,Belcher,Combo,OPaZZwiZard,
2026-05-23,Modern,32,,challenge_C32_2026-05-23_decklist,,25,Boros Energy,Aggro,powered_by_VANYA,
2026-05-23,Modern,32,,challenge_C32_2026-05-23_decklist,,26,Dimir Midrange,Midrange,Dubb,
2026-05-23,Modern,32,,challenge_C32_2026-05-23_decklist,,27,Affinity,Aggro,OctillionBees,
2026-05-23,Modern,32,,challenge_C32_2026-05-23_decklist,,28,Boros Burn,Aggro,DemianDesposito10,
2026-05-23,Modern,32,,challenge_C32_2026-05-23_decklist,,29,Orzhov Midrange,Midrange,UninspiredMehjagic,
2026-05-23,Modern,32,,challenge_C32_2026-05-23_decklist,,30,Boros Burn,Aggro,SFDK,
2026-05-23,Modern,32,,challenge_C32_2026-05-23_decklist,,31,4c Omnath,Midrange,Parrotlet,
2026-05-23,Modern,32,,challenge_C32_2026-05-23_decklist,,32,RG,Ramp,MacIsaac,
2026-05-23,Modern,64,,challenge_C64_2026-05-23_decklist,,1,G,Ramp,Denisevich,
2026-05-23,Modern,64,,challenge_C64_2026-05-23_decklist,,2,Mono-Black Midrange,Midrange,Selfeisek,
2026-05-23,Modern,64,,challenge_C64_2026-05-23_decklist,,3,Azorius Control,Control,flamedragons2,
2026-05-23,Modern,64,,challenge_C64_2026-05-23_decklist,,4,Azorius Control,Control,yriel,
2026-05-23,Modern,64,,challenge_C64_2026-05-23_decklist,,5,Esper Blink,Blink,Jedgi,
2026-05-23,Modern,64,,challenge_C64_2026-05-23_decklist,,6,Azorius Control,Control,GWT,
2026-05-23,Modern,64,,challenge_C64_2026-05-23_decklist,,7,Boros Energy,Aggro,jev_,
2026-05-23,Modern,64,,challenge_C64_2026-05-23_decklist,,8,Boros Burn,Aggro,xfile,
2026-05-23,Modern,64,,challenge_C64_2026-05-23_decklist,,9,Azorius Blink,Blink,dormitian,
2026-05-23,Modern,64,,challenge_C64_2026-05-23_decklist,,10,Domain Zoo,Midrange,Apocalypso,
2026-05-23,Modern,64,,challenge_C64_2026-05-23_decklist,,11,Boros Energy,Aggro,Nuserdog,
2026-05-23,Modern,64,,challenge_C64_2026-05-23_decklist,,12,Crashing Footfalls,Combo,MARZIANO,
2026-05-23,Modern,64,,challenge_C64_2026-05-23_decklist,,13,Grixis Reanimator,Graveyard,JuanmaAT,
2026-05-23,Modern,64,,challenge_C64_2026-05-23_decklist,,14,Living End,Graveyard,Lord_Beerus,
2026-05-23,Modern,64,,challenge_C64_2026-05-23_decklist,,15,Affinity,Aggro,Bugsy69,
2026-05-23,Modern,64,,challenge_C64_2026-05-23_decklist,,16,Boros Burn,Aggro,Danielpena397,
2026-05-23,Modern,64,,challenge_C64_2026-05-23_decklist,,17,Grixis Reanimator,Graveyard,J0hnWick,
2026-05-23,Modern,64,,challenge_C64_2026-05-23_decklist,,18,Dimir Midrange,Midrange,yulinl,
2026-05-23,Modern,64,,challenge_C64_2026-05-23_decklist,,19,Eldrazi Tron,Ramp,FrankEG_MTG,
2026-05-23,Modern,64,,challenge_C64_2026-05-23_decklist,,20,Domain Zoo,Midrange,ShadowTitan1,
2026-05-23,Modern,64,,challenge_C64_2026-05-23_decklist,,21,Boros Energy,Aggro,PredatorLLM,
2026-05-23,Modern,64,,challenge_C64_2026-05-23_decklist,,22,Domain Zoo,Midrange,GiestOfIWin,
2026-05-23,Modern,64,,challenge_C64_2026-05-23_decklist,,23,BRG,Midrange,Aldreen,
2026-05-23,Modern,64,,challenge_C64_2026-05-23_decklist,,24,Domain Zoo,Midrange,_Falcon_,
2026-05-23,Modern,64,,challenge_C64_2026-05-23_decklist,,25,Prowess,Aggro,HumblestRodent,
2026-05-23,Modern,64,,challenge_C64_2026-05-23_decklist,,26,Living End,Graveyard,Hravv,
2026-05-23,Modern,64,,challenge_C64_2026-05-23_decklist,,27,Affinity,Aggro,juanjo1313,
2026-05-23,Modern,64,,challenge_C64_2026-05-23_decklist,,28,Boros Energy,Aggro,topdollar,
2026-05-23,Modern,64,,challenge_C64_2026-05-23_decklist,,29,Belcher,Combo,Chaticus,
2026-05-23,Modern,64,,challenge_C64_2026-05-23_decklist,,30,Boros Energy,Aggro,TheColorOfBoom,
2026-05-23,Modern,64,,challenge_C64_2026-05-23_decklist,,31,WUB,Midrange,Terminus0,
2026-05-23,Modern,64,,challenge_C64_2026-05-23_decklist,,32,Dimir Midrange,Midrange,Craig_Long123,
2026-05-24,Modern,32,,challenge_C32_2026-05-24_decklist,,1,Affinity,Aggro,Bugsy69,
2026-05-24,Modern,32,,challenge_C32_2026-05-24_decklist,,2,Domain Zoo,Midrange,mendyourheart,
2026-05-24,Modern,32,,challenge_C32_2026-05-24_decklist,,3,Boros Burn,Aggro,xfile,
2026-05-24,Modern,32,,challenge_C32_2026-05-24_decklist,,4,Belcher,Combo,magicgatheringbigfan,
2026-05-24,Modern,32,,challenge_C32_2026-05-24_decklist,,5,Esper Blink,Blink,Barneygumbal,
2026-05-24,Modern,32,,challenge_C32_2026-05-24_decklist,,6,Affinity,Aggro,CORESET_OMEGALUL,
2026-05-24,Modern,32,,challenge_C32_2026-05-24_decklist,,7,Affinity,Aggro,Stealthmagician,
2026-05-24,Modern,32,,challenge_C32_2026-05-24_decklist,,8,Azorius Control,Control,Bigatti,
2026-05-24,Modern,32,,challenge_C32_2026-05-24_decklist,,9,Belcher,Combo,OPaZZwiZard,
2026-05-24,Modern,32,,challenge_C32_2026-05-24_decklist,,10,Living End,Graveyard,Sunbird17,
2026-05-24,Modern,32,,challenge_C32_2026-05-24_decklist,,11,Belcher,Combo,Savior0117,
2026-05-24,Modern,32,,challenge_C32_2026-05-24_decklist,,12,Jeskai Energy,Aggro,Linden_43,
2026-05-24,Modern,32,,challenge_C32_2026-05-24_decklist,,13,Ruby Storm,Combo,BERNASTORRES,
2026-05-24,Modern,32,,challenge_C32_2026-05-24_decklist,,14,Prowess,Aggro,eggybenny,
2026-05-24,Modern,32,,challenge_C32_2026-05-24_decklist,,15,Affinity,Aggro,The-Magic-Mana,
2026-05-24,Modern,32,,challenge_C32_2026-05-24_decklist,,16,Affinity,Aggro,Arcbound_Papi,
2026-05-24,Modern,32,,challenge_C32_2026-05-24_decklist,,17,Broodscale Combo,Combo,triosk,
2026-05-24,Modern,32,,challenge_C32_2026-05-24_decklist,,18,Affinity,Aggro,DemianDesposito10,
2026-05-24,Modern,32,,challenge_C32_2026-05-24_decklist,,19,Belcher,Combo,Chaticus,
2026-05-24,Modern,32,,challenge_C32_2026-05-24_decklist,,20,Azorius Control,Control,bless_von,
2026-05-24,Modern,32,,challenge_C32_2026-05-24_decklist,,21,Amulet Titan,Combo,ChefOW,
2026-05-24,Modern,32,,challenge_C32_2026-05-24_decklist,,22,Crashing Footfalls,Combo,adebevoise,
2026-05-24,Modern,32,,challenge_C32_2026-05-24_decklist,,23,Esper Midrange,Midrange,TomCairns,
2026-05-24,Modern,32,,challenge_C32_2026-05-24_decklist,,24,Eldrazi Tron,Ramp,IanHoff,
2026-05-24,Modern,32,,challenge_C32_2026-05-24_decklist,,25,Jeskai Control,Control,zturchan,
2026-05-24,Modern,32,,challenge_C32_2026-05-24_decklist,,26,Grixis Reanimator,Graveyard,felider,
2026-05-24,Modern,32,,challenge_C32_2026-05-24_decklist,,27,BRG,Midrange,crazybaloth,
2026-05-24,Modern,32,,challenge_C32_2026-05-24_decklist,,28,Goryo's Vengeance,Graveyard,Trewest,
2026-05-24,Modern,32,,challenge_C32_2026-05-24_decklist,,29,Broodscale Combo,Combo,HelpfulHobo,
2026-05-24,Modern,32,,challenge_C32_2026-05-24_decklist,,30,Indomitable Creativity,Combo,SafetyHazard,
2026-05-24,Modern,32,,challenge_C32_2026-05-24_decklist,,31,Dimir Midrange,Midrange,DrewEldon,
2026-05-24,Modern,32,,challenge_C32_2026-05-24_decklist,,32,Grixis Reanimator,Graveyard,drcoffee,
2026-05-25,Modern,32,,challenge_C32_2026-05-25_decklist,,1,Broodscale Combo,Combo,Azja,
2026-05-25,Modern,32,,challenge_C32_2026-05-25_decklist,,2,Azorius Control,Control,nahuel10,
2026-05-25,Modern,32,,challenge_C32_2026-05-25_decklist,,3,Yawgmoth,Midrange,MacIsaac,
2026-05-25,Modern,32,,challenge_C32_2026-05-25_decklist,,4,Boros Burn,Aggro,kaikas,
2026-05-25,Modern,32,,challenge_C32_2026-05-25_decklist,,5,Prowess,Aggro,tigress,
2026-05-25,Modern,32,,challenge_C32_2026-05-25_decklist,,6,Belcher,Combo,E90_DeliveryBoy,
2026-05-25,Modern,32,,challenge_C32_2026-05-25_decklist,,7,Broodscale Combo,Combo,sultai4lyfe,
2026-05-25,Modern,32,,challenge_C32_2026-05-25_decklist,,8,Crashing Footfalls,Combo,pickaxe,
2026-05-25,Modern,32,,challenge_C32_2026-05-25_decklist,,9,Azorius Control,Control,Goomy_,
2026-05-25,Modern,32,,challenge_C32_2026-05-25_decklist,,10,Azorius Control,Control,Chemist1234,
2026-05-25,Modern,32,,challenge_C32_2026-05-25_decklist,,11,Eldrazi Tron,Ramp,Wagadel,
2026-05-25,Modern,32,,challenge_C32_2026-05-25_decklist,,12,Affinity,Aggro,sidisi,
2026-05-25,Modern,32,,challenge_C32_2026-05-25_decklist,,13,Eldrazi Tron,Ramp,NerdDadChad,
2026-05-25,Modern,32,,challenge_C32_2026-05-25_decklist,,14,Ruby Storm,Combo,magikal_juggalo,
2026-05-25,Modern,32,,challenge_C32_2026-05-25_decklist,,15,Affinity,Aggro,rastaf,
2026-05-25,Modern,32,,challenge_C32_2026-05-25_decklist,,16,Tron,Ramp,sicsmoo,
2026-05-25,Modern,32,,challenge_C32_2026-05-25_decklist,,17,Eldrazi Tron,Ramp,Devoured,
2026-05-25,Modern,32,,challenge_C32_2026-05-25_decklist,,18,Affinity,Aggro,Arcbound_Papi,
2026-05-25,Modern,32,,challenge_C32_2026-05-25_decklist,,19,Azorius Blink,Blink,Kummins11,
2026-05-25,Modern,32,,challenge_C32_2026-05-25_decklist,,20,Affinity,Aggro,xfile,
2026-05-25,Modern,32,,challenge_C32_2026-05-25_decklist,,21,Grixis Death's Shadow,Aggro,oOMegaGenesis,
2026-05-25,Modern,32,,challenge_C32_2026-05-25_decklist,,22,Crashing Footfalls,Combo,Game_Night,
2026-05-25,Modern,32,,challenge_C32_2026-05-25_decklist,,23,Yawgmoth,Midrange,Moorehardcore,
2026-05-25,Modern,32,,challenge_C32_2026-05-25_decklist,,24,Eldrazi Tron,Ramp,Scappie,
2026-05-25,Modern,32,,challenge_C32_2026-05-25_decklist,,25,Prowess,Aggro,DidSomeoneJustSayBod,
2026-05-25,Modern,32,,challenge_C32_2026-05-25_decklist,,26,Esper Blink,Blink,Crawdaddy23,
2026-05-25,Modern,32,,challenge_C32_2026-05-25_decklist,,27,Jeskai Control,Control,zturchan,
2026-05-25,Modern,32,,challenge_C32_2026-05-25_decklist,,28,Dimir Midrange,Midrange,Masterbeardsman,
2026-05-25,Modern,32,,challenge_C32_2026-05-25_decklist,,29,Ruby Storm,Combo,VTCLA,
2026-05-25,Modern,32,,challenge_C32_2026-05-25_decklist,,30,Crashing Footfalls,Combo,Hawkfrost000,
2026-05-25,Modern,32,,challenge_C32_2026-05-25_decklist,,31,Living End,Graveyard,ETBJezus,
2026-05-25,Modern,32,,challenge_C32_2026-05-25_decklist,,32,Boros Burn,Aggro,N0000000B,
2026-05-25,Modern,64,,challenge_C64_2026-05-25_decklist,,1,Sultai Ritual,Midrange,Ardonas,
2026-05-25,Modern,64,,challenge_C64_2026-05-25_decklist,,2,Boros Energy,Aggro,MayoDominaria,
2026-05-25,Modern,64,,challenge_C64_2026-05-25_decklist,,3,Azorius Control,Control,Capitano_CL,
2026-05-25,Modern,64,,challenge_C64_2026-05-25_decklist,,4,Goryo's Vengeance,Graveyard,Rvng,
2026-05-25,Modern,64,,challenge_C64_2026-05-25_decklist,,5,G,Ramp,aspiringspike,
2026-05-25,Modern,64,,challenge_C64_2026-05-25_decklist,,6,G,Ramp,handaqi,
2026-05-25,Modern,64,,challenge_C64_2026-05-25_decklist,,7,Crashing Footfalls,Combo,MARZIANO,
2026-05-25,Modern,64,,challenge_C64_2026-05-25_decklist,,8,Boros Energy,Aggro,DcNo,
2026-05-25,Modern,64,,challenge_C64_2026-05-25_decklist,,9,Eldrazi Tron,Ramp,Scappie,
2026-05-25,Modern,64,,challenge_C64_2026-05-25_decklist,,10,Crashing Footfalls,Combo,Arca_de_Karn,
2026-05-25,Modern,64,,challenge_C64_2026-05-25_decklist,,11,Land Destruction,Control,KelMasterP,
2026-05-25,Modern,64,,challenge_C64_2026-05-25_decklist,,12,Goryo's Vengeance,Graveyard,Walker735,
2026-05-25,Modern,64,,challenge_C64_2026-05-25_decklist,,13,Dimir Midrange,Midrange,Masterbeardsman,
2026-05-25,Modern,64,,challenge_C64_2026-05-25_decklist,,14,Mono-Black Midrange,Midrange,Selfeisek,
2026-05-25,Modern,64,,challenge_C64_2026-05-25_decklist,,15,Eldrazi Tron,Ramp,e0068,
2026-05-25,Modern,64,,challenge_C64_2026-05-25_decklist,,16,Affinity,Aggro,xfile,
2026-05-25,Modern,64,,challenge_C64_2026-05-25_decklist,,17,Grixis Reanimator,Graveyard,justAlice,
2026-05-25,Modern,64,,challenge_C64_2026-05-25_decklist,,18,R,Aggro,PulpSlayer,
2026-05-25,Modern,64,,challenge_C64_2026-05-25_decklist,,19,Boros Burn,Aggro,Chonado30,
2026-05-25,Modern,64,,challenge_C64_2026-05-25_decklist,,20,Affinity,Aggro,sioutis_kk,
2026-05-25,Modern,64,,challenge_C64_2026-05-25_decklist,,21,Amulet Titan,Combo,SpecterTurtle,
2026-05-25,Modern,64,,challenge_C64_2026-05-25_decklist,,22,Ruby Storm,Combo,magikal_juggalo,
2026-05-25,Modern,64,,challenge_C64_2026-05-25_decklist,,23,Azorius Control,Control,yriel,
2026-05-25,Modern,64,,challenge_C64_2026-05-25_decklist,,24,Amulet Titan,Combo,DFrank,
2026-05-25,Modern,64,,challenge_C64_2026-05-25_decklist,,25,Azorius Control,Control,Mikol_,
2026-05-25,Modern,64,,challenge_C64_2026-05-25_decklist,,26,Eldrazi Ramp,Ramp,sgcyrus,
2026-05-25,Modern,64,,challenge_C64_2026-05-25_decklist,,27,Devoted Combo,Combo,NathanOfTheGiltLeaf,
2026-05-25,Modern,64,,challenge_C64_2026-05-25_decklist,,28,Simic Midrange,Midrange,OctillionBees,
2026-05-25,Modern,64,,challenge_C64_2026-05-25_decklist,,29,Prowess,Aggro,_theMoonSage_,
2026-05-25,Modern,64,,challenge_C64_2026-05-25_decklist,,30,Sultai Ritual,Midrange,frodomochas,
2026-05-25,Modern,64,,challenge_C64_2026-05-25_decklist,,31,Crashing Footfalls,Combo,Dingo34,
2026-05-25,Modern,64,,challenge_C64_2026-05-25_decklist,,32,Land Destruction,Control,Alondite,
2026-05-26,Modern,64,,challenge_C64_2026-05-26_decklist,,1,Grixis Reanimator,Graveyard,i_b_TRUE,
2026-05-26,Modern,64,,challenge_C64_2026-05-26_decklist,,2,Broodscale Combo,Combo,NashEquilibrium1950,
2026-05-26,Modern,64,,challenge_C64_2026-05-26_decklist,,3,Grixis Reanimator,Graveyard,justAlice,
2026-05-26,Modern,64,,challenge_C64_2026-05-26_decklist,,4,Boros Energy,Aggro,aBlueRaven,
2026-05-26,Modern,64,,challenge_C64_2026-05-26_decklist,,5,4C Energy,Aggro,selesneal,
2026-05-26,Modern,64,,challenge_C64_2026-05-26_decklist,,6,Goryo's Vengeance,Graveyard,Kollslaw,
2026-05-26,Modern,64,,challenge_C64_2026-05-26_decklist,,7,Boros Energy,Aggro,daxerz,
2026-05-26,Modern,64,,challenge_C64_2026-05-26_decklist,,8,Yawgmoth,Midrange,DylanGregory,
2026-05-26,Modern,64,,challenge_C64_2026-05-26_decklist,,9,Broodscale Combo,Combo,karatedom,
2026-05-26,Modern,64,,challenge_C64_2026-05-26_decklist,,10,Boros Energy,Aggro,Wesleke27,
2026-05-26,Modern,64,,challenge_C64_2026-05-26_decklist,,11,Affinity,Aggro,duke12,
2026-05-26,Modern,64,,challenge_C64_2026-05-26_decklist,,12,Esper Blink,Blink,McWinSauce,
2026-05-26,Modern,64,,challenge_C64_2026-05-26_decklist,,13,Yawgmoth,Midrange,ShikiXYZ,
2026-05-26,Modern,64,,challenge_C64_2026-05-26_decklist,,14,Affinity,Aggro,NJ5030,
2026-05-26,Modern,64,,challenge_C64_2026-05-26_decklist,,15,Boros Burn,Aggro,Sparky165,
2026-05-26,Modern,64,,challenge_C64_2026-05-26_decklist,,16,Esper Blink,Blink,Omegauo,
2026-05-26,Modern,64,,challenge_C64_2026-05-26_decklist,,17,Boros Burn,Aggro,MisterTwin,
2026-05-26,Modern,64,,challenge_C64_2026-05-26_decklist,,18,Amulet Titan,Combo,HouseOfManaMTG,
2026-05-26,Modern,64,,challenge_C64_2026-05-26_decklist,,19,Broodscale Combo,Combo,Martin_Dominguez,
2026-05-26,Modern,64,,challenge_C64_2026-05-26_decklist,,20,Crashing Footfalls,Combo,Richie727,
2026-05-26,Modern,64,,challenge_C64_2026-05-26_decklist,,21,Boros Energy,Aggro,tapjoshfor2,
2026-05-26,Modern,64,,challenge_C64_2026-05-26_decklist,,22,Eldrazi Tron,Ramp,mahou_54331,
2026-05-26,Modern,64,,challenge_C64_2026-05-26_decklist,,23,Boros Energy,Aggro,jvidarte,
2026-05-26,Modern,64,,challenge_C64_2026-05-26_decklist,,24,Jeskai Blink,Blink,RNicoF,
2026-05-26,Modern,64,,challenge_C64_2026-05-26_decklist,,25,Grixis Reanimator,Graveyard,Sprouts,
2026-05-26,Modern,64,,challenge_C64_2026-05-26_decklist,,26,Indomitable Creativity,Combo,SafetyHazard,
2026-05-26,Modern,64,,challenge_C64_2026-05-26_decklist,,27,Land Destruction,Control,Xenowan,
2026-05-26,Modern,64,,challenge_C64_2026-05-26_decklist,,28,RG,Ramp,MacIsaac,
2026-05-26,Modern,64,,challenge_C64_2026-05-26_decklist,,29,Domain Zoo,Midrange,mendyourheart,
2026-05-26,Modern,64,,challenge_C64_2026-05-26_decklist,,30,Affinity,Aggro,bananadisaster,
2026-05-26,Modern,64,,challenge_C64_2026-05-26_decklist,,31,Boros Energy,Aggro,krixtijan,
2026-05-26,Modern,64,,challenge_C64_2026-05-26_decklist,,32,Broodscale Combo,Combo,gazmon48,
2026-05-27,Modern,64,,challenge_C64_2026-05-27_decklist,,1,Belcher,Combo,GregorV,
2026-05-27,Modern,64,,challenge_C64_2026-05-27_decklist,,2,Boros Energy,Aggro,ShadowTitan1,
2026-05-27,Modern,64,,challenge_C64_2026-05-27_decklist,,3,Boros Energy,Aggro,Rashek,
2026-05-27,Modern,64,,challenge_C64_2026-05-27_decklist,,4,Ruby Storm,Combo,hugofreitas1,
2026-05-27,Modern,64,,challenge_C64_2026-05-27_decklist,,5,Mardu Energy,Aggro,Johnny_Hobbs,
2026-05-27,Modern,64,,challenge_C64_2026-05-27_decklist,,6,Affinity,Aggro,rastaf,
2026-05-27,Modern,64,,challenge_C64_2026-05-27_decklist,,7,Grixis Reanimator,Graveyard,pottinkx,
2026-05-27,Modern,64,,challenge_C64_2026-05-27_decklist,,8,Jeskai Blink,Blink,Slyvester3,
2026-05-27,Modern,64,,challenge_C64_2026-05-27_decklist,,9,Grixis Reanimator,Graveyard,Golgarburr,
2026-05-27,Modern,64,,challenge_C64_2026-05-27_decklist,,10,Amulet Titan,Combo,Mistakenn,
2026-05-27,Modern,64,,challenge_C64_2026-05-27_decklist,,11,Broodscale Combo,Combo,Martin_Dominguez,
2026-05-27,Modern,64,,challenge_C64_2026-05-27_decklist,,12,Boros Energy,Aggro,Navigator_2505,
2026-05-27,Modern,64,,challenge_C64_2026-05-27_decklist,,13,Broodscale Combo,Combo,haveaboavida,
2026-05-27,Modern,64,,challenge_C64_2026-05-27_decklist,,14,Goryo's Vengeance,Graveyard,Phryziel,
2026-05-27,Modern,64,,challenge_C64_2026-05-27_decklist,,15,Boros Energy,Aggro,MayoDominaria,
2026-05-27,Modern,64,,challenge_C64_2026-05-27_decklist,,16,Prowess,Aggro,Xsper,
2026-05-27,Modern,64,,challenge_C64_2026-05-27_decklist,,17,Sultai Ritual,Midrange,Galathehutt,
2026-05-27,Modern,64,,challenge_C64_2026-05-27_decklist,,18,Mono-Black Midrange,Midrange,Craig_Long123,
2026-05-27,Modern,64,,challenge_C64_2026-05-27_decklist,,19,Boros Burn,Aggro,Tobizzle83,
2026-05-27,Modern,64,,challenge_C64_2026-05-27_decklist,,20,Prowess,Aggro,Siniture,
2026-05-27,Modern,64,,challenge_C64_2026-05-27_decklist,,21,Eldrazi Tron,Ramp,Malox11,
2026-05-27,Modern,64,,challenge_C64_2026-05-27_decklist,,22,Boros Energy,Aggro,Giacomellus7,
2026-05-27,Modern,64,,challenge_C64_2026-05-27_decklist,,23,Boros Energy,Aggro,DcNo,
2026-05-27,Modern,64,,challenge_C64_2026-05-27_decklist,,24,Prowess,Aggro,Ch3nnn,
2026-05-27,Modern,64,,challenge_C64_2026-05-27_decklist,,25,Eldrazi Tron,Ramp,Jumba,
2026-05-27,Modern,64,,challenge_C64_2026-05-27_decklist,,26,Yawgmoth,Midrange,ShikiXYZ,
2026-05-27,Modern,64,,challenge_C64_2026-05-27_decklist,,27,Eldrazi Tron,Ramp,Scappie,
2026-05-27,Modern,64,,challenge_C64_2026-05-27_decklist,,28,Affinity,Aggro,Greenbeing,
2026-05-27,Modern,64,,challenge_C64_2026-05-27_decklist,,29,Goryo's Vengeance,Graveyard,MAFS,
2026-05-27,Modern,64,,challenge_C64_2026-05-27_decklist,,30,Broodscale Combo,Combo,Elitism,
2026-05-27,Modern,64,,challenge_C64_2026-05-27_decklist,,31,Belcher,Combo,AeonLock,
2026-05-27,Modern,64,,challenge_C64_2026-05-27_decklist,,32,Izzet Phoenix,Aggro,RagingTiltMonster,
2026-05-28,Modern,64,,challenge_C64_2026-05-28_decklist,,1,Affinity,Aggro,Souze6,
2026-05-28,Modern,64,,challenge_C64_2026-05-28_decklist,,2,Belcher,Combo,magicgatheringbigfan,
2026-05-28,Modern,64,,challenge_C64_2026-05-28_decklist,,3,Ruby Storm,Combo,hugofreitas1,
2026-05-28,Modern,64,,challenge_C64_2026-05-28_decklist,,4,Broodscale Combo,Combo,KelMasterP,
2026-05-28,Modern,64,,challenge_C64_2026-05-28_decklist,,5,Goryo's Vengeance,Graveyard,NuBlkAu,
2026-05-28,Modern,64,,challenge_C64_2026-05-28_decklist,,6,Domain Zoo,Midrange,Pleyboy,
2026-05-28,Modern,64,,challenge_C64_2026-05-28_decklist,,7,Broodscale Combo,Combo,SanPop,
2026-05-28,Modern,64,,challenge_C64_2026-05-28_decklist,,8,Selesnya Blink,Blink,VampireDiaries,
2026-05-28,Modern,64,,challenge_C64_2026-05-28_decklist,,9,Rakdos Aggro,Aggro,Bawer,
2026-05-28,Modern,64,,challenge_C64_2026-05-28_decklist,,10,Land Destruction,Control,Kritik,
2026-05-28,Modern,64,,challenge_C64_2026-05-28_decklist,,11,Yawgmoth,Midrange,MacIsaac,
2026-05-28,Modern,64,,challenge_C64_2026-05-28_decklist,,12,Azorius Blink,Blink,Takayama,
2026-05-28,Modern,64,,challenge_C64_2026-05-28_decklist,,13,Living End,Graveyard,DrPP,
2026-05-28,Modern,64,,challenge_C64_2026-05-28_decklist,,14,Land Destruction,Control,Xenowan,
2026-05-28,Modern,64,,challenge_C64_2026-05-28_decklist,,15,G,Ramp,ls149950,
2026-05-28,Modern,64,,challenge_C64_2026-05-28_decklist,,16,Prowess,Aggro,Nicopanico,
2026-05-28,Modern,64,,challenge_C64_2026-05-28_decklist,,17,Azorius Blink,Blink,none_mtg,
2026-05-28,Modern,64,,challenge_C64_2026-05-28_decklist,,18,Grixis Reanimator,Graveyard,pottinkx,
2026-05-28,Modern,64,,challenge_C64_2026-05-28_decklist,,19,Eldrazi Tron,Ramp,Jumba,
2026-05-28,Modern,64,,challenge_C64_2026-05-28_decklist,,20,Broodscale Combo,Combo,Tinker_deck,
2026-05-28,Modern,64,,challenge_C64_2026-05-28_decklist,,21,Living End,Graveyard,Galathehutt,
2026-05-28,Modern,64,,challenge_C64_2026-05-28_decklist,,22,Broodscale Combo,Combo,Martin_Dominguez,
2026-05-28,Modern,64,,challenge_C64_2026-05-28_decklist,,23,Ruby Storm,Combo,Tyerube1618,
2026-05-28,Modern,64,,challenge_C64_2026-05-28_decklist,,24,Boros Energy,Aggro,aarrgh,
2026-05-28,Modern,64,,challenge_C64_2026-05-28_decklist,,25,Eldrazi Tron,Ramp,bearland,
2026-05-28,Modern,64,,challenge_C64_2026-05-28_decklist,,26,Affinity,Aggro,ice_nine_BIGFAN,
2026-05-28,Modern,64,,challenge_C64_2026-05-28_decklist,,27,Jeskai Energy,Aggro,McWinSauce,
2026-05-28,Modern,64,,challenge_C64_2026-05-28_decklist,,28,Mono-Black Midrange,Midrange,Selfeisek,
2026-05-28,Modern,64,,challenge_C64_2026-05-28_decklist,,29,Azorius Control,Control,echecetmat35,
2026-05-28,Modern,64,,challenge_C64_2026-05-28_decklist,,30,Affinity,Aggro,NJ5030,
2026-05-28,Modern,64,,challenge_C64_2026-05-28_decklist,,31,Grixis Reanimator,Graveyard,Kvothe_De_Arrascaeta,
2026-05-28,Modern,64,,challenge_C64_2026-05-28_decklist,,32,Affinity,Aggro,rastaf,
2026-05-29,Modern,64,,challenge_C64_2026-05-29_decklist,,1,Amulet Titan,Combo,DFrank,
2026-05-29,Modern,64,,challenge_C64_2026-05-29_decklist,,2,Eldrazi Tron,Ramp,Jacro,
2026-05-29,Modern,64,,challenge_C64_2026-05-29_decklist,,3,The Rock,Midrange,ShzockChan,
2026-05-29,Modern,64,,challenge_C64_2026-05-29_decklist,,4,Grixis Reanimator,Graveyard,Apeliotes,
2026-05-29,Modern,64,,challenge_C64_2026-05-29_decklist,,5,Land Destruction,Control,Xenowan,
2026-05-29,Modern,64,,challenge_C64_2026-05-29_decklist,,6,Prowess,Aggro,hugeowl,
2026-05-29,Modern,64,,challenge_C64_2026-05-29_decklist,,7,Merfolk,Aggro,Mooshack,
2026-05-29,Modern,64,,challenge_C64_2026-05-29_decklist,,8,Affinity,Aggro,rastaf,
2026-05-29,Modern,64,,challenge_C64_2026-05-29_decklist,,9,Amulet Titan,Combo,Mistakenn,
2026-05-29,Modern,64,,challenge_C64_2026-05-29_decklist,,10,Goryo's Vengeance,Graveyard,MAFS,
2026-05-29,Modern,64,,challenge_C64_2026-05-29_decklist,,11,Prowess,Aggro,Edel,
2026-05-29,Modern,64,,challenge_C64_2026-05-29_decklist,,12,Grixis Reanimator,Graveyard,Kvothe_De_Arrascaeta,
2026-05-29,Modern,64,,challenge_C64_2026-05-29_decklist,,13,Hammer Time,Combo,DeepDisherino,
2026-05-29,Modern,64,,challenge_C64_2026-05-29_decklist,,14,Living End,Graveyard,MeninooNey,
2026-05-29,Modern,64,,challenge_C64_2026-05-29_decklist,,15,Ruby Storm,Combo,hugofreitas1,
2026-05-29,Modern,64,,challenge_C64_2026-05-29_decklist,,16,Broodscale Combo,Combo,Junkmener,
2026-05-29,Modern,64,,challenge_C64_2026-05-29_decklist,,17,Boros Energy,Aggro,Cool_Wave,
2026-05-29,Modern,64,,challenge_C64_2026-05-29_decklist,,18,Domain Zoo,Midrange,Apocalypso,
2026-05-29,Modern,64,,challenge_C64_2026-05-29_decklist,,19,Belcher,Combo,Walker735,
2026-05-29,Modern,64,,challenge_C64_2026-05-29_decklist,,20,Goryo's Vengeance,Graveyard,Porks,
2026-05-29,Modern,64,,challenge_C64_2026-05-29_decklist,,21,G,Ramp,Galathehutt,
2026-05-29,Modern,64,,challenge_C64_2026-05-29_decklist,,22,Belcher,Combo,magicgatheringbigfan,
2026-05-29,Modern,64,,challenge_C64_2026-05-29_decklist,,23,Broodscale Combo,Combo,Isael,
2026-05-29,Modern,64,,challenge_C64_2026-05-29_decklist,,24,R,Aggro,PulpSlayer,
2026-05-29,Modern,64,,challenge_C64_2026-05-29_decklist,,25,Living End,Graveyard,klien7,
2026-05-29,Modern,64,,challenge_C64_2026-05-29_decklist,,26,Grixis Reanimator,Graveyard,-=Alfa=-,
2026-05-29,Modern,64,,challenge_C64_2026-05-29_decklist,,27,Prowess,Aggro,VTCLA,
2026-05-29,Modern,64,,challenge_C64_2026-05-29_decklist,,28,G,Ramp,NoFunPolice,
2026-05-29,Modern,64,,challenge_C64_2026-05-29_decklist,,29,Azorius Control,Control,Capitano_CL,
2026-05-29,Modern,64,,challenge_C64_2026-05-29_decklist,,30,Affinity,Aggro,Danielpena397,
2026-05-29,Modern,64,,challenge_C64_2026-05-29_decklist,,31,Broodscale Combo,Combo,peter780108,
2026-05-29,Modern,64,,challenge_C64_2026-05-29_decklist,,32,Domain Zoo,Midrange,_Falcon_,
2026-05-30,Modern,32,,challenge_C32_2026-05-30_decklist,,1,Azorius Control,Control,Bigatti,
2026-05-30,Modern,32,,challenge_C32_2026-05-30_decklist,,2,Broodscale Combo,Combo,HelpfulHobo,
2026-05-30,Modern,32,,challenge_C32_2026-05-30_decklist,,3,Mardu Energy,Aggro,cigarettesaftershrek,
2026-05-30,Modern,32,,challenge_C32_2026-05-30_decklist,,4,Prowess,Aggro,EthanBird,
2026-05-30,Modern,32,,challenge_C32_2026-05-30_decklist,,5,Prowess,Aggro,tigress,
2026-05-30,Modern,32,,challenge_C32_2026-05-30_decklist,,6,Amulet Titan,Combo,Epreez,
2026-05-30,Modern,32,,challenge_C32_2026-05-30_decklist,,7,Eldrazi Ramp,Ramp,Squiggy686,
2026-05-30,Modern,32,,challenge_C32_2026-05-30_decklist,,8,Land Destruction,Control,TerminalJustice,
2026-05-30,Modern,32,,challenge_C32_2026-05-30_decklist,,9,Mardu Energy,Aggro,TheSchnook,
2026-05-30,Modern,32,,challenge_C32_2026-05-30_decklist,,10,Prowess,Aggro,gazmon48,
2026-05-30,Modern,32,,challenge_C32_2026-05-30_decklist,,11,Crashing Footfalls,Combo,AnthoTrep,
2026-05-30,Modern,32,,challenge_C32_2026-05-30_decklist,,12,Affinity,Aggro,xfile,
2026-05-30,Modern,32,,challenge_C32_2026-05-30_decklist,,13,Yawgmoth,Midrange,Mogg_Flunkies,
2026-05-30,Modern,32,,challenge_C32_2026-05-30_decklist,,14,Amulet Titan,Combo,Mistakenn,
2026-05-30,Modern,32,,challenge_C32_2026-05-30_decklist,,15,Boros Energy,Aggro,_Batutinha_,
2026-05-30,Modern,32,,challenge_C32_2026-05-30_decklist,,16,Azorius Control,Control,C_S_W____,
2026-05-30,Modern,32,,challenge_C32_2026-05-30_decklist,,17,Crashing Footfalls,Combo,YAK9k,
2026-05-30,Modern,32,,challenge_C32_2026-05-30_decklist,,18,Esper Blink,Blink,Pnutz47,
2026-05-30,Modern,32,,challenge_C32_2026-05-30_decklist,,19,Broodscale Combo,Combo,sultai4lyfe,
2026-05-30,Modern,32,,challenge_C32_2026-05-30_decklist,,20,Selesnya Blink,Blink,VampireDiaries,
2026-05-30,Modern,32,,challenge_C32_2026-05-30_decklist,,21,Grixis Reanimator,Graveyard,zturchan,
2026-05-30,Modern,32,,challenge_C32_2026-05-30_decklist,,22,Affinity,Aggro,Arcbound_Papi,
2026-05-30,Modern,32,,challenge_C32_2026-05-30_decklist,,23,Prowess,Aggro,E_Kaminuma,
2026-05-30,Modern,32,,challenge_C32_2026-05-30_decklist,,24,Burn,Aggro,DemianDesposito10,
2026-05-30,Modern,32,,challenge_C32_2026-05-30_decklist,,25,Affinity,Aggro,RUBAO_oDonoDoMundo,
2026-05-30,Modern,32,,challenge_C32_2026-05-30_decklist,,26,Prowess,Aggro,MDSoccer35,
2026-05-30,Modern,32,,challenge_C32_2026-05-30_decklist,,27,Boros Energy,Aggro,lillo6,
2026-05-30,Modern,32,,challenge_C32_2026-05-30_decklist,,28,Yawgmoth,Midrange,TheMeatMan,
2026-05-30,Modern,32,,challenge_C32_2026-05-30_decklist,,29,Esper Blink,Blink,GigaChadSigmaMale,
2026-05-30,Modern,32,,challenge_C32_2026-05-30_decklist,,30,Eldrazi Tron,Ramp,Tamarindo,
2026-05-30,Modern,32,,challenge_C32_2026-05-30_decklist,,31,Boros Energy,Aggro,hauterho,
2026-05-30,Modern,32,,challenge_C32_2026-05-30_decklist,,32,Belcher,Combo,Ztenod,
2026-05-30,Modern,64,,challenge_C64_2026-05-30_decklist,,1,BRG,Midrange,Aldreen,
2026-05-30,Modern,64,,challenge_C64_2026-05-30_decklist,,2,Grixis Reanimator,Graveyard,JPA93,
2026-05-30,Modern,64,,challenge_C64_2026-05-30_decklist,,3,G,Ramp,TheTaxCollector,
2026-05-30,Modern,64,,challenge_C64_2026-05-30_decklist,,4,Eldrazi Tron,Ramp,mhc2cd40,
2026-05-30,Modern,64,,challenge_C64_2026-05-30_decklist,,5,Mardu Energy,Aggro,Johnny_Hobbs,
2026-05-30,Modern,64,,challenge_C64_2026-05-30_decklist,,6,Broodscale Combo,Combo,LucasG1ggs,
2026-05-30,Modern,64,,challenge_C64_2026-05-30_decklist,,7,Broodscale Combo,Combo,SanPop,
2026-05-30,Modern,64,,challenge_C64_2026-05-30_decklist,,8,Belcher,Combo,Ztenod,
2026-05-30,Modern,64,,challenge_C64_2026-05-30_decklist,,9,Affinity,Aggro,DarksteelWelder,
2026-05-30,Modern,64,,challenge_C64_2026-05-30_decklist,,10,Goryo's Vengeance,Graveyard,Manuel_Danninger,
2026-05-30,Modern,64,,challenge_C64_2026-05-30_decklist,,11,Miracles,Control,bobthedog,
2026-05-30,Modern,64,,challenge_C64_2026-05-30_decklist,,12,Affinity,Aggro,CrispyFrog,
2026-05-30,Modern,64,,challenge_C64_2026-05-30_decklist,,13,Yawgmoth,Midrange,Mogg_Flunkies,
2026-05-30,Modern,64,,challenge_C64_2026-05-30_decklist,,14,Esper Blink,Blink,Kritik,
2026-05-30,Modern,64,,challenge_C64_2026-05-30_decklist,,15,Prowess,Aggro,Edel,
2026-05-30,Modern,64,,challenge_C64_2026-05-30_decklist,,16,Grixis Reanimator,Graveyard,peter780108,
2026-05-30,Modern,64,,challenge_C64_2026-05-30_decklist,,17,Yawgmoth,Midrange,Walri,
2026-05-30,Modern,64,,challenge_C64_2026-05-30_decklist,,18,Prowess,Aggro,Yanti,
2026-05-30,Modern,64,,challenge_C64_2026-05-30_decklist,,19,Azorius Control,Control,GWT,
2026-05-30,Modern,64,,challenge_C64_2026-05-30_decklist,,20,Dimir Midrange,Midrange,BressD1,
2026-05-30,Modern,64,,challenge_C64_2026-05-30_decklist,,21,Azorius Control,Control,yriel,
2026-05-30,Modern,64,,challenge_C64_2026-05-30_decklist,,22,Grixis Reanimator,Graveyard,zturchan,
2026-05-30,Modern,64,,challenge_C64_2026-05-30_decklist,,23,Grixis Reanimator,Graveyard,bozo2112,
2026-05-30,Modern,64,,challenge_C64_2026-05-30_decklist,,24,Amulet Titan,Combo,reidq7,
2026-05-30,Modern,64,,challenge_C64_2026-05-30_decklist,,25,Boros Energy,Aggro,rather_confused,
2026-05-30,Modern,64,,challenge_C64_2026-05-30_decklist,,26,Esper Reanimator,Graveyard,Zoob5555,
2026-05-30,Modern,64,,challenge_C64_2026-05-30_decklist,,27,Mardu Energy,Aggro,Misplacedginger,
2026-05-30,Modern,64,,challenge_C64_2026-05-30_decklist,,28,Prowess,Aggro,Gartxot,
2026-05-30,Modern,64,,challenge_C64_2026-05-30_decklist,,29,Yawgmoth,Midrange,frodomochas,
2026-05-30,Modern,64,,challenge_C64_2026-05-30_decklist,,30,Prowess,Aggro,McWinSauce,
2026-05-30,Modern,64,,challenge_C64_2026-05-30_decklist,,31,Boros Energy,Aggro,AlexEvans,
2026-05-30,Modern,64,,challenge_C64_2026-05-30_decklist,,32,Affinity,Aggro,Stealthmagician,
2026-05-31,Modern,32,,challenge_C32_2026-05-31_decklist,,1,Belcher,Combo,Savior0117,
2026-05-31,Modern,32,,challenge_C32_2026-05-31_decklist,,2,The Rock,Midrange,jontih,
2026-05-31,Modern,32,,challenge_C32_2026-05-31_decklist,,3,RG,Ramp,t-v,
2026-05-31,Modern,32,,challenge_C32_2026-05-31_decklist,,4,Boros Energy,Aggro,Relieve,
2026-05-31,Modern,32,,challenge_C32_2026-05-31_decklist,,5,Affinity,Aggro,NJ5030,
2026-05-31,Modern,32,,challenge_C32_2026-05-31_decklist,,6,Prowess,Aggro,jessy_samek,
2026-05-31,Modern,32,,challenge_C32_2026-05-31_decklist,,7,Esper Blink,Blink,termidor,
2026-05-31,Modern,32,,challenge_C32_2026-05-31_decklist,,8,Domain Zoo,Midrange,bigallan22,
2026-05-31,Modern,32,,challenge_C32_2026-05-31_decklist,,9,Domain Zoo,Midrange,mchlpp,
2026-05-31,Modern,32,,challenge_C32_2026-05-31_decklist,,10,Affinity,Aggro,Arcbound_Papi,
2026-05-31,Modern,32,,challenge_C32_2026-05-31_decklist,,11,Tron,Ramp,henhen3000,
2026-05-31,Modern,32,,challenge_C32_2026-05-31_decklist,,12,Land Destruction,Control,goron27,
2026-05-31,Modern,32,,challenge_C32_2026-05-31_decklist,,13,Living End,Graveyard,niuwaid001,
2026-05-31,Modern,32,,challenge_C32_2026-05-31_decklist,,14,Affinity,Aggro,Zeb1ngt0n,
2026-05-31,Modern,32,,challenge_C32_2026-05-31_decklist,,15,Yawgmoth,Midrange,Mogg_Flunkies,
2026-05-31,Modern,32,,challenge_C32_2026-05-31_decklist,,16,The Rock,Midrange,MAFS,
2026-05-31,Modern,32,,challenge_C32_2026-05-31_decklist,,17,Living End,Graveyard,GDS-in-modern,
2026-05-31,Modern,32,,challenge_C32_2026-05-31_decklist,,18,Affinity,Aggro,Bugsy69,
2026-05-31,Modern,32,,challenge_C32_2026-05-31_decklist,,19,Domain Zoo,Midrange,Braychap,
2026-05-31,Modern,32,,challenge_C32_2026-05-31_decklist,,20,Boros Burn,Aggro,EthanBird,
2026-05-31,Modern,32,,challenge_C32_2026-05-31_decklist,,21,Grixis Reanimator,Graveyard,WaynePlays,
2026-05-31,Modern,32,,challenge_C32_2026-05-31_decklist,,22,Gruul Midrange,Midrange,OrnatePuzzles,
2026-05-31,Modern,32,,challenge_C32_2026-05-31_decklist,,23,Eldrazi Tron,Ramp,sicsmoo,
2026-05-31,Modern,32,,challenge_C32_2026-05-31_decklist,,24,Azorius Control,Control,echecetmat35,
2026-05-31,Modern,32,,challenge_C32_2026-05-31_decklist,,25,Asmo Food,Combo,AmosMoses,
2026-05-31,Modern,32,,challenge_C32_2026-05-31_decklist,,26,Mardu Energy,Aggro,TheSchnook,
2026-05-31,Modern,32,,challenge_C32_2026-05-31_decklist,,27,Prowess,Aggro,Silk_lobelia,
2026-05-31,Modern,32,,challenge_C32_2026-05-31_decklist,,28,Ruby Storm,Combo,brianorwhatever,
2026-05-31,Modern,32,,challenge_C32_2026-05-31_decklist,,29,Land Destruction,Control,topdollar,
2026-05-31,Modern,32,,challenge_C32_2026-05-31_decklist,,30,Humans,Aggro,Da_manndom72,
2026-05-31,Modern,32,,challenge_C32_2026-05-31_decklist,,31,Dimir Midrange,Midrange,claudioh,
2026-05-31,Modern,32,,challenge_C32_2026-05-31_decklist,,32,Boros Energy,Aggro,Wesleke27,
2026-06-01,Modern,32,,challenge_C32_2026-06-01_decklist,,1,Azorius Blink,Blink,ashame,
2026-06-01,Modern,32,,challenge_C32_2026-06-01_decklist,,2,G,Ramp,Corkyboyy,
2026-06-01,Modern,32,,challenge_C32_2026-06-01_decklist,,3,Prowess,Aggro,eggybenny,
2026-06-01,Modern,32,,challenge_C32_2026-06-01_decklist,,4,Azorius Blink,Blink,SaltyCardboard,
2026-06-01,Modern,32,,challenge_C32_2026-06-01_decklist,,5,Eldrazi Ramp,Ramp,Lightspirit,
2026-06-01,Modern,32,,challenge_C32_2026-06-01_decklist,,6,Boros Energy,Aggro,Linden_43,
2026-06-01,Modern,32,,challenge_C32_2026-06-01_decklist,,7,Boros Energy,Aggro,Thronhart,
2026-06-01,Modern,32,,challenge_C32_2026-06-01_decklist,,8,Sam Combo,Combo,littlebinboy,
2026-06-01,Modern,32,,challenge_C32_2026-06-01_decklist,,9,RG,Ramp,taku123,
2026-06-01,Modern,32,,challenge_C32_2026-06-01_decklist,,10,Sam Combo,Combo,Stoyberg,
2026-06-01,Modern,32,,challenge_C32_2026-06-01_decklist,,11,Azorius Control,Control,Keggers,
2026-06-01,Modern,32,,challenge_C32_2026-06-01_decklist,,12,Ruby Storm,Combo,jussupinator,
2026-06-01,Modern,32,,challenge_C32_2026-06-01_decklist,,13,Broodscale Combo,Combo,Tinker_deck,
2026-06-01,Modern,32,,challenge_C32_2026-06-01_decklist,,14,Eldrazi Tron,Ramp,NerdDadChad,
2026-06-01,Modern,32,,challenge_C32_2026-06-01_decklist,,15,Prowess,Aggro,Xsper,
2026-06-01,Modern,32,,challenge_C32_2026-06-01_decklist,,16,Dimir Midrange,Midrange,Dubb,
2026-06-01,Modern,32,,challenge_C32_2026-06-01_decklist,,17,Affinity,Aggro,rastaf,
2026-06-01,Modern,32,,challenge_C32_2026-06-01_decklist,,18,Prowess,Aggro,Dioferreira,
2026-06-01,Modern,32,,challenge_C32_2026-06-01_decklist,,19,Azorius Control,Control,DeviousPenguin666,
2026-06-01,Modern,32,,challenge_C32_2026-06-01_decklist,,20,Grixis Reanimator,Graveyard,gazmon48,
2026-06-01,Modern,32,,challenge_C32_2026-06-01_decklist,,21,Ruby Storm,Combo,Jk-kruger,
2026-06-01,Modern,32,,challenge_C32_2026-06-01_decklist,,22,Grixis Reanimator,Graveyard,bozo2112,
2026-06-01,Modern,32,,challenge_C32_2026-06-01_decklist,,23,Amulet Titan,Combo,reidq7,
2026-06-01,Modern,32,,challenge_C32_2026-06-01_decklist,,24,Broodscale Combo,Combo,LucasG1ggs,
2026-06-01,Modern,32,,challenge_C32_2026-06-01_decklist,,25,Goryo's Vengeance,Graveyard,Porks,
2026-06-01,Modern,32,,challenge_C32_2026-06-01_decklist,,26,Affinity,Aggro,Greenbeing,
2026-06-01,Modern,32,,challenge_C32_2026-06-01_decklist,,27,Boros Burn,Aggro,xfile,
2026-06-01,Modern,32,,challenge_C32_2026-06-01_decklist,,28,Grixis Reanimator,Graveyard,indianpancake,
2026-06-01,Modern,32,,challenge_C32_2026-06-01_decklist,,29,Grixis Reanimator,Graveyard,peter780108,
2026-06-01,Modern,32,,challenge_C32_2026-06-01_decklist,,30,WBRG,Control,floatius,
2026-06-01,Modern,32,,challenge_C32_2026-06-01_decklist,,31,Dimir Midrange,Midrange,SaltySushi6,
2026-06-01,Modern,32,,challenge_C32_2026-06-01_decklist,,32,Broodscale Combo,Combo,sicsmoo,
2026-06-01,Modern,64,,challenge_C64_2026-06-01_decklist,,1,Esper Blink,Blink,McWinSauce,
2026-06-01,Modern,64,,challenge_C64_2026-06-01_decklist,,2,Goryo's Vengeance,Graveyard,MarcusMPV,
2026-06-01,Modern,64,,challenge_C64_2026-06-01_decklist,,3,Eldrazi Ramp,Ramp,Nuserdog,
2026-06-01,Modern,64,,challenge_C64_2026-06-01_decklist,,4,Grixis Reanimator,Graveyard,Takayama,
2026-06-01,Modern,64,,challenge_C64_2026-06-01_decklist,,5,Mardu Energy,Aggro,Salty_Orange,
2026-06-01,Modern,64,,challenge_C64_2026-06-01_decklist,,6,Belcher,Combo,Savior0117,
2026-06-01,Modern,64,,challenge_C64_2026-06-01_decklist,,7,Boros Energy,Aggro,Rashek,
2026-06-01,Modern,64,,challenge_C64_2026-06-01_decklist,,8,Prowess,Aggro,DelverOfBolts,
2026-06-01,Modern,64,,challenge_C64_2026-06-01_decklist,,9,Azorius Blink,Blink,Ettore09,
2026-06-01,Modern,64,,challenge_C64_2026-06-01_decklist,,10,Eldrazi Tron,Ramp,mhc2cd40,
2026-06-01,Modern,64,,challenge_C64_2026-06-01_decklist,,11,Broodscale Combo,Combo,Jeans8bit,
2026-06-01,Modern,64,,challenge_C64_2026-06-01_decklist,,12,Boros Energy,Aggro,BiIIyBruto,
2026-06-01,Modern,64,,challenge_C64_2026-06-01_decklist,,13,Ruby Storm,Combo,Asa_Akira,
2026-06-01,Modern,64,,challenge_C64_2026-06-01_decklist,,14,Boros Energy,Aggro,Gniksigerg,
2026-06-01,Modern,64,,challenge_C64_2026-06-01_decklist,,15,Goryo's Vengeance,Graveyard,Rvng,
2026-06-01,Modern,64,,challenge_C64_2026-06-01_decklist,,16,Grixis Reanimator,Graveyard,soggymeatball,
2026-06-01,Modern,64,,challenge_C64_2026-06-01_decklist,,17,Boros Energy,Aggro,MayoDominaria,
2026-06-01,Modern,64,,challenge_C64_2026-06-01_decklist,,18,Azorius Control,Control,GWT,
2026-06-01,Modern,64,,challenge_C64_2026-06-01_decklist,,19,Land Destruction,Control,makaaaa,
2026-06-01,Modern,64,,challenge_C64_2026-06-01_decklist,,20,Ruby Storm,Combo,Terracotta99,
2026-06-01,Modern,64,,challenge_C64_2026-06-01_decklist,,21,Mardu Energy,Aggro,harlouuk,
2026-06-01,Modern,64,,challenge_C64_2026-06-01_decklist,,22,Azorius Control,Control,Ghan6,
2026-06-01,Modern,64,,challenge_C64_2026-06-01_decklist,,23,Eldrazi Tron,Ramp,_cage_,
2026-06-01,Modern,64,,challenge_C64_2026-06-01_decklist,,24,Affinity,Aggro,terlollo04,
2026-06-01,Modern,64,,challenge_C64_2026-06-01_decklist,,25,Amulet Titan,Combo,Mistakenn,
2026-06-01,Modern,64,,challenge_C64_2026-06-01_decklist,,26,Eldrazi Ramp,Ramp,Lightspirit,
2026-06-01,Modern,64,,challenge_C64_2026-06-01_decklist,,27,Belcher,Combo,magicgatheringbigfan,
2026-06-01,Modern,64,,challenge_C64_2026-06-01_decklist,,28,Esper Blink,Blink,Kritik,
2026-06-01,Modern,64,,challenge_C64_2026-06-01_decklist,,29,Living End,Graveyard,MeninooNey,
2026-06-01,Modern,64,,challenge_C64_2026-06-01_decklist,,30,Amulet Titan,Combo,DFrank,
2026-06-01,Modern,64,,challenge_C64_2026-06-01_decklist,,31,Sam Combo,Combo,Stoyberg,
2026-06-01,Modern,64,,challenge_C64_2026-06-01_decklist,,32,Eldrazi Ramp,Ramp,Odin2015,
2026-06-02,Modern,64,,challenge_C64_2026-06-02_decklist,,1,Boros Energy,Aggro,RNicoF,
2026-06-02,Modern,64,,challenge_C64_2026-06-02_decklist,,2,Ruby Storm,Combo,chanel-santini,
2026-06-02,Modern,64,,challenge_C64_2026-06-02_decklist,,3,Grixis Midrange,Midrange,nahuel10,
2026-06-02,Modern,64,,challenge_C64_2026-06-02_decklist,,4,G,Ramp,ho-oh,
2026-06-02,Modern,64,,challenge_C64_2026-06-02_decklist,,5,Azorius Control,Control,ShikiXYZ,
2026-06-02,Modern,64,,challenge_C64_2026-06-02_decklist,,6,RG,Ramp,Gobern,
2026-06-02,Modern,64,,challenge_C64_2026-06-02_decklist,,7,Domain Zoo,Midrange,ShowTime_,
2026-06-02,Modern,64,,challenge_C64_2026-06-02_decklist,,8,Living End,Graveyard,MeninoNey,
2026-06-02,Modern,64,,challenge_C64_2026-06-02_decklist,,9,4c Control,Control,Valident,
2026-06-02,Modern,64,,challenge_C64_2026-06-02_decklist,,10,Azorius Blink,Blink,Univerce,
2026-06-02,Modern,64,,challenge_C64_2026-06-02_decklist,,11,Prowess,Aggro,Grogore,
2026-06-02,Modern,64,,challenge_C64_2026-06-02_decklist,,12,Jeskai Blink,Midrange,Mikol_,
2026-06-02,Modern,64,,challenge_C64_2026-06-02_decklist,,13,Broodscale Combo,Combo,MyrRetriever,
2026-06-02,Modern,64,,challenge_C64_2026-06-02_decklist,,14,Belcher,Combo,Xenowan,
2026-06-02,Modern,64,,challenge_C64_2026-06-02_decklist,,15,Affinity,Aggro,YSZzz,
2026-06-02,Modern,64,,challenge_C64_2026-06-02_decklist,,16,Mono-Black Midrange,Midrange,DeviousPenguin666,
2026-06-02,Modern,64,,challenge_C64_2026-06-02_decklist,,17,Grixis Reanimator,Graveyard,taldoitalo,
2026-06-02,Modern,64,,challenge_C64_2026-06-02_decklist,,18,Simic Midrange,Midrange,SomethinStupid,
2026-06-02,Modern,64,,challenge_C64_2026-06-02_decklist,,19,Amulet Titan,Combo,HouseOfManaMTG,
2026-06-02,Modern,64,,challenge_C64_2026-06-02_decklist,,20,Broodscale Combo,Combo,LucasG1ggs,
2026-06-02,Modern,64,,challenge_C64_2026-06-02_decklist,,21,Azorius Control,Control,Martin_Dominguez,
2026-06-02,Modern,64,,challenge_C64_2026-06-02_decklist,,22,Living End,Graveyard,Spellyp,
2026-06-02,Modern,64,,challenge_C64_2026-06-02_decklist,,23,Yawgmoth,Midrange,MAFS,
2026-06-02,Modern,64,,challenge_C64_2026-06-02_decklist,,24,G,Ramp,Jumba,
2026-06-02,Modern,64,,challenge_C64_2026-06-02_decklist,,25,RG,Ramp,LegacyGrinder,
2026-06-02,Modern,64,,challenge_C64_2026-06-02_decklist,,26,Boros Energy,Aggro,jvidarte,
2026-06-02,Modern,64,,challenge_C64_2026-06-02_decklist,,27,Indomitable Creativity,Combo,dedav,
2026-06-02,Modern,64,,challenge_C64_2026-06-02_decklist,,28,Boros Energy,Aggro,SHUANEEHOG,
2026-06-02,Modern,64,,challenge_C64_2026-06-02_decklist,,29,Living End,Graveyard,MisterTwin,
2026-06-02,Modern,64,,challenge_C64_2026-06-02_decklist,,30,Goryo's Vengeance,Graveyard,klien7,
2026-06-02,Modern,64,,challenge_C64_2026-06-02_decklist,,31,The Rock,Midrange,Nowayh,
2026-06-02,Modern,64,,challenge_C64_2026-06-02_decklist,,32,WBRG,Control,GenericUser48,
2026-06-03,Modern,64,,challenge_C64_2026-06-03_decklist,,1,Boros Energy,Aggro,MayoDominaria,
2026-06-03,Modern,64,,challenge_C64_2026-06-03_decklist,,2,Esper Blink,Blink,toondoslav,
2026-06-03,Modern,64,,challenge_C64_2026-06-03_decklist,,3,Broodscale Combo,Combo,pizzangry,
2026-06-03,Modern,64,,challenge_C64_2026-06-03_decklist,,4,Eldrazi Tron,Ramp,Porks,
2026-06-03,Modern,64,,challenge_C64_2026-06-03_decklist,,5,Belcher,Combo,Walker735,
2026-06-03,Modern,64,,challenge_C64_2026-06-03_decklist,,6,Boros Energy,Aggro,ratabruta,
2026-06-03,Modern,64,,challenge_C64_2026-06-03_decklist,,7,Eldrazi Tron,Ramp,ls149950,
2026-06-03,Modern,64,,challenge_C64_2026-06-03_decklist,,8,Affinity,Aggro,wyxczjm,
2026-06-03,Modern,64,,challenge_C64_2026-06-03_decklist,,9,Mardu Energy,Aggro,ekulking,
2026-06-03,Modern,64,,challenge_C64_2026-06-03_decklist,,10,Prowess,Aggro,Edel,
2026-06-03,Modern,64,,challenge_C64_2026-06-03_decklist,,11,Grixis Reanimator,Graveyard,Takayama,
2026-06-03,Modern,64,,challenge_C64_2026-06-03_decklist,,12,Prowess,Aggro,MrPippin,
2026-06-03,Modern,64,,challenge_C64_2026-06-03_decklist,,13,Azorius Blink,Blink,aarrgh,
2026-06-03,Modern,64,,challenge_C64_2026-06-03_decklist,,14,Living End,Graveyard,ResponsiblyStupid,
2026-06-03,Modern,64,,challenge_C64_2026-06-03_decklist,,15,Mono-Black Midrange,Midrange,chuyingfei,
2026-06-03,Modern,64,,challenge_C64_2026-06-03_decklist,,16,Belcher,Combo,Savior0117,
2026-06-03,Modern,64,,challenge_C64_2026-06-03_decklist,,17,Grixis Reanimator,Graveyard,JPA93,
2026-06-03,Modern,64,,challenge_C64_2026-06-03_decklist,,18,Esper Blink,Blink,TheKG,
2026-06-03,Modern,64,,challenge_C64_2026-06-03_decklist,,19,Azorius Control,Control,hermanomlg,
2026-06-03,Modern,64,,challenge_C64_2026-06-03_decklist,,20,Boros Energy,Aggro,ShadowTitan1,
2026-06-03,Modern,64,,challenge_C64_2026-06-03_decklist,,21,4c Control,Control,Valident,
2026-06-03,Modern,64,,challenge_C64_2026-06-03_decklist,,22,Jeskai Blink,Midrange,DelverOfBolts,
2026-06-03,Modern,64,,challenge_C64_2026-06-03_decklist,,23,Azorius Control,Control,TSPJendrek,
2026-06-03,Modern,64,,challenge_C64_2026-06-03_decklist,,24,Grixis Reanimator,Graveyard,C_S_W____,
2026-06-03,Modern,64,,challenge_C64_2026-06-03_decklist,,25,Goryo's Vengeance,Graveyard,Rvng,
2026-06-03,Modern,64,,challenge_C64_2026-06-03_decklist,,26,Grixis Reanimator,Graveyard,Terminus0,
2026-06-03,Modern,64,,challenge_C64_2026-06-03_decklist,,27,Grixis Reanimator,Graveyard,ziofrancone,
2026-06-03,Modern,64,,challenge_C64_2026-06-03_decklist,,28,Esper Blink,Blink,pepeteam,
2026-06-03,Modern,64,,challenge_C64_2026-06-03_decklist,,29,RG,Ramp,magicgatheringbigfan,
2026-06-03,Modern,64,,challenge_C64_2026-06-03_decklist,,30,Goryo's Vengeance,Graveyard,Andeloth,
2026-06-03,Modern,64,,challenge_C64_2026-06-03_decklist,,31,Esper Blink,Blink,RespectTheCat,
2026-06-03,Modern,64,,challenge_C64_2026-06-03_decklist,,32,Ruby Storm,Combo,HotspringsGames,
2026-06-04,Modern,64,,challenge_C64_2026-06-04_decklist,,1,Goryo's Vengeance,Graveyard,slaxx,
2026-06-04,Modern,64,,challenge_C64_2026-06-04_decklist,,2,Eldrazi Tron,Ramp,RCMerriam,
2026-06-04,Modern,64,,challenge_C64_2026-06-04_decklist,,3,The Rock,Midrange,Brunes,
2026-06-04,Modern,64,,challenge_C64_2026-06-04_decklist,,4,Azorius Control,Control,TSPJendrek,
2026-06-04,Modern,64,,challenge_C64_2026-06-04_decklist,,5,Eldrazi Tron,Ramp,mhc2cd40,
2026-06-04,Modern,64,,challenge_C64_2026-06-04_decklist,,6,Grixis Reanimator,Graveyard,JPA93,
2026-06-04,Modern,64,,challenge_C64_2026-06-04_decklist,,7,Broodscale Combo,Combo,Sodeq,
2026-06-04,Modern,64,,challenge_C64_2026-06-04_decklist,,8,Goryo's Vengeance,Graveyard,Rvng,
2026-06-04,Modern,64,,challenge_C64_2026-06-04_decklist,,9,Prowess,Aggro,ClaymoreTobi,
2026-06-04,Modern,64,,challenge_C64_2026-06-04_decklist,,10,Broodscale Combo,Combo,_Tia93_,
2026-06-04,Modern,64,,challenge_C64_2026-06-04_decklist,,11,Eldrazi Tron,Ramp,Young_Shaman,
2026-06-04,Modern,64,,challenge_C64_2026-06-04_decklist,,12,Jeskai Blink,Midrange,hermanomlg,
2026-06-04,Modern,64,,challenge_C64_2026-06-04_decklist,,13,Ruby Storm,Combo,Erik157751,
2026-06-04,Modern,64,,challenge_C64_2026-06-04_decklist,,14,Affinity,Aggro,Martin_Dominguez,
2026-06-04,Modern,64,,challenge_C64_2026-06-04_decklist,,15,Goryo's Vengeance,Graveyard,MarcusMPV,
2026-06-04,Modern,64,,challenge_C64_2026-06-04_decklist,,16,Eldrazi Tron,Ramp,Malox11,
2026-06-04,Modern,64,,challenge_C64_2026-06-04_decklist,,17,Broodscale Combo,Combo,Thunus,
2026-06-04,Modern,64,,challenge_C64_2026-06-04_decklist,,18,Esper Blink,Blink,Gavin5499,
2026-06-04,Modern,64,,challenge_C64_2026-06-04_decklist,,19,Broodscale Combo,Combo,ehstar,
2026-06-04,Modern,64,,challenge_C64_2026-06-04_decklist,,20,4C Energy,Aggro,GenericUser48,
2026-06-04,Modern,64,,challenge_C64_2026-06-04_decklist,,21,Ruby Storm,Combo,HotspringsGames,
2026-06-04,Modern,64,,challenge_C64_2026-06-04_decklist,,22,Boros Energy,Aggro,unagieel,
2026-06-04,Modern,64,,challenge_C64_2026-06-04_decklist,,23,Land Destruction,Control,levunga21,
2026-06-04,Modern,64,,challenge_C64_2026-06-04_decklist,,24,Grixis Reanimator,Graveyard,soggymeatball,
2026-06-04,Modern,64,,challenge_C64_2026-06-04_decklist,,25,Orzhov Blink,Blink,HyPPeR,
2026-06-04,Modern,64,,challenge_C64_2026-06-04_decklist,,26,Boros Energy,Aggro,rastaf,
2026-06-04,Modern,64,,challenge_C64_2026-06-04_decklist,,27,Grixis Reanimator,Graveyard,i_b_TRUE,
2026-06-04,Modern,64,,challenge_C64_2026-06-04_decklist,,28,Eldrazi Tron,Ramp,Pallocchia314,
2026-06-04,Modern,64,,challenge_C64_2026-06-04_decklist,,29,Sam Combo,Combo,katuo079595,
2026-06-04,Modern,64,,challenge_C64_2026-06-04_decklist,,30,Ruby Storm,Combo,JackSparr0w,
2026-06-04,Modern,64,,challenge_C64_2026-06-04_decklist,,31,Grixis Reanimator,Graveyard,Dubb,
2026-06-04,Modern,64,,challenge_C64_2026-06-04_decklist,,32,Azorius Blink,Blink,aarrgh,
2026-06-05,Modern,64,,challenge_C64_2026-06-05_decklist,,1,Boros Energy,Aggro,PieGonti,
2026-06-05,Modern,64,,challenge_C64_2026-06-05_decklist,,2,Goryo's Vengeance,Graveyard,Rvng,
2026-06-05,Modern,64,,challenge_C64_2026-06-05_decklist,,3,Land Destruction,Control,strgn7,
2026-06-05,Modern,64,,challenge_C64_2026-06-05_decklist,,4,Goryo's Vengeance,Graveyard,Phryziel,
2026-06-05,Modern,64,,challenge_C64_2026-06-05_decklist,,5,Jeskai Blink,Midrange,Mldyss,
2026-06-05,Modern,64,,challenge_C64_2026-06-05_decklist,,6,Prowess,Aggro,JohnTag667,
2026-06-05,Modern,64,,challenge_C64_2026-06-05_decklist,,7,Ruby Storm,Combo,hugofreitas1,
2026-06-05,Modern,64,,challenge_C64_2026-06-05_decklist,,8,Prowess,Aggro,hugeowl,
2026-06-05,Modern,64,,challenge_C64_2026-06-05_decklist,,9,Azorius Blink,Blink,aarrgh,
2026-06-05,Modern,64,,challenge_C64_2026-06-05_decklist,,10,Azorius Control,Control,ashame,
2026-06-05,Modern,64,,challenge_C64_2026-06-05_decklist,,11,Eldrazi Tron,Ramp,tuckedaway,
2026-06-05,Modern,64,,challenge_C64_2026-06-05_decklist,,12,Affinity,Aggro,Danielpena397,
2026-06-05,Modern,64,,challenge_C64_2026-06-05_decklist,,13,Eldrazi Tron,Ramp,Porks,
2026-06-05,Modern,64,,challenge_C64_2026-06-05_decklist,,14,Broodscale Combo,Combo,Thunus,
2026-06-05,Modern,64,,challenge_C64_2026-06-05_decklist,,15,Esper Blink,Blink,TheKG,
2026-06-05,Modern,64,,challenge_C64_2026-06-05_decklist,,16,Esper Blink,Blink,St1ffler,
2026-06-05,Modern,64,,challenge_C64_2026-06-05_decklist,,17,Mardu Energy,Aggro,nitang,
2026-06-05,Modern,64,,challenge_C64_2026-06-05_decklist,,18,RG,Ramp,Gobern,
2026-06-05,Modern,64,,challenge_C64_2026-06-05_decklist,,19,Goryo's Vengeance,Graveyard,nedyahiske,
2026-06-05,Modern,64,,challenge_C64_2026-06-05_decklist,,20,Eldrazi Ramp,Ramp,sgcyrus,
2026-06-05,Modern,64,,challenge_C64_2026-06-05_decklist,,21,Amulet Titan,Combo,Mistakenn,
2026-06-05,Modern,64,,challenge_C64_2026-06-05_decklist,,22,Affinity,Aggro,sioutis_kk,
2026-06-05,Modern,64,,challenge_C64_2026-06-05_decklist,,23,Affinity,Aggro,Deathmaxx,
2026-06-05,Modern,64,,challenge_C64_2026-06-05_decklist,,24,Goryo's Vengeance,Graveyard,TrueHero,
2026-06-05,Modern,64,,challenge_C64_2026-06-05_decklist,,25,RG,Ramp,Thunderstriker7,
2026-06-05,Modern,64,,challenge_C64_2026-06-05_decklist,,26,Land Destruction,Control,LordOfTheLeash,
2026-06-05,Modern,64,,challenge_C64_2026-06-05_decklist,,27,Eldrazi Tron,Ramp,Jumba,
2026-06-05,Modern,64,,challenge_C64_2026-06-05_decklist,,28,Esper Blink,Blink,dormitian,
2026-06-05,Modern,64,,challenge_C64_2026-06-05_decklist,,29,Dimir Midrange,Midrange,LukeBrandes,
2026-06-05,Modern,64,,challenge_C64_2026-06-05_decklist,,30,Eldrazi Tron,Ramp,Malox11,
2026-06-05,Modern,64,,challenge_C64_2026-06-05_decklist,,31,Goryo's Vengeance,Graveyard,Scorpion100,
2026-06-05,Modern,64,,challenge_C64_2026-06-05_decklist,,32,Belcher,Combo,Walker735,
2026-06-06,Modern,32,,challenge_C32_2026-06-06_decklist,,1,Grixis Reanimator,Graveyard,Denisevich,
2026-06-06,Modern,32,,challenge_C32_2026-06-06_decklist,,2,Living End,Graveyard,MeninooNey,
2026-06-06,Modern,32,,challenge_C32_2026-06-06_decklist,,3,Goryo's Vengeance,Graveyard,Scorpion100,
2026-06-06,Modern,32,,challenge_C32_2026-06-06_decklist,,4,Living End,Graveyard,Lord_Beerus,
2026-06-06,Modern,32,,challenge_C32_2026-06-06_decklist,,5,Yawgmoth,Midrange,ShikiXYZ,
2026-06-06,Modern,32,,challenge_C32_2026-06-06_decklist,,6,Azorius Control,Control,GigaChadSigmaMale,
2026-06-06,Modern,32,,challenge_C32_2026-06-06_decklist,,7,Ruby Storm,Combo,hugofreitas1,
2026-06-06,Modern,32,,challenge_C32_2026-06-06_decklist,,8,Amulet Titan,Combo,reidq7,
2026-06-06,Modern,32,,challenge_C32_2026-06-06_decklist,,9,Eldrazi Tron,Ramp,toothymtg,
2026-06-06,Modern,32,,challenge_C32_2026-06-06_decklist,,10,Amulet Titan,Combo,Mistakenn,
2026-06-06,Modern,32,,challenge_C32_2026-06-06_decklist,,11,Domain Zoo,Midrange,ryuumei,
2026-06-06,Modern,32,,challenge_C32_2026-06-06_decklist,,12,Boros Energy,Aggro,ShadowTitan1,
2026-06-06,Modern,32,,challenge_C32_2026-06-06_decklist,,13,Prowess,Aggro,UninspiredMehjagic,
2026-06-06,Modern,32,,challenge_C32_2026-06-06_decklist,,14,Eldrazi Ramp,Ramp,painhuman,
2026-06-06,Modern,32,,challenge_C32_2026-06-06_decklist,,15,Yawgmoth,Midrange,AwesomPossum,
2026-06-06,Modern,32,,challenge_C32_2026-06-06_decklist,,16,Prowess,Aggro,EthanBird,
2026-06-06,Modern,32,,challenge_C32_2026-06-06_decklist,,17,Domain Zoo,Midrange,Hawkfrost000,
2026-06-06,Modern,32,,challenge_C32_2026-06-06_decklist,,18,Gruul Midrange,Midrange,OrnatePuzzles,
2026-06-06,Modern,32,,challenge_C32_2026-06-06_decklist,,19,Esper Blink,Blink,Pugface,
2026-06-06,Modern,32,,challenge_C32_2026-06-06_decklist,,20,Domain Zoo,Midrange,Stealthmagician,
2026-06-06,Modern,32,,challenge_C32_2026-06-06_decklist,,21,The Rock,Midrange,kablewire,
2026-06-06,Modern,32,,challenge_C32_2026-06-06_decklist,,22,Azorius Control,Control,MarcoBelacca95,
2026-06-06,Modern,32,,challenge_C32_2026-06-06_decklist,,23,Boros Energy,Aggro,DemianDesposito10,
2026-06-06,Modern,32,,challenge_C32_2026-06-06_decklist,,24,Boros Energy,Aggro,jvidarte,
2026-06-06,Modern,32,,challenge_C32_2026-06-06_decklist,,25,Grixis Midrange,Midrange,nahuel10,
2026-06-06,Modern,32,,challenge_C32_2026-06-06_decklist,,26,Yawgmoth,Midrange,Waggyy,
2026-06-06,Modern,32,,challenge_C32_2026-06-06_decklist,,27,Boros Energy,Aggro,Tinker_deck,
2026-06-06,Modern,32,,challenge_C32_2026-06-06_decklist,,28,The Rock,Midrange,hermesthenerd,
2026-06-06,Modern,32,,challenge_C32_2026-06-06_decklist,,29,Amulet Titan,Combo,HouseOfManaMTG,
2026-06-06,Modern,32,,challenge_C32_2026-06-06_decklist,,30,Belcher,Combo,andycsoto,
2026-06-06,Modern,32,,challenge_C32_2026-06-06_decklist,,31,Domain Zoo,Midrange,stefansson30952,
2026-06-06,Modern,32,,challenge_C32_2026-06-06_decklist,,32,Jeskai Energy,Aggro,LukeBrandes,
2026-06-06,Modern,64,,challenge_C64_2026-06-06_decklist,,1,Boros Energy,Aggro,rastaf,
2026-06-06,Modern,64,,challenge_C64_2026-06-06_decklist,,2,Goryo's Vengeance,Graveyard,unagieel,
2026-06-06,Modern,64,,challenge_C64_2026-06-06_decklist,,3,Affinity,Aggro,Young_Shaman,
2026-06-06,Modern,64,,challenge_C64_2026-06-06_decklist,,4,Azorius Control,Control,GWT,
2026-06-06,Modern,64,,challenge_C64_2026-06-06_decklist,,5,Domain Zoo,Midrange,PharmD_MTG,
2026-06-06,Modern,64,,challenge_C64_2026-06-06_decklist,,6,Azorius Control,Control,Ettore09,
2026-06-06,Modern,64,,challenge_C64_2026-06-06_decklist,,7,Affinity,Aggro,Durotan97,
2026-06-06,Modern,64,,challenge_C64_2026-06-06_decklist,,8,Affinity,Aggro,LordEgg,
2026-06-06,Modern,64,,challenge_C64_2026-06-06_decklist,,9,Ruby Storm,Combo,Erik157751,
2026-06-06,Modern,64,,challenge_C64_2026-06-06_decklist,,10,Boros Energy,Aggro,Tinker_deck,
2026-06-06,Modern,64,,challenge_C64_2026-06-06_decklist,,11,Mono-Black Midrange,Midrange,Selfeisek,
2026-06-06,Modern,64,,challenge_C64_2026-06-06_decklist,,12,Temur Breach,Combo,SkyllaMTG,
2026-06-06,Modern,64,,challenge_C64_2026-06-06_decklist,,13,Broodscale Combo,Combo,pepeteam,
2026-06-06,Modern,64,,challenge_C64_2026-06-06_decklist,,14,URG,Midrange,Suechtler,
2026-06-06,Modern,64,,challenge_C64_2026-06-06_decklist,,15,Prowess,Aggro,Onlylands,
2026-06-06,Modern,64,,challenge_C64_2026-06-06_decklist,,16,Prowess,Aggro,KingDuck15,
2026-06-06,Modern,64,,challenge_C64_2026-06-06_decklist,,17,Eldrazi Tron,Ramp,Jumba,
2026-06-06,Modern,64,,challenge_C64_2026-06-06_decklist,,18,Esper Blink,Blink,mh7lucky,
2026-06-06,Modern,64,,challenge_C64_2026-06-06_decklist,,19,Yawgmoth,Midrange,Xwhale,
2026-06-06,Modern,64,,challenge_C64_2026-06-06_decklist,,20,Sultai Ritual,Midrange,frodomochas,
2026-06-06,Modern,64,,challenge_C64_2026-06-06_decklist,,21,Mono-Black Midrange,Midrange,UltraEgo_,
2026-06-06,Modern,64,,challenge_C64_2026-06-06_decklist,,22,Living End,Graveyard,Lord_Beerus,
2026-06-06,Modern,64,,challenge_C64_2026-06-06_decklist,,23,Prowess,Aggro,MisterTwin,
2026-06-06,Modern,64,,challenge_C64_2026-06-06_decklist,,24,Affinity,Aggro,Danielpena397,
2026-06-06,Modern,64,,challenge_C64_2026-06-06_decklist,,25,Boros Energy,Aggro,bobo4l1fe,
2026-06-06,Modern,64,,challenge_C64_2026-06-06_decklist,,26,Ruby Storm,Combo,Spooky_Snoop,
2026-06-06,Modern,64,,challenge_C64_2026-06-06_decklist,,27,Living End,Graveyard,JuanmaAT,
2026-06-06,Modern,64,,challenge_C64_2026-06-06_decklist,,28,Affinity,Aggro,Martin_Dominguez,
2026-06-06,Modern,64,,challenge_C64_2026-06-06_decklist,,29,Ruby Storm,Combo,drcoffee,
2026-06-06,Modern,64,,challenge_C64_2026-06-06_decklist,,30,Burn,Aggro,frakom,
2026-06-06,Modern,64,,challenge_C64_2026-06-06_decklist,,31,RG,Ramp,Thunderstriker7,
2026-06-06,Modern,64,,challenge_C64_2026-06-06_decklist,,32,Eldrazi Tron,Ramp,scipios,
2026-06-07,Modern,32,,challenge_C32_2026-06-07_decklist,,1,Boros Energy,Aggro,HoldTheElle,
2026-06-07,Modern,32,,challenge_C32_2026-06-07_decklist,,2,Esper Blink,Blink,termidor,
2026-06-07,Modern,32,,challenge_C32_2026-06-07_decklist,,3,Amulet Titan,Combo,Capriccioso,
2026-06-07,Modern,32,,challenge_C32_2026-06-07_decklist,,4,Broodscale Combo,Combo,Azja,
2026-06-07,Modern,32,,challenge_C32_2026-06-07_decklist,,5,Sam Combo,Combo,littlebinboy,
2026-06-07,Modern,32,,challenge_C32_2026-06-07_decklist,,6,Dimir Mill,Combo,xerioc,
2026-06-07,Modern,32,,challenge_C32_2026-06-07_decklist,,7,Boros Energy,Aggro,_Falcon_,
2026-06-07,Modern,32,,challenge_C32_2026-06-07_decklist,,8,Dimir Midrange,Midrange,DrewEldon,
2026-06-07,Modern,32,,challenge_C32_2026-06-07_decklist,,9,Yawgmoth,Midrange,PETRICHOR21,
2026-06-07,Modern,32,,challenge_C32_2026-06-07_decklist,,10,Affinity,Aggro,E_Kaminuma,
2026-06-07,Modern,32,,challenge_C32_2026-06-07_decklist,,11,Grixis Reanimator,Graveyard,Denisevich,
2026-06-07,Modern,32,,challenge_C32_2026-06-07_decklist,,12,Boros Energy,Aggro,RandomOctopus,
2026-06-07,Modern,32,,challenge_C32_2026-06-07_decklist,,13,Belcher,Combo,InsaneAP3Z,
2026-06-07,Modern,32,,challenge_C32_2026-06-07_decklist,,14,URG,Midrange,UninspiredMehjagic,
2026-06-07,Modern,32,,challenge_C32_2026-06-07_decklist,,15,Amulet Titan,Combo,mcertain,
2026-06-07,Modern,32,,challenge_C32_2026-06-07_decklist,,16,The Rock,Midrange,Bowman2,
2026-06-07,Modern,32,,challenge_C32_2026-06-07_decklist,,17,Domain Zoo,Midrange,fl4rpfl4rp,
2026-06-07,Modern,32,,challenge_C32_2026-06-07_decklist,,18,Azorius Control,Control,gamertoad,
2026-06-07,Modern,32,,challenge_C32_2026-06-07_decklist,,19,Prowess,Aggro,EndoZoa,
2026-06-07,Modern,32,,challenge_C32_2026-06-07_decklist,,20,Esper Blink,Blink,zbogames,
2026-06-07,Modern,32,,challenge_C32_2026-06-07_decklist,,21,Eldrazi Tron,Ramp,NerdDadChad,
2026-06-07,Modern,32,,challenge_C32_2026-06-07_decklist,,22,Affinity,Aggro,JV_7777,
2026-06-07,Modern,32,,challenge_C32_2026-06-07_decklist,,23,Prowess,Aggro,nagas4,
2026-06-07,Modern,32,,challenge_C32_2026-06-07_decklist,,24,Eldrazi Ramp,Ramp,Lightspirit,
2026-06-07,Modern,32,,challenge_C32_2026-06-07_decklist,,25,Temur Breach,Combo,Bent,
2026-06-07,Modern,32,,challenge_C32_2026-06-07_decklist,,26,Boros Energy,Aggro,BWG,
2026-06-07,Modern,32,,challenge_C32_2026-06-07_decklist,,27,Prowess,Aggro,eggybenny,
2026-06-07,Modern,32,,challenge_C32_2026-06-07_decklist,,28,Eldrazi Ramp,Ramp,Odin2015,
2026-06-07,Modern,32,,challenge_C32_2026-06-07_decklist,,29,Grixis Reanimator,Graveyard,zturchan,
2026-06-07,Modern,32,,challenge_C32_2026-06-07_decklist,,30,Domain Zoo,Midrange,TingInTheRice,
2026-06-07,Modern,32,,challenge_C32_2026-06-07_decklist,,31,4c Omnath,Midrange,Parrotlet,
2026-06-07,Modern,32,,challenge_C32_2026-06-07_decklist,,32,Goryo's Vengeance,Graveyard,Richie727,
2026-06-08,Modern,32,,challenge_C32_2026-06-08_decklist,,1,Amulet Titan,Combo,reidq7,
2026-06-08,Modern,32,,challenge_C32_2026-06-08_decklist,,2,Mardu Energy,Aggro,Misplacedginger,
2026-06-08,Modern,32,,challenge_C32_2026-06-08_decklist,,3,Domain Zoo,Midrange,ryuumei,
2026-06-08,Modern,32,,challenge_C32_2026-06-08_decklist,,4,Esper Blink,Blink,RNicoF,
2026-06-08,Modern,32,,challenge_C32_2026-06-08_decklist,,5,Boros Energy,Aggro,LucasG1ggs,
2026-06-08,Modern,32,,challenge_C32_2026-06-08_decklist,,6,Azorius Control,Control,LukeBrandes,
2026-06-08,Modern,32,,challenge_C32_2026-06-08_decklist,,7,Azorius Control,Control,Goomy_,
2026-06-08,Modern,32,,challenge_C32_2026-06-08_decklist,,8,Esper Blink,Blink,Pugface,
2026-06-08,Modern,32,,challenge_C32_2026-06-08_decklist,,9,Prowess,Aggro,jessy_samek,
2026-06-08,Modern,32,,challenge_C32_2026-06-08_decklist,,10,Eldrazi Tron,Ramp,gazmon48,
2026-06-08,Modern,32,,challenge_C32_2026-06-08_decklist,,11,Broodscale Combo,Combo,FacadeJK,
2026-06-08,Modern,32,,challenge_C32_2026-06-08_decklist,,12,Boros Energy,Aggro,jvidarte,
2026-06-08,Modern,32,,challenge_C32_2026-06-08_decklist,,13,Goryo's Vengeance,Graveyard,MikeEgan,
2026-06-08,Modern,32,,challenge_C32_2026-06-08_decklist,,14,Amulet Titan,Combo,aljce,
2026-06-08,Modern,32,,challenge_C32_2026-06-08_decklist,,15,Grixis Reanimator,Graveyard,TheSandwichKing,
2026-06-08,Modern,32,,challenge_C32_2026-06-08_decklist,,16,Grixis Reanimator,Graveyard,soggymeatball,
2026-06-08,Modern,32,,challenge_C32_2026-06-08_decklist,,17,Boros Energy,Aggro,Marvin_Dalkiri,
2026-06-08,Modern,32,,challenge_C32_2026-06-08_decklist,,18,Land Destruction,Control,WaffleWiz,
2026-06-08,Modern,32,,challenge_C32_2026-06-08_decklist,,19,WUG,Midrange,aarrgh,
2026-06-08,Modern,32,,challenge_C32_2026-06-08_decklist,,20,Boros Energy,Aggro,ejk,
2026-06-08,Modern,32,,challenge_C32_2026-06-08_decklist,,21,Prowess,Aggro,jakobpablo,
2026-06-08,Modern,32,,challenge_C32_2026-06-08_decklist,,22,Eldrazi Ramp,Ramp,Lightspirit,
2026-06-08,Modern,32,,challenge_C32_2026-06-08_decklist,,23,Boros Energy,Aggro,rastaf,
2026-06-08,Modern,32,,challenge_C32_2026-06-08_decklist,,24,Living End,Graveyard,niuwaid001,
2026-06-08,Modern,32,,challenge_C32_2026-06-08_decklist,,25,Living End,Graveyard,Spike_spiegel01,
2026-06-08,Modern,32,,challenge_C32_2026-06-08_decklist,,26,Boros Energy,Aggro,DemianDesposito10,
2026-06-08,Modern,32,,challenge_C32_2026-06-08_decklist,,27,Broodscale Combo,Combo,Bagoot,
2026-06-08,Modern,32,,challenge_C32_2026-06-08_decklist,,28,Broodscale Combo,Combo,Azja,
2026-06-08,Modern,32,,challenge_C32_2026-06-08_decklist,,29,Living End,Graveyard,wolf2222,
2026-06-08,Modern,32,,challenge_C32_2026-06-08_decklist,,30,Eldrazi Tron,Ramp,NerdDadChad,
2026-06-08,Modern,32,,challenge_C32_2026-06-08_decklist,,31,Boros Energy,Aggro,amin0e,
2026-06-08,Modern,32,,challenge_C32_2026-06-08_decklist,,32,Azorius Control,Control,cgouldner,
2026-06-08,Modern,64,,challenge_C64_2026-06-08_decklist,,1,Goryo's Vengeance,Graveyard,Aced5,
2026-06-08,Modern,64,,challenge_C64_2026-06-08_decklist,,2,Living End,Graveyard,MeninooNey,
2026-06-08,Modern,64,,challenge_C64_2026-06-08_decklist,,3,Rakdos Aggro,Aggro,mtbWolf,
2026-06-08,Modern,64,,challenge_C64_2026-06-08_decklist,,4,Jeskai Energy,Aggro,zhangkh,
2026-06-08,Modern,64,,challenge_C64_2026-06-08_decklist,,5,Grixis Reanimator,Graveyard,Takayama,
2026-06-08,Modern,64,,challenge_C64_2026-06-08_decklist,,6,Boros Energy,Aggro,DcNo,
2026-06-08,Modern,64,,challenge_C64_2026-06-08_decklist,,7,URG,Midrange,Gobern,
2026-06-08,Modern,64,,challenge_C64_2026-06-08_decklist,,8,Boros Energy,Aggro,Cool_Wave,
2026-06-08,Modern,64,,challenge_C64_2026-06-08_decklist,,9,Boros Energy,Aggro,albybale93,
2026-06-08,Modern,64,,challenge_C64_2026-06-08_decklist,,10,Esper Blink,Blink,JJ,
2026-06-08,Modern,64,,challenge_C64_2026-06-08_decklist,,11,Land Destruction,Control,strgn7,
2026-06-08,Modern,64,,challenge_C64_2026-06-08_decklist,,12,Boros Energy,Aggro,EthanDaniely,
2026-06-08,Modern,64,,challenge_C64_2026-06-08_decklist,,13,Affinity,Aggro,Danielpena397,
2026-06-08,Modern,64,,challenge_C64_2026-06-08_decklist,,14,Goryo's Vengeance,Graveyard,Laplasjan,
2026-06-08,Modern,64,,challenge_C64_2026-06-08_decklist,,15,Boros Energy,Aggro,rastaf,
2026-06-08,Modern,64,,challenge_C64_2026-06-08_decklist,,16,URG,Midrange,DelverOfBolts,
2026-06-08,Modern,64,,challenge_C64_2026-06-08_decklist,,17,Domain Zoo,Midrange,ShowTime_,
2026-06-08,Modern,64,,challenge_C64_2026-06-08_decklist,,18,Boros Energy,Aggro,gabiwabiz,
2026-06-08,Modern,64,,challenge_C64_2026-06-08_decklist,,19,Ruby Storm,Combo,Fatone,
2026-06-08,Modern,64,,challenge_C64_2026-06-08_decklist,,20,Azorius Control,Control,JakeTMS,
2026-06-08,Modern,64,,challenge_C64_2026-06-08_decklist,,21,Goryo's Vengeance,Graveyard,KingHairy,
2026-06-08,Modern,64,,challenge_C64_2026-06-08_decklist,,22,Mardu Energy,Aggro,aarrgh,
2026-06-08,Modern,64,,challenge_C64_2026-06-08_decklist,,23,Boros Energy,Aggro,Jumba,
2026-06-08,Modern,64,,challenge_C64_2026-06-08_decklist,,24,Goryo's Vengeance,Graveyard,MikeEgan,
2026-06-08,Modern,64,,challenge_C64_2026-06-08_decklist,,25,Azorius Control,Control,GWT,
2026-06-08,Modern,64,,challenge_C64_2026-06-08_decklist,,26,Eldrazi Tron,Ramp,Young_Shaman,
2026-06-08,Modern,64,,challenge_C64_2026-06-08_decklist,,27,Domain Zoo,Midrange,Pleyboy,
2026-06-08,Modern,64,,challenge_C64_2026-06-08_decklist,,28,Goryo's Vengeance,Graveyard,Rvng,
2026-06-08,Modern,64,,challenge_C64_2026-06-08_decklist,,29,Broodscale Combo,Combo,fudgems,
2026-06-08,Modern,64,,challenge_C64_2026-06-08_decklist,,30,Eldrazi Tron,Ramp,Devoured,
2026-06-08,Modern,64,,challenge_C64_2026-06-08_decklist,,31,Boros Energy,Aggro,albertoSD,
2026-06-08,Modern,64,,challenge_C64_2026-06-08_decklist,,32,Yawgmoth,Midrange,KelMasterP,
2026-06-09,Modern,64,,challenge_C64_2026-06-09_decklist,,1,Prowess,Aggro,nahuel10,
2026-06-09,Modern,64,,challenge_C64_2026-06-09_decklist,,2,Eldrazi Tron,Ramp,Odin2015,
2026-06-09,Modern,64,,challenge_C64_2026-06-09_decklist,,3,Yawgmoth,Midrange,Deucebuckbuck,
2026-06-09,Modern,64,,challenge_C64_2026-06-09_decklist,,4,Mardu Energy,Aggro,Misplacedginger,
2026-06-09,Modern,64,,challenge_C64_2026-06-09_decklist,,5,Amulet Titan,Combo,NathanOfTheGiltLeaf,
2026-06-09,Modern,64,,challenge_C64_2026-06-09_decklist,,6,Eldrazi Ramp,Ramp,duke12,
2026-06-09,Modern,64,,challenge_C64_2026-06-09_decklist,,7,G,Ramp,Bawer,
2026-06-09,Modern,64,,challenge_C64_2026-06-09_decklist,,8,Boros Energy,Aggro,GothMuse,
2026-06-09,Modern,64,,challenge_C64_2026-06-09_decklist,,9,Prowess,Aggro,MaeMtg,
2026-06-09,Modern,64,,challenge_C64_2026-06-09_decklist,,10,Boros Energy,Aggro,PieGonti,
2026-06-09,Modern,64,,challenge_C64_2026-06-09_decklist,,11,Esper Midrange,Midrange,DB_cntrlfreak_ttv,
2026-06-09,Modern,64,,challenge_C64_2026-06-09_decklist,,12,Amulet Titan,Combo,HouseOfManaMTG,
2026-06-09,Modern,64,,challenge_C64_2026-06-09_decklist,,13,Hammer Time,Combo,DeepDisherino,
2026-06-09,Modern,64,,challenge_C64_2026-06-09_decklist,,14,Affinity,Aggro,GinkoHS,
2026-06-09,Modern,64,,challenge_C64_2026-06-09_decklist,,15,Boros Energy,Aggro,FrankHolmquist,
2026-06-09,Modern,64,,challenge_C64_2026-06-09_decklist,,16,Broodscale Combo,Combo,Nammersquats,
2026-06-09,Modern,64,,challenge_C64_2026-06-09_decklist,,17,Azorius Control,Control,Martin_Dominguez,
2026-06-09,Modern,64,,challenge_C64_2026-06-09_decklist,,18,Boros Energy,Aggro,SolteiOManete,
2026-06-09,Modern,64,,challenge_C64_2026-06-09_decklist,,19,Esper Blink,Blink,Aced5,
2026-06-09,Modern,64,,challenge_C64_2026-06-09_decklist,,20,Yawgmoth,Midrange,qx-xb,
2026-06-09,Modern,64,,challenge_C64_2026-06-09_decklist,,21,Goryo's Vengeance,Graveyard,SoulStrong,
2026-06-09,Modern,64,,challenge_C64_2026-06-09_decklist,,22,Jeskai Control,Control,IronBeagle,
2026-06-09,Modern,64,,challenge_C64_2026-06-09_decklist,,23,Amulet Titan,Combo,mcertain,
2026-06-09,Modern,64,,challenge_C64_2026-06-09_decklist,,24,Grixis Reanimator,Graveyard,soggymeatball,
2026-06-09,Modern,64,,challenge_C64_2026-06-09_decklist,,25,Eldrazi Tron,Ramp,MyrRetriever,
2026-06-09,Modern,64,,challenge_C64_2026-06-09_decklist,,26,Esper Midrange,Midrange,RNicoF,
2026-06-09,Modern,64,,challenge_C64_2026-06-09_decklist,,27,Prowess,Aggro,TuckerMTG,
2026-06-09,Modern,64,,challenge_C64_2026-06-09_decklist,,28,Eldrazi Tron,Ramp,Porks,
2026-06-09,Modern,64,,challenge_C64_2026-06-09_decklist,,29,Goryo's Vengeance,Graveyard,Mortaa,
2026-06-09,Modern,64,,challenge_C64_2026-06-09_decklist,,30,Goryo's Vengeance,Graveyard,Kollslaw,
2026-06-09,Modern,64,,challenge_C64_2026-06-09_decklist,,31,Dimir Mill,Combo,Tinker_deck,
2026-06-09,Modern,64,,challenge_C64_2026-06-09_decklist,,32,Living End,Graveyard,JuanmaAT,
2026-06-10,Modern,64,,challenge_C64_2026-06-10_decklist,,1,Boros Energy,Aggro,MJ_23,
2026-06-10,Modern,64,,challenge_C64_2026-06-10_decklist,,2,Goryo's Vengeance,Graveyard,Rvng,
2026-06-10,Modern,64,,challenge_C64_2026-06-10_decklist,,3,Simic Midrange,Midrange,SomethinStupid,
2026-06-10,Modern,64,,challenge_C64_2026-06-10_decklist,,4,Grixis Reanimator,Graveyard,i_b_TRUE,
2026-06-10,Modern,64,,challenge_C64_2026-06-10_decklist,,5,Prowess,Aggro,haveaboavida,
2026-06-10,Modern,64,,challenge_C64_2026-06-10_decklist,,6,Eldrazi Tron,Ramp,leandru,
2026-06-10,Modern,64,,challenge_C64_2026-06-10_decklist,,7,Affinity,Aggro,DJK3V1N,
2026-06-10,Modern,64,,challenge_C64_2026-06-10_decklist,,8,Jeskai Blink,Midrange,levunga21,
2026-06-10,Modern,64,,challenge_C64_2026-06-10_decklist,,9,Eldrazi Tron,Ramp,Croco-polarbear,
2026-06-10,Modern,64,,challenge_C64_2026-06-10_decklist,,10,Land Destruction,Control,yuvyuv03,
2026-06-10,Modern,64,,challenge_C64_2026-06-10_decklist,,11,Broodscale Combo,Combo,Chichichi,
2026-06-10,Modern,64,,challenge_C64_2026-06-10_decklist,,12,Prowess,Aggro,therock988,
2026-06-10,Modern,64,,challenge_C64_2026-06-10_decklist,,13,Eldrazi Tron,Ramp,Odin2015,
2026-06-10,Modern,64,,challenge_C64_2026-06-10_decklist,,14,Domain Zoo,Midrange,MrPippin,
2026-06-10,Modern,64,,challenge_C64_2026-06-10_decklist,,15,Ruby Storm,Combo,HideOnShish,
2026-06-10,Modern,64,,challenge_C64_2026-06-10_decklist,,16,Grixis Reanimator,Graveyard,Moe12,
2026-06-10,Modern,64,,challenge_C64_2026-06-10_decklist,,17,Goryo's Vengeance,Graveyard,akwz,
2026-06-10,Modern,64,,challenge_C64_2026-06-10_decklist,,18,Eldrazi Ramp,Ramp,McWinSauce,
2026-06-10,Modern,64,,challenge_C64_2026-06-10_decklist,,19,Mardu Midrange,Midrange,Johnny_Hobbs,
2026-06-10,Modern,64,,challenge_C64_2026-06-10_decklist,,20,Boros Energy,Aggro,harlouuk,
2026-06-10,Modern,64,,challenge_C64_2026-06-10_decklist,,21,Boros Energy,Aggro,ShadowTitan1,
2026-06-10,Modern,64,,challenge_C64_2026-06-10_decklist,,22,Azorius Blink,Blink,Ryuzaki0,
2026-06-10,Modern,64,,challenge_C64_2026-06-10_decklist,,23,Azorius Control,Control,TomBombadi1,
2026-06-10,Modern,64,,challenge_C64_2026-06-10_decklist,,24,Grixis Reanimator,Graveyard,Capitano_CL,
2026-06-10,Modern,64,,challenge_C64_2026-06-10_decklist,,25,Goryo's Vengeance,Graveyard,Backoff,
2026-06-10,Modern,64,,challenge_C64_2026-06-10_decklist,,26,Prowess,Aggro,nahuel10,
2026-06-10,Modern,64,,challenge_C64_2026-06-10_decklist,,27,Izzet Midrange,Midrange,UninspiredMehjagic,
2026-06-10,Modern,64,,challenge_C64_2026-06-10_decklist,,28,Grixis Reanimator,Graveyard,JPA93,
2026-06-10,Modern,64,,challenge_C64_2026-06-10_decklist,,29,BRG,Midrange,Aldreen,
2026-06-10,Modern,64,,challenge_C64_2026-06-10_decklist,,30,Naya Midrange,Midrange,xfile,
2026-06-10,Modern,64,,challenge_C64_2026-06-10_decklist,,31,Esper Blink,Blink,Aced5,
2026-06-10,Modern,64,,challenge_C64_2026-06-10_decklist,,32,Azorius Control,Control,Mldyss,
2026-06-11,Modern,64,,challenge_C64_2026-06-11_decklist,,1,Prowess,Aggro,toondoslav,
2026-06-11,Modern,64,,challenge_C64_2026-06-11_decklist,,2,Azorius Control,Control,GWT,
2026-06-11,Modern,64,,challenge_C64_2026-06-11_decklist,,3,Grixis Reanimator,Graveyard,Capitano_CL,
2026-06-11,Modern,64,,challenge_C64_2026-06-11_decklist,,4,Living End,Graveyard,Corkyboyy,
2026-06-11,Modern,64,,challenge_C64_2026-06-11_decklist,,5,Affinity,Aggro,LordEgg,
2026-06-11,Modern,64,,challenge_C64_2026-06-11_decklist,,6,Esper Blink,Blink,Aced5,
2026-06-11,Modern,64,,challenge_C64_2026-06-11_decklist,,7,Sam Combo,Combo,AlexanderRosdahl,
2026-06-11,Modern,64,,challenge_C64_2026-06-11_decklist,,8,Affinity,Aggro,Danielpena397,
2026-06-11,Modern,64,,challenge_C64_2026-06-11_decklist,,9,Azorius Control,Control,Koala40,
2026-06-11,Modern,64,,challenge_C64_2026-06-11_decklist,,10,Yawgmoth,Midrange,bobthedog,
2026-06-11,Modern,64,,challenge_C64_2026-06-11_decklist,,11,Mono-Black Midrange,Midrange,Craig_Long123,
2026-06-11,Modern,64,,challenge_C64_2026-06-11_decklist,,12,Yawgmoth,Midrange,MacIsaac,
2026-06-11,Modern,64,,challenge_C64_2026-06-11_decklist,,13,Broodscale Combo,Combo,pepeteam,
2026-06-11,Modern,64,,challenge_C64_2026-06-11_decklist,,14,Eldrazi Ramp,Ramp,bearland,
2026-06-11,Modern,64,,challenge_C64_2026-06-11_decklist,,15,Boros Energy,Aggro,lilianna1989,
2026-06-11,Modern,64,,challenge_C64_2026-06-11_decklist,,16,Dimir Mill,Combo,Tinker_deck,
2026-06-11,Modern,64,,challenge_C64_2026-06-11_decklist,,17,Grixis Reanimator,Graveyard,Takayama,
2026-06-11,Modern,64,,challenge_C64_2026-06-11_decklist,,18,Ruby Storm,Combo,ShikiXYZ,
2026-06-11,Modern,64,,challenge_C64_2026-06-11_decklist,,19,Yawgmoth,Midrange,Xerk,
2026-06-11,Modern,64,,challenge_C64_2026-06-11_decklist,,20,Boros Energy,Aggro,rastaf,
2026-06-11,Modern,64,,challenge_C64_2026-06-11_decklist,,21,Prowess,Aggro,arturcosta,
2026-06-11,Modern,64,,challenge_C64_2026-06-11_decklist,,22,Grixis Reanimator,Graveyard,soggymeatball,
2026-06-11,Modern,64,,challenge_C64_2026-06-11_decklist,,23,Eldrazi Tron,Ramp,RCMerriam,
2026-06-11,Modern,64,,challenge_C64_2026-06-11_decklist,,24,Eldrazi Tron,Ramp,Chadderk,
2026-06-11,Modern,64,,challenge_C64_2026-06-11_decklist,,25,Eldrazi Ramp,Ramp,Lightspirit,
2026-06-11,Modern,64,,challenge_C64_2026-06-11_decklist,,26,Goryo's Vengeance,Graveyard,Rvng,
2026-06-11,Modern,64,,challenge_C64_2026-06-11_decklist,,27,Broodscale Combo,Combo,Alakai,
2026-06-11,Modern,64,,challenge_C64_2026-06-11_decklist,,28,Boros Energy,Aggro,Jumba,
2026-06-11,Modern,64,,challenge_C64_2026-06-11_decklist,,29,Azorius Blink,Blink,gabiwabiz,
2026-06-11,Modern,64,,challenge_C64_2026-06-11_decklist,,30,Affinity,Aggro,Durotan97,
2026-06-11,Modern,64,,challenge_C64_2026-06-11_decklist,,31,Eldrazi Tron,Ramp,Odin2015,
2026-06-11,Modern,64,,challenge_C64_2026-06-11_decklist,,32,Rakdos Midrange,Midrange,Brunes,
2026-06-12,Modern,64,,challenge_C64_2026-06-12_decklist,,1,Goryo's Vengeance,Graveyard,jussupinator,
2026-06-12,Modern,64,,challenge_C64_2026-06-12_decklist,,2,Affinity,Aggro,Young_Shaman,
2026-06-12,Modern,64,,challenge_C64_2026-06-12_decklist,,3,Broodscale Combo,Combo,Xenowan,
2026-06-12,Modern,64,,challenge_C64_2026-06-12_decklist,,4,Goryo's Vengeance,Graveyard,Aced5,
2026-06-12,Modern,64,,challenge_C64_2026-06-12_decklist,,5,Living End,Graveyard,John1111,
2026-06-12,Modern,64,,challenge_C64_2026-06-12_decklist,,6,Boros Energy,Aggro,LucasG1ggs,
2026-06-12,Modern,64,,challenge_C64_2026-06-12_decklist,,7,Broodscale Combo,Combo,RCMerriam,
2026-06-12,Modern,64,,challenge_C64_2026-06-12_decklist,,8,Belcher,Combo,GregorV,
2026-06-12,Modern,64,,challenge_C64_2026-06-12_decklist,,9,Goryo's Vengeance,Graveyard,DrPP,
2026-06-12,Modern,64,,challenge_C64_2026-06-12_decklist,,10,Amulet Titan,Combo,Kollslaw,
2026-06-12,Modern,64,,challenge_C64_2026-06-12_decklist,,11,URG,Midrange,eresopacaso,
2026-06-12,Modern,64,,challenge_C64_2026-06-12_decklist,,12,Domain Zoo,Midrange,daxerz,
2026-06-12,Modern,64,,challenge_C64_2026-06-12_decklist,,13,Esper Control,Control,1OR513N86,
2026-06-12,Modern,64,,challenge_C64_2026-06-12_decklist,,14,Prowess,Aggro,Azja,
2026-06-12,Modern,64,,challenge_C64_2026-06-12_decklist,,15,Jeskai Control,Control,strgn7,
2026-06-12,Modern,64,,challenge_C64_2026-06-12_decklist,,16,Affinity,Aggro,Danielpena397,
2026-06-12,Modern,64,,challenge_C64_2026-06-12_decklist,,17,Esper Blink,Blink,AgentLion09,
2026-06-12,Modern,64,,challenge_C64_2026-06-12_decklist,,18,G,Ramp,aspiringspike,
2026-06-12,Modern,64,,challenge_C64_2026-06-12_decklist,,19,Ruby Storm,Combo,hugofreitas1,
2026-06-12,Modern,64,,challenge_C64_2026-06-12_decklist,,20,Hollow One,Graveyard,Cyberpunker,
2026-06-12,Modern,64,,challenge_C64_2026-06-12_decklist,,21,Goryo's Vengeance,Graveyard,jbspec3,
2026-06-12,Modern,64,,challenge_C64_2026-06-12_decklist,,22,Azorius Control,Control,mei0024,
2026-06-12,Modern,64,,challenge_C64_2026-06-12_decklist,,23,Azorius Control,Control,ashame,
2026-06-12,Modern,64,,challenge_C64_2026-06-12_decklist,,24,Prowess,Aggro,IDontNeedAName,
2026-06-12,Modern,64,,challenge_C64_2026-06-12_decklist,,25,Goryo's Vengeance,Graveyard,Rvng,
2026-06-12,Modern,64,,challenge_C64_2026-06-12_decklist,,26,Mono-Black Midrange,Midrange,Corkyboyy,
2026-06-12,Modern,64,,challenge_C64_2026-06-12_decklist,,27,Boros Energy,Aggro,FrankHolmquist,
2026-06-12,Modern,64,,challenge_C64_2026-06-12_decklist,,28,RG,Ramp,Thunderstriker7,
2026-06-12,Modern,64,,challenge_C64_2026-06-12_decklist,,29,Affinity,Aggro,Matts,
2026-06-12,Modern,64,,challenge_C64_2026-06-12_decklist,,30,Dimir Mill,Combo,tibalt_of_red_sub,
2026-06-12,Modern,64,,challenge_C64_2026-06-12_decklist,,31,Eldrazi Tron,Ramp,ott1810,
2026-06-12,Modern,64,,challenge_C64_2026-06-12_decklist,,32,Eldrazi Tron,Ramp,Porks,
2026-06-13,Modern,32,,challenge_C32_2026-06-13_decklist,,1,The Rock,Midrange,RiceTackler,
2026-06-13,Modern,32,,challenge_C32_2026-06-13_decklist,,2,Goryo's Vengeance,Graveyard,gazmon48,
2026-06-13,Modern,32,,challenge_C32_2026-06-13_decklist,,3,Ruby Storm,Combo,Cachorrowo,
2026-06-13,Modern,32,,challenge_C32_2026-06-13_decklist,,4,Jeskai Control,Control,parasisnotcool,
2026-06-13,Modern,32,,challenge_C32_2026-06-13_decklist,,5,Living End,Graveyard,duke12,
2026-06-13,Modern,32,,challenge_C32_2026-06-13_decklist,,6,Eldrazi Tron,Ramp,Mistakenn,
2026-06-13,Modern,32,,challenge_C32_2026-06-13_decklist,,7,Eldrazi Tron,Ramp,MarylandTCG,
2026-06-13,Modern,32,,challenge_C32_2026-06-13_decklist,,8,Living End,Graveyard,niuwaid001,
2026-06-13,Modern,32,,challenge_C32_2026-06-13_decklist,,9,Goryo's Vengeance,Graveyard,YungDingo,
2026-06-13,Modern,32,,challenge_C32_2026-06-13_decklist,,10,Mardu Energy,Aggro,Mattyguy13,
2026-06-13,Modern,32,,challenge_C32_2026-06-13_decklist,,11,G,Ramp,hauterho,
2026-06-13,Modern,32,,challenge_C32_2026-06-13_decklist,,12,Amulet Titan,Combo,DB_Guide_Twin,
2026-06-13,Modern,32,,challenge_C32_2026-06-13_decklist,,13,Dimir Mill,Combo,Vladimir1924,
2026-06-13,Modern,32,,challenge_C32_2026-06-13_decklist,,14,Eldrazi Tron,Ramp,chrish2134,
2026-06-13,Modern,32,,challenge_C32_2026-06-13_decklist,,15,Amulet Titan,Combo,NathanOfTheGiltLeaf,
2026-06-13,Modern,32,,challenge_C32_2026-06-13_decklist,,16,Eldrazi Tron,Ramp,toothymtg,
2026-06-13,Modern,32,,challenge_C32_2026-06-13_decklist,,17,URG,Midrange,ejk,
2026-06-13,Modern,32,,challenge_C32_2026-06-13_decklist,,18,Goryo's Vengeance,Graveyard,Preparation,
2026-06-13,Modern,32,,challenge_C32_2026-06-13_decklist,,19,Mono-Black Midrange,Midrange,Selfeisek,
2026-06-13,Modern,32,,challenge_C32_2026-06-13_decklist,,20,G,Ramp,Corkyboyy,
2026-06-13,Modern,32,,challenge_C32_2026-06-13_decklist,,21,Goryo's Vengeance,Graveyard,Infernum_Doge,
2026-06-13,Modern,32,,challenge_C32_2026-06-13_decklist,,22,Rakdos Aggro,Aggro,DragonFodder,
2026-06-13,Modern,32,,challenge_C32_2026-06-13_decklist,,23,Esper Blink,Blink,Ninja_Kyle,
2026-06-13,Modern,32,,challenge_C32_2026-06-13_decklist,,24,Prowess,Aggro,Venom01,
2026-06-13,Modern,32,,challenge_C32_2026-06-13_decklist,,25,Merfolk,Aggro,AChord4Five,
2026-06-13,Modern,32,,challenge_C32_2026-06-13_decklist,,26,Dimir Mill,Combo,xerioc,
2026-06-13,Modern,32,,challenge_C32_2026-06-13_decklist,,27,Hammer Time,Combo,_Bound_,
2026-06-13,Modern,32,,challenge_C32_2026-06-13_decklist,,28,Land Destruction,Control,Bagoot,
2026-06-13,Modern,32,,challenge_C32_2026-06-13_decklist,,29,Affinity,Aggro,JV_7777,
2026-06-13,Modern,32,,challenge_C32_2026-06-13_decklist,,30,Prowess,Aggro,JoaoCelestini,
2026-06-13,Modern,32,,challenge_C32_2026-06-13_decklist,,31,WUBRG,Control,PJKP,
2026-06-13,Modern,32,,challenge_C32_2026-06-13_decklist,,32,Goryo's Vengeance,Graveyard,nekosuke,
2026-06-14,Modern,32,,challenge_C32_2026-06-14_decklist,,1,Amulet Titan,Combo,reidq7,
2026-06-14,Modern,32,,challenge_C32_2026-06-14_decklist,,2,Azorius Control,Control,Bigatti,
2026-06-14,Modern,32,,challenge_C32_2026-06-14_decklist,,3,Grixis Reanimator,Graveyard,i_b_TRUE,
2026-06-14,Modern,32,,challenge_C32_2026-06-14_decklist,,4,Broodscale Combo,Combo,Bent,
2026-06-14,Modern,32,,challenge_C32_2026-06-14_decklist,,5,Goryo's Vengeance,Graveyard,jussupinator,
2026-06-14,Modern,32,,challenge_C32_2026-06-14_decklist,,6,WG,Aggro,WanderingOnes,
2026-06-14,Modern,32,,challenge_C32_2026-06-14_decklist,,7,Affinity,Aggro,Tree42o,
2026-06-14,Modern,32,,challenge_C32_2026-06-14_decklist,,8,Broodscale Combo,Combo,Scorpion100,
2026-06-14,Modern,32,,challenge_C32_2026-06-14_decklist,,9,Boros Energy,Aggro,Gavin5499,
2026-06-14,Modern,32,,challenge_C32_2026-06-14_decklist,,10,Eldrazi Ramp,Ramp,Lightspirit,
2026-06-14,Modern,32,,challenge_C32_2026-06-14_decklist,,11,Boros Energy,Aggro,gyyby297,
2026-06-14,Modern,32,,challenge_C32_2026-06-14_decklist,,12,Boros Energy,Aggro,b0juka,
2026-06-14,Modern,32,,challenge_C32_2026-06-14_decklist,,13,Broodscale Combo,Combo,littlebinboy,
2026-06-14,Modern,32,,challenge_C32_2026-06-14_decklist,,14,Boros Energy,Aggro,DemianDesposito10,
2026-06-14,Modern,32,,challenge_C32_2026-06-14_decklist,,15,Boros Burn,Aggro,LaRougeMTG,
2026-06-14,Modern,32,,challenge_C32_2026-06-14_decklist,,16,Living End,Graveyard,niuwaid001,
2026-06-14,Modern,32,,challenge_C32_2026-06-14_decklist,,17,Yawgmoth,Midrange,Emergency Draft,
2026-06-14,Modern,32,,challenge_C32_2026-06-14_decklist,,18,Affinity,Aggro,CliffBoyardee,
2026-06-14,Modern,32,,challenge_C32_2026-06-14_decklist,,19,Land Destruction,Control,SeroPhinz,
2026-06-14,Modern,32,,challenge_C32_2026-06-14_decklist,,20,Affinity,Aggro,Ling_,
2026-06-14,Modern,32,,challenge_C32_2026-06-14_decklist,,21,Jeskai Control,Control,IronBeagle,
2026-06-14,Modern,32,,challenge_C32_2026-06-14_decklist,,22,Prowess,Aggro,Boulderer,
2026-06-14,Modern,32,,challenge_C32_2026-06-14_decklist,,23,Prowess,Aggro,Silk_lobelia,
2026-06-14,Modern,32,,challenge_C32_2026-06-14_decklist,,24,Eldrazi Tron,Ramp,OPaZZwiZard,
2026-06-14,Modern,32,,challenge_C32_2026-06-14_decklist,,25,Prowess,Aggro,Fiola34,
2026-06-14,Modern,32,,challenge_C32_2026-06-14_decklist,,26,Eldrazi Tron,Ramp,Stealthmagician,
2026-06-14,Modern,32,,challenge_C32_2026-06-14_decklist,,27,URG,Midrange,ejk,
2026-06-14,Modern,32,,challenge_C32_2026-06-14_decklist,,28,Devoted Combo,Combo,selesneal,
2026-06-14,Modern,32,,challenge_C32_2026-06-14_decklist,,29,Prowess,Aggro,EthanBird,
2026-06-14,Modern,32,,challenge_C32_2026-06-14_decklist,,30,Esper Blink,Blink,termidor,
2026-06-14,Modern,32,,challenge_C32_2026-06-14_decklist,,31,Prowess,Aggro,bananadisaster,
2026-06-14,Modern,32,,challenge_C32_2026-06-14_decklist,,32,Prowess,Aggro,jorelm510,
2026-06-15,Modern,32,,challenge_C32_2026-06-15_decklist,,1,Affinity,Aggro,Dioferreira,
2026-06-15,Modern,32,,challenge_C32_2026-06-15_decklist,,2,Amulet Titan,Combo,aljce,
2026-06-15,Modern,32,,challenge_C32_2026-06-15_decklist,,3,Broodscale Combo,Combo,HelpfulHobo,
2026-06-15,Modern,32,,challenge_C32_2026-06-15_decklist,,4,Jeskai Energy,Aggro,RNicoF,
2026-06-15,Modern,32,,challenge_C32_2026-06-15_decklist,,5,Amulet Titan,Combo,SlankyPotato,
2026-06-15,Modern,32,,challenge_C32_2026-06-15_decklist,,6,Boros Burn,Aggro,GiestOfIWin,
2026-06-15,Modern,32,,challenge_C32_2026-06-15_decklist,,7,Eldrazi Tron,Ramp,kytk321,
2026-06-15,Modern,32,,challenge_C32_2026-06-15_decklist,,8,WUBG,Control,oOMegaGenesis,
2026-06-15,Modern,32,,challenge_C32_2026-06-15_decklist,,9,Broodscale Combo,Combo,NerdDadChad,
2026-06-15,Modern,32,,challenge_C32_2026-06-15_decklist,,10,Goryo's Vengeance,Graveyard,jussupinator,
2026-06-15,Modern,32,,challenge_C32_2026-06-15_decklist,,11,Mardu Energy,Aggro,derlumberzack,
2026-06-15,Modern,32,,challenge_C32_2026-06-15_decklist,,12,Ruby Storm,Combo,rosti56,
2026-06-15,Modern,32,,challenge_C32_2026-06-15_decklist,,13,Sam Combo,Combo,YungDingo,
2026-06-15,Modern,32,,challenge_C32_2026-06-15_decklist,,14,Prowess,Aggro,arbitraryarmor,
2026-06-15,Modern,32,,challenge_C32_2026-06-15_decklist,,15,WUBG,Control,nedyahiske,
2026-06-15,Modern,32,,challenge_C32_2026-06-15_decklist,,16,Prowess,Aggro,Emil123,
2026-06-15,Modern,32,,challenge_C32_2026-06-15_decklist,,17,WG,Aggro,otakkun,
2026-06-15,Modern,32,,challenge_C32_2026-06-15_decklist,,18,Indomitable Creativity,Combo,SuperCow12653,
2026-06-15,Modern,32,,challenge_C32_2026-06-15_decklist,,19,Living End,Graveyard,GigaChadSigmaMale,
2026-06-15,Modern,32,,challenge_C32_2026-06-15_decklist,,20,Mono-Black Midrange,Midrange,Brunes,
2026-06-15,Modern,32,,challenge_C32_2026-06-15_decklist,,21,Boros Energy,Aggro,DemianDesposito10,
2026-06-15,Modern,32,,challenge_C32_2026-06-15_decklist,,22,Eldrazi Tron,Ramp,leandru,
2026-06-15,Modern,32,,challenge_C32_2026-06-15_decklist,,23,Land Destruction,Control,Thronhart,
2026-06-15,Modern,32,,challenge_C32_2026-06-15_decklist,,24,Goryo's Vengeance,Graveyard,EndoZoa,
2026-06-15,Modern,32,,challenge_C32_2026-06-15_decklist,,25,Rakdos Aggro,Aggro,DragonFodder,
2026-06-15,Modern,32,,challenge_C32_2026-06-15_decklist,,26,Tron,Ramp,sicsmoo,
2026-06-15,Modern,32,,challenge_C32_2026-06-15_decklist,,27,Land Destruction,Control,SeroPhinz,
2026-06-15,Modern,32,,challenge_C32_2026-06-15_decklist,,28,Eldrazi Ramp,Ramp,Lightspirit,
2026-06-15,Modern,32,,challenge_C32_2026-06-15_decklist,,29,Boros Energy,Aggro,Topdecker8000,
2026-06-15,Modern,32,,challenge_C32_2026-06-15_decklist,,30,Affinity,Aggro,wft,
2026-06-15,Modern,32,,challenge_C32_2026-06-15_decklist,,31,Prowess,Aggro,TuckerMTG,
2026-06-15,Modern,32,,challenge_C32_2026-06-15_decklist,,32,Belcher,Combo,Savior0117,
2026-06-15,Modern,64,,challenge_C64_2026-06-15_decklist,,1,Broodscale Combo,Combo,Thunus,
2026-06-15,Modern,64,,challenge_C64_2026-06-15_decklist,,2,Jeskai Blink,Blink,rastaf,
2026-06-15,Modern,64,,challenge_C64_2026-06-15_decklist,,3,Grixis Reanimator,Graveyard,Takayama,
2026-06-15,Modern,64,,challenge_C64_2026-06-15_decklist,,4,Eldrazi Tron,Ramp,Antarctica,
2026-06-15,Modern,64,,challenge_C64_2026-06-15_decklist,,5,Land Destruction,Control,SuperCow12653,
2026-06-15,Modern,64,,challenge_C64_2026-06-15_decklist,,6,Yawgmoth,Midrange,ShikiXYZ,
2026-06-15,Modern,64,,challenge_C64_2026-06-15_decklist,,7,Azorius Control,Control,1OR513N86,
2026-06-15,Modern,64,,challenge_C64_2026-06-15_decklist,,8,Boros Energy,Aggro,Rashek,
2026-06-15,Modern,64,,challenge_C64_2026-06-15_decklist,,9,Azorius Blink,Blink,yriel,
2026-06-15,Modern,64,,challenge_C64_2026-06-15_decklist,,10,Boros Energy,Aggro,digitalsloth,
2026-06-15,Modern,64,,challenge_C64_2026-06-15_decklist,,11,Land Destruction,Control,jbl2311,
2026-06-15,Modern,64,,challenge_C64_2026-06-15_decklist,,12,WUBG,Control,Marmotte_Lambda,
2026-06-15,Modern,64,,challenge_C64_2026-06-15_decklist,,13,Boros Energy,Aggro,MJ_23,
2026-06-15,Modern,64,,challenge_C64_2026-06-15_decklist,,14,Grixis Reanimator,Graveyard,JPA93,
2026-06-15,Modern,64,,challenge_C64_2026-06-15_decklist,,15,Amulet Titan,Combo,DFrank,
2026-06-15,Modern,64,,challenge_C64_2026-06-15_decklist,,16,Esper Blink,Blink,JJ,
2026-06-15,Modern,64,,challenge_C64_2026-06-15_decklist,,17,Azorius Control,Control,Scooby_Snacks,
2026-06-15,Modern,64,,challenge_C64_2026-06-15_decklist,,18,Boros Energy,Aggro,Lord_of_The_Wastes,
2026-06-15,Modern,64,,challenge_C64_2026-06-15_decklist,,19,Dimir Midrange,Midrange,Lavaridge,
2026-06-15,Modern,64,,challenge_C64_2026-06-15_decklist,,20,Goryo's Vengeance,Graveyard,NuBlkAu,
2026-06-15,Modern,64,,challenge_C64_2026-06-15_decklist,,21,Esper Blink,Blink,soggymeatball,
2026-06-15,Modern,64,,challenge_C64_2026-06-15_decklist,,22,Esper Blink,Blink,RespectTheCat,
2026-06-15,Modern,64,,challenge_C64_2026-06-15_decklist,,23,Domain Zoo,Midrange,Pleyboy,
2026-06-15,Modern,64,,challenge_C64_2026-06-15_decklist,,24,Affinity,Aggro,Apeliotes,
2026-06-15,Modern,64,,challenge_C64_2026-06-15_decklist,,25,Dimir Mill,Combo,BERNASTORRES,
2026-06-15,Modern,64,,challenge_C64_2026-06-15_decklist,,26,Tron,Ramp,narca,
2026-06-15,Modern,64,,challenge_C64_2026-06-15_decklist,,27,Boros Energy,Aggro,DemianDesposito10,
2026-06-15,Modern,64,,challenge_C64_2026-06-15_decklist,,28,WUBG,Control,Doomenstein,
2026-06-15,Modern,64,,challenge_C64_2026-06-15_decklist,,29,Boros Energy,Aggro,Lollopollo2001,
2026-06-15,Modern,64,,challenge_C64_2026-06-15_decklist,,30,Eldrazi Tron,Ramp,Jumba,
2026-06-15,Modern,64,,challenge_C64_2026-06-15_decklist,,31,Broodscale Combo,Combo,broers_,
2026-06-15,Modern,64,,challenge_C64_2026-06-15_decklist,,32,Dimir Midrange,Midrange,_Falcon_,
2026-06-17,Modern,32,,challenge_C32_2026-06-17_decklist,,1,Affinity,Aggro,SoulStrong,
2026-06-17,Modern,32,,challenge_C32_2026-06-17_decklist,,2,Affinity,Aggro,CliffBoyardee,
2026-06-17,Modern,32,,challenge_C32_2026-06-17_decklist,,3,Jeskai Blink,Blink,aarrgh,
2026-06-17,Modern,32,,challenge_C32_2026-06-17_decklist,,4,Amulet Titan,Combo,Kollslaw,
2026-06-17,Modern,32,,challenge_C32_2026-06-17_decklist,,5,Eldrazi Ramp,Ramp,Lightspirit,
2026-06-17,Modern,32,,challenge_C32_2026-06-17_decklist,,6,Land Destruction,Control,SuperCow12653,
2026-06-17,Modern,32,,challenge_C32_2026-06-17_decklist,,7,Broodscale Combo,Combo,ob_1,
2026-06-17,Modern,32,,challenge_C32_2026-06-17_decklist,,8,Dimir Midrange,Midrange,DB_cntrlfreak_ttv,
2026-06-17,Modern,32,,challenge_C32_2026-06-17_decklist,,9,Amulet Titan,Combo,reidq7,
2026-06-17,Modern,32,,challenge_C32_2026-06-17_decklist,,10,Tron,Ramp,byanceyINK,
2026-06-17,Modern,32,,challenge_C32_2026-06-17_decklist,,11,Ruby Storm,Combo,Based,
2026-06-17,Modern,32,,challenge_C32_2026-06-17_decklist,,12,Affinity,Aggro,LukeBrandes,
2026-06-17,Modern,32,,challenge_C32_2026-06-17_decklist,,13,Amulet Titan,Combo,HouseOfManaMTG,
2026-06-17,Modern,32,,challenge_C32_2026-06-17_decklist,,14,Affinity,Aggro,LucasG1ggs,
2026-06-17,Modern,32,,challenge_C32_2026-06-17_decklist,,15,Affinity,Aggro,e0068,
2026-06-17,Modern,32,,challenge_C32_2026-06-17_decklist,,16,Sam Combo,Combo,RandomOctopus,
2026-06-17,Modern,32,,challenge_C32_2026-06-17_decklist,,17,Tron,Ramp,sicsmoo,
2026-06-17,Modern,32,,challenge_C32_2026-06-17_decklist,,18,Affinity,Aggro,Dioferreira,
2026-06-17,Modern,32,,challenge_C32_2026-06-17_decklist,,19,Indomitable Creativity,Combo,dedav,
2026-06-17,Modern,32,,challenge_C32_2026-06-17_decklist,,20,Affinity,Aggro,NJ5030,
2026-06-17,Modern,32,,challenge_C32_2026-06-17_decklist,,21,Eldrazi Tron,Ramp,mommydom_manifesto,
2026-06-17,Modern,32,,challenge_C32_2026-06-17_decklist,,22,Jeskai Control,Control,JustAnotherGuy83,
2026-06-17,Modern,32,,challenge_C32_2026-06-17_decklist,,23,Jeskai Energy,Aggro,rastaf,
2026-06-17,Modern,32,,challenge_C32_2026-06-17_decklist,,24,Goryo's Vengeance,Graveyard,SrDurum,
2026-06-17,Modern,32,,challenge_C32_2026-06-17_decklist,,25,Yawgmoth,Midrange,ShikiXYZ,
2026-06-17,Modern,32,,challenge_C32_2026-06-17_decklist,,26,Mono-Black Midrange,Midrange,YungDingo,
2026-06-17,Modern,32,,challenge_C32_2026-06-17_decklist,,27,Grixis Reanimator,Graveyard,Bruskk,
2026-06-17,Modern,32,,challenge_C32_2026-06-17_decklist,,28,Yawgmoth,Midrange,MacIsaac,
2026-06-17,Modern,32,,challenge_C32_2026-06-17_decklist,,29,Goryo's Vengeance,Graveyard,Dubb,
2026-06-17,Modern,32,,challenge_C32_2026-06-17_decklist,,30,Land Destruction,Control,chrish2134,
2026-06-17,Modern,32,,challenge_C32_2026-06-17_decklist,,31,Amulet Titan,Combo,justAlice,
2026-06-17,Modern,32,,challenge_C32_2026-06-17_decklist,,32,Boros Energy,Aggro,TheColorOfBoom,
2026-06-17,Modern,64,,challenge_C64_2026-06-17_decklist,,1,Azorius Blink,Blink,claudioh,
2026-06-17,Modern,64,,challenge_C64_2026-06-17_decklist,,2,Eldrazi Ramp,Ramp,Nuserdog,
2026-06-17,Modern,64,,challenge_C64_2026-06-17_decklist,,3,Living End,Graveyard,XantosCell,
2026-06-17,Modern,64,,challenge_C64_2026-06-17_decklist,,4,URG,Midrange,ejk,
2026-06-17,Modern,64,,challenge_C64_2026-06-17_decklist,,5,Azorius Blink,Blink,kennydarko,
2026-06-17,Modern,64,,challenge_C64_2026-06-17_decklist,,6,Goryo's Vengeance,Graveyard,Rvng,
2026-06-17,Modern,64,,challenge_C64_2026-06-17_decklist,,7,Eldrazi Tron,Ramp,Cool_Wave,
2026-06-17,Modern,64,,challenge_C64_2026-06-17_decklist,,8,Selesnya Energy,Aggro,NathanOfTheGiltLeaf,
2026-06-17,Modern,64,,challenge_C64_2026-06-17_decklist,,9,Azorius Control,Control,1OR513N86,
2026-06-17,Modern,64,,challenge_C64_2026-06-17_decklist,,10,Eldrazi Tron,Ramp,Chadderk,
2026-06-17,Modern,64,,challenge_C64_2026-06-17_decklist,,11,Broodscale Combo,Combo,pizzangry,
2026-06-17,Modern,64,,challenge_C64_2026-06-17_decklist,,12,Amulet Titan,Combo,Mistakenn,
2026-06-17,Modern,64,,challenge_C64_2026-06-17_decklist,,13,Living End,Graveyard,MeninooNey,
2026-06-17,Modern,64,,challenge_C64_2026-06-17_decklist,,14,Affinity,Aggro,CMack_,
2026-06-17,Modern,64,,challenge_C64_2026-06-17_decklist,,15,Affinity,Aggro,jessy_samek,
2026-06-17,Modern,64,,challenge_C64_2026-06-17_decklist,,16,Ruby Storm,Combo,Alakai,
2026-06-17,Modern,64,,challenge_C64_2026-06-17_decklist,,17,Goryo's Vengeance,Graveyard,oosunq,
2026-06-17,Modern,64,,challenge_C64_2026-06-17_decklist,,18,Azorius Control,Control,Mldyss,
2026-06-17,Modern,64,,challenge_C64_2026-06-17_decklist,,19,Eldrazi Tron,Ramp,Odin2015,
2026-06-17,Modern,64,,challenge_C64_2026-06-17_decklist,,20,Affinity,Aggro,McWinSauce,
2026-06-17,Modern,64,,challenge_C64_2026-06-17_decklist,,21,Mardu Energy,Aggro,dani_tb,
2026-06-17,Modern,64,,challenge_C64_2026-06-17_decklist,,22,Boros Energy,Aggro,MayoDominaria,
2026-06-17,Modern,64,,challenge_C64_2026-06-17_decklist,,23,Jeskai Energy,Aggro,rastaf,
2026-06-17,Modern,64,,challenge_C64_2026-06-17_decklist,,24,G,Ramp,Tinker_deck,
2026-06-17,Modern,64,,challenge_C64_2026-06-17_decklist,,25,Belcher,Combo,FraKoE,
2026-06-17,Modern,64,,challenge_C64_2026-06-17_decklist,,26,Esper Murktide,Midrange,aplapp,
2026-06-17,Modern,64,,challenge_C64_2026-06-17_decklist,,27,Ruby Storm,Combo,WaIterWhite,
2026-06-17,Modern,64,,challenge_C64_2026-06-17_decklist,,28,Affinity,Aggro,calmdownbronco,
2026-06-17,Modern,64,,challenge_C64_2026-06-17_decklist,,29,Esper Blink,Blink,soggymeatball,
2026-06-17,Modern,64,,challenge_C64_2026-06-17_decklist,,30,Affinity,Aggro,marceliiine,
2026-06-17,Modern,64,,challenge_C64_2026-06-17_decklist,,31,Prowess,Aggro,DelverOfBolts,
2026-06-17,Modern,64,,challenge_C64_2026-06-17_decklist,,32,Broodscale Combo,Combo,Scorpion100,
2026-06-18,Modern,64,,challenge_C64_2026-06-18_decklist,,1,Domain Zoo,Midrange,Pleyboy,
2026-06-18,Modern,64,,challenge_C64_2026-06-18_decklist,,2,Azorius Control,Control,Dabol-R,
2026-06-18,Modern,64,,challenge_C64_2026-06-18_decklist,,3,Domain Zoo,Midrange,Karazu,
2026-06-18,Modern,64,,challenge_C64_2026-06-18_decklist,,4,Eldrazi Tron,Ramp,leandru,
2026-06-18,Modern,64,,challenge_C64_2026-06-18_decklist,,5,Eldrazi Tron,Ramp,Young_Shaman,
2026-06-18,Modern,64,,challenge_C64_2026-06-18_decklist,,6,Azorius Blink,Blink,MTGHolic,
2026-06-18,Modern,64,,challenge_C64_2026-06-18_decklist,,7,Grixis Reanimator,Graveyard,_Tia93_,
2026-06-18,Modern,64,,challenge_C64_2026-06-18_decklist,,8,Eldrazi Tron,Ramp,Jumba,
2026-06-18,Modern,64,,challenge_C64_2026-06-18_decklist,,9,Amulet Titan,Combo,kanister,
2026-06-18,Modern,64,,challenge_C64_2026-06-18_decklist,,10,Boros Energy,Aggro,unagieel,
2026-06-18,Modern,64,,challenge_C64_2026-06-18_decklist,,11,Ruby Storm,Combo,Alakai,
2026-06-18,Modern,64,,challenge_C64_2026-06-18_decklist,,12,Affinity,Aggro,Deathmaxx,
2026-06-18,Modern,64,,challenge_C64_2026-06-18_decklist,,13,Jeskai Energy,Aggro,rastaf,
2026-06-18,Modern,64,,challenge_C64_2026-06-18_decklist,,14,Grixis Reanimator,Graveyard,__Magic__Dan__,
2026-06-18,Modern,64,,challenge_C64_2026-06-18_decklist,,15,G,Ramp,Corkyboyy,
2026-06-18,Modern,64,,challenge_C64_2026-06-18_decklist,,16,Affinity,Aggro,Beenew,
2026-06-18,Modern,64,,challenge_C64_2026-06-18_decklist,,17,Grixis Reanimator,Graveyard,Capitano_CL,
2026-06-18,Modern,64,,challenge_C64_2026-06-18_decklist,,18,Amulet Titan,Combo,Mistakenn,
2026-06-18,Modern,64,,challenge_C64_2026-06-18_decklist,,19,Amulet Titan,Combo,stefansson30952,
2026-06-18,Modern,64,,challenge_C64_2026-06-18_decklist,,20,Esper Blink,Blink,kerion117,
2026-06-18,Modern,64,,challenge_C64_2026-06-18_decklist,,21,BRG,Midrange,Aldreen,
2026-06-18,Modern,64,,challenge_C64_2026-06-18_decklist,,22,Eldrazi Tron,Ramp,Odin2015,
2026-06-18,Modern,64,,challenge_C64_2026-06-18_decklist,,23,Sultai Ritual,Midrange,AchtungSchaaf827,
2026-06-18,Modern,64,,challenge_C64_2026-06-18_decklist,,24,Boros Energy,Aggro,klien7,
2026-06-18,Modern,64,,challenge_C64_2026-06-18_decklist,,25,Devoted Combo,Combo,MatheusPonciano,
2026-06-18,Modern,64,,challenge_C64_2026-06-18_decklist,,26,Esper Blink,Blink,soggymeatball,
2026-06-18,Modern,64,,challenge_C64_2026-06-18_decklist,,27,G,Ramp,Tinker_deck,
2026-06-18,Modern,64,,challenge_C64_2026-06-18_decklist,,28,Goryo's Vengeance,Graveyard,SrDurum,
2026-06-18,Modern,64,,challenge_C64_2026-06-18_decklist,,29,Belcher,Combo,FraKoE,
2026-06-18,Modern,64,,challenge_C64_2026-06-18_decklist,,30,Eldrazi Tron,Ramp,Porks,
2026-06-18,Modern,64,,challenge_C64_2026-06-18_decklist,,31,Boros Energy,Aggro,johnsmith3373,
2026-06-18,Modern,64,,challenge_C64_2026-06-18_decklist,,32,Goryo's Vengeance,Graveyard,PedroFaria22,
2026-06-19,Modern,64,,challenge_C64_2026-06-19_decklist,,1,Esper Blink,Blink,UninspiredMehjagic,
2026-06-19,Modern,64,,challenge_C64_2026-06-19_decklist,,2,Prowess,Aggro,Eason271,
2026-06-19,Modern,64,,challenge_C64_2026-06-19_decklist,,3,Eldrazi Tron,Ramp,RCMerriam,
2026-06-19,Modern,64,,challenge_C64_2026-06-19_decklist,,4,Azorius Blink,Blink,RezerDeDog,
2026-06-19,Modern,64,,challenge_C64_2026-06-19_decklist,,5,Boros Energy,Aggro,aBlueRaven,
2026-06-19,Modern,64,,challenge_C64_2026-06-19_decklist,,6,Boros Energy,Aggro,NJ5030,
2026-06-19,Modern,64,,challenge_C64_2026-06-19_decklist,,7,UBRG,Control,MahfuzVanGogh,
2026-06-19,Modern,64,,challenge_C64_2026-06-19_decklist,,8,Land Destruction,Control,ScreenwriterNY,
2026-06-19,Modern,64,,challenge_C64_2026-06-19_decklist,,9,Boros Energy,Aggro,KillerWhale01,
2026-06-19,Modern,64,,challenge_C64_2026-06-19_decklist,,10,Jeskai Energy,Aggro,TSPJendrek,
2026-06-19,Modern,64,,challenge_C64_2026-06-19_decklist,,11,Domain Zoo,Midrange,FreshKale,
2026-06-19,Modern,64,,challenge_C64_2026-06-19_decklist,,12,Orzhov Blink,Blink,ETBJezus,
2026-06-19,Modern,64,,challenge_C64_2026-06-19_decklist,,13,Dimir Midrange,Midrange,digdude13,
2026-06-19,Modern,64,,challenge_C64_2026-06-19_decklist,,14,Amulet Titan,Combo,Mistakenn,
2026-06-19,Modern,64,,challenge_C64_2026-06-19_decklist,,15,Azorius Control,Control,GWT,
2026-06-19,Modern,64,,challenge_C64_2026-06-19_decklist,,16,Eldrazi Tron,Ramp,Porks,
2026-06-19,Modern,64,,challenge_C64_2026-06-19_decklist,,17,Prowess,Aggro,AlanHawk525,
2026-06-19,Modern,64,,challenge_C64_2026-06-19_decklist,,18,Eldrazi Tron,Ramp,Flossing,
2026-06-19,Modern,64,,challenge_C64_2026-06-19_decklist,,19,Amulet Titan,Combo,SlankyPotato,
2026-06-19,Modern,64,,challenge_C64_2026-06-19_decklist,,20,Eldrazi Tron,Ramp,LukeBrandes,
2026-06-19,Modern,64,,challenge_C64_2026-06-19_decklist,,21,4C Energy,Aggro,Valident,
2026-06-19,Modern,64,,challenge_C64_2026-06-19_decklist,,22,Mardu Energy,Aggro,EL_Zanetti,
2026-06-19,Modern,64,,challenge_C64_2026-06-19_decklist,,23,Goryo's Vengeance,Graveyard,RealG_MTG,
2026-06-19,Modern,64,,challenge_C64_2026-06-19_decklist,,24,Azorius Blink,Blink,kennydarko,
2026-06-19,Modern,64,,challenge_C64_2026-06-19_decklist,,25,Yawgmoth,Midrange,Xerk,
2026-06-19,Modern,64,,challenge_C64_2026-06-19_decklist,,26,Esper Blink,Blink,St1ffler,
2026-06-19,Modern,64,,challenge_C64_2026-06-19_decklist,,27,Amulet Titan,Combo,DFrank,
2026-06-19,Modern,64,,challenge_C64_2026-06-19_decklist,,28,Affinity,Aggro,drklutch,
2026-06-19,Modern,64,,challenge_C64_2026-06-19_decklist,,29,Grixis Reanimator,Graveyard,Takayama,
2026-06-19,Modern,64,,challenge_C64_2026-06-19_decklist,,30,Grixis Reanimator,Graveyard,Capitano_CL,
2026-06-19,Modern,64,,challenge_C64_2026-06-19_decklist,,31,Azorius Blink,Blink,claudioh,
2026-06-19,Modern,64,,challenge_C64_2026-06-19_decklist,,32,Goryo's Vengeance,Graveyard,Rvng,
2026-06-20,Modern,32,,challenge_C32_2026-06-20_decklist,,1,Amulet Titan,Combo,AChord4Five,
2026-06-20,Modern,32,,challenge_C32_2026-06-20_decklist,,2,Affinity,Aggro,LucasG1ggs,
2026-06-20,Modern,32,,challenge_C32_2026-06-20_decklist,,3,Domain Zoo,Midrange,_Falcon_,
2026-06-20,Modern,32,,challenge_C32_2026-06-20_decklist,,4,Eldrazi Tron,Ramp,Flossing,
2026-06-20,Modern,32,,challenge_C32_2026-06-20_decklist,,5,Yawgmoth,Midrange,AwesomPossum,
2026-06-20,Modern,32,,challenge_C32_2026-06-20_decklist,,6,Eldrazi Tron,Ramp,Samcaster-Mage,
2026-06-20,Modern,32,,challenge_C32_2026-06-20_decklist,,7,Eldrazi Tron,Ramp,Azja,
2026-06-20,Modern,32,,challenge_C32_2026-06-20_decklist,,8,Prowess,Aggro,EvoPride,
2026-06-20,Modern,32,,challenge_C32_2026-06-20_decklist,,9,Jeskai Energy,Aggro,ganache1127,
2026-06-20,Modern,32,,challenge_C32_2026-06-20_decklist,,10,Dimir Midrange,Midrange,DrewEldon,
2026-06-20,Modern,32,,challenge_C32_2026-06-20_decklist,,11,Land Destruction,Control,ScreenwriterNY,
2026-06-20,Modern,32,,challenge_C32_2026-06-20_decklist,,12,Boros Energy,Aggro,narcatrashcan,
2026-06-20,Modern,32,,challenge_C32_2026-06-20_decklist,,13,Azorius Blink,Blink,yriel,
2026-06-20,Modern,32,,challenge_C32_2026-06-20_decklist,,14,Ruby Storm,Combo,EsperWTB,
2026-06-20,Modern,32,,challenge_C32_2026-06-20_decklist,,15,Eldrazi Tron,Ramp,TibbersAU,
2026-06-20,Modern,32,,challenge_C32_2026-06-20_decklist,,16,Affinity,Aggro,JV_7777,
2026-06-20,Modern,32,,challenge_C32_2026-06-20_decklist,,17,Prowess,Aggro,SodaMaster92,
2026-06-20,Modern,32,,challenge_C32_2026-06-20_decklist,,18,Esper Midrange,Midrange,YungDingo,
2026-06-20,Modern,32,,challenge_C32_2026-06-20_decklist,,19,Affinity,Aggro,CMack_,
2026-06-20,Modern,32,,challenge_C32_2026-06-20_decklist,,20,Yawgmoth,Midrange,TheMeatMan,
2026-06-20,Modern,32,,challenge_C32_2026-06-20_decklist,,21,Goryo's Vengeance,Graveyard,Jonii,
2026-06-20,Modern,32,,challenge_C32_2026-06-20_decklist,,22,Esper Blink,Blink,gazmon48,
2026-06-20,Modern,32,,challenge_C32_2026-06-20_decklist,,23,Dimir Midrange,Midrange,SlavSlays,
2026-06-20,Modern,32,,challenge_C32_2026-06-20_decklist,,24,Boros Energy,Aggro,DemianDesposito10,
2026-06-20,Modern,32,,challenge_C32_2026-06-20_decklist,,25,Prowess,Aggro,jorelm510,
2026-06-20,Modern,32,,challenge_C32_2026-06-20_decklist,,26,Affinity,Aggro,Leakyirl,
2026-06-20,Modern,32,,challenge_C32_2026-06-20_decklist,,27,Broodscale Combo,Combo,toothymtg,
2026-06-20,Modern,32,,challenge_C32_2026-06-20_decklist,,28,Grixis Reanimator,Graveyard,Golgarburr,
2026-06-20,Modern,32,,challenge_C32_2026-06-20_decklist,,29,WG,Aggro,olbeda,
2026-06-20,Modern,32,,challenge_C32_2026-06-20_decklist,,30,The Rock,Midrange,RiceTackler,
2026-06-20,Modern,32,,challenge_C32_2026-06-20_decklist,,31,Broodscale Combo,Combo,Bent,
2026-06-20,Modern,32,,challenge_C32_2026-06-20_decklist,,32,Ruby Storm,Combo,N0000000B,
2026-06-20,Modern,64,,challenge_C64_2026-06-20_decklist,,1,Land Destruction,Control,Vyncint_Blankenship,
2026-06-20,Modern,64,,challenge_C64_2026-06-20_decklist,,2,Living End,Graveyard,MeninoNey,
2026-06-20,Modern,64,,challenge_C64_2026-06-20_decklist,,3,Eldrazi Tron,Ramp,Reeeesh,
2026-06-20,Modern,64,,challenge_C64_2026-06-20_decklist,,4,Eldrazi Tron,Ramp,Samcaster-Mage,
2026-06-20,Modern,64,,challenge_C64_2026-06-20_decklist,,5,Goryo's Vengeance,Graveyard,Rvng,
2026-06-20,Modern,64,,challenge_C64_2026-06-20_decklist,,6,Eldrazi Tron,Ramp,alpi61,
2026-06-20,Modern,64,,challenge_C64_2026-06-20_decklist,,7,Devoted Combo,Combo,johnsmith3373,
2026-06-20,Modern,64,,challenge_C64_2026-06-20_decklist,,8,Eldrazi Ramp,Ramp,Tomjones11235,
2026-06-20,Modern,64,,challenge_C64_2026-06-20_decklist,,9,Boros Energy,Aggro,NJ5030,
2026-06-20,Modern,64,,challenge_C64_2026-06-20_decklist,,10,Ruby Storm,Combo,EsperWTB,
2026-06-20,Modern,64,,challenge_C64_2026-06-20_decklist,,11,Boros Energy,Aggro,DemianDesposito10,
2026-06-20,Modern,64,,challenge_C64_2026-06-20_decklist,,12,Amulet Titan,Combo,PerkyT,
2026-06-20,Modern,64,,challenge_C64_2026-06-20_decklist,,13,Rakdos HollowOne,Graveyard,AbelMolto,
2026-06-20,Modern,64,,challenge_C64_2026-06-20_decklist,,14,Eldrazi Tron,Ramp,Jumba,
2026-06-20,Modern,64,,challenge_C64_2026-06-20_decklist,,15,Ruby Storm,Combo,Erik157751,
2026-06-20,Modern,64,,challenge_C64_2026-06-20_decklist,,16,Eldrazi Tron,Ramp,elementix,
2026-06-20,Modern,64,,challenge_C64_2026-06-20_decklist,,17,Yawgmoth,Midrange,MacIsaac,
2026-06-20,Modern,64,,challenge_C64_2026-06-20_decklist,,18,G,Ramp,yunk3r,
2026-06-20,Modern,64,,challenge_C64_2026-06-20_decklist,,19,Selesnya Energy,Aggro,NathanOfTheGiltLeaf,
2026-06-20,Modern,64,,challenge_C64_2026-06-20_decklist,,20,Amulet Titan,Combo,SlankyPotato,
2026-06-20,Modern,64,,challenge_C64_2026-06-20_decklist,,21,Prowess,Aggro,Kvoth3MTG,
2026-06-20,Modern,64,,challenge_C64_2026-06-20_decklist,,22,Devoted Combo,Combo,LBBL,
2026-06-20,Modern,64,,challenge_C64_2026-06-20_decklist,,23,Prowess,Aggro,flushpuppyTRB,
2026-06-20,Modern,64,,challenge_C64_2026-06-20_decklist,,24,Eldrazi Ramp,Ramp,Nuserdog,
2026-06-20,Modern,64,,challenge_C64_2026-06-20_decklist,,25,Eldrazi Ramp,Ramp,Lightspirit,
2026-06-20,Modern,64,,challenge_C64_2026-06-20_decklist,,26,Eldrazi Tron,Ramp,Flossing,
2026-06-20,Modern,64,,challenge_C64_2026-06-20_decklist,,27,Affinity,Aggro,Legion935,
2026-06-20,Modern,64,,challenge_C64_2026-06-20_decklist,,28,Azorius Control,Control,LangeBastian,
2026-06-20,Modern,64,,challenge_C64_2026-06-20_decklist,,29,Mardu Energy,Aggro,Napoleon_I,
2026-06-20,Modern,64,,challenge_C64_2026-06-20_decklist,,30,UBRG,Control,MahfuzVanGogh,
2026-06-20,Modern,64,,challenge_C64_2026-06-20_decklist,,31,Dimir Midrange,Midrange,Yanatoy,
2026-06-20,Modern,64,,challenge_C64_2026-06-20_decklist,,32,Belcher,Combo,mikeveghokay,
2026-06-21,Modern,32,,challenge_C32_2026-06-21_decklist,,1,Affinity,Aggro,WanderingOnes,
2026-06-21,Modern,32,,challenge_C32_2026-06-21_decklist,,2,Esper Blink,Blink,almostomniscient,
2026-06-21,Modern,32,,challenge_C32_2026-06-21_decklist,,3,Living End,Graveyard,niuwaid001,
2026-06-21,Modern,32,,challenge_C32_2026-06-21_decklist,,4,Golgari Basking Broodscale Combo,Combo,Owllicious,
2026-06-21,Modern,32,,challenge_C32_2026-06-21_decklist,,5,Boros Energy,Aggro,Weedland,
2026-06-21,Modern,32,,challenge_C32_2026-06-21_decklist,,6,Land Destruction,Control,Diomed_Tidid,
2026-06-21,Modern,32,,challenge_C32_2026-06-21_decklist,,7,Grixis Reanimator,Graveyard,__Magic__Dan__,
2026-06-21,Modern,32,,challenge_C32_2026-06-21_decklist,,8,Yawgmoth,Midrange,Moorehardcore,
2026-06-21,Modern,32,,challenge_C32_2026-06-21_decklist,,9,Ruby Storm,Combo,Alakai,
2026-06-21,Modern,32,,challenge_C32_2026-06-21_decklist,,10,Eldrazi Tron,Ramp,Giacomellus7,
2026-06-21,Modern,32,,challenge_C32_2026-06-21_decklist,,11,Belcher,Combo,Galashev29,
2026-06-21,Modern,32,,challenge_C32_2026-06-21_decklist,,12,Prowess,Aggro,MagicalSnap,
2026-06-21,Modern,32,,challenge_C32_2026-06-21_decklist,,13,Mardu Energy,Aggro,giuse713,
2026-06-21,Modern,32,,challenge_C32_2026-06-21_decklist,,14,Goryo's Vengeance,Graveyard,zveibil,
2026-06-21,Modern,32,,challenge_C32_2026-06-21_decklist,,15,Grixis Reanimator,Graveyard,SanPop,
2026-06-21,Modern,32,,challenge_C32_2026-06-21_decklist,,16,Azorius Control,Control,1OR513N86,
2026-06-21,Modern,32,,challenge_C32_2026-06-21_decklist,,17,Yawgmoth,Midrange,WorstShuffler,
2026-06-21,Modern,32,,challenge_C32_2026-06-21_decklist,,18,Land Destruction,Control,McWinSauce,
2026-06-21,Modern,32,,challenge_C32_2026-06-21_decklist,,19,Goryo's Vengeance,Graveyard,Lavaridge,
2026-06-21,Modern,32,,challenge_C32_2026-06-21_decklist,,20,Boros Burn,Aggro,Xiongye,
2026-06-21,Modern,32,,challenge_C32_2026-06-21_decklist,,21,Boros Energy,Aggro,brandi96,
2026-06-21,Modern,32,,challenge_C32_2026-06-21_decklist,,22,Mono-Black Midrange,Midrange,klossi815,
2026-06-21,Modern,32,,challenge_C32_2026-06-21_decklist,,23,Goryo's Vengeance,Graveyard,Phryziel,
2026-06-21,Modern,32,,challenge_C32_2026-06-21_decklist,,24,Amulet Titan,Combo,DFrank,
2026-06-21,Modern,32,,challenge_C32_2026-06-21_decklist,,25,Domain Zoo,Midrange,Death_Lighter,
2026-06-21,Modern,32,,challenge_C32_2026-06-21_decklist,,26,Dimir Midrange,Midrange,jps_17,
2026-06-21,Modern,32,,challenge_C32_2026-06-21_decklist,,27,Azorius Control,Control,CavalloGoloso,
2026-06-21,Modern,32,,challenge_C32_2026-06-21_decklist,,28,Hammer Time,Combo,hyoooga,
2026-06-21,Modern,32,,challenge_C32_2026-06-21_decklist,,29,WBRG,Control,Aldreen,
2026-06-21,Modern,32,,challenge_C32_2026-06-21_decklist,,30,Jeskai Control,Control,Fonche,
2026-06-21,Modern,32,,challenge_C32_2026-06-21_decklist,,31,Broodscale Combo,Combo,wallofspikes,
2026-06-21,Modern,32,,challenge_C32_2026-06-21_decklist,,32,Boros Energy,Aggro,unagieel,
2026-06-21,Modern,64,,challenge_C64_2026-06-21_decklist,,1,Boros Energy,Aggro,Relieve,
2026-06-21,Modern,64,,challenge_C64_2026-06-21_decklist,,2,Azorius Control,Control,LukeBrandes,
2026-06-21,Modern,64,,challenge_C64_2026-06-21_decklist,,3,Goryo's Vengeance,Graveyard,MarcoBelacca95,
2026-06-21,Modern,64,,challenge_C64_2026-06-21_decklist,,4,G,Ramp,MC_amp2267,
2026-06-21,Modern,64,,challenge_C64_2026-06-21_decklist,,5,Esper Blink,Blink,termidor,
2026-06-21,Modern,64,,challenge_C64_2026-06-21_decklist,,6,Land Destruction,Control,gazmon48,
2026-06-21,Modern,64,,challenge_C64_2026-06-21_decklist,,7,Living End,Graveyard,Atagomax,
2026-06-21,Modern,64,,challenge_C64_2026-06-21_decklist,,8,Ragavan,Aggro,gurtmcgee,
2026-06-21,Modern,64,,challenge_C64_2026-06-21_decklist,,9,Land Destruction,Control,ScreenwriterNY,
2026-06-21,Modern,64,,challenge_C64_2026-06-21_decklist,,10,Jeskai Blink,Blink,aarrgh,
2026-06-21,Modern,64,,challenge_C64_2026-06-21_decklist,,11,Esper Blink,Blink,GigaChadSigmaMale,
2026-06-21,Modern,64,,challenge_C64_2026-06-21_decklist,,12,Living End,Graveyard,indianpancake,
2026-06-21,Modern,64,,challenge_C64_2026-06-21_decklist,,13,Esper Blink,Blink,UninspiredMehjagic,
2026-06-21,Modern,64,,challenge_C64_2026-06-21_decklist,,14,Amulet Titan,Combo,Kollslaw,
2026-06-21,Modern,64,,challenge_C64_2026-06-21_decklist,,15,Domain Zoo,Midrange,daxerz,
2026-06-21,Modern,64,,challenge_C64_2026-06-21_decklist,,16,Land Destruction,Control,HoldTheElle,
2026-06-21,Modern,64,,challenge_C64_2026-06-21_decklist,,17,Esper Blink,Blink,quiznium,
2026-06-21,Modern,64,,challenge_C64_2026-06-21_decklist,,18,Boros Energy,Aggro,ShadowTitan1,
2026-06-21,Modern,64,,challenge_C64_2026-06-21_decklist,,19,Selesnya Energy,Aggro,arbitraryarmor,
2026-06-21,Modern,64,,challenge_C64_2026-06-21_decklist,,20,Boros Energy,Aggro,RandomOctopus,
2026-06-21,Modern,64,,challenge_C64_2026-06-21_decklist,,21,Rakdos Aggro,Aggro,DragonFodder,
2026-06-21,Modern,64,,challenge_C64_2026-06-21_decklist,,22,Azorius Control,Control,ashame,
2026-06-21,Modern,64,,challenge_C64_2026-06-21_decklist,,23,Affinity,Aggro,Arcbound_Papi,
2026-06-21,Modern,64,,challenge_C64_2026-06-21_decklist,,24,Living End,Graveyard,MyPotatoes,
2026-06-21,Modern,64,,challenge_C64_2026-06-21_decklist,,25,Belcher,Combo,bugzbugs,
2026-06-21,Modern,64,,challenge_C64_2026-06-21_decklist,,26,Amulet Titan,Combo,HouseOfManaMTG,
2026-06-21,Modern,64,,challenge_C64_2026-06-21_decklist,,27,Dimir Midrange,Midrange,fried-liver-attack,
2026-06-21,Modern,64,,challenge_C64_2026-06-21_decklist,,28,Ruby Storm,Combo,Ururur,
2026-06-21,Modern,64,,challenge_C64_2026-06-21_decklist,,29,Boros Energy,Aggro,Cesstyx,
2026-06-21,Modern,64,,challenge_C64_2026-06-21_decklist,,30,Boros Energy,Aggro,DemianDesposito10,
2026-06-21,Modern,64,,challenge_C64_2026-06-21_decklist,,31,Grixis Reanimator,Graveyard,Capitano_CL,
2026-06-21,Modern,64,,challenge_C64_2026-06-21_decklist,,32,Land Destruction,Control,AvianScrolls,
2026-06-22,Modern,64,,challenge_C64_2026-06-22_decklist,,1,Boros Energy,Aggro,CMack_,
2026-06-22,Modern,64,,challenge_C64_2026-06-22_decklist,,2,Affinity,Aggro,CliffBoyardee,
2026-06-22,Modern,64,,challenge_C64_2026-06-22_decklist,,3,Boros Energy,Aggro,RandomOctopus,
2026-06-22,Modern,64,,challenge_C64_2026-06-22_decklist,,4,Mardu Energy,Aggro,Azja,
2026-06-22,Modern,64,,challenge_C64_2026-06-22_decklist,,5,Amulet Titan,Combo,HouseOfManaMTG,
2026-06-22,Modern,64,,challenge_C64_2026-06-22_decklist,,6,Selesnya Energy,Aggro,arbitraryarmor,
2026-06-22,Modern,64,,challenge_C64_2026-06-22_decklist,,7,Affinity,Aggro,LucasG1ggs,
2026-06-22,Modern,64,,challenge_C64_2026-06-22_decklist,,8,Living End,Graveyard,niuwaid001,
2026-06-22,Modern,64,,challenge_C64_2026-06-22_decklist,,9,Esper Blink,Blink,GigaChadSigmaMale,
2026-06-22,Modern,64,,challenge_C64_2026-06-22_decklist,,10,Eldrazi Tron,Ramp,NJ5030,
2026-06-22,Modern,64,,challenge_C64_2026-06-22_decklist,,11,Goryo's Vengeance,Graveyard,jussupinator,
2026-06-22,Modern,64,,challenge_C64_2026-06-22_decklist,,12,Boros Energy,Aggro,KillerWhale01,
2026-06-22,Modern,64,,challenge_C64_2026-06-22_decklist,,13,Eldrazi Tron,Ramp,Odin2015,
2026-06-22,Modern,64,,challenge_C64_2026-06-22_decklist,,14,Land Destruction,Control,Ztenod,
2026-06-22,Modern,64,,challenge_C64_2026-06-22_decklist,,15,Affinity,Aggro,rastaf,
2026-06-22,Modern,64,,challenge_C64_2026-06-22_decklist,,16,Esper Midrange,Midrange,TeamGreed,
2026-06-22,Modern,64,,challenge_C64_2026-06-22_decklist,,17,Living End,Graveyard,Clamavus,
2026-06-22,Modern,64,,challenge_C64_2026-06-22_decklist,,18,Esper Blink,Blink,littesir095,
2026-06-22,Modern,64,,challenge_C64_2026-06-22_decklist,,19,Grixis Reanimator,Graveyard,nRAnyOne,
2026-06-22,Modern,64,,challenge_C64_2026-06-22_decklist,,20,Devoted Combo,Combo,Nougatygoodness,
2026-06-22,Modern,64,,challenge_C64_2026-06-22_decklist,,21,Goryo's Vengeance,Graveyard,triosk,
2026-06-22,Modern,64,,challenge_C64_2026-06-22_decklist,,22,Devoted Combo,Combo,bcs8995,
2026-06-22,Modern,64,,challenge_C64_2026-06-22_decklist,,23,Eldrazi Tron,Ramp,PMMori,
2026-06-22,Modern,64,,challenge_C64_2026-06-22_decklist,,24,Land Destruction,Control,SuperCow12653,
2026-06-22,Modern,64,,challenge_C64_2026-06-22_decklist,,25,Boros Energy,Aggro,nitang,
2026-06-22,Modern,64,,challenge_C64_2026-06-22_decklist,,26,Mardu Energy,Aggro,derlumberzack,
2026-06-22,Modern,64,,challenge_C64_2026-06-22_decklist,,27,Azorius Control,Control,Goomy_,
2026-06-22,Modern,64,,challenge_C64_2026-06-22_decklist,,28,Azorius Control,Control,eclipse4343,
2026-06-22,Modern,64,,challenge_C64_2026-06-22_decklist,,29,Eldrazi Ramp,Ramp,artilleryfrost,
2026-06-22,Modern,64,,challenge_C64_2026-06-22_decklist,,30,Affinity,Aggro,Beenew,
2026-06-22,Modern,64,,challenge_C64_2026-06-22_decklist,,31,Prowess,Aggro,zer0h,
2026-06-22,Modern,64,,challenge_C64_2026-06-22_decklist,,32,Esper Blink,Blink,Marvin_Dalkiri,
2026-06-23,Modern,64,,challenge_C64_2026-06-23_decklist,,1,Ruby Storm,Combo,azax,
2026-06-23,Modern,64,,challenge_C64_2026-06-23_decklist,,2,Devoted Combo,Combo,LBBL,
2026-06-23,Modern,64,,challenge_C64_2026-06-23_decklist,,3,Prowess,Aggro,MixolydianMagus,
2026-06-23,Modern,64,,challenge_C64_2026-06-23_decklist,,4,Affinity,Aggro,Marxelo,
2026-06-23,Modern,64,,challenge_C64_2026-06-23_decklist,,5,Yawgmoth,Midrange,ShikiXYZ,
2026-06-23,Modern,64,,challenge_C64_2026-06-23_decklist,,6,Amulet Titan,Combo,HouseOfManaMTG,
2026-06-23,Modern,64,,challenge_C64_2026-06-23_decklist,,7,Eldrazi Tron,Ramp,LegacyGrinder,
2026-06-23,Modern,64,,challenge_C64_2026-06-23_decklist,,8,Ruby Storm,Combo,LukeBrandes,
2026-06-23,Modern,64,,challenge_C64_2026-06-23_decklist,,9,Eldrazi Tron,Ramp,NJ5030,
2026-06-23,Modern,64,,challenge_C64_2026-06-23_decklist,,10,Azorius Control,Control,nahuel10,
2026-06-23,Modern,64,,challenge_C64_2026-06-23_decklist,,11,Living End,Graveyard,MeninooNey,
2026-06-23,Modern,64,,challenge_C64_2026-06-23_decklist,,12,Living End,Graveyard,Clamavus,
2026-06-23,Modern,64,,challenge_C64_2026-06-23_decklist,,13,Yawgmoth,Midrange,MacIsaac,
2026-06-23,Modern,64,,challenge_C64_2026-06-23_decklist,,14,Ruby Storm,Combo,hugofreitas1,
2026-06-23,Modern,64,,challenge_C64_2026-06-23_decklist,,15,Jeskai Control,Control,cftsoc3,
2026-06-23,Modern,64,,challenge_C64_2026-06-23_decklist,,16,Goryo's Vengeance,Graveyard,jussupinator,
2026-06-23,Modern,64,,challenge_C64_2026-06-23_decklist,,17,Azorius Blink,Blink,yriel,
2026-06-23,Modern,64,,challenge_C64_2026-06-23_decklist,,18,Boros Energy,Aggro,romstek,
2026-06-23,Modern,64,,challenge_C64_2026-06-23_decklist,,19,Goryo's Vengeance,Graveyard,AFX,
2026-06-23,Modern,64,,challenge_C64_2026-06-23_decklist,,20,Boros Energy,Aggro,soggymeatball,
2026-06-23,Modern,64,,challenge_C64_2026-06-23_decklist,,21,Grixis Reanimator,Graveyard,nesple,
2026-06-23,Modern,64,,challenge_C64_2026-06-23_decklist,,22,Ruby Storm,Combo,IHateJAJAJA,
2026-06-23,Modern,64,,challenge_C64_2026-06-23_decklist,,23,Ruby Storm,Combo,Tinker_deck,
2026-06-23,Modern,64,,challenge_C64_2026-06-23_decklist,,24,Esper Blink,Blink,DB_cntrlfreak_ttv,
2026-06-23,Modern,64,,challenge_C64_2026-06-23_decklist,,25,Boros Energy,Aggro,jackie42005,
2026-06-23,Modern,64,,challenge_C64_2026-06-23_decklist,,26,Boros Energy,Aggro,DemianDesposito10,
2026-06-23,Modern,64,,challenge_C64_2026-06-23_decklist,,27,Affinity,Aggro,LucasG1ggs,
2026-06-23,Modern,64,,challenge_C64_2026-06-23_decklist,,28,Land Destruction,Control,bomberboss,
2026-06-23,Modern,64,,challenge_C64_2026-06-23_decklist,,29,Boros Energy,Aggro,InspiringPresence,
2026-06-23,Modern,64,,challenge_C64_2026-06-23_decklist,,30,Amulet Titan,Combo,Bullwinkkle6705,
2026-06-23,Modern,64,,challenge_C64_2026-06-23_decklist,,31,Boros Energy,Aggro,Misplacedginger,
2026-06-23,Modern,64,,challenge_C64_2026-06-23_decklist,,32,Dimir Midrange,Midrange,RandomOctopus,
2026-06-24,Modern,32,,challenge_C32_2026-06-24_decklist,,1,Goryo's Vengeance,Graveyard,Rvng,
2026-06-24,Modern,32,,challenge_C32_2026-06-24_decklist,,2,Affinity,Aggro,Dioferreira,
2026-06-24,Modern,32,,challenge_C32_2026-06-24_decklist,,3,The Rock,Midrange,Bowman2,
2026-06-24,Modern,32,,challenge_C32_2026-06-24_decklist,,4,Boros Energy,Aggro,KillerWhale01,
2026-06-24,Modern,32,,challenge_C32_2026-06-24_decklist,,5,Prowess,Aggro,JohnTag667,
2026-06-24,Modern,32,,challenge_C32_2026-06-24_decklist,,6,Land Destruction,Control,ScreenwriterNY,
2026-06-24,Modern,32,,challenge_C32_2026-06-24_decklist,,7,Goryo's Vengeance,Graveyard,Spellyp,
2026-06-24,Modern,32,,challenge_C32_2026-06-24_decklist,,8,Ruby Storm,Combo,hugofreitas1,
2026-06-24,Modern,32,,challenge_C32_2026-06-24_decklist,,9,Boros Energy,Aggro,Venom01,
2026-06-24,Modern,32,,challenge_C32_2026-06-24_decklist,,10,Eldrazi Tron,Ramp,tuckedaway,
2026-06-24,Modern,32,,challenge_C32_2026-06-24_decklist,,11,Ruby Storm,Combo,IHateJAJAJA,
2026-06-24,Modern,32,,challenge_C32_2026-06-24_decklist,,12,Living End,Graveyard,bcs8995,
2026-06-24,Modern,32,,challenge_C32_2026-06-24_decklist,,13,Affinity,Aggro,CliffBoyardee,
2026-06-24,Modern,32,,challenge_C32_2026-06-24_decklist,,14,Boros Energy,Aggro,peter780108,
2026-06-24,Modern,32,,challenge_C32_2026-06-24_decklist,,15,Boros Energy,Aggro,TheColorOfBoom,
2026-06-24,Modern,32,,challenge_C32_2026-06-24_decklist,,16,Living End,Graveyard,MeninooNey,
2026-06-24,Modern,32,,challenge_C32_2026-06-24_decklist,,17,Naya Energy,Aggro,hypgn0sis,
2026-06-24,Modern,32,,challenge_C32_2026-06-24_decklist,,18,The Rock,Midrange,rgrauch,
2026-06-24,Modern,32,,challenge_C32_2026-06-24_decklist,,19,Living End,Graveyard,niuwaid001,
2026-06-24,Modern,32,,challenge_C32_2026-06-24_decklist,,20,Goryo's Vengeance,Graveyard,KadettiKersantti,
2026-06-24,Modern,32,,challenge_C32_2026-06-24_decklist,,21,Hammer Time,Combo,DeepDisherino,
2026-06-24,Modern,32,,challenge_C32_2026-06-24_decklist,,22,Boros Energy,Aggro,Yenchy,
2026-06-24,Modern,32,,challenge_C32_2026-06-24_decklist,,23,Belcher,Combo,selesneal,
2026-06-24,Modern,32,,challenge_C32_2026-06-24_decklist,,24,Goryo's Vengeance,Graveyard,AFX,
2026-06-24,Modern,32,,challenge_C32_2026-06-24_decklist,,25,Eldrazi Tron,Ramp,Porks,
2026-06-24,Modern,32,,challenge_C32_2026-06-24_decklist,,26,Affinity,Aggro,LucasG1ggs,
2026-06-24,Modern,32,,challenge_C32_2026-06-24_decklist,,27,Domain Zoo,Midrange,MC_amp2267,
2026-06-24,Modern,32,,challenge_C32_2026-06-24_decklist,,28,Eldrazi Tron,Ramp,Advxnt,
2026-06-24,Modern,32,,challenge_C32_2026-06-24_decklist,,29,Affinity,Aggro,TheTateristTot,
2026-06-24,Modern,32,,challenge_C32_2026-06-24_decklist,,30,Land Destruction,Control,littlebinboy,
2026-06-24,Modern,32,,challenge_C32_2026-06-24_decklist,,31,Land Destruction,Control,Rapgod,
2026-06-24,Modern,32,,challenge_C32_2026-06-24_decklist,,32,Boros Energy,Aggro,ComingFromBehind,
2026-06-24,Modern,96,,challenge_C96_2026-06-24_decklist,,1,Jeskai Control,Control,cftsoc3,
2026-06-24,Modern,96,,challenge_C96_2026-06-24_decklist,,2,Affinity,Aggro,JustAnotherGuy83,
2026-06-24,Modern,96,,challenge_C96_2026-06-24_decklist,,3,Broodscale Combo,Combo,TomBombadi1,
2026-06-24,Modern,96,,challenge_C96_2026-06-24_decklist,,4,Boros Energy,Aggro,rastaf,
2026-06-24,Modern,96,,challenge_C96_2026-06-24_decklist,,5,Miracles,Control,Tommi1685,
2026-06-24,Modern,96,,challenge_C96_2026-06-24_decklist,,6,Eldrazi Tron,Ramp,MdvWin,
2026-06-24,Modern,96,,challenge_C96_2026-06-24_decklist,,7,Living End,Graveyard,MeninoNey,
2026-06-24,Modern,96,,challenge_C96_2026-06-24_decklist,,8,Yawgmoth,Midrange,ShikiXYZ,
2026-06-24,Modern,96,,challenge_C96_2026-06-24_decklist,,9,G,Ramp,MC_amp2267,
2026-06-24,Modern,96,,challenge_C96_2026-06-24_decklist,,10,Azorius Control,Control,TSPJendrek,
2026-06-24,Modern,96,,challenge_C96_2026-06-24_decklist,,11,Mono-Black Midrange,Midrange,Selfeisek,
2026-06-24,Modern,96,,challenge_C96_2026-06-24_decklist,,12,Grixis Reanimator,Graveyard,Backoff,
2026-06-24,Modern,96,,challenge_C96_2026-06-24_decklist,,13,Eldrazi Tron,Ramp,Porks,
2026-06-24,Modern,96,,challenge_C96_2026-06-24_decklist,,14,Amulet Titan,Combo,HouseOfManaMTG,
2026-06-24,Modern,96,,challenge_C96_2026-06-24_decklist,,15,Boros Energy,Aggro,Misplacedginger,
2026-06-24,Modern,96,,challenge_C96_2026-06-24_decklist,,16,Domain Zoo,Midrange,Imaeda,
2026-06-24,Modern,96,,challenge_C96_2026-06-24_decklist,,17,Land Destruction,Control,jessy_samek,
2026-06-24,Modern,96,,challenge_C96_2026-06-24_decklist,,18,Dimir Mill,Combo,Vladimir1924,
2026-06-24,Modern,96,,challenge_C96_2026-06-24_decklist,,19,Boros Energy,Aggro,Jumba,
2026-06-24,Modern,96,,challenge_C96_2026-06-24_decklist,,20,Ruby Storm,Combo,KelMasterP,
2026-06-24,Modern,96,,challenge_C96_2026-06-24_decklist,,21,Belcher,Combo,bugzbugs,
2026-06-24,Modern,96,,challenge_C96_2026-06-24_decklist,,22,Esper Blink,Blink,Zuin,
2026-06-24,Modern,96,,challenge_C96_2026-06-24_decklist,,23,Dimir Midrange,Midrange,PaulArcher,
2026-06-24,Modern,96,,challenge_C96_2026-06-24_decklist,,24,Ruby Storm,Combo,hugofreitas1,
2026-06-24,Modern,96,,challenge_C96_2026-06-24_decklist,,25,Prowess,Aggro,Damocles024,
2026-06-24,Modern,96,,challenge_C96_2026-06-24_decklist,,26,Grixis Reanimator,Graveyard,JPA93,
2026-06-24,Modern,96,,challenge_C96_2026-06-24_decklist,,27,Prowess,Aggro,MercurialChemister,
2026-06-24,Modern,96,,challenge_C96_2026-06-24_decklist,,28,Ruby Storm,Combo,BERNASTORRES,
2026-06-24,Modern,96,,challenge_C96_2026-06-24_decklist,,29,Grixis Reanimator,Graveyard,Fransadness,
2026-06-24,Modern,96,,challenge_C96_2026-06-24_decklist,,30,Land Destruction,Control,MJ_23,
2026-06-24,Modern,96,,challenge_C96_2026-06-24_decklist,,31,Yawgmoth,Midrange,MacIsaac,
2026-06-24,Modern,96,,challenge_C96_2026-06-24_decklist,,32,Affinity,Aggro,Matts,
2026-06-25,Modern,64,,challenge_C64_2026-06-25_decklist,,1,Indomitable Creativity,Combo,Corkyboyy,
2026-06-25,Modern,64,,challenge_C64_2026-06-25_decklist,,2,Eldrazi Tron,Ramp,Jumba,
2026-06-25,Modern,64,,challenge_C64_2026-06-25_decklist,,3,Jeskai Control,Control,Makoobi,
2026-06-25,Modern,64,,challenge_C64_2026-06-25_decklist,,4,Grixis Reanimator,Graveyard,Takayama,
2026-06-25,Modern,64,,challenge_C64_2026-06-25_decklist,,5,Boros Energy,Aggro,Sarlanga,
2026-06-25,Modern,64,,challenge_C64_2026-06-25_decklist,,6,Affinity,Aggro,Marvelman123,
2026-06-25,Modern,64,,challenge_C64_2026-06-25_decklist,,7,Eldrazi Tron,Ramp,bunnyfat,
2026-06-25,Modern,64,,challenge_C64_2026-06-25_decklist,,8,Amulet Titan,Combo,kanister,
2026-06-25,Modern,64,,challenge_C64_2026-06-25_decklist,,9,Belcher,Combo,Savior0117,
2026-06-25,Modern,64,,challenge_C64_2026-06-25_decklist,,10,Ruby Storm,Combo,hugofreitas1,
2026-06-25,Modern,64,,challenge_C64_2026-06-25_decklist,,11,Jeskai Control,Control,Ignotus97,
2026-06-25,Modern,64,,challenge_C64_2026-06-25_decklist,,12,Boros Energy,Aggro,rastaf,
2026-06-25,Modern,64,,challenge_C64_2026-06-25_decklist,,13,Boros Energy,Aggro,Chloe_Knight,
2026-06-25,Modern,64,,challenge_C64_2026-06-25_decklist,,14,Eldrazi Tron,Ramp,Nammersquats,
2026-06-25,Modern,64,,challenge_C64_2026-06-25_decklist,,15,Azorius Control,Control,GWT,
2026-06-25,Modern,64,,challenge_C64_2026-06-25_decklist,,16,Ruby Storm,Combo,haoqinglangou,
2026-06-25,Modern,64,,challenge_C64_2026-06-25_decklist,,17,UBRG,Control,MahfuzVanGogh,
2026-06-25,Modern,64,,challenge_C64_2026-06-25_decklist,,18,Domain Zoo,Midrange,Pleyboy,
2026-06-25,Modern,64,,challenge_C64_2026-06-25_decklist,,19,Goryo's Vengeance,Graveyard,Rvng,
2026-06-25,Modern,64,,challenge_C64_2026-06-25_decklist,,20,Azorius Blink,Blink,claudioh,
2026-06-25,Modern,64,,challenge_C64_2026-06-25_decklist,,21,Goryo's Vengeance,Graveyard,Bruskk,
2026-06-25,Modern,64,,challenge_C64_2026-06-25_decklist,,22,Amulet Titan,Combo,SanPop,
2026-06-25,Modern,64,,challenge_C64_2026-06-25_decklist,,23,Grixis Reanimator,Graveyard,whiterenren,
2026-06-25,Modern,64,,challenge_C64_2026-06-25_decklist,,24,Land Destruction,Control,bomberboss,
2026-06-25,Modern,64,,challenge_C64_2026-06-25_decklist,,25,Prowess,Aggro,microman900,
2026-06-25,Modern,64,,challenge_C64_2026-06-25_decklist,,26,Land Destruction,Control,levunga21,
2026-06-25,Modern,64,,challenge_C64_2026-06-25_decklist,,27,Esper Midrange,Midrange,TheUnseen,
2026-06-25,Modern,64,,challenge_C64_2026-06-25_decklist,,28,Boros Energy,Aggro,Davidowiz,
2026-06-25,Modern,64,,challenge_C64_2026-06-25_decklist,,29,Ruby Storm,Combo,Persona_Non_Grata,
2026-06-25,Modern,64,,challenge_C64_2026-06-25_decklist,,30,Land Destruction,Control,jps_17,
2026-06-25,Modern,64,,challenge_C64_2026-06-25_decklist,,31,Eldrazi Tron,Ramp,Odin2015,
2026-06-25,Modern,64,,challenge_C64_2026-06-25_decklist,,32,Living End,Graveyard,MeninoNey,
2026-06-26,Modern,64,,challenge_C64_2026-06-26_decklist,,1,Domain Zoo,Midrange,ShowTime_,
2026-06-26,Modern,64,,challenge_C64_2026-06-26_decklist,,2,Boros Energy,Aggro,rastaf,
2026-06-26,Modern,64,,challenge_C64_2026-06-26_decklist,,3,Boros Energy,Aggro,Scorpion100,
2026-06-26,Modern,64,,challenge_C64_2026-06-26_decklist,,4,Boros Energy,Aggro,CMack_,
2026-06-26,Modern,64,,challenge_C64_2026-06-26_decklist,,5,URG,Midrange,Merfall,
2026-06-26,Modern,64,,challenge_C64_2026-06-26_decklist,,6,Merfolk,Aggro,Mooshack,
2026-06-26,Modern,64,,challenge_C64_2026-06-26_decklist,,7,Azorius Control,Control,Mldyss,
2026-06-26,Modern,64,,challenge_C64_2026-06-26_decklist,,8,Goryo's Vengeance,Graveyard,St1ffler,
2026-06-26,Modern,64,,challenge_C64_2026-06-26_decklist,,9,Jeskai Control,Control,matiaskm,
2026-06-26,Modern,64,,challenge_C64_2026-06-26_decklist,,10,Goryo's Vengeance,Graveyard,dormitian,
2026-06-26,Modern,64,,challenge_C64_2026-06-26_decklist,,11,Azorius Control,Control,1OR513N86,
2026-06-26,Modern,64,,challenge_C64_2026-06-26_decklist,,12,Devoted Combo,Combo,AvanCe,
2026-06-26,Modern,64,,challenge_C64_2026-06-26_decklist,,13,Boros Energy,Aggro,k9inthetardis,
2026-06-26,Modern,64,,challenge_C64_2026-06-26_decklist,,14,Affinity,Aggro,Young_Shaman,
2026-06-26,Modern,64,,challenge_C64_2026-06-26_decklist,,15,Affinity,Aggro,Prodyman,
2026-06-26,Modern,64,,challenge_C64_2026-06-26_decklist,,16,Belcher,Combo,bugzbugs,
2026-06-26,Modern,64,,challenge_C64_2026-06-26_decklist,,17,Eldrazi Tron,Ramp,Porks,
2026-06-26,Modern,64,,challenge_C64_2026-06-26_decklist,,18,G,Ramp,MC_amp2267,
2026-06-26,Modern,64,,challenge_C64_2026-06-26_decklist,,19,Boros Energy,Aggro,Xwhale,
2026-06-26,Modern,64,,challenge_C64_2026-06-26_decklist,,20,Affinity,Aggro,CliffBoyardee,
2026-06-26,Modern,64,,challenge_C64_2026-06-26_decklist,,21,Eldrazi Tron,Ramp,Tamarindo,
2026-06-26,Modern,64,,challenge_C64_2026-06-26_decklist,,22,Esper Midrange,Midrange,DB_cntrlfreak_ttv,
2026-06-26,Modern,64,,challenge_C64_2026-06-26_decklist,,23,Eldrazi Tron,Ramp,leandru,
2026-06-26,Modern,64,,challenge_C64_2026-06-26_decklist,,24,Grixis Reanimator,Graveyard,Backoff,
2026-06-26,Modern,64,,challenge_C64_2026-06-26_decklist,,25,Tron,Ramp,bouhachiotoko,
2026-06-26,Modern,64,,challenge_C64_2026-06-26_decklist,,26,Living End,Graveyard,MeninooNey,
2026-06-26,Modern,64,,challenge_C64_2026-06-26_decklist,,27,Ruby Storm,Combo,Univerce,
2026-06-26,Modern,64,,challenge_C64_2026-06-26_decklist,,28,Eldrazi Tron,Ramp,GodOfSlaughter,
2026-06-26,Modern,64,,challenge_C64_2026-06-26_decklist,,29,Mardu Blink,Blink,Jedgi,
2026-06-26,Modern,64,,challenge_C64_2026-06-26_decklist,,30,Eldrazi Tron,Ramp,elementix,
2026-06-26,Modern,64,,challenge_C64_2026-06-26_decklist,,31,Affinity,Aggro,Danielpena397,
2026-06-26,Modern,64,,challenge_C64_2026-06-26_decklist,,32,Prowess,Aggro,RandomOctopus,
2026-06-27,Modern,32,,challenge_C32_2026-06-27_decklist,,1,Land Destruction,Control,gazmon48,
2026-06-27,Modern,32,,challenge_C32_2026-06-27_decklist,,2,Grixis Reanimator,Graveyard,Capitano_CL,
2026-06-27,Modern,32,,challenge_C32_2026-06-27_decklist,,3,Boros Energy,Aggro,Scorpion100,
2026-06-27,Modern,32,,challenge_C32_2026-06-27_decklist,,4,Eldrazi Tron,Ramp,HelpfulHobo,
2026-06-27,Modern,32,,challenge_C32_2026-06-27_decklist,,5,Dimir Midrange,Midrange,OafMcNamara,
2026-06-27,Modern,32,,challenge_C32_2026-06-27_decklist,,6,Eldrazi Tron,Ramp,Odin2015,
2026-06-27,Modern,32,,challenge_C32_2026-06-27_decklist,,7,Mardu Energy,Aggro,Linden_43,
2026-06-27,Modern,32,,challenge_C32_2026-06-27_decklist,,8,Grixis Reanimator,Graveyard,monsteryuan,
2026-06-27,Modern,32,,challenge_C32_2026-06-27_decklist,,9,Land Destruction,Control,stefansson30952,
2026-06-27,Modern,32,,challenge_C32_2026-06-27_decklist,,10,Affinity,Aggro,E_Kaminuma,
2026-06-27,Modern,32,,challenge_C32_2026-06-27_decklist,,11,Sultai Ritual,Midrange,MorbidDrop,
2026-06-27,Modern,32,,challenge_C32_2026-06-27_decklist,,12,Azorius Control,Control,eclipse4343,
2026-06-27,Modern,32,,challenge_C32_2026-06-27_decklist,,13,Indomitable Creativity,Combo,ionez,
2026-06-27,Modern,32,,challenge_C32_2026-06-27_decklist,,14,Goryo's Vengeance,Graveyard,littesir095,
2026-06-27,Modern,32,,challenge_C32_2026-06-27_decklist,,15,Prowess,Aggro,MTGBananasack,
2026-06-27,Modern,32,,challenge_C32_2026-06-27_decklist,,16,Broodscale Combo,Combo,Ashbrown,
2026-06-27,Modern,32,,challenge_C32_2026-06-27_decklist,,17,Living End,Graveyard,niuwaid001,
2026-06-27,Modern,32,,challenge_C32_2026-06-27_decklist,,18,Eldrazi Tron,Ramp,nv_goblin,
2026-06-27,Modern,32,,challenge_C32_2026-06-27_decklist,,19,Ruby Storm,Combo,NerdDadChad,
2026-06-27,Modern,32,,challenge_C32_2026-06-27_decklist,,20,Grixis Reanimator,Graveyard,Golgarburr,
2026-06-27,Modern,32,,challenge_C32_2026-06-27_decklist,,21,Goryo's Vengeance,Graveyard,suddkymo,
2026-06-27,Modern,32,,challenge_C32_2026-06-27_decklist,,22,Eldrazi Tron,Ramp,RogueKobold679,
2026-06-27,Modern,32,,challenge_C32_2026-06-27_decklist,,23,Dimir Mill,Combo,xerioc,
2026-06-27,Modern,32,,challenge_C32_2026-06-27_decklist,,24,Amulet Titan,Combo,aljce,
2026-06-27,Modern,32,,challenge_C32_2026-06-27_decklist,,25,Boros Energy,Aggro,Jonii,
2026-06-27,Modern,32,,challenge_C32_2026-06-27_decklist,,26,Ruby Storm,Combo,ejk,
2026-06-27,Modern,32,,challenge_C32_2026-06-27_decklist,,27,Belcher,Combo,OPaZZwiZard,
2026-06-27,Modern,32,,challenge_C32_2026-06-27_decklist,,28,Boros Energy,Aggro,ItsMagicJuan,
2026-06-27,Modern,32,,challenge_C32_2026-06-27_decklist,,29,Domain Zoo,Midrange,TingInTheRice,
2026-06-27,Modern,32,,challenge_C32_2026-06-27_decklist,,30,Land Destruction,Control,Bagoot,
2026-06-27,Modern,32,,challenge_C32_2026-06-27_decklist,,31,Grixis Reanimator,Graveyard,i_b_TRUE,
2026-06-27,Modern,32,,challenge_C32_2026-06-27_decklist,,32,Dimir Mill,Combo,tibalt_of_red_sub,
2026-06-27,Modern,64,,challenge_C64_2026-06-27_decklist,,1,Land Destruction,Control,McWinSauce,
2026-06-27,Modern,64,,challenge_C64_2026-06-27_decklist,,2,Simic Midrange,Midrange,strgn7,
2026-06-27,Modern,64,,challenge_C64_2026-06-27_decklist,,3,Affinity,Aggro,Young_Shaman,
2026-06-27,Modern,64,,challenge_C64_2026-06-27_decklist,,4,WBRG,Control,HawQ,
2026-06-27,Modern,64,,challenge_C64_2026-06-27_decklist,,5,Eldrazi Tron,Ramp,Jumba,
2026-06-27,Modern,64,,challenge_C64_2026-06-27_decklist,,6,Land Destruction,Control,Diomed_Tidid,
2026-06-27,Modern,64,,challenge_C64_2026-06-27_decklist,,7,Ruby Storm,Combo,chuyingfei,
2026-06-27,Modern,64,,challenge_C64_2026-06-27_decklist,,8,Grixis Reanimator,Graveyard,Takayama,
2026-06-27,Modern,64,,challenge_C64_2026-06-27_decklist,,9,Goryo's Vengeance,Graveyard,St1ffler,
2026-06-27,Modern,64,,challenge_C64_2026-06-27_decklist,,10,Jeskai Control,Control,Yanatoy,
2026-06-27,Modern,64,,challenge_C64_2026-06-27_decklist,,11,Azorius Blink,Blink,claudioh,
2026-06-27,Modern,64,,challenge_C64_2026-06-27_decklist,,12,Affinity,Aggro,Arcbound_Papi,
2026-06-27,Modern,64,,challenge_C64_2026-06-27_decklist,,13,Azorius Blink,Blink,TrueHero,
2026-06-27,Modern,64,,challenge_C64_2026-06-27_decklist,,14,Grixis Reanimator,Graveyard,Backoff,
2026-06-27,Modern,64,,challenge_C64_2026-06-27_decklist,,15,Ruby Storm,Combo,Spooky_Snoop,
2026-06-27,Modern,64,,challenge_C64_2026-06-27_decklist,,16,Yawgmoth,Midrange,Xerk,
2026-06-27,Modern,64,,challenge_C64_2026-06-27_decklist,,17,Ruby Storm,Combo,makaaaa,
2026-06-27,Modern,64,,challenge_C64_2026-06-27_decklist,,18,Broodscale Combo,Combo,littlebinboy,
2026-06-27,Modern,64,,challenge_C64_2026-06-27_decklist,,19,Prowess,Aggro,EthanGZA,
2026-06-27,Modern,64,,challenge_C64_2026-06-27_decklist,,20,Domain Zoo,Midrange,Apocalypso,
2026-06-27,Modern,64,,challenge_C64_2026-06-27_decklist,,21,Esper Blink,Blink,TheAlmightyCheddar,
2026-06-27,Modern,64,,challenge_C64_2026-06-27_decklist,,22,Affinity,Aggro,Tree42o,
2026-06-27,Modern,64,,challenge_C64_2026-06-27_decklist,,23,UBRG,Control,MahfuzVanGogh,
2026-06-27,Modern,64,,challenge_C64_2026-06-27_decklist,,24,Boros Energy,Aggro,galaxybird,
2026-06-27,Modern,64,,challenge_C64_2026-06-27_decklist,,25,Land Destruction,Control,AlpInco,
2026-06-27,Modern,64,,challenge_C64_2026-06-27_decklist,,26,Ruby Storm,Combo,Alakai,
2026-06-27,Modern,64,,challenge_C64_2026-06-27_decklist,,27,WG,Aggro,VampireDiaries,
2026-06-27,Modern,64,,challenge_C64_2026-06-27_decklist,,28,Affinity,Aggro,Elias,
2026-06-27,Modern,64,,challenge_C64_2026-06-27_decklist,,29,Prowess,Aggro,ersky,
2026-06-27,Modern,64,,challenge_C64_2026-06-27_decklist,,30,Eldrazi Tron,Ramp,Giacomellus7,
2026-06-27,Modern,64,,challenge_C64_2026-06-27_decklist,,31,Boros Energy,Aggro,Jonii,
2026-06-27,Modern,64,,challenge_C64_2026-06-27_decklist,,32,Goryo's Vengeance,Graveyard,avishai-elma,
2026-06-28,Modern,32,,challenge_C32_2026-06-28_decklist,,1,Grixis Reanimator,Graveyard,Backoff,
2026-06-28,Modern,32,,challenge_C32_2026-06-28_decklist,,2,Prowess,Aggro,Suechtler,
2026-06-28,Modern,32,,challenge_C32_2026-06-28_decklist,,3,Ruby Storm,Combo,Polikasoll,
2026-06-28,Modern,32,,challenge_C32_2026-06-28_decklist,,4,Boros Energy,Aggro,LegendaryHuman,
2026-06-28,Modern,32,,challenge_C32_2026-06-28_decklist,,5,Sultai Ritual,Midrange,Coradorable,
2026-06-28,Modern,32,,challenge_C32_2026-06-28_decklist,,6,Ruby Storm,Combo,pwqz,
2026-06-28,Modern,32,,challenge_C32_2026-06-28_decklist,,7,Boros Energy,Aggro,jev_,
2026-06-28,Modern,32,,challenge_C32_2026-06-28_decklist,,8,UG,Combo,Alakai,
2026-06-28,Modern,32,,challenge_C32_2026-06-28_decklist,,9,Prowess,Aggro,hugeowl,
2026-06-28,Modern,32,,challenge_C32_2026-06-28_decklist,,10,Boros Energy,Aggro,xfile,
2026-06-28,Modern,32,,challenge_C32_2026-06-28_decklist,,11,Jeskai Energy,Aggro,Ryuzaki0,
2026-06-28,Modern,32,,challenge_C32_2026-06-28_decklist,,12,Boros Energy,Aggro,rafp,
2026-06-28,Modern,32,,challenge_C32_2026-06-28_decklist,,13,Jeskai Control,Control,viktor_von_muerte,
2026-06-28,Modern,32,,challenge_C32_2026-06-28_decklist,,14,Grixis Death's Shadow,Aggro,__Magic__Dan__,
2026-06-28,Modern,32,,challenge_C32_2026-06-28_decklist,,15,Jeskai Blink,Blink,Hypsh,
2026-06-28,Modern,32,,challenge_C32_2026-06-28_decklist,,16,Domain Zoo,Midrange,bomberboss,
2026-06-28,Modern,32,,challenge_C32_2026-06-28_decklist,,17,4c Reanimator,Graveyard,Sodium123,
2026-06-28,Modern,32,,challenge_C32_2026-06-28_decklist,,18,Goryo's Vengeance,Graveyard,oosunq,
2026-06-28,Modern,32,,challenge_C32_2026-06-28_decklist,,19,Affinity,Aggro,LordEgg,
2026-06-28,Modern,32,,challenge_C32_2026-06-28_decklist,,20,4c HollowOne,Graveyard,Latorretta,
2026-06-28,Modern,32,,challenge_C32_2026-06-28_decklist,,21,Ruby Storm,Combo,Elias,
2026-06-28,Modern,32,,challenge_C32_2026-06-28_decklist,,22,Goryo's Vengeance,Graveyard,Lavaridge,
2026-06-28,Modern,32,,challenge_C32_2026-06-28_decklist,,23,Ruby Storm,Combo,Dreddybajs,
2026-06-28,Modern,32,,challenge_C32_2026-06-28_decklist,,24,Boros Energy,Aggro,JahBoodle,
2026-06-28,Modern,32,,challenge_C32_2026-06-28_decklist,,25,Sultai Ritual,Midrange,Clesss,
2026-06-28,Modern,32,,challenge_C32_2026-06-28_decklist,,26,Grixis Death's Shadow,Aggro,NuBlkAu,
2026-06-28,Modern,32,,challenge_C32_2026-06-28_decklist,,27,Affinity,Aggro,PDeS,
2026-06-28,Modern,32,,challenge_C32_2026-06-28_decklist,,28,Goryo's Vengeance,Graveyard,St1ffler,
2026-06-28,Modern,32,,challenge_C32_2026-06-28_decklist,,29,Goryo's Vengeance,Graveyard,Laplasjan,
2026-06-28,Modern,32,,challenge_C32_2026-06-28_decklist,,30,Goryo's Vengeance,Graveyard,JuanmaAT,
2026-06-28,Modern,32,,challenge_C32_2026-06-28_decklist,,31,Eldrazi Tron,Ramp,gyyby297,
2026-06-28,Modern,32,,challenge_C32_2026-06-28_decklist,,32,Prowess,Aggro,TrueHero,
2026-06-28,Modern,64,,challenge_C64_2026-06-28_decklist,,1,Goryo's Vengeance,Graveyard,KingHairy,
2026-06-28,Modern,64,,challenge_C64_2026-06-28_decklist,,2,Prowess,Aggro,JohnTag667,
2026-06-28,Modern,64,,challenge_C64_2026-06-28_decklist,,3,Esper Control,Control,phillydrew215,
2026-06-28,Modern,64,,challenge_C64_2026-06-28_decklist,,4,Land Destruction,Control,ScreenwriterNY,
2026-06-28,Modern,64,,challenge_C64_2026-06-28_decklist,,5,Azorius Blink,Blink,claudioh,
2026-06-28,Modern,64,,challenge_C64_2026-06-28_decklist,,6,Yawgmoth,Midrange,jontih,
2026-06-28,Modern,64,,challenge_C64_2026-06-28_decklist,,7,Land Destruction,Control,Ceiros,
2026-06-28,Modern,64,,challenge_C64_2026-06-28_decklist,,8,Affinity,Aggro,CliffBoyardee,
2026-06-28,Modern,64,,challenge_C64_2026-06-28_decklist,,9,Eldrazi Tron,Ramp,IanHoff,
2026-06-28,Modern,64,,challenge_C64_2026-06-28_decklist,,10,Dimir Midrange,Midrange,elijah516,
2026-06-28,Modern,64,,challenge_C64_2026-06-28_decklist,,11,Eldrazi Tron,Ramp,OPaZZwiZard,
2026-06-28,Modern,64,,challenge_C64_2026-06-28_decklist,,12,Land Destruction,Control,peter780108,
2026-06-28,Modern,64,,challenge_C64_2026-06-28_decklist,,13,Eldrazi Tron,Ramp,Chadderk,
2026-06-28,Modern,64,,challenge_C64_2026-06-28_decklist,,14,Broodscale Combo,Combo,hauterho,
2026-06-28,Modern,64,,challenge_C64_2026-06-28_decklist,,15,Eldrazi Tron,Ramp,maear,
2026-06-28,Modern,64,,challenge_C64_2026-06-28_decklist,,16,Eldrazi Tron,Ramp,Young_Shaman,
2026-06-28,Modern,64,,challenge_C64_2026-06-28_decklist,,17,Broodscale Combo,Combo,MC_amp2267,
2026-06-28,Modern,64,,challenge_C64_2026-06-28_decklist,,18,Esper Blink,Blink,MarcoBelacca95,
2026-06-28,Modern,64,,challenge_C64_2026-06-28_decklist,,19,Living End,Graveyard,Clamavus,
2026-06-28,Modern,64,,challenge_C64_2026-06-28_decklist,,20,Azorius Control,Control,Chemist1234,
2026-06-28,Modern,64,,challenge_C64_2026-06-28_decklist,,21,Land Destruction,Control,_Batutinha_,
2026-06-28,Modern,64,,challenge_C64_2026-06-28_decklist,,22,Boros Energy,Aggro,Zorro7x4,
2026-06-28,Modern,64,,challenge_C64_2026-06-28_decklist,,23,Ruby Storm,Combo,magikal_juggalo,
2026-06-28,Modern,64,,challenge_C64_2026-06-28_decklist,,24,Boros Energy,Aggro,Thronhart,
2026-06-28,Modern,64,,challenge_C64_2026-06-28_decklist,,25,Eldrazi Tron,Ramp,bless_von,
2026-06-28,Modern,64,,challenge_C64_2026-06-28_decklist,,26,Boros Energy,Aggro,oinkmage22,
2026-06-28,Modern,64,,challenge_C64_2026-06-28_decklist,,27,Land Destruction,Control,johnsmith3373,
2026-06-28,Modern,64,,challenge_C64_2026-06-28_decklist,,28,Affinity,Aggro,Tree42o,
2026-06-28,Modern,64,,challenge_C64_2026-06-28_decklist,,29,Eldrazi Tron,Ramp,sultai4lyfe,
2026-06-28,Modern,64,,challenge_C64_2026-06-28_decklist,,30,Belcher,Combo,Savior0117,
2026-06-28,Modern,64,,challenge_C64_2026-06-28_decklist,,31,Land Destruction,Control,AvianScrolls,
2026-06-28,Modern,64,,challenge_C64_2026-06-28_decklist,,32,Esper Blink,Blink,Jonson26,
2026-06-29,Modern,64,,challenge_C64_2026-06-29_decklist,,1,Eldrazi Tron,Ramp,MC_amp2267,
2026-06-29,Modern,64,,challenge_C64_2026-06-29_decklist,,2,Boros Energy,Aggro,kaikas,
2026-06-29,Modern,64,,challenge_C64_2026-06-29_decklist,,3,Azorius Control,Control,Keggers,
2026-06-29,Modern,64,,challenge_C64_2026-06-29_decklist,,4,Eldrazi Tron,Ramp,Jumba,
2026-06-29,Modern,64,,challenge_C64_2026-06-29_decklist,,5,Affinity,Aggro,Marxelo,
2026-06-29,Modern,64,,challenge_C64_2026-06-29_decklist,,6,Prowess,Aggro,parasisnotcool,
2026-06-29,Modern,64,,challenge_C64_2026-06-29_decklist,,7,Ruby Storm,Combo,Cachorrowo,
2026-06-29,Modern,64,,challenge_C64_2026-06-29_decklist,,8,Living End,Graveyard,Dioferreira,
2026-06-29,Modern,64,,challenge_C64_2026-06-29_decklist,,9,Dimir Mill,Combo,Tinker_deck,
2026-06-29,Modern,64,,challenge_C64_2026-06-29_decklist,,10,Affinity,Aggro,sioutis_kk,
2026-06-29,Modern,64,,challenge_C64_2026-06-29_decklist,,11,Affinity,Aggro,SuperCow12653,
2026-06-29,Modern,64,,challenge_C64_2026-06-29_decklist,,12,Ruby Storm,Combo,hugofreitas1,
2026-06-29,Modern,64,,challenge_C64_2026-06-29_decklist,,13,Jeskai Blink,Midrange,stefansson30952,
2026-06-29,Modern,64,,challenge_C64_2026-06-29_decklist,,14,UG,Combo,Kollslaw,
2026-06-29,Modern,64,,challenge_C64_2026-06-29_decklist,,15,Grixis Reanimator,Graveyard,soggymeatball,
2026-06-29,Modern,64,,challenge_C64_2026-06-29_decklist,,16,Eldrazi Tron,Ramp,sultai4lyfe,
2026-06-29,Modern,64,,challenge_C64_2026-06-29_decklist,,17,Affinity,Aggro,RandomOctopus,
2026-06-29,Modern,64,,challenge_C64_2026-06-29_decklist,,18,Affinity,Aggro,nahuel10,
2026-06-29,Modern,64,,challenge_C64_2026-06-29_decklist,,19,Living End,Graveyard,niuwaid001,
2026-06-29,Modern,64,,challenge_C64_2026-06-29_decklist,,20,Ruby Storm,Combo,cftsoc3,
2026-06-29,Modern,64,,challenge_C64_2026-06-29_decklist,,21,Jeskai Blink,Midrange,Dooter611,
2026-06-29,Modern,64,,challenge_C64_2026-06-29_decklist,,22,Jeskai Control,Control,gamertoad,
2026-06-29,Modern,64,,challenge_C64_2026-06-29_decklist,,23,Land Destruction,Control,ScreenwriterNY,
2026-06-29,Modern,64,,challenge_C64_2026-06-29_decklist,,24,Goryo's Vengeance,Graveyard,albertoSD,
2026-06-29,Modern,64,,challenge_C64_2026-06-29_decklist,,25,Boros Energy,Aggro,DenimHero19,
2026-06-29,Modern,64,,challenge_C64_2026-06-29_decklist,,26,Eldrazi Tron,Ramp,Micro,
2026-06-29,Modern,64,,challenge_C64_2026-06-29_decklist,,27,Land Destruction,Control,johnsmith3373,
2026-06-29,Modern,64,,challenge_C64_2026-06-29_decklist,,28,Domain Zoo,Midrange,bomberboss,
2026-06-29,Modern,64,,challenge_C64_2026-06-29_decklist,,29,Goryo's Vengeance,Graveyard,MarcoBelacca95,
2026-06-29,Modern,64,,challenge_C64_2026-06-29_decklist,,30,Boros Energy,Aggro,Reyun,
2026-06-29,Modern,64,,challenge_C64_2026-06-29_decklist,,31,Affinity,Aggro,LucasG1ggs,
2026-06-29,Modern,64,,challenge_C64_2026-06-29_decklist,,32,Affinity,Aggro,ChewDawg,
2026-06-29,Modern,96,,challenge_C96_2026-06-29_decklist,,1,Goryo's Vengeance,Graveyard,Rvng,
2026-06-29,Modern,96,,challenge_C96_2026-06-29_decklist,,2,Mono-Black Midrange,Midrange,Selfeisek,
2026-06-29,Modern,96,,challenge_C96_2026-06-29_decklist,,3,Boros Energy,Aggro,Kev_1414,
2026-06-29,Modern,96,,challenge_C96_2026-06-29_decklist,,4,Temur Control,Control,TrueHero,
2026-06-29,Modern,96,,challenge_C96_2026-06-29_decklist,,5,Yawgmoth,Midrange,Xerk,
2026-06-29,Modern,96,,challenge_C96_2026-06-29_decklist,,6,Jeskai Control,Control,viktor_von_muerte,
2026-06-29,Modern,96,,challenge_C96_2026-06-29_decklist,,7,Azorius Control,Control,GWT,
2026-06-29,Modern,96,,challenge_C96_2026-06-29_decklist,,8,Domain Zoo,Midrange,bomberboss,
2026-06-29,Modern,96,,challenge_C96_2026-06-29_decklist,,9,Ruby Storm,Combo,X_Why_Z,
2026-06-29,Modern,96,,challenge_C96_2026-06-29_decklist,,10,Affinity,Aggro,Smallforest,
2026-06-29,Modern,96,,challenge_C96_2026-06-29_decklist,,11,Belcher,Combo,bugzbugs,
2026-06-29,Modern,96,,challenge_C96_2026-06-29_decklist,,12,Prowess,Aggro,oskiyaa,
2026-06-29,Modern,96,,challenge_C96_2026-06-29_decklist,,13,Grixis Reanimator,Graveyard,Fransadness,
2026-06-29,Modern,96,,challenge_C96_2026-06-29_decklist,,14,Boros Energy,Aggro,Ryosis,
2026-06-29,Modern,96,,challenge_C96_2026-06-29_decklist,,15,Eldrazi Tron,Ramp,Jim_Minhoca,
2026-06-29,Modern,96,,challenge_C96_2026-06-29_decklist,,16,Prowess,Aggro,mikeleee,
2026-06-29,Modern,96,,challenge_C96_2026-06-29_decklist,,17,Goryo's Vengeance,Graveyard,DrPP,
2026-06-29,Modern,96,,challenge_C96_2026-06-29_decklist,,18,Eldrazi Tron,Ramp,RTR_,
2026-06-29,Modern,96,,challenge_C96_2026-06-29_decklist,,19,Prowess,Aggro,badgods,
2026-06-29,Modern,96,,challenge_C96_2026-06-29_decklist,,20,Boros Energy,Aggro,TokaraStrait,
2026-06-29,Modern,96,,challenge_C96_2026-06-29_decklist,,21,Grixis Reanimator,Graveyard,Capitano_CL,
2026-06-29,Modern,96,,challenge_C96_2026-06-29_decklist,,22,Domain Zoo,Midrange,Pleyboy,
2026-06-29,Modern,96,,challenge_C96_2026-06-29_decklist,,23,Yawgmoth,Midrange,ShikiXYZ,
2026-06-29,Modern,96,,challenge_C96_2026-06-29_decklist,,24,Goryo's Vengeance,Graveyard,KingHairy,
2026-06-29,Modern,96,,challenge_C96_2026-06-29_decklist,,25,Azorius Control,Control,Salvatto,
2026-06-29,Modern,96,,challenge_C96_2026-06-29_decklist,,26,Living End,Graveyard,fdriku98,
2026-06-29,Modern,96,,challenge_C96_2026-06-29_decklist,,27,Eldrazi Tron,Ramp,Antarctica,
2026-06-29,Modern,96,,challenge_C96_2026-06-29_decklist,,28,Goryo's Vengeance,Graveyard,ElPuerco,
2026-06-29,Modern,96,,challenge_C96_2026-06-29_decklist,,29,Esper Blink,Blink,Zuin,
2026-06-29,Modern,96,,challenge_C96_2026-06-29_decklist,,30,Esper Midrange,Midrange,DB_cntrlfreak_ttv,
2026-06-29,Modern,96,,challenge_C96_2026-06-29_decklist,,31,Affinity,Aggro,nahuel10,
2026-06-29,Modern,96,,challenge_C96_2026-06-29_decklist,,32,Grixis Reanimator,Graveyard,Moe12,
2026-06-30,Modern,64,,challenge_C64_2026-06-30_decklist,,1,Boros Energy,Aggro,rastaf,
2026-06-30,Modern,64,,challenge_C64_2026-06-30_decklist,,2,Living End,Graveyard,MeninooNey,
2026-06-30,Modern,64,,challenge_C64_2026-06-30_decklist,,3,Belcher,Combo,bugzbugs,
2026-06-30,Modern,64,,challenge_C64_2026-06-30_decklist,,4,Eldrazi Tron,Ramp,Odin2015,
2026-06-30,Modern,64,,challenge_C64_2026-06-30_decklist,,5,Jeskai Control,Control,JustAnotherGuy83,
2026-06-30,Modern,64,,challenge_C64_2026-06-30_decklist,,6,Grixis Reanimator,Graveyard,Capitano_CL,
2026-06-30,Modern,64,,challenge_C64_2026-06-30_decklist,,7,Boros Energy,Aggro,RandomOctopus,
2026-06-30,Modern,64,,challenge_C64_2026-06-30_decklist,,8,Grixis Control,Control,Bruskk,
2026-06-30,Modern,64,,challenge_C64_2026-06-30_decklist,,9,Jeskai Energy,Aggro,Valident,
2026-06-30,Modern,64,,challenge_C64_2026-06-30_decklist,,10,Yawgmoth,Midrange,duke12,
2026-06-30,Modern,64,,challenge_C64_2026-06-30_decklist,,11,URG,Midrange,joaoclaudioms,
2026-06-30,Modern,64,,challenge_C64_2026-06-30_decklist,,12,Dimir Midrange,Midrange,OafMcNamara,
2026-06-30,Modern,64,,challenge_C64_2026-06-30_decklist,,13,Jeskai Control,Control,OctillionBees,
2026-06-30,Modern,64,,challenge_C64_2026-06-30_decklist,,14,Goryo's Vengeance,Graveyard,Rvng,
2026-06-30,Modern,64,,challenge_C64_2026-06-30_decklist,,15,Azorius Blink,Blink,yriel,
2026-06-30,Modern,64,,challenge_C64_2026-06-30_decklist,,16,Goryo's Vengeance,Graveyard,IDontNeedAName,
2026-06-30,Modern,64,,challenge_C64_2026-06-30_decklist,,17,Prowess,Aggro,GyaraMos6812,
2026-06-30,Modern,64,,challenge_C64_2026-06-30_decklist,,18,Yawgmoth,Midrange,ShikiXYZ,
2026-06-30,Modern,64,,challenge_C64_2026-06-30_decklist,,19,Esper Midrange,Midrange,DB_cntrlfreak_ttv,
2026-06-30,Modern,64,,challenge_C64_2026-06-30_decklist,,20,Boros Energy,Aggro,InspiringPresence,
2026-06-30,Modern,64,,challenge_C64_2026-06-30_decklist,,21,Eldrazi Tron,Ramp,Jumba,
2026-06-30,Modern,64,,challenge_C64_2026-06-30_decklist,,22,Land Destruction,Control,ScreenwriterNY,
2026-06-30,Modern,64,,challenge_C64_2026-06-30_decklist,,23,Boros Energy,Aggro,LegacyGrinder,
2026-06-30,Modern,64,,challenge_C64_2026-06-30_decklist,,24,Land Destruction,Control,sicsmoo,
2026-06-30,Modern,64,,challenge_C64_2026-06-30_decklist,,25,Goryo's Vengeance,Graveyard,MarcoBelacca95,
2026-06-30,Modern,64,,challenge_C64_2026-06-30_decklist,,26,Eldrazi Tron,Ramp,leandru,
2026-06-30,Modern,64,,challenge_C64_2026-06-30_decklist,,27,Goryo's Vengeance,Graveyard,unagieel,
2026-06-30,Modern,64,,challenge_C64_2026-06-30_decklist,,28,Grixis Reanimator,Graveyard,Pafru,
2026-06-30,Modern,64,,challenge_C64_2026-06-30_decklist,,29,Affinity,Aggro,Martin_Dominguez,
2026-06-30,Modern,64,,challenge_C64_2026-06-30_decklist,,30,Eldrazi Tron,Ramp,bunnyfat,
2026-06-30,Modern,64,,challenge_C64_2026-06-30_decklist,,31,Boros Energy,Aggro,k9inthetardis,
2026-06-30,Modern,64,,challenge_C64_2026-06-30_decklist,,32,Boros Energy,Aggro,Sarlanga,
2026-07-01,Modern,96,,challenge_C96_2026-07-01_decklist,,1,Prowess,Aggro,toondoslav,
2026-07-01,Modern,96,,challenge_C96_2026-07-01_decklist,,2,Yawgmoth,Midrange,Xerk,
2026-07-01,Modern,96,,challenge_C96_2026-07-01_decklist,,3,Grixis Control,Control,Bruskk,
2026-07-01,Modern,96,,challenge_C96_2026-07-01_decklist,,4,Grixis Reanimator,Graveyard,JPA93,
2026-07-01,Modern,96,,challenge_C96_2026-07-01_decklist,,5,Boros Energy,Aggro,zturchan,
2026-07-01,Modern,96,,challenge_C96_2026-07-01_decklist,,6,Eldrazi Tron,Ramp,RCMerriam,
2026-07-01,Modern,96,,challenge_C96_2026-07-01_decklist,,7,Belcher,Combo,Savior0117,
2026-07-01,Modern,96,,challenge_C96_2026-07-01_decklist,,8,Belcher,Combo,Galashev29,
2026-07-01,Modern,96,,challenge_C96_2026-07-01_decklist,,9,Yawgmoth,Midrange,ShikiXYZ,
2026-07-01,Modern,96,,challenge_C96_2026-07-01_decklist,,10,Dimir Midrange,Midrange,OafMcNamara,
2026-07-01,Modern,96,,challenge_C96_2026-07-01_decklist,,11,Living End,Graveyard,MeninooNey,
2026-07-01,Modern,96,,challenge_C96_2026-07-01_decklist,,12,Affinity,Aggro,nahuel10,
2026-07-01,Modern,96,,challenge_C96_2026-07-01_decklist,,13,Jeskai Energy,Aggro,tchuco,
2026-07-01,Modern,96,,challenge_C96_2026-07-01_decklist,,14,Ruby Storm,Combo,azax,
2026-07-01,Modern,96,,challenge_C96_2026-07-01_decklist,,15,Ruby Storm,Combo,Comrade1312,
2026-07-01,Modern,96,,challenge_C96_2026-07-01_decklist,,16,The Rock,Midrange,Craig_Long123,
2026-07-01,Modern,96,,challenge_C96_2026-07-01_decklist,,17,Prowess,Aggro,JohnTag667,
2026-07-01,Modern,96,,challenge_C96_2026-07-01_decklist,,18,Eldrazi Tron,Ramp,RoccoCocco,
2026-07-01,Modern,96,,challenge_C96_2026-07-01_decklist,,19,Jeskai Control,Control,Mldyss,
2026-07-01,Modern,96,,challenge_C96_2026-07-01_decklist,,20,Jeskai Blink,Blink,brainstormlocked,
2026-07-01,Modern,96,,challenge_C96_2026-07-01_decklist,,21,Affinity,Aggro,Whitevision,
2026-07-01,Modern,96,,challenge_C96_2026-07-01_decklist,,22,Ruby Storm,Combo,harlouuk,
2026-07-01,Modern,96,,challenge_C96_2026-07-01_decklist,,23,Jeskai Control,Control,xl_snapcaster,
2026-07-01,Modern,96,,challenge_C96_2026-07-01_decklist,,24,Ragavan,Aggro,MystikHawk,
2026-07-01,Modern,96,,challenge_C96_2026-07-01_decklist,,25,Affinity,Aggro,chairiang,
2026-07-01,Modern,96,,challenge_C96_2026-07-01_decklist,,26,Eldrazi Tron,Ramp,frenzyofexultations,
2026-07-01,Modern,96,,challenge_C96_2026-07-01_decklist,,27,Dimir Midrange,Midrange,kcomedina,
2026-07-01,Modern,96,,challenge_C96_2026-07-01_decklist,,28,Temur Control,Control,missflood,
2026-07-01,Modern,96,,challenge_C96_2026-07-01_decklist,,29,Goryo's Vengeance,Graveyard,jussupinator,
2026-07-01,Modern,96,,challenge_C96_2026-07-01_decklist,,30,Boros Energy,Aggro,YAK9k,
2026-07-01,Modern,96,,challenge_C96_2026-07-01_decklist,,31,Boros Energy,Aggro,rastaf,
2026-07-01,Modern,96,,challenge_C96_2026-07-01_decklist,,32,Broodscale Combo,Combo,Thunus,
2026-07-02,Modern,64,,challenge_C64_2026-07-02_decklist,,1,Land Destruction,Control,Corkyboyy,
2026-07-02,Modern,64,,challenge_C64_2026-07-02_decklist,,2,Grixis Reanimator,Graveyard,broers_,
2026-07-02,Modern,64,,challenge_C64_2026-07-02_decklist,,3,Boros Energy,Aggro,Chloe_Knight,
2026-07-02,Modern,64,,challenge_C64_2026-07-02_decklist,,4,Affinity,Aggro,DJK3V1N,
2026-07-02,Modern,64,,challenge_C64_2026-07-02_decklist,,5,Boros Energy,Aggro,LegendaryHuman,
2026-07-02,Modern,64,,challenge_C64_2026-07-02_decklist,,6,Affinity,Aggro,chairiang,
2026-07-02,Modern,64,,challenge_C64_2026-07-02_decklist,,7,Dimir Midrange,Midrange,kcomedina,
2026-07-02,Modern,64,,challenge_C64_2026-07-02_decklist,,8,Amulet Titan,Combo,kanister,
2026-07-02,Modern,64,,challenge_C64_2026-07-02_decklist,,9,Boros Energy,Aggro,Young_Shaman,
2026-07-02,Modern,64,,challenge_C64_2026-07-02_decklist,,10,Esper Blink,Blink,Xanzure,
2026-07-02,Modern,64,,challenge_C64_2026-07-02_decklist,,11,Goryo's Vengeance,Graveyard,ElPuerco,
2026-07-02,Modern,64,,challenge_C64_2026-07-02_decklist,,12,WB,Blink,dunkzone,
2026-07-02,Modern,64,,challenge_C64_2026-07-02_decklist,,13,Amulet Titan,Combo,kytk321,
2026-07-02,Modern,64,,challenge_C64_2026-07-02_decklist,,14,Eldrazi Tron,Ramp,Xenowan,
2026-07-02,Modern,64,,challenge_C64_2026-07-02_decklist,,15,Affinity,Aggro,Junkmener,
2026-07-02,Modern,64,,challenge_C64_2026-07-02_decklist,,16,Eldrazi Ramp,Ramp,AllanonCEW,
2026-07-02,Modern,64,,challenge_C64_2026-07-02_decklist,,17,Affinity,Aggro,nahuel10,
2026-07-02,Modern,64,,challenge_C64_2026-07-02_decklist,,18,Eldrazi Tron,Ramp,McWinSauce,
2026-07-02,Modern,64,,challenge_C64_2026-07-02_decklist,,19,Affinity,Aggro,Prodyman,
2026-07-02,Modern,64,,challenge_C64_2026-07-02_decklist,,20,Ruby Storm,Combo,SilversRayleigh,
2026-07-02,Modern,64,,challenge_C64_2026-07-02_decklist,,21,Goryo's Vengeance,Graveyard,Rvng,
2026-07-02,Modern,64,,challenge_C64_2026-07-02_decklist,,22,Eldrazi Tron,Ramp,terlollo04,
2026-07-02,Modern,64,,challenge_C64_2026-07-02_decklist,,23,Broodscale Combo,Combo,Thunus,
2026-07-02,Modern,64,,challenge_C64_2026-07-02_decklist,,24,Goryo's Vengeance,Graveyard,JuanmaAT,
2026-07-02,Modern,64,,challenge_C64_2026-07-02_decklist,,25,Grixis Control,Control,_Falcon_,
2026-07-02,Modern,64,,challenge_C64_2026-07-02_decklist,,26,Goryo's Vengeance,Graveyard,_IlNano_,
2026-07-02,Modern,64,,challenge_C64_2026-07-02_decklist,,27,Esper Blink,Blink,Omegauo,
2026-07-02,Modern,64,,challenge_C64_2026-07-02_decklist,,28,Azorius Control,Control,JakeTMS,
2026-07-02,Modern,64,,challenge_C64_2026-07-02_decklist,,29,Land Destruction,Control,bomberboss,
2026-07-02,Modern,64,,challenge_C64_2026-07-02_decklist,,30,Eldrazi Tron,Ramp,DJStillio,
2026-07-02,Modern,64,,challenge_C64_2026-07-02_decklist,,31,Ruby Storm,Combo,makaaaa,
2026-07-02,Modern,64,,challenge_C64_2026-07-02_decklist,,32,Grixis Control,Control,Dioferreira,
2026-07-03,Modern,64,,challenge_C64_2026-07-03_decklist,,1,Belcher,Combo,Savior0117,
2026-07-03,Modern,64,,challenge_C64_2026-07-03_decklist,,2,The Rock,Midrange,xdd,
2026-07-03,Modern,64,,challenge_C64_2026-07-03_decklist,,3,Eldrazi Tron,Ramp,ShikiXYZ,
2026-07-03,Modern,64,,challenge_C64_2026-07-03_decklist,,4,Eldrazi Tron,Ramp,Jumba,
2026-07-03,Modern,64,,challenge_C64_2026-07-03_decklist,,5,Land Destruction,Control,selesneal,
2026-07-03,Modern,64,,challenge_C64_2026-07-03_decklist,,6,Grixis Reanimator,Graveyard,Death_Lighter,
2026-07-03,Modern,64,,challenge_C64_2026-07-03_decklist,,7,Eldrazi Tron,Ramp,Marmotte_Lambda,
2026-07-03,Modern,64,,challenge_C64_2026-07-03_decklist,,8,URG,Midrange,Suechtler,
2026-07-03,Modern,64,,challenge_C64_2026-07-03_decklist,,9,Goryo's Vengeance,Graveyard,KingHairy,
2026-07-03,Modern,64,,challenge_C64_2026-07-03_decklist,,10,Ruby Storm,Combo,Cachorrowo,
2026-07-03,Modern,64,,challenge_C64_2026-07-03_decklist,,11,Grixis Reanimator,Graveyard,Oscar_Franco,
2026-07-03,Modern,64,,challenge_C64_2026-07-03_decklist,,12,Eldrazi Tron,Ramp,Porks,
2026-07-03,Modern,64,,challenge_C64_2026-07-03_decklist,,13,Yawgmoth,Midrange,D00mwake,
2026-07-03,Modern,64,,challenge_C64_2026-07-03_decklist,,14,Esper Blink,Blink,Gxs3v3n,
2026-07-03,Modern,64,,challenge_C64_2026-07-03_decklist,,15,Grixis Reanimator,Graveyard,Backoff,
2026-07-03,Modern,64,,challenge_C64_2026-07-03_decklist,,16,Ruby Storm,Combo,YungDingo,
2026-07-03,Modern,64,,challenge_C64_2026-07-03_decklist,,17,Goryo's Vengeance,Graveyard,MarcoBelacca95,
2026-07-03,Modern,64,,challenge_C64_2026-07-03_decklist,,18,Boros Energy,Aggro,rastaf,
2026-07-03,Modern,64,,challenge_C64_2026-07-03_decklist,,19,Boros Energy,Aggro,CliffBoyardee,
2026-07-03,Modern,64,,challenge_C64_2026-07-03_decklist,,20,Boros Energy,Aggro,kaikas,
2026-07-03,Modern,64,,challenge_C64_2026-07-03_decklist,,21,Amulet Titan,Combo,deftjad,
2026-07-03,Modern,64,,challenge_C64_2026-07-03_decklist,,22,Ruby Storm,Combo,harlouuk,
2026-07-03,Modern,64,,challenge_C64_2026-07-03_decklist,,23,Azorius Control,Control,GWT,
2026-07-03,Modern,64,,challenge_C64_2026-07-03_decklist,,24,Domain Zoo,Midrange,Urthstrype,
2026-07-03,Modern,64,,challenge_C64_2026-07-03_decklist,,25,Eldrazi Ramp,Ramp,sgcyrus,
2026-07-03,Modern,64,,challenge_C64_2026-07-03_decklist,,26,Affinity,Aggro,Retrisma,
2026-07-03,Modern,64,,challenge_C64_2026-07-03_decklist,,27,Ruby Storm,Combo,chuyingfei,
2026-07-03,Modern,64,,challenge_C64_2026-07-03_decklist,,28,Prowess,Aggro,eyalos2806,
2026-07-03,Modern,64,,challenge_C64_2026-07-03_decklist,,29,Grixis Reanimator,Graveyard,Edel,
2026-07-03,Modern,64,,challenge_C64_2026-07-03_decklist,,30,Grixis Midrange,Midrange,Bruskk,
2026-07-03,Modern,64,,challenge_C64_2026-07-03_decklist,,31,Boros Energy,Aggro,Univerce,
2026-07-03,Modern,64,,challenge_C64_2026-07-03_decklist,,32,Prowess,Aggro,Doomenstein,
2026-07-04,Modern,32,,challenge_C32_2026-07-04_decklist,,1,Jeskai Energy,Aggro,yolad,
2026-07-04,Modern,32,,challenge_C32_2026-07-04_decklist,,2,Goryo's Vengeance,Graveyard,Jonii,
2026-07-04,Modern,32,,challenge_C32_2026-07-04_decklist,,3,Belcher,Combo,FakeShaver,
2026-07-04,Modern,32,,challenge_C32_2026-07-04_decklist,,4,Eldrazi Tron,Ramp,gazmon48,
2026-07-04,Modern,32,,challenge_C32_2026-07-04_decklist,,5,Grixis Control,Control,TrueHero,
2026-07-04,Modern,32,,challenge_C32_2026-07-04_decklist,,6,Land Destruction,Control,LuRu,
2026-07-04,Modern,32,,challenge_C32_2026-07-04_decklist,,7,Lantern,Control,Taddy_99,
2026-07-04,Modern,32,,challenge_C32_2026-07-04_decklist,,8,Mono-Black Midrange,Midrange,Selfeisek,
2026-07-04,Modern,32,,challenge_C32_2026-07-04_decklist,,9,Yawgmoth,Midrange,Xerk,
2026-07-04,Modern,32,,challenge_C32_2026-07-04_decklist,,10,Land Destruction,Control,strgn7,
2026-07-04,Modern,32,,challenge_C32_2026-07-04_decklist,,11,Broodscale Combo,Combo,SanPop,
2026-07-04,Modern,32,,challenge_C32_2026-07-04_decklist,,12,Ruby Storm,Combo,Cachorrowo,
2026-07-04,Modern,32,,challenge_C32_2026-07-04_decklist,,13,Eldrazi Tron,Ramp,Fransadness,
2026-07-04,Modern,32,,challenge_C32_2026-07-04_decklist,,14,Eldrazi Tron,Ramp,frenzyofexultations,
2026-07-04,Modern,32,,challenge_C32_2026-07-04_decklist,,15,Goryo's Vengeance,Graveyard,MarcoBelacca95,
2026-07-04,Modern,32,,challenge_C32_2026-07-04_decklist,,16,Ruby Storm,Combo,Dreddybajs,
2026-07-04,Modern,32,,challenge_C32_2026-07-04_decklist,,17,Domain Zoo,Midrange,pppoku,
2026-07-04,Modern,32,,challenge_C32_2026-07-04_decklist,,18,Song of Creation,Combo,solaec0501,
2026-07-04,Modern,32,,challenge_C32_2026-07-04_decklist,,19,Ruby Storm,Combo,crazythursday,
2026-07-04,Modern,32,,challenge_C32_2026-07-04_decklist,,20,Boros Energy,Aggro,eXeliS,
2026-07-04,Modern,32,,challenge_C32_2026-07-04_decklist,,21,Domain Zoo,Midrange,BOOSTONj,
2026-07-04,Modern,32,,challenge_C32_2026-07-04_decklist,,22,Azorius Blink,Blink,Foxantes,
2026-07-04,Modern,32,,challenge_C32_2026-07-04_decklist,,23,Azorius Control,Control,1OR513N86,
2026-07-04,Modern,32,,challenge_C32_2026-07-04_decklist,,24,Grixis Reanimator,Graveyard,Moe12,
2026-07-04,Modern,32,,challenge_C32_2026-07-04_decklist,,25,Goryo's Vengeance,Graveyard,JAJC,
2026-07-04,Modern,32,,challenge_C32_2026-07-04_decklist,,26,Grixis Reanimator,Graveyard,JPA93,
2026-07-04,Modern,32,,challenge_C32_2026-07-04_decklist,,27,Hammer Time,Combo,Eyelash,
2026-07-04,Modern,32,,challenge_C32_2026-07-04_decklist,,28,Rakdos Aggro,Aggro,DragonFodder,
2026-07-04,Modern,32,,challenge_C32_2026-07-04_decklist,,29,Jeskai Control,Control,EiJunCHN,
2026-07-04,Modern,32,,challenge_C32_2026-07-04_decklist,,30,Eldrazi Tron,Ramp,Joey_Wheeler,
2026-07-04,Modern,32,,challenge_C32_2026-07-04_decklist,,31,Affinity,Aggro,sioutis_kk,
2026-07-04,Modern,32,,challenge_C32_2026-07-04_decklist,,32,Affinity,Aggro,Deathmaxx,
2026-07-04,Modern,64,,challenge_C64_2026-07-04_decklist,,1,Eldrazi Tron,Ramp,Flossing,
2026-07-04,Modern,64,,challenge_C64_2026-07-04_decklist,,2,Boros Energy,Aggro,kasiso,
2026-07-04,Modern,64,,challenge_C64_2026-07-04_decklist,,3,Mono-Black Midrange,Midrange,Selfeisek,
2026-07-04,Modern,64,,challenge_C64_2026-07-04_decklist,,4,Mardu HollowOne,Graveyard,flamyblade,
2026-07-04,Modern,64,,challenge_C64_2026-07-04_decklist,,5,Amulet Titan,Combo,reidq7,
2026-07-04,Modern,64,,challenge_C64_2026-07-04_decklist,,6,Broodscale Combo,Combo,HelpfulHobo,
2026-07-04,Modern,64,,challenge_C64_2026-07-04_decklist,,7,Azorius Control,Control,bennybo,
2026-07-04,Modern,64,,challenge_C64_2026-07-04_decklist,,8,Affinity,Aggro,RandomOctopus,
2026-07-04,Modern,64,,challenge_C64_2026-07-04_decklist,,9,Eldrazi Tron,Ramp,sultai4lyfe,
2026-07-04,Modern,64,,challenge_C64_2026-07-04_decklist,,10,Yawgmoth,Midrange,TheMeatMan,
2026-07-04,Modern,64,,challenge_C64_2026-07-04_decklist,,11,Affinity,Aggro,toothymtg,
2026-07-04,Modern,64,,challenge_C64_2026-07-04_decklist,,12,Prowess,Aggro,tuckedaway,
2026-07-04,Modern,64,,challenge_C64_2026-07-04_decklist,,13,Ruby Storm,Combo,dsnavely13,
2026-07-04,Modern,64,,challenge_C64_2026-07-04_decklist,,14,Living End,Graveyard,Dioferreira,
2026-07-04,Modern,64,,challenge_C64_2026-07-04_decklist,,15,Boros Energy,Aggro,ProtoPulse,
2026-07-04,Modern,64,,challenge_C64_2026-07-04_decklist,,16,Land Destruction,Control,selesneal,
2026-07-04,Modern,64,,challenge_C64_2026-07-04_decklist,,17,Grixis Reanimator,Graveyard,C_S_W____,
2026-07-04,Modern,64,,challenge_C64_2026-07-04_decklist,,18,Grixis Reanimator,Graveyard,FranBenitez91,
2026-07-04,Modern,64,,challenge_C64_2026-07-04_decklist,,19,Broodscale Combo,Combo,puppymissile,
2026-07-04,Modern,64,,challenge_C64_2026-07-04_decklist,,20,Affinity,Aggro,distinctive,
2026-07-04,Modern,64,,challenge_C64_2026-07-04_decklist,,21,Boros Energy,Aggro,choccy_milk,
2026-07-04,Modern,64,,challenge_C64_2026-07-04_decklist,,22,Land Destruction,Control,Rapgod,
2026-07-04,Modern,64,,challenge_C64_2026-07-04_decklist,,23,Affinity,Aggro,LucasG1ggs,
2026-07-04,Modern,64,,challenge_C64_2026-07-04_decklist,,24,Dimir Midrange,Midrange,fried-liver-attack,
2026-07-04,Modern,64,,challenge_C64_2026-07-04_decklist,,25,Living End,Graveyard,Salochin,
2026-07-04,Modern,64,,challenge_C64_2026-07-04_decklist,,26,Golgari Coffers,Midrange,Meatballsub,
2026-07-04,Modern,64,,challenge_C64_2026-07-04_decklist,,27,Grixis Reanimator,Graveyard,Capitano_CL,
2026-07-04,Modern,64,,challenge_C64_2026-07-04_decklist,,28,Azorius Control,Control,eclipse4343,
2026-07-04,Modern,64,,challenge_C64_2026-07-04_decklist,,29,Azorius Blink,Blink,YungDingo,
2026-07-04,Modern,64,,challenge_C64_2026-07-04_decklist,,30,Grixis Reanimator,Graveyard,peter780108,
2026-07-04,Modern,64,,challenge_C64_2026-07-04_decklist,,31,Dimir Mill,Combo,xerioc,
2026-07-04,Modern,64,,challenge_C64_2026-07-04_decklist,,32,Eldrazi Tron,Ramp,ob_1,
2026-07-05,Modern,32,,challenge_C32_2026-07-05_decklist,,1,Affinity,Aggro,Deathmaxx,
2026-07-05,Modern,32,,challenge_C32_2026-07-05_decklist,,2,4c HollowOne,Graveyard,PJKP,
2026-07-05,Modern,32,,challenge_C32_2026-07-05_decklist,,3,Esper Blink,Blink,Omegauo,
2026-07-05,Modern,32,,challenge_C32_2026-07-05_decklist,,4,Prowess,Aggro,tamanegi,
2026-07-05,Modern,32,,challenge_C32_2026-07-05_decklist,,5,Boros Energy,Aggro,_Tia93_,
2026-07-05,Modern,32,,challenge_C32_2026-07-05_decklist,,6,Affinity,Aggro,swff,
2026-07-05,Modern,32,,challenge_C32_2026-07-05_decklist,,7,Affinity,Aggro,iNoXy,
2026-07-05,Modern,32,,challenge_C32_2026-07-05_decklist,,8,Boros Energy,Aggro,AlexanderRosdahl,
2026-07-05,Modern,32,,challenge_C32_2026-07-05_decklist,,9,Goryo's Vengeance,Graveyard,Rvng,
2026-07-05,Modern,32,,challenge_C32_2026-07-05_decklist,,10,Eldrazi Tron,Ramp,Marmotte_Lambda,
2026-07-05,Modern,32,,challenge_C32_2026-07-05_decklist,,11,Boros Energy,Aggro,liuyuchen,
2026-07-05,Modern,32,,challenge_C32_2026-07-05_decklist,,12,Boros Burn,Aggro,Darko_mtg,
2026-07-05,Modern,32,,challenge_C32_2026-07-05_decklist,,13,Eldrazi Tron,Ramp,Pallocchia314,
2026-07-05,Modern,32,,challenge_C32_2026-07-05_decklist,,14,Prowess,Aggro,badgods,
2026-07-05,Modern,32,,challenge_C32_2026-07-05_decklist,,15,Amulet Titan,Combo,MrValakut,
2026-07-05,Modern,32,,challenge_C32_2026-07-05_decklist,,16,Goryo's Vengeance,Graveyard,KingChainsaw,
2026-07-05,Modern,32,,challenge_C32_2026-07-05_decklist,,17,Land Destruction,Control,jps_17,
2026-07-05,Modern,32,,challenge_C32_2026-07-05_decklist,,18,Boros Energy,Aggro,Lollopollo2001,
2026-07-05,Modern,32,,challenge_C32_2026-07-05_decklist,,19,Prowess,Aggro,cambrey,
2026-07-05,Modern,32,,challenge_C32_2026-07-05_decklist,,20,Jeskai Blink,Midrange,CavalloGoloso,
2026-07-05,Modern,32,,challenge_C32_2026-07-05_decklist,,21,Goryo's Vengeance,Graveyard,Jonii,
2026-07-05,Modern,32,,challenge_C32_2026-07-05_decklist,,22,Prowess,Aggro,DelverOfBolts,
2026-07-05,Modern,32,,challenge_C32_2026-07-05_decklist,,23,Jeskai Energy,Aggro,bearland,
2026-07-05,Modern,32,,challenge_C32_2026-07-05_decklist,,24,Boros Energy,Aggro,jev_,
2026-07-05,Modern,32,,challenge_C32_2026-07-05_decklist,,25,Boros Energy,Aggro,Krausser,
2026-07-05,Modern,32,,challenge_C32_2026-07-05_decklist,,26,Eldrazi Tron,Ramp,wutey,
2026-07-05,Modern,32,,challenge_C32_2026-07-05_decklist,,27,Azorius Blink,Blink,dgreen16,
2026-07-05,Modern,32,,challenge_C32_2026-07-05_decklist,,28,Amulet Titan,Combo,WeareVenom,
2026-07-05,Modern,32,,challenge_C32_2026-07-05_decklist,,29,Domain Zoo,Midrange,bomberboss,
2026-07-05,Modern,32,,challenge_C32_2026-07-05_decklist,,30,Ruby Storm,Combo,Leyen_decker,
2026-07-05,Modern,32,,challenge_C32_2026-07-05_decklist,,31,Land Destruction,Control,johnsmith3373,
2026-07-05,Modern,32,,challenge_C32_2026-07-05_decklist,,32,Land Destruction,Control,unagieel,
2026-07-05,Modern,64,,challenge_C64_2026-07-05_decklist,,1,Ruby Storm,Combo,Cachorrowo,
2026-07-05,Modern,64,,challenge_C64_2026-07-05_decklist,,2,Boros Energy,Aggro,kasiso,
2026-07-05,Modern,64,,challenge_C64_2026-07-05_decklist,,3,Hammer Time,Combo,ETBJezus,
2026-07-05,Modern,64,,challenge_C64_2026-07-05_decklist,,4,Prowess,Aggro,SpikeCHEN,
2026-07-05,Modern,64,,challenge_C64_2026-07-05_decklist,,5,Boros Energy,Aggro,bless_von,
2026-07-05,Modern,64,,challenge_C64_2026-07-05_decklist,,6,Eldrazi Tron,Ramp,renatoaraujo,
2026-07-05,Modern,64,,challenge_C64_2026-07-05_decklist,,7,Amulet Titan,Combo,reidq7,
2026-07-05,Modern,64,,challenge_C64_2026-07-05_decklist,,8,Living End,Graveyard,niuwaid001,
2026-07-05,Modern,64,,challenge_C64_2026-07-05_decklist,,9,Living End,Graveyard,Sebby8715,
2026-07-05,Modern,64,,challenge_C64_2026-07-05_decklist,,10,Living End,Graveyard,Lord_Beerus,
2026-07-05,Modern,64,,challenge_C64_2026-07-05_decklist,,11,Boros Energy,Aggro,Misplacedginger,
2026-07-05,Modern,64,,challenge_C64_2026-07-05_decklist,,12,Rakdos HollowOne,Graveyard,kattsu,
2026-07-05,Modern,64,,challenge_C64_2026-07-05_decklist,,13,Boros Energy,Aggro,CMack_,
2026-07-05,Modern,64,,challenge_C64_2026-07-05_decklist,,14,Eldrazi Tron,Ramp,MarcoBelacca95,
2026-07-05,Modern,64,,challenge_C64_2026-07-05_decklist,,15,Esper Blink,Blink,Omegauo,
2026-07-05,Modern,64,,challenge_C64_2026-07-05_decklist,,16,Boros Energy,Aggro,AttillA,
2026-07-05,Modern,64,,challenge_C64_2026-07-05_decklist,,17,Boros Energy,Aggro,RandomOctopus,
2026-07-05,Modern,64,,challenge_C64_2026-07-05_decklist,,18,Mono-Black Midrange,Midrange,Selfeisek,
2026-07-05,Modern,64,,challenge_C64_2026-07-05_decklist,,19,Goryo's Vengeance,Graveyard,littesir095,
2026-07-05,Modern,64,,challenge_C64_2026-07-05_decklist,,20,Boros Energy,Aggro,TheUnseen,
2026-07-05,Modern,64,,challenge_C64_2026-07-05_decklist,,21,Boros Energy,Aggro,UnusualAnt,
2026-07-05,Modern,64,,challenge_C64_2026-07-05_decklist,,22,Dimir Mill,Combo,Tinker_deck,
2026-07-05,Modern,64,,challenge_C64_2026-07-05_decklist,,23,Ruby Storm,Combo,thememans,
2026-07-05,Modern,64,,challenge_C64_2026-07-05_decklist,,24,Dimir Midrange,Midrange,Zorro7x4,
2026-07-05,Modern,64,,challenge_C64_2026-07-05_decklist,,25,Rakdos Burn,Aggro,DemianDesposito10,
2026-07-05,Modern,64,,challenge_C64_2026-07-05_decklist,,26,Ruby Storm,Combo,EsperWTB,
2026-07-05,Modern,64,,challenge_C64_2026-07-05_decklist,,27,Affinity,Aggro,KevinJWang,
2026-07-05,Modern,64,,challenge_C64_2026-07-05_decklist,,28,Ruby Storm,Combo,Tree42o,
2026-07-05,Modern,64,,challenge_C64_2026-07-05_decklist,,29,Boros Energy,Aggro,B-Carp,
2026-07-05,Modern,64,,challenge_C64_2026-07-05_decklist,,30,Jeskai Control,Control,azpharot,
2026-07-05,Modern,64,,challenge_C64_2026-07-05_decklist,,31,Eldrazi Tron,Ramp,Fransadness,
2026-07-05,Modern,64,,challenge_C64_2026-07-05_decklist,,32,Prowess,Aggro,Rapgod,
2026-07-06,Modern,64,,challenge_C64_2026-07-06_decklist,,1,Golgari Basking Broodscale Combo,Midrange,YungDingo,
2026-07-06,Modern,64,,challenge_C64_2026-07-06_decklist,,2,Eldrazi Tron,Ramp,Jumba,
2026-07-06,Modern,64,,challenge_C64_2026-07-06_decklist,,3,Amulet Titan,Combo,HouseOfManaMTG,
2026-07-06,Modern,64,,challenge_C64_2026-07-06_decklist,,4,Broodscale Combo,Combo,_Bound_,
2026-07-06,Modern,64,,challenge_C64_2026-07-06_decklist,,5,Mono-Blue Control,Control,AChord4Five,
2026-07-06,Modern,64,,challenge_C64_2026-07-06_decklist,,6,Jeskai Stoneblade,Control,Tinker_deck,
2026-07-06,Modern,64,,challenge_C64_2026-07-06_decklist,,7,Boros Energy,Aggro,UnusualAnt,
2026-07-06,Modern,64,,challenge_C64_2026-07-06_decklist,,8,Boros Energy,Aggro,ShadowTitan1,
2026-07-06,Modern,64,,challenge_C64_2026-07-06_decklist,,9,Eldrazi Tron,Ramp,PMMori,
2026-07-06,Modern,64,,challenge_C64_2026-07-06_decklist,,10,Affinity,Aggro,pedronavaja,
2026-07-06,Modern,64,,challenge_C64_2026-07-06_decklist,,11,Eldrazi Tron,Ramp,Chadderk,
2026-07-06,Modern,64,,challenge_C64_2026-07-06_decklist,,12,Ruby Storm,Combo,littesir095,
2026-07-06,Modern,64,,challenge_C64_2026-07-06_decklist,,13,Eldrazi Tron,Ramp,Abbygale,
2026-07-06,Modern,64,,challenge_C64_2026-07-06_decklist,,14,Boros Energy,Aggro,duanceyao,
2026-07-06,Modern,64,,challenge_C64_2026-07-06_decklist,,15,Dimir Midrange,Midrange,kcomedina,
2026-07-06,Modern,64,,challenge_C64_2026-07-06_decklist,,16,Eldrazi Tron,Ramp,MarcoBelacca95,
2026-07-06,Modern,64,,challenge_C64_2026-07-06_decklist,,17,Prowess,Aggro,tilfordl,
2026-07-06,Modern,64,,challenge_C64_2026-07-06_decklist,,18,Prowess,Aggro,MixolydianMagus,
2026-07-06,Modern,64,,challenge_C64_2026-07-06_decklist,,19,UW Control,Control,eclipse4343,
2026-07-06,Modern,64,,challenge_C64_2026-07-06_decklist,,20,Affinity,Aggro,Scorpion100,
2026-07-06,Modern,64,,challenge_C64_2026-07-06_decklist,,21,Rakdos Burn,Aggro,DemianDesposito10,
2026-07-06,Modern,64,,challenge_C64_2026-07-06_decklist,,22,Eldrazi Tron,Ramp,BLJ,
2026-07-06,Modern,64,,challenge_C64_2026-07-06_decklist,,23,Amulet Titan,Combo,reidq7,
2026-07-06,Modern,64,,challenge_C64_2026-07-06_decklist,,24,Affinity,Aggro,Junebugg,
2026-07-06,Modern,64,,challenge_C64_2026-07-06_decklist,,25,Prowess,Aggro,JohnTag667,
2026-07-06,Modern,64,,challenge_C64_2026-07-06_decklist,,26,Affinity,Aggro,Danmax97,
2026-07-06,Modern,64,,challenge_C64_2026-07-06_decklist,,27,Eldrazi Tron,Ramp,LegacyGrinder,
2026-07-06,Modern,64,,challenge_C64_2026-07-06_decklist,,28,Boros Energy,Aggro,Gavin5499,
2026-07-06,Modern,64,,challenge_C64_2026-07-06_decklist,,29,Affinity,Aggro,ChewDawg,
2026-07-06,Modern,64,,challenge_C64_2026-07-06_decklist,,30,Tron,Aggro,sicsmoo,
2026-07-06,Modern,64,,challenge_C64_2026-07-06_decklist,,31,BRG,Midrange,Comrade1312,
2026-07-06,Modern,64,,challenge_C64_2026-07-06_decklist,,32,Boros Energy,Aggro,chase00111,
2026-07-06,Modern,96,,challenge_C96_2026-07-06_decklist,,1,Broodscale Combo,Combo,littlebinboy,
2026-07-06,Modern,96,,challenge_C96_2026-07-06_decklist,,2,Jeskai Energy,Aggro,GWT,
2026-07-06,Modern,96,,challenge_C96_2026-07-06_decklist,,3,Land Destruction,Control,McWinSauce,
2026-07-06,Modern,96,,challenge_C96_2026-07-06_decklist,,4,Boros Energy,Aggro,GuildMasterboros7,
2026-07-06,Modern,96,,challenge_C96_2026-07-06_decklist,,5,Broodscale Combo,Combo,Thunus,
2026-07-06,Modern,96,,challenge_C96_2026-07-06_decklist,,6,Domain Zoo,Midrange,Pleyboy,
2026-07-06,Modern,96,,challenge_C96_2026-07-06_decklist,,7,Ruby Storm,Combo,Terracotta99,
2026-07-06,Modern,96,,challenge_C96_2026-07-06_decklist,,8,Boros Energy,Aggro,kaikas,
2026-07-06,Modern,96,,challenge_C96_2026-07-06_decklist,,9,Boros Energy,Aggro,KelMasterP,
2026-07-06,Modern,96,,challenge_C96_2026-07-06_decklist,,10,Esper Blink,Blink,Omegauo,
2026-07-06,Modern,96,,challenge_C96_2026-07-06_decklist,,11,Eldrazi Tron,Ramp,Porks,
2026-07-06,Modern,96,,challenge_C96_2026-07-06_decklist,,12,Eldrazi Tron,Ramp,Jumba,
2026-07-06,Modern,96,,challenge_C96_2026-07-06_decklist,,13,Boros Energy,Aggro,liuyuchen,
2026-07-06,Modern,96,,challenge_C96_2026-07-06_decklist,,14,Jeskai Energy,Aggro,Ale_Mtg,
2026-07-06,Modern,96,,challenge_C96_2026-07-06_decklist,,15,Grixis Reanimator,Graveyard,Takayama,
2026-07-06,Modern,96,,challenge_C96_2026-07-06_decklist,,16,UW Control,Control,eclipse4343,
2026-07-06,Modern,96,,challenge_C96_2026-07-06_decklist,,17,Ruby Storm,Combo,pwqz,
2026-07-06,Modern,96,,challenge_C96_2026-07-06_decklist,,18,Broodscale Combo,Combo,Bobovic,
2026-07-06,Modern,96,,challenge_C96_2026-07-06_decklist,,19,Ruby Storm,Combo,ResponsiblyStupid,
2026-07-06,Modern,96,,challenge_C96_2026-07-06_decklist,,20,WUG,Midrange,Alakai,
2026-07-06,Modern,96,,challenge_C96_2026-07-06_decklist,,21,Boros Energy,Aggro,LegendaryHuman,
2026-07-06,Modern,96,,challenge_C96_2026-07-06_decklist,,22,Jeskai Energy,Aggro,CrazyMorango,
2026-07-06,Modern,96,,challenge_C96_2026-07-06_decklist,,23,Goryo's Vengeance,Graveyard,JuanmaAT,
2026-07-06,Modern,96,,challenge_C96_2026-07-06_decklist,,24,Grixis Reanimator,Graveyard,Backoff,
2026-07-06,Modern,96,,challenge_C96_2026-07-06_decklist,,25,Ruby Storm,Combo,SlankyPotato,
2026-07-06,Modern,96,,challenge_C96_2026-07-06_decklist,,26,Prowess,Aggro,badgods,
2026-07-06,Modern,96,,challenge_C96_2026-07-06_decklist,,27,Dimir Mill,Combo,Georf_Costanza,
2026-07-06,Modern,96,,challenge_C96_2026-07-06_decklist,,28,Hammer Time,Combo,Bawer,
2026-07-06,Modern,96,,challenge_C96_2026-07-06_decklist,,29,Azorius Blink,Blink,DavidDaBridges,
2026-07-06,Modern,96,,challenge_C96_2026-07-06_decklist,,30,Mono-Blue Tron,Ramp,DietMountainDew,
2026-07-06,Modern,96,,challenge_C96_2026-07-06_decklist,,31,Ruby Storm,Combo,hugofreitas1,
2026-07-06,Modern,96,,challenge_C96_2026-07-06_decklist,,32,Living End,Graveyard,MeninooNey,
2026-07-07,Modern,64,,challenge_C64_2026-07-07_decklist,,1,Goryo's Vengeance,Graveyard,Rvng,
2026-07-07,Modern,64,,challenge_C64_2026-07-07_decklist,,2,Land Destruction,Control,McWinSauce,
2026-07-07,Modern,64,,challenge_C64_2026-07-07_decklist,,3,Prowess,Aggro,R3tr0sp3ct,
2026-07-07,Modern,64,,challenge_C64_2026-07-07_decklist,,4,Prowess,Aggro,VizosMTG,
2026-07-07,Modern,64,,challenge_C64_2026-07-07_decklist,,5,Amulet Titan,Combo,Epreez,
2026-07-07,Modern,64,,challenge_C64_2026-07-07_decklist,,6,Living End,Graveyard,MeninooNey,
2026-07-07,Modern,64,,challenge_C64_2026-07-07_decklist,,7,Amulet Titan,Combo,Kollslaw,
2026-07-07,Modern,64,,challenge_C64_2026-07-07_decklist,,8,Boros Energy,Aggro,selesneal,
2026-07-07,Modern,64,,challenge_C64_2026-07-07_decklist,,9,Affinity,Aggro,MystikHawk,
2026-07-07,Modern,64,,challenge_C64_2026-07-07_decklist,,10,Ruby Storm,Combo,ResponsiblyStupid,
2026-07-07,Modern,64,,challenge_C64_2026-07-07_decklist,,11,Prowess,Aggro,Samcaster-Mage,
2026-07-07,Modern,64,,challenge_C64_2026-07-07_decklist,,12,Jeskai Energy,Aggro,JustAnotherGuy83,
2026-07-07,Modern,64,,challenge_C64_2026-07-07_decklist,,13,Land Destruction,Control,Willthepill,
2026-07-07,Modern,64,,challenge_C64_2026-07-07_decklist,,14,Land Destruction,Control,ParinorMTG,
2026-07-07,Modern,64,,challenge_C64_2026-07-07_decklist,,15,Boros Energy,Aggro,xfile,
2026-07-07,Modern,64,,challenge_C64_2026-07-07_decklist,,16,Affinity,Aggro,nahuel10,
2026-07-07,Modern,64,,challenge_C64_2026-07-07_decklist,,17,Affinity,Aggro,Marxelo,
2026-07-07,Modern,64,,challenge_C64_2026-07-07_decklist,,18,Amulet Titan,Combo,HouseOfManaMTG,
2026-07-07,Modern,64,,challenge_C64_2026-07-07_decklist,,19,Affinity,Aggro,LucasG1ggs,
2026-07-07,Modern,64,,challenge_C64_2026-07-07_decklist,,20,Yawgmoth,Midrange,MacIsaac,
2026-07-07,Modern,64,,challenge_C64_2026-07-07_decklist,,21,WUG,Midrange,GinkoHS,
2026-07-07,Modern,64,,challenge_C64_2026-07-07_decklist,,22,Eldrazi Tron,Ramp,leandru,
2026-07-07,Modern,64,,challenge_C64_2026-07-07_decklist,,23,Eldrazi Tron,Ramp,sicsmoo,
2026-07-07,Modern,64,,challenge_C64_2026-07-07_decklist,,24,Golgari Basking Broodscale Combo,Midrange,YungDingo,
2026-07-07,Modern,64,,challenge_C64_2026-07-07_decklist,,25,Grixis Reanimator,Graveyard,Capitano_CL,
2026-07-07,Modern,64,,challenge_C64_2026-07-07_decklist,,26,Cheeri0s,Aggro,ScreenwriterNY,
2026-07-07,Modern,64,,challenge_C64_2026-07-07_decklist,,27,Land Destruction,Control,Pafru,
2026-07-07,Modern,64,,challenge_C64_2026-07-07_decklist,,28,Prowess,Aggro,JohnTag667,
2026-07-07,Modern,64,,challenge_C64_2026-07-07_decklist,,29,Affinity,Aggro,L1X0,
2026-07-07,Modern,64,,challenge_C64_2026-07-07_decklist,,30,Dimir Midrange,Midrange,ipadkid,
2026-07-07,Modern,64,,challenge_C64_2026-07-07_decklist,,31,Boros Energy,Aggro,CaptainPooki,
2026-07-07,Modern,64,,challenge_C64_2026-07-07_decklist,,32,Eldrazi Tron,Ramp,Odin2015,
2026-07-08,Modern,32,,challenge_C32_2026-07-08_decklist,,1,Affinity,Aggro,CliffBoyardee,
2026-07-08,Modern,32,,challenge_C32_2026-07-08_decklist,,2,Ruby Storm,Combo,Sparky165,
2026-07-08,Modern,32,,challenge_C32_2026-07-08_decklist,,3,Boros Energy,Aggro,NJ5030,
2026-07-08,Modern,32,,challenge_C32_2026-07-08_decklist,,4,Land Destruction,Control,Searzist,
2026-07-08,Modern,32,,challenge_C32_2026-07-08_decklist,,5,Boros Energy,Aggro,UnusualAnt,
2026-07-08,Modern,32,,challenge_C32_2026-07-08_decklist,,6,Land Destruction,Control,jessy_samek,
2026-07-08,Modern,32,,challenge_C32_2026-07-08_decklist,,7,Yawgmoth,Midrange,lethargicarcher,
2026-07-08,Modern,32,,challenge_C32_2026-07-08_decklist,,8,Affinity,Aggro,Konohakitsune,
2026-07-08,Modern,32,,challenge_C32_2026-07-08_decklist,,9,Ruby Storm,Combo,hugofreitas1,
2026-07-08,Modern,32,,challenge_C32_2026-07-08_decklist,,10,Grixis Reanimator,Graveyard,frekinsmart,
2026-07-08,Modern,32,,challenge_C32_2026-07-08_decklist,,11,Boros Energy,Aggro,HoldTheElle,
2026-07-08,Modern,32,,challenge_C32_2026-07-08_decklist,,12,Grixis Reanimator,Graveyard,Americanmisfit5,
2026-07-08,Modern,32,,challenge_C32_2026-07-08_decklist,,13,Land Destruction,Control,bless_von,
2026-07-08,Modern,32,,challenge_C32_2026-07-08_decklist,,14,Eldrazi Tron,Ramp,MyrRetriever,
2026-07-08,Modern,32,,challenge_C32_2026-07-08_decklist,,15,Boros Energy,Aggro,debatebro,
2026-07-08,Modern,32,,challenge_C32_2026-07-08_decklist,,16,Prowess,Aggro,MisterTwin,
2026-07-08,Modern,32,,challenge_C32_2026-07-08_decklist,,17,Mardu Energy,Aggro,ipbanned,
2026-07-08,Modern,32,,challenge_C32_2026-07-08_decklist,,18,UBRG,Aggro,minimiz,
2026-07-08,Modern,32,,challenge_C32_2026-07-08_decklist,,19,Mardu Energy,Aggro,Kummins11,
2026-07-08,Modern,32,,challenge_C32_2026-07-08_decklist,,20,Ruby Storm,Combo,MuNCHy556,
2026-07-08,Modern,32,,challenge_C32_2026-07-08_decklist,,21,Affinity,Aggro,Arcbound_Papi,
2026-07-08,Modern,32,,challenge_C32_2026-07-08_decklist,,22,Esper Reanimator,Graveyard,zturchan,
2026-07-08,Modern,32,,challenge_C32_2026-07-08_decklist,,23,Jeskai Energy,Aggro,gamertoad,
2026-07-08,Modern,32,,challenge_C32_2026-07-08_decklist,,24,Boros Energy,Aggro,MaxMedeiros,
2026-07-08,Modern,32,,challenge_C32_2026-07-08_decklist,,25,Land Destruction,Control,lpltraytonenjoyer,
2026-07-08,Modern,32,,challenge_C32_2026-07-08_decklist,,26,Land Destruction,Control,LarryFields1990,
2026-07-08,Modern,32,,challenge_C32_2026-07-08_decklist,,27,Eldrazi Tron,Ramp,Tamarindo,
2026-07-08,Modern,32,,challenge_C32_2026-07-08_decklist,,28,UG,Combo,Lightspirit,
2026-07-08,Modern,32,,challenge_C32_2026-07-08_decklist,,29,Prowess,Aggro,HybridSalaya,
2026-07-08,Modern,32,,challenge_C32_2026-07-08_decklist,,30,Grixis Reanimator,Graveyard,Capitano_CL,
2026-07-08,Modern,32,,challenge_C32_2026-07-08_decklist,,31,Land Destruction,Control,ejk,
2026-07-08,Modern,32,,challenge_C32_2026-07-08_decklist,,32,Dimir Mill,Combo,Tinker_deck,
2026-07-08,Modern,96,,challenge_C96_2026-07-08_decklist,,1,Dimir Midrange,Midrange,kcomedina,
2026-07-08,Modern,96,,challenge_C96_2026-07-08_decklist,,2,Dimir Midrange,Midrange,ipadkid,
2026-07-08,Modern,96,,challenge_C96_2026-07-08_decklist,,3,Goryo's Vengeance,Graveyard,Rvng,
2026-07-08,Modern,96,,challenge_C96_2026-07-08_decklist,,4,Jeskai Energy,Aggro,quark888,
2026-07-08,Modern,96,,challenge_C96_2026-07-08_decklist,,5,Ruby Storm,Combo,Free2,
2026-07-08,Modern,96,,challenge_C96_2026-07-08_decklist,,6,Broodscale Combo,Combo,MC_amp2267,
2026-07-08,Modern,96,,challenge_C96_2026-07-08_decklist,,7,Ruby Storm,Combo,harlouuk,
2026-07-08,Modern,96,,challenge_C96_2026-07-08_decklist,,8,Eldrazi Tron,Ramp,Odin2015,
2026-07-08,Modern,96,,challenge_C96_2026-07-08_decklist,,9,Domain Zoo,Midrange,makaaaa,
2026-07-08,Modern,96,,challenge_C96_2026-07-08_decklist,,10,Goryo's Vengeance,Graveyard,klien7,
2026-07-08,Modern,96,,challenge_C96_2026-07-08_decklist,,11,Grixis Control,Aggro,Chichichi,
2026-07-08,Modern,96,,challenge_C96_2026-07-08_decklist,,12,Broodscale Combo,Combo,sapro31,
2026-07-08,Modern,96,,challenge_C96_2026-07-08_decklist,,13,Boros Energy,Aggro,KelMasterP,
2026-07-08,Modern,96,,challenge_C96_2026-07-08_decklist,,14,Land Destruction,Control,McWinSauce,
2026-07-08,Modern,96,,challenge_C96_2026-07-08_decklist,,15,Eldrazi Tron,Ramp,leandru,
2026-07-08,Modern,96,,challenge_C96_2026-07-08_decklist,,16,Grixis Death's Shadow,Aggro,Lord__p,
2026-07-08,Modern,96,,challenge_C96_2026-07-08_decklist,,17,WBRG,Control,Comrade1312,
2026-07-08,Modern,96,,challenge_C96_2026-07-08_decklist,,18,Eldrazi Tron,Ramp,kspgigabyte,
2026-07-08,Modern,96,,challenge_C96_2026-07-08_decklist,,19,Yawgmoth,Midrange,Xerk,
2026-07-08,Modern,96,,challenge_C96_2026-07-08_decklist,,20,Ruby Storm,Combo,azax,
2026-07-08,Modern,96,,challenge_C96_2026-07-08_decklist,,21,Ruby Storm,Combo,SanPop,
2026-07-08,Modern,96,,challenge_C96_2026-07-08_decklist,,22,Boros Energy,Aggro,Kev_1414,
2026-07-08,Modern,96,,challenge_C96_2026-07-08_decklist,,23,Affinity,Aggro,Spicychicken420,
2026-07-08,Modern,96,,challenge_C96_2026-07-08_decklist,,24,Boros Energy,Aggro,Sarlanga,
2026-07-08,Modern,96,,challenge_C96_2026-07-08_decklist,,25,Land Destruction,Control,Adrikmtg,
2026-07-08,Modern,96,,challenge_C96_2026-07-08_decklist,,26,Affinity,Aggro,L1X0,
2026-07-08,Modern,96,,challenge_C96_2026-07-08_decklist,,27,Eldrazi Tron,Ramp,Samcaster-Mage,
2026-07-08,Modern,96,,challenge_C96_2026-07-08_decklist,,28,Song of Creation,Combo,levunga21,
2026-07-08,Modern,96,,challenge_C96_2026-07-08_decklist,,29,Living End,Graveyard,MeninooNey,
2026-07-08,Modern,96,,challenge_C96_2026-07-08_decklist,,30,Broodscale Combo,Combo,littlebinboy,
2026-07-08,Modern,96,,challenge_C96_2026-07-08_decklist,,31,Land Destruction,Control,peter780108,
2026-07-08,Modern,96,,challenge_C96_2026-07-08_decklist,,32,Ruby Storm,Combo,hugofreitas1,
2026-07-09,Modern,64,,challenge_C64_2026-07-09_decklist,,1,Prowess,Aggro,JPA93,
2026-07-09,Modern,64,,challenge_C64_2026-07-09_decklist,,2,Grixis Reanimator,Graveyard,Capitano_CL,
2026-07-09,Modern,64,,challenge_C64_2026-07-09_decklist,,3,Broodscale Combo,Combo,fireflymylove,
2026-07-09,Modern,64,,challenge_C64_2026-07-09_decklist,,4,Azorius Control,Control,koira_simo,
2026-07-09,Modern,64,,challenge_C64_2026-07-09_decklist,,5,Song of Creation,Combo,levunga21,
2026-07-09,Modern,64,,challenge_C64_2026-07-09_decklist,,6,Eldrazi Tron,Ramp,ejk,
2026-07-09,Modern,64,,challenge_C64_2026-07-09_decklist,,7,Prowess,Aggro,Edel,
2026-07-09,Modern,64,,challenge_C64_2026-07-09_decklist,,8,Goryo's Vengeance,Graveyard,BERNASTORRES,
2026-07-09,Modern,64,,challenge_C64_2026-07-09_decklist,,9,Jeskai Energy,Aggro,Mldyss,
2026-07-09,Modern,64,,challenge_C64_2026-07-09_decklist,,10,Jeskai Stoneblade,Control,duke12,
2026-07-09,Modern,64,,challenge_C64_2026-07-09_decklist,,11,Ruby Storm,Combo,sebastianpozzo,
2026-07-09,Modern,64,,challenge_C64_2026-07-09_decklist,,12,Affinity,Aggro,MatheusPonciano,
2026-07-09,Modern,64,,challenge_C64_2026-07-09_decklist,,13,Boros Energy,Aggro,SorryImSoTilted,
2026-07-09,Modern,64,,challenge_C64_2026-07-09_decklist,,14,Dimir Mill,Combo,DJK3V1N,
2026-07-09,Modern,64,,challenge_C64_2026-07-09_decklist,,15,Mardu Energy,Aggro,Galashev29,
2026-07-09,Modern,64,,challenge_C64_2026-07-09_decklist,,16,Rakdos Burn,Aggro,DemianDesposito10,
2026-07-09,Modern,64,,challenge_C64_2026-07-09_decklist,,17,Azorius Control,Control,nahuel10,
2026-07-09,Modern,64,,challenge_C64_2026-07-09_decklist,,18,Jeskai Energy,Aggro,MarcoBelacca95,
2026-07-09,Modern,64,,challenge_C64_2026-07-09_decklist,,19,Ruby Storm,Combo,SanPop,
2026-07-09,Modern,64,,challenge_C64_2026-07-09_decklist,,20,Grixis Reanimator,Graveyard,i_b_TRUE,
2026-07-09,Modern,64,,challenge_C64_2026-07-09_decklist,,21,Land Destruction,Control,bruno_bto,
2026-07-09,Modern,64,,challenge_C64_2026-07-09_decklist,,22,Prowess,Aggro,badgods,
2026-07-09,Modern,64,,challenge_C64_2026-07-09_decklist,,23,Jeskai Energy,Aggro,haoqinglangou,
2026-07-09,Modern,64,,challenge_C64_2026-07-09_decklist,,24,Yawgmoth,Midrange,ShikiXYZ,
2026-07-09,Modern,64,,challenge_C64_2026-07-09_decklist,,25,Amulet Titan,Combo,kanister,
2026-07-09,Modern,64,,challenge_C64_2026-07-09_decklist,,26,Prowess,Aggro,therock988,
2026-07-09,Modern,64,,challenge_C64_2026-07-09_decklist,,27,Boros Energy,Aggro,RandomOctopus,
2026-07-09,Modern,64,,challenge_C64_2026-07-09_decklist,,28,Ruby Storm,Combo,Sujiro_Kimimame,
2026-07-09,Modern,64,,challenge_C64_2026-07-09_decklist,,29,Goryo's Vengeance,Graveyard,PTarts2win,
2026-07-09,Modern,64,,challenge_C64_2026-07-09_decklist,,30,Ruby Storm,Combo,Alakai,
2026-07-09,Modern,64,,challenge_C64_2026-07-09_decklist,,31,Eldrazi Tron,Ramp,NerdDadChad,
2026-07-09,Modern,64,,challenge_C64_2026-07-09_decklist,,32,Esper Energy,Aggro,cftsoc3,
2026-07-10,Modern,64,,challenge_C64_2026-07-10_decklist,,1,Prowess,Aggro,Golgarburr,
2026-07-10,Modern,64,,challenge_C64_2026-07-10_decklist,,2,Azorius Blink,Blink,kennydarko,
2026-07-10,Modern,64,,challenge_C64_2026-07-10_decklist,,3,Ruby Storm,Combo,Aldreen,
2026-07-10,Modern,64,,challenge_C64_2026-07-10_decklist,,4,Affinity,Aggro,Marxelo,
2026-07-10,Modern,64,,challenge_C64_2026-07-10_decklist,,5,Goryo's Vengeance,Graveyard,Sifui,
2026-07-10,Modern,64,,challenge_C64_2026-07-10_decklist,,6,Boros Energy,Aggro,UnusualAnt,
2026-07-10,Modern,64,,challenge_C64_2026-07-10_decklist,,7,Prowess,Aggro,JohnTag667,
2026-07-10,Modern,64,,challenge_C64_2026-07-10_decklist,,8,Boros Energy,Aggro,JAJC,
2026-07-10,Modern,64,,challenge_C64_2026-07-10_decklist,,9,Eldrazi Tron,Ramp,leandru,
2026-07-10,Modern,64,,challenge_C64_2026-07-10_decklist,,10,Dimir Midrange,Midrange,ipadkid,
2026-07-10,Modern,64,,challenge_C64_2026-07-10_decklist,,11,Eldrazi Tron,Ramp,tuckedaway,
2026-07-10,Modern,64,,challenge_C64_2026-07-10_decklist,,12,Domain Zoo,Midrange,Imaeda,
2026-07-10,Modern,64,,challenge_C64_2026-07-10_decklist,,13,Prowess,Aggro,badgods,
2026-07-10,Modern,64,,challenge_C64_2026-07-10_decklist,,14,Domain Zoo,Midrange,Pleyboy,
2026-07-10,Modern,64,,challenge_C64_2026-07-10_decklist,,15,Amulet Titan,Combo,Epreez,
2026-07-10,Modern,64,,challenge_C64_2026-07-10_decklist,,16,Boros Energy,Aggro,FaceDeckWins,
2026-07-10,Modern,64,,challenge_C64_2026-07-10_decklist,,17,Goryo's Vengeance,Graveyard,Urthstrype,
2026-07-10,Modern,64,,challenge_C64_2026-07-10_decklist,,18,Grixis Reanimator,Graveyard,Capitano_CL,
2026-07-10,Modern,64,,challenge_C64_2026-07-10_decklist,,19,Goryo's Vengeance,Graveyard,ssnelson,
2026-07-10,Modern,64,,challenge_C64_2026-07-10_decklist,,20,Eldrazi Tron,Ramp,Porks,
2026-07-10,Modern,64,,challenge_C64_2026-07-10_decklist,,21,Mardu Energy,Aggro,ipbanned,
2026-07-10,Modern,64,,challenge_C64_2026-07-10_decklist,,22,Goryo's Vengeance,Graveyard,cftsoc3,
2026-07-10,Modern,64,,challenge_C64_2026-07-10_decklist,,23,Jeskai Energy,Aggro,Slyvester3,
2026-07-10,Modern,64,,challenge_C64_2026-07-10_decklist,,24,Broodscale Combo,Combo,sapro31,
2026-07-10,Modern,64,,challenge_C64_2026-07-10_decklist,,25,Ruby Storm,Combo,Free2,
2026-07-10,Modern,64,,challenge_C64_2026-07-10_decklist,,26,Esper Midrange,Midrange,LysergiK002,
2026-07-10,Modern,64,,challenge_C64_2026-07-10_decklist,,27,Ruby Storm,Combo,Starsailor,
2026-07-10,Modern,64,,challenge_C64_2026-07-10_decklist,,28,Devoted Combo,Aggro,rn17,
2026-07-10,Modern,64,,challenge_C64_2026-07-10_decklist,,29,Boros Energy,Aggro,kasiso,
2026-07-10,Modern,64,,challenge_C64_2026-07-10_decklist,,30,WBRG,Control,Comrade1312,
2026-07-10,Modern,64,,challenge_C64_2026-07-10_decklist,,31,Affinity,Aggro,L1X0,
2026-07-10,Modern,64,,challenge_C64_2026-07-10_decklist,,32,Boros Energy,Aggro,el-pollo-lolo,
2026-07-11,Modern,32,,challenge_C32_2026-07-11_decklist,,1,Grixis Reanimator,Graveyard,yolad,
2026-07-11,Modern,32,,challenge_C32_2026-07-11_decklist,,2,Eldrazi Ramp,Ramp,MissTrigger,
2026-07-11,Modern,32,,challenge_C32_2026-07-11_decklist,,3,Azorius Blink,Blink,yriel,
2026-07-11,Modern,32,,challenge_C32_2026-07-11_decklist,,4,Living End,Graveyard,JPA93,
2026-07-11,Modern,32,,challenge_C32_2026-07-11_decklist,,5,Domain Zoo,Midrange,bomberboss,
2026-07-11,Modern,32,,challenge_C32_2026-07-11_decklist,,6,Prowess,Aggro,Suechtler,
2026-07-11,Modern,32,,challenge_C32_2026-07-11_decklist,,7,Prowess,Aggro,lilianna1989,
2026-07-11,Modern,32,,challenge_C32_2026-07-11_decklist,,8,Jeskai Energy,Aggro,Bigatti,
2026-07-11,Modern,32,,challenge_C32_2026-07-11_decklist,,9,Prowess,Aggro,hugeowl,
2026-07-11,Modern,32,,challenge_C32_2026-07-11_decklist,,10,Azorius Control,Control,GWT,
2026-07-11,Modern,32,,challenge_C32_2026-07-11_decklist,,11,Grixis Reanimator,Graveyard,SaN3,
2026-07-11,Modern,32,,challenge_C32_2026-07-11_decklist,,12,Ruby Storm,Combo,SanPop,
2026-07-11,Modern,32,,challenge_C32_2026-07-11_decklist,,13,Eldrazi Tron,Ramp,ejk,
2026-07-11,Modern,32,,challenge_C32_2026-07-11_decklist,,14,Land Destruction,Control,Dreddybajs,
2026-07-11,Modern,32,,challenge_C32_2026-07-11_decklist,,15,The Rock,Midrange,RiceTackler,
2026-07-11,Modern,32,,challenge_C32_2026-07-11_decklist,,16,Affinity,Aggro,JAJC,
2026-07-11,Modern,32,,challenge_C32_2026-07-11_decklist,,17,Eldrazi Tron,Ramp,sumdeus112,
2026-07-11,Modern,32,,challenge_C32_2026-07-11_decklist,,18,Affinity,Aggro,Scooby_Snacks,
2026-07-11,Modern,32,,challenge_C32_2026-07-11_decklist,,19,Jeskai Energy,Aggro,ganache1127,
2026-07-11,Modern,32,,challenge_C32_2026-07-11_decklist,,20,Living End,Graveyard,touto_Isle,
2026-07-11,Modern,32,,challenge_C32_2026-07-11_decklist,,21,Prowess,Aggro,toondoslav,
2026-07-11,Modern,32,,challenge_C32_2026-07-11_decklist,,22,Mono-Black Midrange,Midrange,Selfeisek,
2026-07-11,Modern,32,,challenge_C32_2026-07-11_decklist,,23,Broodscale Combo,Combo,praiseseigerhino,
2026-07-11,Modern,32,,challenge_C32_2026-07-11_decklist,,24,Dimir Midrange,Midrange,ipadkid,
2026-07-11,Modern,32,,challenge_C32_2026-07-11_decklist,,25,Eldrazi Tron,Ramp,painhuman,
2026-07-11,Modern,32,,challenge_C32_2026-07-11_decklist,,26,Tron,Aggro,AlpInco,
2026-07-11,Modern,32,,challenge_C32_2026-07-11_decklist,,27,Affinity,Aggro,Beenew,
2026-07-11,Modern,32,,challenge_C32_2026-07-11_decklist,,28,Living End,Graveyard,duke12,
2026-07-11,Modern,32,,challenge_C32_2026-07-11_decklist,,29,Living End,Graveyard,Clamavus,
2026-07-11,Modern,32,,challenge_C32_2026-07-11_decklist,,30,Esper Blink,Blink,albert62,
2026-07-11,Modern,32,,challenge_C32_2026-07-11_decklist,,31,Prowess,Aggro,JulianJohn,
2026-07-11,Modern,32,,challenge_C32_2026-07-11_decklist,,32,Grixis Reanimator,Graveyard,hunnhu,
2026-07-11,Modern,64,,challenge_C64_2026-07-11_decklist,,1,Boros Energy,Aggro,Mikebrav,
2026-07-11,Modern,64,,challenge_C64_2026-07-11_decklist,,2,Goryo's Vengeance,Graveyard,jussupinator,
2026-07-11,Modern,64,,challenge_C64_2026-07-11_decklist,,3,Ruby Storm,Combo,Manny-,
2026-07-11,Modern,64,,challenge_C64_2026-07-11_decklist,,4,Ruby Storm,Combo,YungDingo,
2026-07-11,Modern,64,,challenge_C64_2026-07-11_decklist,,5,Affinity,Aggro,Arcbound_Papi,
2026-07-11,Modern,64,,challenge_C64_2026-07-11_decklist,,6,Boros Energy,Aggro,kaikas,
2026-07-11,Modern,64,,challenge_C64_2026-07-11_decklist,,7,Affinity,Aggro,Scorpion100,
2026-07-11,Modern,64,,challenge_C64_2026-07-11_decklist,,8,Eldrazi Ramp,Ramp,dingzhen,
2026-07-11,Modern,64,,challenge_C64_2026-07-11_decklist,,9,Boros Energy,Aggro,oinkmage22,
2026-07-11,Modern,64,,challenge_C64_2026-07-11_decklist,,10,Boros Energy,Aggro,RandomOctopus,
2026-07-11,Modern,64,,challenge_C64_2026-07-11_decklist,,11,Boros Energy,Aggro,AttillA,
2026-07-11,Modern,64,,challenge_C64_2026-07-11_decklist,,12,UW Control,Control,eclipse4343,
2026-07-11,Modern,64,,challenge_C64_2026-07-11_decklist,,13,Eldrazi Tron,Ramp,gyyby297,
2026-07-11,Modern,64,,challenge_C64_2026-07-11_decklist,,14,Azorius Control,Control,SuperCow12653,
2026-07-11,Modern,64,,challenge_C64_2026-07-11_decklist,,15,Land Destruction,Control,LuRu,
2026-07-11,Modern,64,,challenge_C64_2026-07-11_decklist,,16,Eldrazi Tron,Ramp,leandru,
2026-07-11,Modern,64,,challenge_C64_2026-07-11_decklist,,17,Dimir Midrange,Midrange,kcomedina,
2026-07-11,Modern,64,,challenge_C64_2026-07-11_decklist,,18,Land Destruction,Control,selesneal,
2026-07-11,Modern,64,,challenge_C64_2026-07-11_decklist,,19,Rakdos HollowOne,Graveyard,kattsu,
2026-07-11,Modern,64,,challenge_C64_2026-07-11_decklist,,20,BRG,Midrange,DragonFodder,
2026-07-11,Modern,64,,challenge_C64_2026-07-11_decklist,,21,Boros Energy,Aggro,kasiso,
2026-07-11,Modern,64,,challenge_C64_2026-07-11_decklist,,22,Boros Energy,Aggro,xfile,
2026-07-11,Modern,64,,challenge_C64_2026-07-11_decklist,,23,Affinity,Aggro,Tree42o,
2026-07-11,Modern,64,,challenge_C64_2026-07-11_decklist,,24,Domain Zoo,Midrange,TingInTheRice,
2026-07-11,Modern,64,,challenge_C64_2026-07-11_decklist,,25,Goryo's Vengeance,Graveyard,PDeS,
2026-07-11,Modern,64,,challenge_C64_2026-07-11_decklist,,26,Eldrazi Tron,Ramp,joelstephens94,
2026-07-11,Modern,64,,challenge_C64_2026-07-11_decklist,,27,Eldrazi Tron,Ramp,Tinker_deck,
2026-07-11,Modern,64,,challenge_C64_2026-07-11_decklist,,28,Boros Energy,Aggro,tchuco,
2026-07-11,Modern,64,,challenge_C64_2026-07-11_decklist,,29,Domain Zoo,Midrange,Stealthmagician,
2026-07-11,Modern,64,,challenge_C64_2026-07-11_decklist,,30,Living End,Graveyard,Lord_Beerus,
2026-07-11,Modern,64,,challenge_C64_2026-07-11_decklist,,31,Amulet Titan,Combo,AChord4Five,
2026-07-11,Modern,64,,challenge_C64_2026-07-11_decklist,,32,Broodscale Combo,Combo,hauterho,
2026-07-12,Modern,32,,challenge_C32_2026-07-12_decklist,,1,Prowess,Aggro,lilianna1989,
2026-07-12,Modern,32,,challenge_C32_2026-07-12_decklist,,2,Rakdos HollowOne,Graveyard,TheProfessionalGoose,
2026-07-12,Modern,32,,challenge_C32_2026-07-12_decklist,,3,Boros Energy,Aggro,unagieel,
2026-07-12,Modern,32,,challenge_C32_2026-07-12_decklist,,4,Yawgmoth,Midrange,Xerk,
2026-07-12,Modern,32,,challenge_C32_2026-07-12_decklist,,5,UW Control,Control,GWT,
2026-07-12,Modern,32,,challenge_C32_2026-07-12_decklist,,6,Affinity,Aggro,mRichi,
2026-07-12,Modern,32,,challenge_C32_2026-07-12_decklist,,7,Living End,Graveyard,niuwaid001,
2026-07-12,Modern,32,,challenge_C32_2026-07-12_decklist,,8,Land Destruction,Control,selesneal,
2026-07-12,Modern,32,,challenge_C32_2026-07-12_decklist,,9,Eldrazi Tron,Ramp,matiaskm,
2026-07-12,Modern,32,,challenge_C32_2026-07-12_decklist,,10,Boros Energy,Aggro,_Tia93_,
2026-07-12,Modern,32,,challenge_C32_2026-07-12_decklist,,11,Goryo's Vengeance,Graveyard,HealthyEgo,
2026-07-12,Modern,32,,challenge_C32_2026-07-12_decklist,,12,Goryo's Vengeance,Graveyard,klien7,
2026-07-12,Modern,32,,challenge_C32_2026-07-12_decklist,,13,Goryo's Vengeance,Graveyard,PDeS,
2026-07-12,Modern,32,,challenge_C32_2026-07-12_decklist,,14,Prowess,Aggro,Sven745,
2026-07-12,Modern,32,,challenge_C32_2026-07-12_decklist,,15,Eldrazi Tron,Ramp,Pallocchia314,
2026-07-12,Modern,32,,challenge_C32_2026-07-12_decklist,,16,Mardu Energy,Aggro,Pafru,
2026-07-12,Modern,32,,challenge_C32_2026-07-12_decklist,,17,Esper Blink,Blink,VampireDiaries,
2026-07-12,Modern,32,,challenge_C32_2026-07-12_decklist,,18,Eldrazi Tron,Ramp,bananadisaster,
2026-07-12,Modern,32,,challenge_C32_2026-07-12_decklist,,19,Jeskai Energy,Aggro,Yanatoy,
2026-07-12,Modern,32,,challenge_C32_2026-07-12_decklist,,20,Jeskai Energy,Aggro,CavalloGoloso,
2026-07-12,Modern,32,,challenge_C32_2026-07-12_decklist,,21,Dimir Midrange,Midrange,ThePromisedEnd93,
2026-07-12,Modern,32,,challenge_C32_2026-07-12_decklist,,22,Goryo's Vengeance,Graveyard,Hongfu_Eureka,
2026-07-12,Modern,32,,challenge_C32_2026-07-12_decklist,,23,Boros Energy,Aggro,AlexanderRosdahl,
2026-07-12,Modern,32,,challenge_C32_2026-07-12_decklist,,24,Grixis Reanimator,Graveyard,Terminus0,
2026-07-12,Modern,32,,challenge_C32_2026-07-12_decklist,,25,Boros Energy,Aggro,_Batutinha_,
2026-07-12,Modern,32,,challenge_C32_2026-07-12_decklist,,26,Boros Energy,Aggro,whiterenren,
2026-07-12,Modern,32,,challenge_C32_2026-07-12_decklist,,27,Grixis Reanimator,Graveyard,Ant_Are_MTG,
2026-07-12,Modern,32,,challenge_C32_2026-07-12_decklist,,28,Land Destruction,Control,oolong-chan,
2026-07-12,Modern,32,,challenge_C32_2026-07-12_decklist,,29,Ragavan,Aggro,Moe12,
2026-07-12,Modern,32,,challenge_C32_2026-07-12_decklist,,30,Eldrazi Tron,Ramp,wallofspikes,
2026-07-12,Modern,32,,challenge_C32_2026-07-12_decklist,,31,Eldrazi Ramp,Ramp,medvedev,
2026-07-12,Modern,32,,challenge_C32_2026-07-12_decklist,,32,WUG,Midrange,Irgaron,
2026-07-12,Modern,64,,challenge_C64_2026-07-12_decklist,,1,Ruby Storm,Combo,YungDingo,
2026-07-12,Modern,64,,challenge_C64_2026-07-12_decklist,,2,Rakdos HollowOne,Graveyard,kattsu,
2026-07-12,Modern,64,,challenge_C64_2026-07-12_decklist,,3,Affinity,Aggro,Arcbound_Papi,
2026-07-12,Modern,64,,challenge_C64_2026-07-12_decklist,,4,Amulet Titan,Combo,Kollslaw,
2026-07-12,Modern,64,,challenge_C64_2026-07-12_decklist,,5,Ruby Storm,Combo,RandomOctopus,
2026-07-12,Modern,64,,challenge_C64_2026-07-12_decklist,,6,Belcher,Combo,bugzbugs,
2026-07-12,Modern,64,,challenge_C64_2026-07-12_decklist,,7,Esper Blink,Blink,phillydrew215,
2026-07-12,Modern,64,,challenge_C64_2026-07-12_decklist,,8,Boros Energy,Aggro,angelsjeffrey,
2026-07-12,Modern,64,,challenge_C64_2026-07-12_decklist,,9,Goryo's Vengeance,Graveyard,SpikeCHEN,
2026-07-12,Modern,64,,challenge_C64_2026-07-12_decklist,,10,4c HollowOne,Graveyard,7steamvents,
2026-07-12,Modern,64,,challenge_C64_2026-07-12_decklist,,11,BRG,Midrange,J_tekt,
2026-07-12,Modern,64,,challenge_C64_2026-07-12_decklist,,12,Hammer Time,Combo,ETBJezus,
2026-07-12,Modern,64,,challenge_C64_2026-07-12_decklist,,13,Azorius Blink,Blink,SaltySushi6,
2026-07-12,Modern,64,,challenge_C64_2026-07-12_decklist,,14,Dimir Midrange,Midrange,kcomedina,
2026-07-12,Modern,64,,challenge_C64_2026-07-12_decklist,,15,Grixis Midrange,Midrange,Bruskk,
2026-07-12,Modern,64,,challenge_C64_2026-07-12_decklist,,16,Boros Energy,Aggro,Archer365,
2026-07-12,Modern,64,,challenge_C64_2026-07-12_decklist,,17,Affinity,Aggro,sioutis_kk,
2026-07-12,Modern,64,,challenge_C64_2026-07-12_decklist,,18,Amulet Titan,Combo,aljce,
2026-07-12,Modern,64,,challenge_C64_2026-07-12_decklist,,19,UG,Combo,Lightspirit,
2026-07-12,Modern,64,,challenge_C64_2026-07-12_decklist,,20,Affinity,Aggro,woopdeloop,
2026-07-12,Modern,64,,challenge_C64_2026-07-12_decklist,,21,Broodscale Combo,Combo,kasa,
2026-07-12,Modern,64,,challenge_C64_2026-07-12_decklist,,22,Jeskai Energy,Aggro,Slyvester3,
2026-07-12,Modern,64,,challenge_C64_2026-07-12_decklist,,23,Eldrazi Tron,Ramp,MC_amp2267,
2026-07-12,Modern,64,,challenge_C64_2026-07-12_decklist,,24,Eldrazi Ramp,Ramp,Micro,
2026-07-12,Modern,64,,challenge_C64_2026-07-12_decklist,,25,Affinity,Aggro,Astrid_star,
2026-07-12,Modern,64,,challenge_C64_2026-07-12_decklist,,26,Goryo's Vengeance,Graveyard,Mythar,
2026-07-12,Modern,64,,challenge_C64_2026-07-12_decklist,,27,Eldrazi Tron,Ramp,sultai4lyfe,
2026-07-12,Modern,64,,challenge_C64_2026-07-12_decklist,,28,Azorius Blink,Blink,acelerado440,
2026-07-12,Modern,64,,challenge_C64_2026-07-12_decklist,,29,Boros Energy,Aggro,kasiso,
2026-07-12,Modern,64,,challenge_C64_2026-07-12_decklist,,30,Prowess,Aggro,emairi,
2026-07-12,Modern,64,,challenge_C64_2026-07-12_decklist,,31,Prowess,Aggro,NotJim,
2026-07-12,Modern,64,,challenge_C64_2026-07-12_decklist,,32,Boros Burn,Aggro,skitter_of_lizards,
2026-07-13,Modern,64,66,challenge_C64_2026-07-13_12847150_decklist,12847150,1,Amulet Titan,Combo,Kollslaw,3311758
2026-07-13,Modern,64,66,challenge_C64_2026-07-13_12847150_decklist,12847150,2,Boros Energy,Aggro,yeojlil,3183766
2026-07-13,Modern,64,66,challenge_C64_2026-07-13_12847150_decklist,12847150,3,Broodscale Combo,Combo,bananadisaster,3442638
2026-07-13,Modern,64,66,challenge_C64_2026-07-13_12847150_decklist,12847150,4,Boros Energy,Aggro,jayrod115,2760324
2026-07-13,Modern,64,66,challenge_C64_2026-07-13_12847150_decklist,12847150,5,Affinity,Aggro,gazmon48,1636994
2026-07-13,Modern,64,66,challenge_C64_2026-07-13_12847150_decklist,12847150,6,Affinity,Aggro,pedronavaja,3540949
2026-07-13,Modern,64,66,challenge_C64_2026-07-13_12847150_decklist,12847150,7,Boros Energy,Aggro,UnusualAnt,3275763
2026-07-13,Modern,64,66,challenge_C64_2026-07-13_12847150_decklist,12847150,8,Broodscale Combo,Combo,MC_amp2267,2729232
2026-07-13,Modern,64,66,challenge_C64_2026-07-13_12847150_decklist,12847150,9,Boros Energy,Aggro,TheColorOfBoom,3359144
2026-07-13,Modern,64,66,challenge_C64_2026-07-13_12847150_decklist,12847150,10,Affinity,Aggro,GigaChadSigmaMale,3085636
2026-07-13,Modern,64,66,challenge_C64_2026-07-13_12847150_decklist,12847150,11,Mardu Energy,Aggro,Pafru,3069560
2026-07-13,Modern,64,66,challenge_C64_2026-07-13_12847150_decklist,12847150,12,Azorius Control,Control,wft,3030517
2026-07-13,Modern,64,66,challenge_C64_2026-07-13_12847150_decklist,12847150,13,Eldrazi Tron,Ramp,PMMori,3556231
2026-07-13,Modern,64,66,challenge_C64_2026-07-13_12847150_decklist,12847150,14,Land Destruction,Control,ashmosus,2468640
2026-07-13,Modern,64,66,challenge_C64_2026-07-13_12847150_decklist,12847150,15,Neobrand,Combo,MixolydianMagus,2661255
2026-07-13,Modern,64,66,challenge_C64_2026-07-13_12847150_decklist,12847150,16,Eldrazi Tron,Ramp,Baurong,2781425
2026-07-13,Modern,64,66,challenge_C64_2026-07-13_12847150_decklist,12847150,17,Boros Energy,Aggro,kaikas,2757366
2026-07-13,Modern,64,66,challenge_C64_2026-07-13_12847150_decklist,12847150,18,Broodscale Combo,Combo,ejk,1952341
2026-07-13,Modern,64,66,challenge_C64_2026-07-13_12847150_decklist,12847150,19,Affinity,Aggro,LucasG1ggs,750888
2026-07-13,Modern,64,66,challenge_C64_2026-07-13_12847150_decklist,12847150,20,Affinity,Aggro,nahuel10,1942357
2026-07-13,Modern,64,66,challenge_C64_2026-07-13_12847150_decklist,12847150,21,Boros Energy,Aggro,Sarlanga,643454
2026-07-13,Modern,64,66,challenge_C64_2026-07-13_12847150_decklist,12847150,22,Dimir Murktide,Midrange,derlumberzack,1126781
2026-07-13,Modern,64,66,challenge_C64_2026-07-13_12847150_decklist,12847150,23,Grixis Reanimator,Graveyard,soggymeatball,2127900
2026-07-13,Modern,64,66,challenge_C64_2026-07-13_12847150_decklist,12847150,24,Ruby Storm,Combo,peter780108,1742159
2026-07-13,Modern,64,66,challenge_C64_2026-07-13_12847150_decklist,12847150,25,Prowess,Aggro,lilianna1989,2842847
2026-07-13,Modern,64,66,challenge_C64_2026-07-13_12847150_decklist,12847150,26,Boros Energy,Aggro,KillerWhale01,3247117
2026-07-13,Modern,64,66,challenge_C64_2026-07-13_12847150_decklist,12847150,27,Affinity,Aggro,Jftwest,3449198
2026-07-13,Modern,64,66,challenge_C64_2026-07-13_12847150_decklist,12847150,28,Esper Murktide,Midrange,Highzac,1114887
2026-07-13,Modern,64,66,challenge_C64_2026-07-13_12847150_decklist,12847150,29,Living End,Graveyard,niuwaid001,2372533
2026-07-13,Modern,64,66,challenge_C64_2026-07-13_12847150_decklist,12847150,30,Goryo's Vengeance,Graveyard,Bmharwell,2776644
2026-07-13,Modern,64,66,challenge_C64_2026-07-13_12847150_decklist,12847150,31,Ragavan,Aggro,Mad_Manaman,3110481
2026-07-13,Modern,64,66,challenge_C64_2026-07-13_12847150_decklist,12847150,32,Affinity,Aggro,nedyahiske,2404093
2026-07-13,Modern,96,114,challenge_C96_2026-07-13_12847154_decklist,12847154,1,Broodscale Combo,Combo,broers_,2675046
2026-07-13,Modern,96,114,challenge_C96_2026-07-13_12847154_decklist,12847154,2,Yawgmoth,Midrange,barczek,1703237
2026-07-13,Modern,96,114,challenge_C96_2026-07-13_12847154_decklist,12847154,3,Eldrazi Ramp,Ramp,Lightspirit,3222070
2026-07-13,Modern,96,114,challenge_C96_2026-07-13_12847154_decklist,12847154,4,Land Destruction,Control,McWinSauce,803141
2026-07-13,Modern,96,114,challenge_C96_2026-07-13_12847154_decklist,12847154,5,Goryo's Vengeance,Graveyard,Rvng,649380
2026-07-13,Modern,96,114,challenge_C96_2026-07-13_12847154_decklist,12847154,6,UW Control,Control,eclipse4343,2714224
2026-07-13,Modern,96,114,challenge_C96_2026-07-13_12847154_decklist,12847154,7,Goryo's Vengeance,Graveyard,MZBlazer,2443246
2026-07-13,Modern,96,114,challenge_C96_2026-07-13_12847154_decklist,12847154,8,Eldrazi Tron,Ramp,Odin2015,3306092
2026-07-13,Modern,96,114,challenge_C96_2026-07-13_12847154_decklist,12847154,9,Amulet Titan,Combo,Epreez,3100948
2026-07-13,Modern,96,114,challenge_C96_2026-07-13_12847154_decklist,12847154,10,Broodscale Combo,Combo,Fransadness,3143623
2026-07-13,Modern,96,114,challenge_C96_2026-07-13_12847154_decklist,12847154,11,Goryo's Vengeance,Graveyard,MarcoBelacca95,2680406
2026-07-13,Modern,96,114,challenge_C96_2026-07-13_12847154_decklist,12847154,12,Broodscale Combo,Combo,ejk,1952341
2026-07-13,Modern,96,114,challenge_C96_2026-07-13_12847154_decklist,12847154,13,Lonis Combo,Combo,Tezzey,2742126
2026-07-13,Modern,96,114,challenge_C96_2026-07-13_12847154_decklist,12847154,14,Yawgmoth,Midrange,Xerk,1089456
2026-07-13,Modern,96,114,challenge_C96_2026-07-13_12847154_decklist,12847154,15,Boros Burn,Aggro,ybai34,3533340
2026-07-13,Modern,96,114,challenge_C96_2026-07-13_12847154_decklist,12847154,16,Affinity,Aggro,LucasG1ggs,750888
2026-07-13,Modern,96,114,challenge_C96_2026-07-13_12847154_decklist,12847154,17,Living End,Graveyard,MeninooNey,3263693
2026-07-13,Modern,96,114,challenge_C96_2026-07-13_12847154_decklist,12847154,18,Eldrazi Tron,Ramp,leandru,1546166
2026-07-13,Modern,96,114,challenge_C96_2026-07-13_12847154_decklist,12847154,19,Broodscale Combo,Combo,toutoune10,1402299
2026-07-13,Modern,96,114,challenge_C96_2026-07-13_12847154_decklist,12847154,20,Eldrazi Tron,Ramp,Tinker_deck,2981803
2026-07-13,Modern,96,114,challenge_C96_2026-07-13_12847154_decklist,12847154,21,Grixis Reanimator,Graveyard,justAlice,2446403
2026-07-13,Modern,96,114,challenge_C96_2026-07-13_12847154_decklist,12847154,22,Prowess,Aggro,MATTOMARINAIO,2678472
2026-07-13,Modern,96,114,challenge_C96_2026-07-13_12847154_decklist,12847154,23,Ruby Storm,Combo,Jonii,3315283
2026-07-13,Modern,96,114,challenge_C96_2026-07-13_12847154_decklist,12847154,24,Prowess,Aggro,toondoslav,1712831
2026-07-13,Modern,96,114,challenge_C96_2026-07-13_12847154_decklist,12847154,25,Ruby Storm,Combo,Sparky165,2226230
2026-07-13,Modern,96,114,challenge_C96_2026-07-13_12847154_decklist,12847154,26,Domain Zoo,Midrange,pius23,3298900
2026-07-13,Modern,96,114,challenge_C96_2026-07-13_12847154_decklist,12847154,27,Boros Energy,Aggro,cs2376jr,3436229
2026-07-13,Modern,96,114,challenge_C96_2026-07-13_12847154_decklist,12847154,28,Goryo's Vengeance,Graveyard,klien7,2564773
2026-07-13,Modern,96,114,challenge_C96_2026-07-13_12847154_decklist,12847154,29,Prowess,Aggro,groot02,3256386
2026-07-13,Modern,96,114,challenge_C96_2026-07-13_12847154_decklist,12847154,30,Boros Energy,Aggro,AttillA,1160185
2026-07-13,Modern,96,114,challenge_C96_2026-07-13_12847154_decklist,12847154,31,Belcher,Combo,UnbanOko,3044837
2026-07-13,Modern,96,114,challenge_C96_2026-07-13_12847154_decklist,12847154,32,Goryo's Vengeance,Graveyard,bcs8995,1824707
2026-07-14,Modern,64,74,challenge_C64_2026-07-14_12847169_decklist,12847169,1,Eldrazi Ramp,Ramp,sgcyrus,434546
2026-07-14,Modern,64,74,challenge_C64_2026-07-14_12847169_decklist,12847169,2,Jeskai Energy,Aggro,xl_snapcaster,2232658
2026-07-14,Modern,64,74,challenge_C64_2026-07-14_12847169_decklist,12847169,3,Broodscale Combo,Combo,Ashigaruu,2891700
2026-07-14,Modern,64,74,challenge_C64_2026-07-14_12847169_decklist,12847169,4,Boros Energy,Aggro,Cqt,784348
2026-07-14,Modern,64,74,challenge_C64_2026-07-14_12847169_decklist,12847169,5,Boros Energy,Aggro,VizosMTG,3474034
2026-07-14,Modern,64,74,challenge_C64_2026-07-14_12847169_decklist,12847169,6,Jeskai Energy,Aggro,Martin_Dominguez,1755256
2026-07-14,Modern,64,74,challenge_C64_2026-07-14_12847169_decklist,12847169,7,Ruby Storm,Combo,Loreington,1994102
2026-07-14,Modern,64,74,challenge_C64_2026-07-14_12847169_decklist,12847169,8,Ruby Storm,Combo,Oscar_Franco,2114194
2026-07-14,Modern,64,74,challenge_C64_2026-07-14_12847169_decklist,12847169,9,Living End,Graveyard,MeninooNey,3263693
2026-07-14,Modern,64,74,challenge_C64_2026-07-14_12847169_decklist,12847169,10,Goryo's Vengeance,Graveyard,FrankHolmquist,2472358
2026-07-14,Modern,64,74,challenge_C64_2026-07-14_12847169_decklist,12847169,11,Goryo's Vengeance,Graveyard,jussupinator,880239
2026-07-14,Modern,64,74,challenge_C64_2026-07-14_12847169_decklist,12847169,12,Eldrazi Tron,Ramp,Odin2015,3306092
2026-07-14,Modern,64,74,challenge_C64_2026-07-14_12847169_decklist,12847169,13,Amulet Titan,Combo,mERAZED,3150538
2026-07-14,Modern,64,74,challenge_C64_2026-07-14_12847169_decklist,12847169,14,Amulet Titan,Combo,Kollslaw,3311758
2026-07-14,Modern,64,74,challenge_C64_2026-07-14_12847169_decklist,12847169,15,Domain Zoo,Midrange,Capitano_CL,535716
2026-07-14,Modern,64,74,challenge_C64_2026-07-14_12847169_decklist,12847169,16,Ruby Storm,Combo,Cachorrowo,2720911
2026-07-14,Modern,64,74,challenge_C64_2026-07-14_12847169_decklist,12847169,17,Goryo's Vengeance,Graveyard,JuanmaAT,2695862
2026-07-14,Modern,64,74,challenge_C64_2026-07-14_12847169_decklist,12847169,18,Affinity,Aggro,giraffesarentreal,2753283
2026-07-14,Modern,64,74,challenge_C64_2026-07-14_12847169_decklist,12847169,19,Land Destruction,Control,komattaman,2690217
2026-07-14,Modern,64,74,challenge_C64_2026-07-14_12847169_decklist,12847169,20,Prowess,Aggro,ctm00,2512422
2026-07-14,Modern,64,74,challenge_C64_2026-07-14_12847169_decklist,12847169,21,Grixis Reanimator,Graveyard,GLSwadow,3438702
2026-07-14,Modern,64,74,challenge_C64_2026-07-14_12847169_decklist,12847169,22,Broodscale Combo,Combo,renatoaraujo,864036
2026-07-14,Modern,64,74,challenge_C64_2026-07-14_12847169_decklist,12847169,23,Prowess,Aggro,JohnTag667,3112124
2026-07-14,Modern,64,74,challenge_C64_2026-07-14_12847169_decklist,12847169,24,Grixis Death's Shadow,Aggro,HokunaMatataa,2833842
2026-07-14,Modern,64,74,challenge_C64_2026-07-14_12847169_decklist,12847169,25,Boros Energy,Aggro,cs2376jr,3436229
2026-07-14,Modern,64,74,challenge_C64_2026-07-14_12847169_decklist,12847169,26,Broodscale Combo,Combo,tabunghasisi,636881
2026-07-14,Modern,64,74,challenge_C64_2026-07-14_12847169_decklist,12847169,27,Rakdos Burn,Aggro,DemianDesposito10,2747375
2026-07-14,Modern,64,74,challenge_C64_2026-07-14_12847169_decklist,12847169,28,Broodscale Combo,Combo,peter780108,1742159
2026-07-14,Modern,64,74,challenge_C64_2026-07-14_12847169_decklist,12847169,29,Prowess,Aggro,M2R,3223931
2026-07-14,Modern,64,74,challenge_C64_2026-07-14_12847169_decklist,12847169,30,Broodscale Combo,Combo,WaffleWiz,3254787
2026-07-14,Modern,64,74,challenge_C64_2026-07-14_12847169_decklist,12847169,31,Goryo's Vengeance,Graveyard,PDeS,1585716
2026-07-14,Modern,64,74,challenge_C64_2026-07-14_12847169_decklist,12847169,32,Belcher,Combo,bugzbugs,3486773
2026-07-15,Modern,32,68,challenge_C32_2026-07-15_12847171_decklist,12847171,1,UW Control,Control,eclipse4343,2714224
2026-07-15,Modern,32,68,challenge_C32_2026-07-15_12847171_decklist,12847171,2,Boros Energy,Aggro,Elfoman_br,2911871
2026-07-15,Modern,32,68,challenge_C32_2026-07-15_12847171_decklist,12847171,3,Grixis Reanimator,Graveyard,justAlice,2446403
2026-07-15,Modern,32,68,challenge_C32_2026-07-15_12847171_decklist,12847171,4,Boros Energy,Aggro,TheColorOfBoom,3359144
2026-07-15,Modern,32,68,challenge_C32_2026-07-15_12847171_decklist,12847171,5,Living End,Graveyard,niuwaid001,2372533
2026-07-15,Modern,32,68,challenge_C32_2026-07-15_12847171_decklist,12847171,6,Dimir Death's Shadow,Aggro,KelsonBlack,2529360
2026-07-15,Modern,32,68,challenge_C32_2026-07-15_12847171_decklist,12847171,7,Eldrazi Tron,Ramp,Tinker_deck,2981803
2026-07-15,Modern,32,68,challenge_C32_2026-07-15_12847171_decklist,12847171,8,Broodscale Combo,Combo,ejk,1952341
2026-07-15,Modern,32,68,challenge_C32_2026-07-15_12847171_decklist,12847171,9,Broodscale Combo,Combo,Joey_Wheeler,1811013
2026-07-15,Modern,32,68,challenge_C32_2026-07-15_12847171_decklist,12847171,10,Broodscale Combo,Combo,renatoaraujo,864036
2026-07-15,Modern,32,68,challenge_C32_2026-07-15_12847171_decklist,12847171,11,Eldrazi Tron,Ramp,Baurong,2781425
2026-07-15,Modern,32,68,challenge_C32_2026-07-15_12847171_decklist,12847171,12,Broodscale Combo,Combo,MyrRetriever,3006274
2026-07-15,Modern,32,68,challenge_C32_2026-07-15_12847171_decklist,12847171,13,Affinity,Aggro,CliffBoyardee,2908645
2026-07-15,Modern,32,68,challenge_C32_2026-07-15_12847171_decklist,12847171,14,Esper Blink,Blink,oinkmage22,2858193
2026-07-15,Modern,32,68,challenge_C32_2026-07-15_12847171_decklist,12847171,15,Affinity,Aggro,SuperCow12653,2064081
2026-07-15,Modern,32,68,challenge_C32_2026-07-15_12847171_decklist,12847171,16,Boros Energy,Aggro,KadettiKersantti,3344298
2026-07-15,Modern,32,68,challenge_C32_2026-07-15_12847171_decklist,12847171,17,Amulet Titan,Combo,Epreez,3100948
2026-07-15,Modern,32,68,challenge_C32_2026-07-15_12847171_decklist,12847171,18,Affinity,Aggro,Danmax97,2992883
2026-07-15,Modern,32,68,challenge_C32_2026-07-15_12847171_decklist,12847171,19,Eldrazi Ramp,Ramp,Lightspirit,3222070
2026-07-15,Modern,32,68,challenge_C32_2026-07-15_12847171_decklist,12847171,20,Jeskai Ascendancy Combo,Combo,GrouchyTurtle,1722183
2026-07-15,Modern,32,68,challenge_C32_2026-07-15_12847171_decklist,12847171,21,Dimir Murktide,Midrange,derlumberzack,1126781
2026-07-15,Modern,32,68,challenge_C32_2026-07-15_12847171_decklist,12847171,22,Humans,Aggro,EnderW,2945081
2026-07-15,Modern,32,68,challenge_C32_2026-07-15_12847171_decklist,12847171,23,Boros Energy,Aggro,xixia,3436277
2026-07-15,Modern,32,68,challenge_C32_2026-07-15_12847171_decklist,12847171,24,Boros Energy,Aggro,KillerWhale01,3247117
2026-07-15,Modern,32,68,challenge_C32_2026-07-15_12847171_decklist,12847171,25,Goryo's Vengeance,Graveyard,RNicoF,2753736
2026-07-15,Modern,32,68,challenge_C32_2026-07-15_12847171_decklist,12847171,26,Hollow One,Graveyard,shimoinu,3563589
2026-07-15,Modern,32,68,challenge_C32_2026-07-15_12847171_decklist,12847171,27,Living End,Graveyard,thatguy_champ,2917923
2026-07-15,Modern,32,68,challenge_C32_2026-07-15_12847171_decklist,12847171,28,Broodscale Combo,Combo,MC_amp2267,2729232
2026-07-15,Modern,32,68,challenge_C32_2026-07-15_12847171_decklist,12847171,29,Esper Murktide,Midrange,Moe12,3037817
2026-07-15,Modern,32,68,challenge_C32_2026-07-15_12847171_decklist,12847171,30,Living End,Graveyard,prizedamalgam,3562327
2026-07-15,Modern,32,68,challenge_C32_2026-07-15_12847171_decklist,12847171,31,Belcher,Combo,parasisnotcool,3135948
2026-07-15,Modern,32,68,challenge_C32_2026-07-15_12847171_decklist,12847171,32,Broodscale Combo,Combo,PaulHauk,3478047
2026-07-15,Modern,96,99,challenge_C96_2026-07-15_12847180_decklist,12847180,1,Affinity,Aggro,chuyingfei,691553
2026-07-15,Modern,96,99,challenge_C96_2026-07-15_12847180_decklist,12847180,2,Eldrazi Tron,Ramp,leandru,1546166
2026-07-15,Modern,96,99,challenge_C96_2026-07-15_12847180_decklist,12847180,3,Belcher,Combo,Savior0117,2464763
2026-07-15,Modern,96,99,challenge_C96_2026-07-15_12847180_decklist,12847180,4,Boros Energy,Aggro,rastaf,254536
2026-07-15,Modern,96,99,challenge_C96_2026-07-15_12847180_decklist,12847180,5,Affinity,Aggro,Deathmaxx,2995055
2026-07-15,Modern,96,99,challenge_C96_2026-07-15_12847180_decklist,12847180,6,Land Destruction,Control,ParinorMTG,3388464
2026-07-15,Modern,96,99,challenge_C96_2026-07-15_12847180_decklist,12847180,7,Jeskai Energy,Aggro,Slyvester3,2204017
2026-07-15,Modern,96,99,challenge_C96_2026-07-15_12847180_decklist,12847180,8,Prowess,Aggro,_theMoonSage_,2001341
2026-07-15,Modern,96,99,challenge_C96_2026-07-15_12847180_decklist,12847180,9,Eldrazi Tron,Ramp,Samcaster-Mage,2232605
2026-07-15,Modern,96,99,challenge_C96_2026-07-15_12847180_decklist,12847180,10,Ruby Storm,Combo,Alakai,676549
2026-07-15,Modern,96,99,challenge_C96_2026-07-15_12847180_decklist,12847180,11,Affinity,Aggro,Danielpena397,2768684
2026-07-15,Modern,96,99,challenge_C96_2026-07-15_12847180_decklist,12847180,12,Eldrazi Tron,Ramp,Jumba,2618500
2026-07-15,Modern,96,99,challenge_C96_2026-07-15_12847180_decklist,12847180,13,Affinity,Aggro,sioutis_kk,3499660
2026-07-15,Modern,96,99,challenge_C96_2026-07-15_12847180_decklist,12847180,14,Land Destruction,Control,FutureExPro,3216332
2026-07-15,Modern,96,99,challenge_C96_2026-07-15_12847180_decklist,12847180,15,Broodscale Combo,Combo,Thunus,3076886
2026-07-15,Modern,96,99,challenge_C96_2026-07-15_12847180_decklist,12847180,16,Dimir Midrange,Midrange,ipadkid,3560747
2026-07-15,Modern,96,99,challenge_C96_2026-07-15_12847180_decklist,12847180,17,Ruby Storm,Combo,hugofreitas1,1997683
2026-07-15,Modern,96,99,challenge_C96_2026-07-15_12847180_decklist,12847180,18,Goryo's Vengeance,Graveyard,Rvng,649380
2026-07-15,Modern,96,99,challenge_C96_2026-07-15_12847180_decklist,12847180,19,Mono-Black Midrange,Midrange,Selfeisek,2042214
2026-07-15,Modern,96,99,challenge_C96_2026-07-15_12847180_decklist,12847180,20,Amulet Titan,Combo,reidq7,3155916
2026-07-15,Modern,96,99,challenge_C96_2026-07-15_12847180_decklist,12847180,21,Jeskai Energy,Aggro,Yanatoy,1185456
2026-07-15,Modern,96,99,challenge_C96_2026-07-15_12847180_decklist,12847180,22,Broodscale Combo,Combo,Spicychicken420,1052306
2026-07-15,Modern,96,99,challenge_C96_2026-07-15_12847180_decklist,12847180,23,Esper Blink,Blink,Homaar,3501107
2026-07-15,Modern,96,99,challenge_C96_2026-07-15_12847180_decklist,12847180,24,Eldrazi Tron,Ramp,Odin2015,3306092
2026-07-15,Modern,96,99,challenge_C96_2026-07-15_12847180_decklist,12847180,25,Prowess,Aggro,iAndrew,3362945
2026-07-15,Modern,96,99,challenge_C96_2026-07-15_12847180_decklist,12847180,26,Amulet Titan,Combo,Epreez,3100948
2026-07-15,Modern,96,99,challenge_C96_2026-07-15_12847180_decklist,12847180,27,Domain Zoo,Midrange,MARZIANO,3473231
2026-07-15,Modern,96,99,challenge_C96_2026-07-15_12847180_decklist,12847180,28,Goryo's Vengeance,Graveyard,Aced5,10594
2026-07-15,Modern,96,99,challenge_C96_2026-07-15_12847180_decklist,12847180,29,Goryo's Vengeance,Graveyard,klien7,2564773
2026-07-15,Modern,96,99,challenge_C96_2026-07-15_12847180_decklist,12847180,30,Prowess,Aggro,DelverOfBolts,2688845
2026-07-15,Modern,96,99,challenge_C96_2026-07-15_12847180_decklist,12847180,31,Song of Creation,Combo,GinkoHS,2689064
2026-07-15,Modern,96,99,challenge_C96_2026-07-15_12847180_decklist,12847180,32,Land Destruction,Control,Nougatygoodness,3486956
2026-07-16,Modern,64,64,challenge_C64_2026-07-16_12847674_decklist,12847674,1,Domain Zoo,Midrange,Pleyboy,2822464
2026-07-16,Modern,64,64,challenge_C64_2026-07-16_12847674_decklist,12847674,2,Goryo's Vengeance,Graveyard,Rvng,649380
2026-07-16,Modern,64,64,challenge_C64_2026-07-16_12847674_decklist,12847674,3,Living End,Graveyard,MeninoNey,2903591
2026-07-16,Modern,64,64,challenge_C64_2026-07-16_12847674_decklist,12847674,4,Mono-Black Midrange,Midrange,Selfeisek,2042214
2026-07-16,Modern,64,64,challenge_C64_2026-07-16_12847674_decklist,12847674,5,Affinity,Aggro,Danielpena397,2768684
2026-07-16,Modern,64,64,challenge_C64_2026-07-16_12847674_decklist,12847674,6,Neobrand,Combo,JPA93,1181017
2026-07-16,Modern,64,64,challenge_C64_2026-07-16_12847674_decklist,12847674,7,Prowess,Aggro,Czechito,2191917
2026-07-16,Modern,64,64,challenge_C64_2026-07-16_12847674_decklist,12847674,8,Boros Burn,Aggro,ybai34,3533340
2026-07-16,Modern,64,64,challenge_C64_2026-07-16_12847674_decklist,12847674,9,Belcher,Combo,Savior0117,2464763
2026-07-16,Modern,64,64,challenge_C64_2026-07-16_12847674_decklist,12847674,10,Boros Energy,Aggro,Dreddybajs,559515
2026-07-16,Modern,64,64,challenge_C64_2026-07-16_12847674_decklist,12847674,11,UBR,Midrange,DelverOfBolts,2688845
2026-07-16,Modern,64,64,challenge_C64_2026-07-16_12847674_decklist,12847674,12,Boros Energy,Aggro,cs2376jr,3436229
2026-07-16,Modern,64,64,challenge_C64_2026-07-16_12847674_decklist,12847674,13,Miracles,Control,Dabol-R,2246917
2026-07-16,Modern,64,64,challenge_C64_2026-07-16_12847674_decklist,12847674,14,Living End,Graveyard,Capitano_CL,535716
2026-07-16,Modern,64,64,challenge_C64_2026-07-16_12847674_decklist,12847674,15,Land Destruction,Control,oolong-chan,2334410
2026-07-16,Modern,64,64,challenge_C64_2026-07-16_12847674_decklist,12847674,16,Dimir Midrange,Midrange,gamertoad,2803600
2026-07-16,Modern,64,64,challenge_C64_2026-07-16_12847674_decklist,12847674,17,Prowess,Aggro,JohnTag667,3112124
2026-07-16,Modern,64,64,challenge_C64_2026-07-16_12847674_decklist,12847674,18,Azorius Control,Control,levunga21,494936
2026-07-16,Modern,64,64,challenge_C64_2026-07-16_12847674_decklist,12847674,19,Eldrazi Ramp,Ramp,frenzyofexultations,3476561
2026-07-16,Modern,64,64,challenge_C64_2026-07-16_12847674_decklist,12847674,20,Land Destruction,Control,ShikiXYZ,1188705
2026-07-16,Modern,64,64,challenge_C64_2026-07-16_12847674_decklist,12847674,21,UBRG,Control,MahfuzVanGogh,1932562
2026-07-16,Modern,64,64,challenge_C64_2026-07-16_12847674_decklist,12847674,22,Dimir Midrange,Midrange,DroopyStorm,3359492
2026-07-16,Modern,64,64,challenge_C64_2026-07-16_12847674_decklist,12847674,23,Grixis Reanimator,Graveyard,GLSwadow,3438702
2026-07-16,Modern,64,64,challenge_C64_2026-07-16_12847674_decklist,12847674,24,Ruby Storm,Combo,_bwonsamdi_,2868980
2026-07-16,Modern,64,64,challenge_C64_2026-07-16_12847674_decklist,12847674,25,Belcher,Combo,Giant Dwarf,327826
2026-07-16,Modern,64,64,challenge_C64_2026-07-16_12847674_decklist,12847674,26,Affinity,Aggro,MatheusPonciano,1956220
2026-07-16,Modern,64,64,challenge_C64_2026-07-16_12847674_decklist,12847674,27,Belcher,Combo,bugzbugs,3486773
2026-07-16,Modern,64,64,challenge_C64_2026-07-16_12847674_decklist,12847674,28,Goryo's Vengeance,Graveyard,benebeats,3462412
2026-07-16,Modern,64,64,challenge_C64_2026-07-16_12847674_decklist,12847674,29,Mono-Black Midrange,Midrange,soggymeatball,2127900
2026-07-16,Modern,64,64,challenge_C64_2026-07-16_12847674_decklist,12847674,30,Eldrazi Ramp,Ramp,Lightspirit,3222070
2026-07-16,Modern,64,64,challenge_C64_2026-07-16_12847674_decklist,12847674,31,UW Control,Control,roter_Erzengel,319713
2026-07-16,Modern,64,64,challenge_C64_2026-07-16_12847674_decklist,12847674,32,Prowess,Aggro,toondoslav,1712831
2026-07-17,Modern,64,76,challenge_C64_2026-07-17_12847683_decklist,12847683,1,Naya Scapeshift,Ramp,Corkyboyy,2699441
2026-07-17,Modern,64,76,challenge_C64_2026-07-17_12847683_decklist,12847683,2,Living End,Graveyard,MeninoNey,2903591
2026-07-17,Modern,64,76,challenge_C64_2026-07-17_12847683_decklist,12847683,3,UW Control,Control,roter_Erzengel,319713
2026-07-17,Modern,64,76,challenge_C64_2026-07-17_12847683_decklist,12847683,4,Domain Zoo,Midrange,Pleyboy,2822464
2026-07-17,Modern,64,76,challenge_C64_2026-07-17_12847683_decklist,12847683,5,Affinity,Aggro,Retrisma,2700947
2026-07-17,Modern,64,76,challenge_C64_2026-07-17_12847683_decklist,12847683,6,Esper Blink,Blink,Gxs3v3n,2861105
2026-07-17,Modern,64,76,challenge_C64_2026-07-17_12847683_decklist,12847683,7,Eldrazi Tron,Ramp,Porks,2796105
2026-07-17,Modern,64,76,challenge_C64_2026-07-17_12847683_decklist,12847683,8,Boros Energy,Aggro,kasiso,2257869
2026-07-17,Modern,64,76,challenge_C64_2026-07-17_12847683_decklist,12847683,9,Eldrazi Tron,Ramp,DelverFofoqueiro,3095953
2026-07-17,Modern,64,76,challenge_C64_2026-07-17_12847683_decklist,12847683,10,Boros Energy,Aggro,_Batutinha_,453404
2026-07-17,Modern,64,76,challenge_C64_2026-07-17_12847683_decklist,12847683,11,Broodscale Combo,Combo,Scorpion100,2872570
2026-07-17,Modern,64,76,challenge_C64_2026-07-17_12847683_decklist,12847683,12,Ruby Storm,Combo,Calambity,979328
2026-07-17,Modern,64,76,challenge_C64_2026-07-17_12847683_decklist,12847683,13,Domain Zoo,Midrange,kaiszern,2078647
2026-07-17,Modern,64,76,challenge_C64_2026-07-17_12847683_decklist,12847683,14,Broodscale Combo,Combo,bananadisaster,3442638
2026-07-17,Modern,64,76,challenge_C64_2026-07-17_12847683_decklist,12847683,15,Jeskai Energy,Aggro,JakeTMS,2931233
2026-07-17,Modern,64,76,challenge_C64_2026-07-17_12847683_decklist,12847683,16,Dimir Midrange,Midrange,Dioferreira,1950164
2026-07-17,Modern,64,76,challenge_C64_2026-07-17_12847683_decklist,12847683,17,Hammer Time,Combo,DeepDisherino,3488559
2026-07-17,Modern,64,76,challenge_C64_2026-07-17_12847683_decklist,12847683,18,Devoted Combo,Combo,Cake363,1229784
2026-07-17,Modern,64,76,challenge_C64_2026-07-17_12847683_decklist,12847683,19,Broodscale Combo,Combo,maear,2645032
2026-07-17,Modern,64,76,challenge_C64_2026-07-17_12847683_decklist,12847683,20,Boros Energy,Aggro,Mikebrav,726347
2026-07-17,Modern,64,76,challenge_C64_2026-07-17_12847683_decklist,12847683,21,Mono-Green Eldrazi,Ramp,Capitano_CL,535716
2026-07-17,Modern,64,76,challenge_C64_2026-07-17_12847683_decklist,12847683,22,Eldrazi Tron,Ramp,Jumba,2618500
2026-07-17,Modern,64,76,challenge_C64_2026-07-17_12847683_decklist,12847683,23,Domain Zoo,Midrange,daxerz,789807
2026-07-17,Modern,64,76,challenge_C64_2026-07-17_12847683_decklist,12847683,24,Belcher,Combo,Olle0032,3140759
2026-07-17,Modern,64,76,challenge_C64_2026-07-17_12847683_decklist,12847683,25,Mono-Green Eldrazi,Ramp,AchtungSchaaf827,1910257
2026-07-17,Modern,64,76,challenge_C64_2026-07-17_12847683_decklist,12847683,26,Prowess,Aggro,ryuumei,933670
2026-07-17,Modern,64,76,challenge_C64_2026-07-17_12847683_decklist,12847683,27,Prowess,Aggro,JohnTag667,3112124
2026-07-17,Modern,64,76,challenge_C64_2026-07-17_12847683_decklist,12847683,28,Ragavan,Aggro,goron27,2908401
2026-07-17,Modern,64,76,challenge_C64_2026-07-17_12847683_decklist,12847683,29,Belcher,Combo,Savior0117,2464763
2026-07-17,Modern,64,76,challenge_C64_2026-07-17_12847683_decklist,12847683,30,Land Destruction,Control,Alondite,3538905
2026-07-17,Modern,64,76,challenge_C64_2026-07-17_12847683_decklist,12847683,31,Grixis Control,Control,Aced5,10594
2026-07-17,Modern,64,76,challenge_C64_2026-07-17_12847683_decklist,12847683,32,Affinity,Aggro,Young_Shaman,1585457
2026-07-18,Modern,32,49,challenge_C32_2026-07-18_12847693_decklist,12847693,1,Amulet Titan,Combo,Juintatz,3020696
2026-07-18,Modern,32,49,challenge_C32_2026-07-18_12847693_decklist,12847693,2,Boros Energy,Aggro,jev_,2878060
2026-07-18,Modern,32,49,challenge_C32_2026-07-18_12847693_decklist,12847693,3,Ruby Storm,Combo,Polikasoll,2237473
2026-07-18,Modern,32,49,challenge_C32_2026-07-18_12847693_decklist,12847693,4,Yawgmoth,Midrange,NickBolas90,2921975
2026-07-18,Modern,32,49,challenge_C32_2026-07-18_12847693_decklist,12847693,5,Mardu Energy,Aggro,_Falcon_,2498069
2026-07-18,Modern,32,49,challenge_C32_2026-07-18_12847693_decklist,12847693,6,Mono-Green Eldrazi,Ramp,E_Kaminuma,2707045
2026-07-18,Modern,32,49,challenge_C32_2026-07-18_12847693_decklist,12847693,7,Broodscale Combo,Combo,GieralK,3331554
2026-07-18,Modern,32,49,challenge_C32_2026-07-18_12847693_decklist,12847693,8,Living End,Graveyard,touto_Isle,1439480
2026-07-18,Modern,32,49,challenge_C32_2026-07-18_12847693_decklist,12847693,9,Neobrand,Combo,MyPotatoes,3147183
2026-07-18,Modern,32,49,challenge_C32_2026-07-18_12847693_decklist,12847693,10,Prowess,Aggro,DelverOfBolts,2688845
2026-07-18,Modern,32,49,challenge_C32_2026-07-18_12847693_decklist,12847693,11,Mono-Green Eldrazi,Ramp,yolad,3342362
2026-07-18,Modern,32,49,challenge_C32_2026-07-18_12847693_decklist,12847693,12,Goryo's Vengeance,Graveyard,kthanakit26,2122697
2026-07-18,Modern,32,49,challenge_C32_2026-07-18_12847693_decklist,12847693,13,Yawgmoth,Midrange,SPyromancer,2851835
2026-07-18,Modern,32,49,challenge_C32_2026-07-18_12847693_decklist,12847693,14,Prowess,Aggro,ryuumei,933670
2026-07-18,Modern,32,49,challenge_C32_2026-07-18_12847693_decklist,12847693,15,Hollow One,Graveyard,shimoinu,3563589
2026-07-18,Modern,32,49,challenge_C32_2026-07-18_12847693_decklist,12847693,16,Dimir Midrange,Midrange,ipadkid,3560747
2026-07-18,Modern,32,49,challenge_C32_2026-07-18_12847693_decklist,12847693,17,UBR,Midrange,Suechtler,962368
2026-07-18,Modern,32,49,challenge_C32_2026-07-18_12847693_decklist,12847693,18,Esper Blink,Blink,Gxs3v3n,2861105
2026-07-18,Modern,32,49,challenge_C32_2026-07-18_12847693_decklist,12847693,19,Goryo's Vengeance,Graveyard,SimoCr,2713675
2026-07-18,Modern,32,49,challenge_C32_2026-07-18_12847693_decklist,12847693,20,Rakdos Midrange,Midrange,DskBayWolf,3220713
2026-07-18,Modern,32,49,challenge_C32_2026-07-18_12847693_decklist,12847693,21,Dimir Midrange,Midrange,Athenani,3293663
2026-07-18,Modern,32,49,challenge_C32_2026-07-18_12847693_decklist,12847693,22,Esper Midrange,Midrange,albert62,1574579
2026-07-18,Modern,32,49,challenge_C32_2026-07-18_12847693_decklist,12847693,23,UW Control,Control,Egorable,3391802
2026-07-18,Modern,32,49,challenge_C32_2026-07-18_12847693_decklist,12847693,24,Boros Burn,Aggro,ybai34,3533340
2026-07-18,Modern,32,49,challenge_C32_2026-07-18_12847693_decklist,12847693,25,Neobrand,Combo,felider,2322146
2026-07-18,Modern,32,49,challenge_C32_2026-07-18_12847693_decklist,12847693,26,Boros Energy,Aggro,Giovane_Lupo,3042765
2026-07-18,Modern,32,49,challenge_C32_2026-07-18_12847693_decklist,12847693,27,Azorius Blink,Blink,Moe12,3037817
2026-07-18,Modern,32,49,challenge_C32_2026-07-18_12847693_decklist,12847693,28,Boros Energy,Aggro,FunFun_Tony,3526102
2026-07-18,Modern,32,49,challenge_C32_2026-07-18_12847693_decklist,12847693,29,Broodscale Combo,Combo,yriel,2537131
2026-07-18,Modern,32,49,challenge_C32_2026-07-18_12847693_decklist,12847693,30,Broodscale Combo,Combo,bananadisaster,3442638
2026-07-18,Modern,32,49,challenge_C32_2026-07-18_12847693_decklist,12847693,31,4c HollowOne,Graveyard,PJKP,3400071
2026-07-18,Modern,32,49,challenge_C32_2026-07-18_12847693_decklist,12847693,32,Dimir Midrange,Midrange,kcomedina,617093
2026-07-18,Modern,64,72,challenge_C64_2026-07-18_12847691_decklist,12847691,1,Yawgmoth,Midrange,SGMY95,2686516
2026-07-18,Modern,64,72,challenge_C64_2026-07-18_12847691_decklist,12847691,2,Ruby Storm,Combo,hugofreitas1,1997683
2026-07-18,Modern,64,72,challenge_C64_2026-07-18_12847691_decklist,12847691,3,Esper Control,Control,hermesthenerd,3197079
2026-07-18,Modern,64,72,challenge_C64_2026-07-18_12847691_decklist,12847691,4,Esper Blink,Blink,Willthepill,999039
2026-07-18,Modern,64,72,challenge_C64_2026-07-18_12847691_decklist,12847691,5,Living End,Graveyard,Lord_Beerus,1952846
2026-07-18,Modern,64,72,challenge_C64_2026-07-18_12847691_decklist,12847691,6,Living End,Graveyard,MeninoNey,2903591
2026-07-18,Modern,64,72,challenge_C64_2026-07-18_12847691_decklist,12847691,7,Boros Energy,Aggro,fazparte,3106246
2026-07-18,Modern,64,72,challenge_C64_2026-07-18_12847691_decklist,12847691,8,Broodscale Combo,Combo,peter780108,1742159
2026-07-18,Modern,64,72,challenge_C64_2026-07-18_12847691_decklist,12847691,9,Mono-Black Midrange,Midrange,Corkyboyy,2699441
2026-07-18,Modern,64,72,challenge_C64_2026-07-18_12847691_decklist,12847691,10,Broodscale Combo,Combo,Iaashadow,2712707
2026-07-18,Modern,64,72,challenge_C64_2026-07-18_12847691_decklist,12847691,11,Belcher,Combo,Ztenod,1096446
2026-07-18,Modern,64,72,challenge_C64_2026-07-18_12847691_decklist,12847691,12,Dimir Midrange,Midrange,gamertoad,2803600
2026-07-18,Modern,64,72,challenge_C64_2026-07-18_12847691_decklist,12847691,13,Mono-Black Midrange,Midrange,Selfeisek,2042214
2026-07-18,Modern,64,72,challenge_C64_2026-07-18_12847691_decklist,12847691,14,Affinity,Aggro,Arcbound_Papi,2137107
2026-07-18,Modern,64,72,challenge_C64_2026-07-18_12847691_decklist,12847691,15,Grixis Reanimator,Graveyard,Americanmisfit5,1141571
2026-07-18,Modern,64,72,challenge_C64_2026-07-18_12847691_decklist,12847691,16,Ruby Storm,Combo,Calambity,979328
2026-07-18,Modern,64,72,challenge_C64_2026-07-18_12847691_decklist,12847691,17,Rakdos HollowOne,Graveyard,kattsu,3405528
2026-07-18,Modern,64,72,challenge_C64_2026-07-18_12847691_decklist,12847691,18,Bant Control,Control,Cachorrowo,2720911
2026-07-18,Modern,64,72,challenge_C64_2026-07-18_12847691_decklist,12847691,19,Land Destruction,Control,CNewman,1715380
2026-07-18,Modern,64,72,challenge_C64_2026-07-18_12847691_decklist,12847691,20,Broodscale Combo,Combo,PaulHauk,3478047
2026-07-18,Modern,64,72,challenge_C64_2026-07-18_12847691_decklist,12847691,21,Boros Energy,Aggro,amin0e,3107576
2026-07-18,Modern,64,72,challenge_C64_2026-07-18_12847691_decklist,12847691,22,Amulet Titan,Combo,Juintatz,3020696
2026-07-18,Modern,64,72,challenge_C64_2026-07-18_12847691_decklist,12847691,23,Esper Mill,Combo,KieranT,2026858
2026-07-18,Modern,64,72,challenge_C64_2026-07-18_12847691_decklist,12847691,24,Eldrazi Tron,Ramp,Tinker_deck,2981803
2026-07-18,Modern,64,72,challenge_C64_2026-07-18_12847691_decklist,12847691,25,Mardu Energy,Aggro,RandomGameActions,315946
2026-07-18,Modern,64,72,challenge_C64_2026-07-18_12847691_decklist,12847691,26,Boros Energy,Aggro,GigaChadSigmaMale,3085636
2026-07-18,Modern,64,72,challenge_C64_2026-07-18_12847691_decklist,12847691,27,Neobrand,Combo,nv_goblin,2147397
2026-07-18,Modern,64,72,challenge_C64_2026-07-18_12847691_decklist,12847691,28,The Rock,Midrange,MystikHawk,2626857
2026-07-18,Modern,64,72,challenge_C64_2026-07-18_12847691_decklist,12847691,29,Boros Energy,Aggro,jayrod115,2760324
2026-07-18,Modern,64,72,challenge_C64_2026-07-18_12847691_decklist,12847691,30,UW Control,Control,eclipse4343,2714224
2026-07-18,Modern,64,72,challenge_C64_2026-07-18_12847691_decklist,12847691,31,Rakdos Aggro,Aggro,DragonFodder,415299
2026-07-18,Modern,64,72,challenge_C64_2026-07-18_12847691_decklist,12847691,32,Boros Energy,Aggro,RandomOctopus,1800145
2026-07-18,Modern,64,89,challenge_C64_2026-07-18_12847698_decklist,12847698,1,Grixis Reanimator,Graveyard,JPA93,1181017
2026-07-18,Modern,64,89,challenge_C64_2026-07-18_12847698_decklist,12847698,2,Azorius Blink,Blink,RezerDeDog,3135969
2026-07-18,Modern,64,89,challenge_C64_2026-07-18_12847698_decklist,12847698,3,Belcher,Combo,bugzbugs,3486773
2026-07-18,Modern,64,89,challenge_C64_2026-07-18_12847698_decklist,12847698,4,Living End,Graveyard,Lord_Beerus,1952846
2026-07-18,Modern,64,89,challenge_C64_2026-07-18_12847698_decklist,12847698,5,Azorius Control,Control,senior_shak,3188660
2026-07-18,Modern,64,89,challenge_C64_2026-07-18_12847698_decklist,12847698,6,Boros Energy,Aggro,RandomOctopus,1800145
2026-07-18,Modern,64,89,challenge_C64_2026-07-18_12847698_decklist,12847698,7,Grixis Reanimator,Graveyard,GLSwadow,3438702
2026-07-18,Modern,64,89,challenge_C64_2026-07-18_12847698_decklist,12847698,8,Eldrazi Tron,Ramp,slade8283,1229112
2026-07-18,Modern,64,89,challenge_C64_2026-07-18_12847698_decklist,12847698,9,Belcher,Combo,Savior0117,2464763
2026-07-18,Modern,64,89,challenge_C64_2026-07-18_12847698_decklist,12847698,10,Boros Energy,Aggro,kasiso,2257869
2026-07-18,Modern,64,89,challenge_C64_2026-07-18_12847698_decklist,12847698,11,UR Loki,Control,JakeTMS,2931233
2026-07-18,Modern,64,89,challenge_C64_2026-07-18_12847698_decklist,12847698,12,Affinity,Aggro,Polikasoll,2237473
2026-07-18,Modern,64,89,challenge_C64_2026-07-18_12847698_decklist,12847698,13,Boros Energy,Aggro,LaneOrLaine,3117690
2026-07-18,Modern,64,89,challenge_C64_2026-07-18_12847698_decklist,12847698,14,Yawgmoth,Midrange,Jconn,2538717
2026-07-18,Modern,64,89,challenge_C64_2026-07-18_12847698_decklist,12847698,15,Affinity,Aggro,McWinSauce,803141
2026-07-18,Modern,64,89,challenge_C64_2026-07-18_12847698_decklist,12847698,16,Land Destruction,Control,FutureExPro,3216332
2026-07-18,Modern,64,89,challenge_C64_2026-07-18_12847698_decklist,12847698,17,Goryo's Vengeance,Graveyard,Hongfu_Eureka,3070695
2026-07-18,Modern,64,89,challenge_C64_2026-07-18_12847698_decklist,12847698,18,Belcher,Combo,draco09,2987477
2026-07-18,Modern,64,89,challenge_C64_2026-07-18_12847698_decklist,12847698,19,Affinity,Aggro,Arcbound_Papi,2137107
2026-07-18,Modern,64,89,challenge_C64_2026-07-18_12847698_decklist,12847698,20,Boros Energy,Aggro,hauterho,1373830
2026-07-18,Modern,64,89,challenge_C64_2026-07-18_12847698_decklist,12847698,21,Goryo's Vengeance,Graveyard,Oscar_Franco,2114194
2026-07-18,Modern,64,89,challenge_C64_2026-07-18_12847698_decklist,12847698,22,Amulet Titan,Combo,Epreez,3100948
2026-07-18,Modern,64,89,challenge_C64_2026-07-18_12847698_decklist,12847698,23,Rakdos Burn,Aggro,DemianDesposito10,2747375
2026-07-18,Modern,64,89,challenge_C64_2026-07-18_12847698_decklist,12847698,24,Jeskai Energy,Aggro,Slyvester3,2204017
2026-07-18,Modern,64,89,challenge_C64_2026-07-18_12847698_decklist,12847698,25,Prowess,Aggro,Terminus0,2180371
2026-07-18,Modern,64,89,challenge_C64_2026-07-18_12847698_decklist,12847698,26,Boros Energy,Aggro,_Batutinha_,453404
2026-07-18,Modern,64,89,challenge_C64_2026-07-18_12847698_decklist,12847698,27,Eldrazi Tron,Ramp,Tinker_deck,2981803
2026-07-18,Modern,64,89,challenge_C64_2026-07-18_12847698_decklist,12847698,28,Eldrazi Tron,Ramp,mwatts10,711601
2026-07-18,Modern,64,89,challenge_C64_2026-07-18_12847698_decklist,12847698,29,Devoted Combo,Combo,Cake363,1229784
2026-07-18,Modern,64,89,challenge_C64_2026-07-18_12847698_decklist,12847698,30,Ruby Storm,Combo,Free2,2812674
2026-07-18,Modern,64,89,challenge_C64_2026-07-18_12847698_decklist,12847698,31,UW Control,Control,eclipse4343,2714224
2026-07-18,Modern,64,89,challenge_C64_2026-07-18_12847698_decklist,12847698,32,Boros Energy,Aggro,Jelleb99,3016130
2026-07-19,Modern,32,44,challenge_C32_2026-07-19_12847708_decklist,12847708,1,Prowess,Aggro,JAJC,2915741
2026-07-19,Modern,32,44,challenge_C32_2026-07-19_12847708_decklist,12847708,2,Domain Zoo,Midrange,NuBlkAu,1719515
2026-07-19,Modern,32,44,challenge_C32_2026-07-19_12847708_decklist,12847708,3,Amulet Titan,Combo,CrownedRuti,2710270
2026-07-19,Modern,32,44,challenge_C32_2026-07-19_12847708_decklist,12847708,4,Boros Energy,Aggro,Lollopollo2001,2373595
2026-07-19,Modern,32,44,challenge_C32_2026-07-19_12847708_decklist,12847708,5,Broodscale Combo,Combo,TomBombadi1,2607787
2026-07-19,Modern,32,44,challenge_C32_2026-07-19_12847708_decklist,12847708,6,Belcher,Combo,AeonLock,3469304
2026-07-19,Modern,32,44,challenge_C32_2026-07-19_12847708_decklist,12847708,7,Affinity,Aggro,sioutis_kk,3499660
2026-07-19,Modern,32,44,challenge_C32_2026-07-19_12847708_decklist,12847708,8,Prowess,Aggro,jvidarte,2651868
2026-07-19,Modern,32,44,challenge_C32_2026-07-19_12847708_decklist,12847708,9,Boros Energy,Aggro,unagieel,815932
2026-07-19,Modern,32,44,challenge_C32_2026-07-19_12847708_decklist,12847708,10,Living End,Graveyard,MeninooNey,3263693
2026-07-19,Modern,32,44,challenge_C32_2026-07-19_12847708_decklist,12847708,11,Broodscale Combo,Combo,FerMTG,2792132
2026-07-19,Modern,32,44,challenge_C32_2026-07-19_12847708_decklist,12847708,12,Mardu HollowOne,Graveyard,flamyblade,820577
2026-07-19,Modern,32,44,challenge_C32_2026-07-19_12847708_decklist,12847708,13,Eldrazi Tron,Ramp,Jumba,2618500
2026-07-19,Modern,32,44,challenge_C32_2026-07-19_12847708_decklist,12847708,14,Dimir Midrange,Midrange,1OR513N86,614372
2026-07-19,Modern,32,44,challenge_C32_2026-07-19_12847708_decklist,12847708,15,Goryo's Vengeance,Graveyard,Phryziel,301933
2026-07-19,Modern,32,44,challenge_C32_2026-07-19_12847708_decklist,12847708,16,Amulet Titan,Combo,deftjad,2276700
2026-07-19,Modern,32,44,challenge_C32_2026-07-19_12847708_decklist,12847708,17,UBRG,Control,MahfuzVanGogh,1932562
2026-07-19,Modern,32,44,challenge_C32_2026-07-19_12847708_decklist,12847708,18,Neobrand,Combo,lilianna1989,2842847
2026-07-19,Modern,32,44,challenge_C32_2026-07-19_12847708_decklist,12847708,19,Boros Energy,Aggro,_Batutinha_,453404
2026-07-19,Modern,32,44,challenge_C32_2026-07-19_12847708_decklist,12847708,20,Dimir Midrange,Midrange,Zoob5555,2114447
2026-07-19,Modern,32,44,challenge_C32_2026-07-19_12847708_decklist,12847708,21,Naya Scapeshift,Ramp,ginp,1581797
2026-07-19,Modern,32,44,challenge_C32_2026-07-19_12847708_decklist,12847708,22,Goryo's Vengeance,Graveyard,HarbingerTheEndless,1822796
2026-07-19,Modern,32,44,challenge_C32_2026-07-19_12847708_decklist,12847708,23,Goryo's Vengeance,Graveyard,iomatic,900413
2026-07-19,Modern,32,44,challenge_C32_2026-07-19_12847708_decklist,12847708,24,Esper Blink,Blink,kokubo,3113226
2026-07-19,Modern,32,44,challenge_C32_2026-07-19_12847708_decklist,12847708,25,Neobrand,Combo,felider,2322146
2026-07-19,Modern,32,44,challenge_C32_2026-07-19_12847708_decklist,12847708,26,Boros Burn,Aggro,ybai34,3533340
2026-07-19,Modern,32,44,challenge_C32_2026-07-19_12847708_decklist,12847708,27,Boros Energy,Aggro,kasiso,2257869
2026-07-19,Modern,32,44,challenge_C32_2026-07-19_12847708_decklist,12847708,28,BRG,Midrange,manohito,2908947
2026-07-19,Modern,32,44,challenge_C32_2026-07-19_12847708_decklist,12847708,29,Esper Midrange,Midrange,albert62,1574579
2026-07-19,Modern,32,44,challenge_C32_2026-07-19_12847708_decklist,12847708,30,Naya Scapeshift,Ramp,Kritik,2707200
2026-07-19,Modern,32,44,challenge_C32_2026-07-19_12847708_decklist,12847708,31,Mono-Green Eldrazi,Ramp,Oscar_Franco,2114194
2026-07-19,Modern,32,44,challenge_C32_2026-07-19_12847708_decklist,12847708,32,Mardu Energy,Aggro,_Falcon_,2498069
2026-07-19,Modern,64,73,challenge_C64_2026-07-19_12847704_decklist,12847704,1,UW Control,Control,eclipse4343,2714224
2026-07-19,Modern,64,73,challenge_C64_2026-07-19_12847704_decklist,12847704,2,Ruby Storm,Combo,EsperWTB,3144094
2026-07-19,Modern,64,73,challenge_C64_2026-07-19_12847704_decklist,12847704,3,Tron,Ramp,jessy_samek,922706
2026-07-19,Modern,64,73,challenge_C64_2026-07-19_12847704_decklist,12847704,4,Azorius Blink,Blink,kennydarko,2096186
2026-07-19,Modern,64,73,challenge_C64_2026-07-19_12847704_decklist,12847704,5,Boros Energy,Aggro,kasiso,2257869
2026-07-19,Modern,64,73,challenge_C64_2026-07-19_12847704_decklist,12847704,6,Eldrazi Ramp,Ramp,Lightspirit,3222070
2026-07-19,Modern,64,73,challenge_C64_2026-07-19_12847704_decklist,12847704,7,The Rock,Midrange,iomatic,900413
2026-07-19,Modern,64,73,challenge_C64_2026-07-19_12847704_decklist,12847704,8,Eldrazi Tron,Ramp,joelstephens94,3488580
2026-07-19,Modern,64,73,challenge_C64_2026-07-19_12847704_decklist,12847704,9,Eldrazi Tron,Ramp,OPaZZwiZard,3132441
2026-07-19,Modern,64,73,challenge_C64_2026-07-19_12847704_decklist,12847704,10,Boros Energy,Aggro,Sarlanga,643454
2026-07-19,Modern,64,73,challenge_C64_2026-07-19_12847704_decklist,12847704,11,Mono-Green Eldrazi,Ramp,Bok_Choy_,2999477
2026-07-19,Modern,64,73,challenge_C64_2026-07-19_12847704_decklist,12847704,12,Indomitable Creativity,Combo,ShadowTitan1,2130633
2026-07-19,Modern,64,73,challenge_C64_2026-07-19_12847704_decklist,12847704,13,Broodscale Combo,Combo,NJ5030,3042804
2026-07-19,Modern,64,73,challenge_C64_2026-07-19_12847704_decklist,12847704,14,Broodscale Combo,Combo,Kollslaw,3311758
2026-07-19,Modern,64,73,challenge_C64_2026-07-19_12847704_decklist,12847704,15,Belcher,Combo,UnbanOko,3044837
2026-07-19,Modern,64,73,challenge_C64_2026-07-19_12847704_decklist,12847704,16,Yawgmoth,Midrange,fclyra,2961985
2026-07-19,Modern,64,73,challenge_C64_2026-07-19_12847704_decklist,12847704,17,Ragavan,Aggro,Tylar,1646428
2026-07-19,Modern,64,73,challenge_C64_2026-07-19_12847704_decklist,12847704,18,Mono-Green Eldrazi,Ramp,Rexplosion,1860596
2026-07-19,Modern,64,73,challenge_C64_2026-07-19_12847704_decklist,12847704,19,Dimir Midrange,Midrange,gamertoad,2803600
2026-07-19,Modern,64,73,challenge_C64_2026-07-19_12847704_decklist,12847704,20,Broodscale Combo,Combo,GigaChadSigmaMale,3085636
2026-07-19,Modern,64,73,challenge_C64_2026-07-19_12847704_decklist,12847704,21,Broodscale Combo,Combo,nonco,2833832
2026-07-19,Modern,64,73,challenge_C64_2026-07-19_12847704_decklist,12847704,22,Prowess,Aggro,andersoneclair,1186448
2026-07-19,Modern,64,73,challenge_C64_2026-07-19_12847704_decklist,12847704,23,Amulet Titan,Combo,Ouranos139,2316177
2026-07-19,Modern,64,73,challenge_C64_2026-07-19_12847704_decklist,12847704,24,Belcher,Combo,E90_DeliveryBoy,3122660
2026-07-19,Modern,64,73,challenge_C64_2026-07-19_12847704_decklist,12847704,25,Esper Mill,Combo,goldsboro3,3139501
2026-07-19,Modern,64,73,challenge_C64_2026-07-19_12847704_decklist,12847704,26,Living End,Graveyard,Pafru,3069560
2026-07-19,Modern,64,73,challenge_C64_2026-07-19_12847704_decklist,12847704,27,Neobrand,Combo,Capitano_CL,535716
2026-07-19,Modern,64,73,challenge_C64_2026-07-19_12847704_decklist,12847704,28,Belcher,Combo,bugzbugs,3486773
2026-07-19,Modern,64,73,challenge_C64_2026-07-19_12847704_decklist,12847704,29,Rakdos Burn,Aggro,DemianDesposito10,2747375
2026-07-19,Modern,64,73,challenge_C64_2026-07-19_12847704_decklist,12847704,30,Hammer Time,Combo,ZimMTG,3125470
2026-07-19,Modern,64,73,challenge_C64_2026-07-19_12847704_decklist,12847704,31,Boros Energy,Aggro,Topdecker8000,3309051
2026-07-19,Modern,64,73,challenge_C64_2026-07-19_12847704_decklist,12847704,32,Goryo's Vengeance,Graveyard,kentaro_hokori,575927
2026-07-20,Modern,64,76,challenge_C64_2026-07-20_12847717_decklist,12847717,1,4c HollowOne,Graveyard,percussion_mike,3085850
2026-07-20,Modern,64,76,challenge_C64_2026-07-20_12847717_decklist,12847717,2,Ruby Storm,Combo,Calambity,979328
2026-07-20,Modern,64,76,challenge_C64_2026-07-20_12847717_decklist,12847717,3,Broodscale Combo,Combo,sultai4lyfe,1614331
2026-07-20,Modern,64,76,challenge_C64_2026-07-20_12847717_decklist,12847717,4,Domain Zoo,Midrange,ejk,1952341
2026-07-20,Modern,64,76,challenge_C64_2026-07-20_12847717_decklist,12847717,5,Neobrand,Combo,Scorpion100,2872570
2026-07-20,Modern,64,76,challenge_C64_2026-07-20_12847717_decklist,12847717,6,Tron,Ramp,Stealthmagician,2334451
2026-07-20,Modern,64,76,challenge_C64_2026-07-20_12847717_decklist,12847717,7,Boros Energy,Aggro,azpharot,3023527
2026-07-20,Modern,64,76,challenge_C64_2026-07-20_12847717_decklist,12847717,8,Broodscale Combo,Combo,MTGeeGee,2812852
2026-07-20,Modern,64,76,challenge_C64_2026-07-20_12847717_decklist,12847717,9,Dimir Mill,Combo,xerioc,1660533
2026-07-20,Modern,64,76,challenge_C64_2026-07-20_12847717_decklist,12847717,10,Dimir Midrange,Midrange,JDunny4,3340044
2026-07-20,Modern,64,76,challenge_C64_2026-07-20_12847717_decklist,12847717,11,Grixis Midrange,Midrange,Dioferreira,1950164
2026-07-20,Modern,64,76,challenge_C64_2026-07-20_12847717_decklist,12847717,12,Affinity,Aggro,MystikHawk,2626857
2026-07-20,Modern,64,76,challenge_C64_2026-07-20_12847717_decklist,12847717,13,Living End,Graveyard,niuwaid001,2372533
2026-07-20,Modern,64,76,challenge_C64_2026-07-20_12847717_decklist,12847717,14,Azorius Control,Control,wft,3030517
2026-07-20,Modern,64,76,challenge_C64_2026-07-20_12847717_decklist,12847717,15,Tron,Ramp,Dlihchtarw,2718398
2026-07-20,Modern,64,76,challenge_C64_2026-07-20_12847717_decklist,12847717,16,Living End,Graveyard,touto_Isle,1439480
2026-07-20,Modern,64,76,challenge_C64_2026-07-20_12847717_decklist,12847717,17,Domain Zoo,Midrange,andersoneclair,1186448
2026-07-20,Modern,64,76,challenge_C64_2026-07-20_12847717_decklist,12847717,18,Grixis Reanimator,Graveyard,lgqueiroz3,2011282
2026-07-20,Modern,64,76,challenge_C64_2026-07-20_12847717_decklist,12847717,19,BRG,Midrange,derlumberzack,1126781
2026-07-20,Modern,64,76,challenge_C64_2026-07-20_12847717_decklist,12847717,20,Prowess,Aggro,JonDaBill,3382957
2026-07-20,Modern,64,76,challenge_C64_2026-07-20_12847717_decklist,12847717,21,Boros Energy,Aggro,TRON_Bahiano,3526959
2026-07-20,Modern,64,76,challenge_C64_2026-07-20_12847717_decklist,12847717,22,Goryo's Vengeance,Graveyard,ador,2786634
2026-07-20,Modern,64,76,challenge_C64_2026-07-20_12847717_decklist,12847717,23,Goryo's Vengeance,Graveyard,Hongfu_Eureka,3070695
2026-07-20,Modern,64,76,challenge_C64_2026-07-20_12847717_decklist,12847717,24,Eldrazi Tron,Ramp,Tinker_deck,2981803
2026-07-20,Modern,64,76,challenge_C64_2026-07-20_12847717_decklist,12847717,25,Azorius Blink,Blink,lilcreacher,3447454
2026-07-20,Modern,64,76,challenge_C64_2026-07-20_12847717_decklist,12847717,26,Broodscale Combo,Combo,Fransadness,3143623
2026-07-20,Modern,64,76,challenge_C64_2026-07-20_12847717_decklist,12847717,27,Goryo's Vengeance,Graveyard,jussupinator,880239
2026-07-20,Modern,64,76,challenge_C64_2026-07-20_12847717_decklist,12847717,28,Boros Energy,Aggro,amin0e,3107576
2026-07-20,Modern,64,76,challenge_C64_2026-07-20_12847717_decklist,12847717,29,Dimir Midrange,Midrange,RandomOctopus,1800145
2026-07-20,Modern,64,76,challenge_C64_2026-07-20_12847717_decklist,12847717,30,Ruby Storm,Combo,Smang,312637
2026-07-20,Modern,64,76,challenge_C64_2026-07-20_12847717_decklist,12847717,31,Boros Energy,Aggro,arturcosta,2887338
2026-07-20,Modern,64,76,challenge_C64_2026-07-20_12847717_decklist,12847717,32,Eldrazi Ramp,Ramp,Lightspirit,3222070
2026-07-20,Modern,96,96,challenge_C96_2026-07-20_12847721_decklist,12847721,1,Mono-Black Midrange,Midrange,Selfeisek,2042214
2026-07-20,Modern,96,96,challenge_C96_2026-07-20_12847721_decklist,12847721,2,4c HollowOne,Graveyard,4FunNoWin,3479773
2026-07-20,Modern,96,96,challenge_C96_2026-07-20_12847721_decklist,12847721,3,Jeskai Control,Control,JakeTMS,2931233
2026-07-20,Modern,96,96,challenge_C96_2026-07-20_12847721_decklist,12847721,4,Neobrand,Combo,MisterTwin,3190187
2026-07-20,Modern,96,96,challenge_C96_2026-07-20_12847721_decklist,12847721,5,Prowess,Aggro,Sven745,3035942
2026-07-20,Modern,96,96,challenge_C96_2026-07-20_12847721_decklist,12847721,6,Mono-Green Eldrazi,Ramp,aspiringspike,1042649
2026-07-20,Modern,96,96,challenge_C96_2026-07-20_12847721_decklist,12847721,7,4c HollowOne,Graveyard,Bawer,3413765
2026-07-20,Modern,96,96,challenge_C96_2026-07-20_12847721_decklist,12847721,8,Ruby Storm,Combo,Calambity,979328
2026-07-20,Modern,96,96,challenge_C96_2026-07-20_12847721_decklist,12847721,9,Eldrazi Tron,Ramp,_Falcon_,2498069
2026-07-20,Modern,96,96,challenge_C96_2026-07-20_12847721_decklist,12847721,10,Amulet Titan,Combo,Chillbais,3360797
2026-07-20,Modern,96,96,challenge_C96_2026-07-20_12847721_decklist,12847721,11,Mono-Green Eldrazi,Ramp,Capitano_CL,535716
2026-07-20,Modern,96,96,challenge_C96_2026-07-20_12847721_decklist,12847721,12,Grixis Reanimator,Graveyard,broers_,2675046
2026-07-20,Modern,96,96,challenge_C96_2026-07-20_12847721_decklist,12847721,13,Mono-Green Eldrazi,Ramp,justAlice,2446403
2026-07-20,Modern,96,96,challenge_C96_2026-07-20_12847721_decklist,12847721,14,Bant Control,Control,cftsoc3,2554036
2026-07-20,Modern,96,96,challenge_C96_2026-07-20_12847721_decklist,12847721,15,Goryo's Vengeance,Graveyard,RezerDeDog,3135969
2026-07-20,Modern,96,96,challenge_C96_2026-07-20_12847721_decklist,12847721,16,Mono-Green Eldrazi,Ramp,Tree42o,875470
2026-07-20,Modern,96,96,challenge_C96_2026-07-20_12847721_decklist,12847721,17,Goryo's Vengeance,Graveyard,toondoslav,1712831
2026-07-20,Modern,96,96,challenge_C96_2026-07-20_12847721_decklist,12847721,18,Boros Energy,Aggro,Spellyp,3373315
2026-07-20,Modern,96,96,challenge_C96_2026-07-20_12847721_decklist,12847721,19,Broodscale Combo,Combo,Thunus,3076886
2026-07-20,Modern,96,96,challenge_C96_2026-07-20_12847721_decklist,12847721,20,Prowess,Aggro,DelverOfBolts,2688845
2026-07-20,Modern,96,96,challenge_C96_2026-07-20_12847721_decklist,12847721,21,Boros Energy,Aggro,CursedOcean,2981783
2026-07-20,Modern,96,96,challenge_C96_2026-07-20_12847721_decklist,12847721,22,Living End,Graveyard,bellfy,411408
2026-07-20,Modern,96,96,challenge_C96_2026-07-20_12847721_decklist,12847721,23,Neobrand,Combo,LuckyMagic0wl,3070750
2026-07-20,Modern,96,96,challenge_C96_2026-07-20_12847721_decklist,12847721,24,Mono-Green Eldrazi,Ramp,aarrgh,2912498
2026-07-20,Modern,96,96,challenge_C96_2026-07-20_12847721_decklist,12847721,25,Yawgmoth,Midrange,CliffBoyardee,2908645
2026-07-20,Modern,96,96,challenge_C96_2026-07-20_12847721_decklist,12847721,26,Broodscale Combo,Combo,ls149950,1862893
2026-07-20,Modern,96,96,challenge_C96_2026-07-20_12847721_decklist,12847721,27,Broodscale Combo,Combo,Vyncint_Blankenship,2199969
2026-07-20,Modern,96,96,challenge_C96_2026-07-20_12847721_decklist,12847721,28,Yawgmoth,Midrange,ShikiXYZ,1188705
2026-07-20,Modern,96,96,challenge_C96_2026-07-20_12847721_decklist,12847721,29,Boros Energy,Aggro,Fransadness,3143623
2026-07-20,Modern,96,96,challenge_C96_2026-07-20_12847721_decklist,12847721,30,Amulet Titan,Combo,DFrank,2273904
2026-07-20,Modern,96,96,challenge_C96_2026-07-20_12847721_decklist,12847721,31,Broodscale Combo,Combo,nightwitch,1780347
2026-07-20,Modern,96,96,challenge_C96_2026-07-20_12847721_decklist,12847721,32,Domain Zoo,Midrange,ejk,1952341
2026-07-21,Modern,64,74,challenge_C64_2026-07-21_12847736_decklist,12847736,1,Neobrand,Combo,JustAnotherGuy83,2691811
2026-07-21,Modern,64,74,challenge_C64_2026-07-21_12847736_decklist,12847736,2,Goryo's Vengeance,Graveyard,jussupinator,880239
2026-07-21,Modern,64,74,challenge_C64_2026-07-21_12847736_decklist,12847736,3,Esper Blink,Blink,yriel,2537131
2026-07-21,Modern,64,74,challenge_C64_2026-07-21_12847736_decklist,12847736,4,Ruby Storm,Combo,hugofreitas1,1997683
2026-07-21,Modern,64,74,challenge_C64_2026-07-21_12847736_decklist,12847736,5,Azorius Blink,Blink,Jagger002,3157320
2026-07-21,Modern,64,74,challenge_C64_2026-07-21_12847736_decklist,12847736,6,Ruby Storm,Combo,Cachorrowo,2720911
2026-07-21,Modern,64,74,challenge_C64_2026-07-21_12847736_decklist,12847736,7,Broodscale Combo,Combo,WaffleWiz,3254787
2026-07-21,Modern,64,74,challenge_C64_2026-07-21_12847736_decklist,12847736,8,Jeskai Energy,Aggro,Slyvester3,2204017
2026-07-21,Modern,64,74,challenge_C64_2026-07-21_12847736_decklist,12847736,9,Mono-Black Midrange,Midrange,soggymeatball,2127900
2026-07-21,Modern,64,74,challenge_C64_2026-07-21_12847736_decklist,12847736,10,Mardu Energy,Aggro,VizosMTG,3474034
2026-07-21,Modern,64,74,challenge_C64_2026-07-21_12847736_decklist,12847736,11,Dimir Murktide,Midrange,XxquestionablyawesomexX,288461
2026-07-21,Modern,64,74,challenge_C64_2026-07-21_12847736_decklist,12847736,12,Sultai Reanimator,Graveyard,Moe12,3037817
2026-07-21,Modern,64,74,challenge_C64_2026-07-21_12847736_decklist,12847736,13,Goryo's Vengeance,Graveyard,klien7,2564773
2026-07-21,Modern,64,74,challenge_C64_2026-07-21_12847736_decklist,12847736,14,Mono-Green Eldrazi,Ramp,krixtijan,3485056
2026-07-21,Modern,64,74,challenge_C64_2026-07-21_12847736_decklist,12847736,15,Domain Zoo,Midrange,cormano,2962867
2026-07-21,Modern,64,74,challenge_C64_2026-07-21_12847736_decklist,12847736,16,Broodscale Combo,Combo,AvianScrolls,2972771
2026-07-21,Modern,64,74,challenge_C64_2026-07-21_12847736_decklist,12847736,17,Affinity,Aggro,pedronavaja,3540949
2026-07-21,Modern,64,74,challenge_C64_2026-07-21_12847736_decklist,12847736,18,Jeskai Energy,Aggro,xl_snapcaster,2232658
2026-07-21,Modern,64,74,challenge_C64_2026-07-21_12847736_decklist,12847736,19,Rakdos Burn,Aggro,DemianDesposito10,2747375
2026-07-21,Modern,64,74,challenge_C64_2026-07-21_12847736_decklist,12847736,20,Eldrazi Tron,Ramp,SolteiOManete,3550028
2026-07-21,Modern,64,74,challenge_C64_2026-07-21_12847736_decklist,12847736,21,Mono-Green Eldrazi,Ramp,Tinker_deck,2981803
2026-07-21,Modern,64,74,challenge_C64_2026-07-21_12847736_decklist,12847736,22,Living End,Graveyard,MeninoNey,2903591
2026-07-21,Modern,64,74,challenge_C64_2026-07-21_12847736_decklist,12847736,23,Living End,Graveyard,thatguy_champ,2917923
2026-07-21,Modern,64,74,challenge_C64_2026-07-21_12847736_decklist,12847736,24,Eldrazi Tron,Ramp,Samcaster-Mage,2232605
2026-07-21,Modern,64,74,challenge_C64_2026-07-21_12847736_decklist,12847736,25,UW Control,Control,ipadkid,3560747
2026-07-21,Modern,64,74,challenge_C64_2026-07-21_12847736_decklist,12847736,26,Domain Zoo,Midrange,_Batutinha_,453404
2026-07-21,Modern,64,74,challenge_C64_2026-07-21_12847736_decklist,12847736,27,4c HollowOne,Graveyard,YoungElf,3293517
2026-07-21,Modern,64,74,challenge_C64_2026-07-21_12847736_decklist,12847736,28,Eldrazi Ramp,Ramp,RandomOctopus,1800145
2026-07-21,Modern,64,74,challenge_C64_2026-07-21_12847736_decklist,12847736,29,Boros Energy,Aggro,VictorEsquici,3013293
2026-07-21,Modern,64,74,challenge_C64_2026-07-21_12847736_decklist,12847736,30,4c HollowOne,Graveyard,Bawer,3413765
2026-07-21,Modern,64,74,challenge_C64_2026-07-21_12847736_decklist,12847736,31,Goryo's Vengeance,Graveyard,kentaro_hokori,575927
2026-07-21,Modern,64,74,challenge_C64_2026-07-21_12847736_decklist,12847736,32,4c HollowOne,Graveyard,4FunNoWin,3479773
2026-07-22,Modern,32,73,challenge_C32_2026-07-22_12847739_decklist,12847739,1,Land Destruction,Control,Kritik,2707200
2026-07-22,Modern,32,73,challenge_C32_2026-07-22_12847739_decklist,12847739,2,Goryo's Vengeance,Graveyard,Darkchrome6538,2877405
2026-07-22,Modern,32,73,challenge_C32_2026-07-22_12847739_decklist,12847739,3,Living End,Graveyard,niuwaid001,2372533
2026-07-22,Modern,32,73,challenge_C32_2026-07-22_12847739_decklist,12847739,4,Neobrand,Combo,bananadisaster,3442638
2026-07-22,Modern,32,73,challenge_C32_2026-07-22_12847739_decklist,12847739,5,Mono-Green Eldrazi,Ramp,justAlice,2446403
2026-07-22,Modern,32,73,challenge_C32_2026-07-22_12847739_decklist,12847739,6,Mono-Green Eldrazi,Ramp,MohammedbinSalman,2957142
2026-07-22,Modern,32,73,challenge_C32_2026-07-22_12847739_decklist,12847739,7,Grixis Reanimator,Graveyard,renatoaraujo,864036
2026-07-22,Modern,32,73,challenge_C32_2026-07-22_12847739_decklist,12847739,8,Boros Energy,Aggro,Aelyck,1241037
2026-07-22,Modern,32,73,challenge_C32_2026-07-22_12847739_decklist,12847739,9,Prowess,Aggro,JohnTag667,3112124
2026-07-22,Modern,32,73,challenge_C32_2026-07-22_12847739_decklist,12847739,10,Broodscale Combo,Combo,MaeMtg,2581425
2026-07-22,Modern,32,73,challenge_C32_2026-07-22_12847739_decklist,12847739,11,UW Control,Control,eclipse4343,2714224
2026-07-22,Modern,32,73,challenge_C32_2026-07-22_12847739_decklist,12847739,12,Esper Blink,Blink,bhowie,3167352
2026-07-22,Modern,32,73,challenge_C32_2026-07-22_12847739_decklist,12847739,13,Boros Energy,Aggro,Chichichi,2788809
2026-07-22,Modern,32,73,challenge_C32_2026-07-22_12847739_decklist,12847739,14,Broodscale Combo,Combo,Venom01,3535587
2026-07-22,Modern,32,73,challenge_C32_2026-07-22_12847739_decklist,12847739,15,Belcher,Combo,GregorV,3333240
2026-07-22,Modern,32,73,challenge_C32_2026-07-22_12847739_decklist,12847739,16,Boros Energy,Aggro,Sarlanga,643454
2026-07-22,Modern,32,73,challenge_C32_2026-07-22_12847739_decklist,12847739,17,Grixis Reanimator,Graveyard,lgqueiroz3,2011282
2026-07-22,Modern,32,73,challenge_C32_2026-07-22_12847739_decklist,12847739,18,Mono-Green Eldrazi,Ramp,Tinker_deck,2981803
2026-07-22,Modern,32,73,challenge_C32_2026-07-22_12847739_decklist,12847739,19,Grixis Reanimator,Graveyard,ejk,1952341
2026-07-22,Modern,32,73,challenge_C32_2026-07-22_12847739_decklist,12847739,20,Living End,Graveyard,MeninoNey,2903591
2026-07-22,Modern,32,73,challenge_C32_2026-07-22_12847739_decklist,12847739,21,Amulet Titan,Combo,reidq7,3155916
2026-07-22,Modern,32,73,challenge_C32_2026-07-22_12847739_decklist,12847739,22,Boros Energy,Aggro,Matlucas,3564827
2026-07-22,Modern,32,73,challenge_C32_2026-07-22_12847739_decklist,12847739,23,The Rock,Midrange,I_Cant_Read,3558262
2026-07-22,Modern,32,73,challenge_C32_2026-07-22_12847739_decklist,12847739,24,Ruby Storm,Combo,ViceroyRubbins,3166894
2026-07-22,Modern,32,73,challenge_C32_2026-07-22_12847739_decklist,12847739,25,Goryo's Vengeance,Graveyard,nikkuniku,1445032
2026-07-22,Modern,32,73,challenge_C32_2026-07-22_12847739_decklist,12847739,26,Eldrazi Tron,Ramp,Odin2015,3306092
2026-07-22,Modern,32,73,challenge_C32_2026-07-22_12847739_decklist,12847739,27,Esper Blink,Blink,PaulHauk,3478047
2026-07-22,Modern,32,73,challenge_C32_2026-07-22_12847739_decklist,12847739,28,Dimir Midrange,Midrange,kcomedina,617093
2026-07-22,Modern,32,73,challenge_C32_2026-07-22_12847739_decklist,12847739,29,Living End,Graveyard,thatguy_champ,2917923
2026-07-22,Modern,32,73,challenge_C32_2026-07-22_12847739_decklist,12847739,30,Dimir Midrange,Midrange,SlavSlays,2957613
2026-07-22,Modern,32,73,challenge_C32_2026-07-22_12847739_decklist,12847739,31,Jeskai Blink,Midrange,ETBJezus,3040474
2026-07-22,Modern,32,73,challenge_C32_2026-07-22_12847739_decklist,12847739,32,Affinity,Aggro,kaikas,2757366
2026-07-22,Modern,96,108,challenge_C96_2026-07-22_12848164_decklist,12848164,1,Yawgmoth,Midrange,Xerk,1089456
2026-07-22,Modern,96,108,challenge_C96_2026-07-22_12848164_decklist,12848164,2,4c HollowOne,Graveyard,4FunNoWin,3479773
2026-07-22,Modern,96,108,challenge_C96_2026-07-22_12848164_decklist,12848164,3,Affinity,Aggro,pedronavaja,3540949
2026-07-22,Modern,96,108,challenge_C96_2026-07-22_12848164_decklist,12848164,4,Eldrazi Tron,Ramp,HuUeBR,2981401
2026-07-22,Modern,96,108,challenge_C96_2026-07-22_12848164_decklist,12848164,5,Mono-Green Eldrazi,Ramp,justAlice,2446403
2026-07-22,Modern,96,108,challenge_C96_2026-07-22_12848164_decklist,12848164,6,UBR,Midrange,Andeloth,2107460
2026-07-22,Modern,96,108,challenge_C96_2026-07-22_12848164_decklist,12848164,7,Broodscale Combo,Combo,Thunus,3076886
2026-07-22,Modern,96,108,challenge_C96_2026-07-22_12848164_decklist,12848164,8,Goryo's Vengeance,Graveyard,Hongfu_Eureka,3070695
2026-07-22,Modern,96,108,challenge_C96_2026-07-22_12848164_decklist,12848164,9,Dimir Midrange,Midrange,FranBenitez91,319589
2026-07-22,Modern,96,108,challenge_C96_2026-07-22_12848164_decklist,12848164,10,Eldrazi Tron,Ramp,Odin2015,3306092
2026-07-22,Modern,96,108,challenge_C96_2026-07-22_12848164_decklist,12848164,11,Land Destruction,Control,ShikiXYZ,1188705
2026-07-22,Modern,96,108,challenge_C96_2026-07-22_12848164_decklist,12848164,12,Yawgmoth,Midrange,m4v3n,3011148
2026-07-22,Modern,96,108,challenge_C96_2026-07-22_12848164_decklist,12848164,13,Miracles,Control,Evariel,2709546
2026-07-22,Modern,96,108,challenge_C96_2026-07-22_12848164_decklist,12848164,14,Eldrazi Ramp,Ramp,Lightspirit,3222070
2026-07-22,Modern,96,108,challenge_C96_2026-07-22_12848164_decklist,12848164,15,Neobrand,Combo,mikeleee,2708396
2026-07-22,Modern,96,108,challenge_C96_2026-07-22_12848164_decklist,12848164,16,Neobrand,Combo,MisterTwin,3190187
2026-07-22,Modern,96,108,challenge_C96_2026-07-22_12848164_decklist,12848164,17,Affinity,Aggro,chuyingfei,691553
2026-07-22,Modern,96,108,challenge_C96_2026-07-22_12848164_decklist,12848164,18,Esper Blink,Blink,RandomOctopus,1800145
2026-07-22,Modern,96,108,challenge_C96_2026-07-22_12848164_decklist,12848164,19,Living End,Graveyard,bellfy,411408
2026-07-22,Modern,96,108,challenge_C96_2026-07-22_12848164_decklist,12848164,20,Mono-Green Eldrazi,Ramp,_Falcon_,2498069
2026-07-22,Modern,96,108,challenge_C96_2026-07-22_12848164_decklist,12848164,21,Broodscale Combo,Combo,Spicychicken420,1052306
2026-07-22,Modern,96,108,challenge_C96_2026-07-22_12848164_decklist,12848164,22,Mardu Energy,Aggro,celobee,1063354
2026-07-22,Modern,96,108,challenge_C96_2026-07-22_12848164_decklist,12848164,23,Ruby Storm,Combo,hugofreitas1,1997683
2026-07-22,Modern,96,108,challenge_C96_2026-07-22_12848164_decklist,12848164,24,Goryo's Vengeance,Graveyard,peter780108,1742159
2026-07-22,Modern,96,108,challenge_C96_2026-07-22_12848164_decklist,12848164,25,Jund,Midrange,Haiwa,2668632
2026-07-22,Modern,96,108,challenge_C96_2026-07-22_12848164_decklist,12848164,26,Neobrand,Combo,JPA93,1181017
2026-07-22,Modern,96,108,challenge_C96_2026-07-22_12848164_decklist,12848164,27,Eldrazi Tron,Ramp,leandru,1546166
2026-07-22,Modern,96,108,challenge_C96_2026-07-22_12848164_decklist,12848164,28,Domain Zoo,Midrange,Wouke112,2441292
2026-07-22,Modern,96,108,challenge_C96_2026-07-22_12848164_decklist,12848164,29,Eldrazi Tron,Ramp,frenzyofexultations,3476561
2026-07-22,Modern,96,108,challenge_C96_2026-07-22_12848164_decklist,12848164,30,Goryo's Vengeance,Graveyard,sleightofhand94,2784120
2026-07-22,Modern,96,108,challenge_C96_2026-07-22_12848164_decklist,12848164,31,Neobrand,Combo,Alakai,676549
2026-07-22,Modern,96,108,challenge_C96_2026-07-22_12848164_decklist,12848164,32,Neobrand,Combo,SeroPhinz,3042330
2026-07-23,Modern,64,97,challenge_C64_2026-07-23_12848173_decklist,12848173,1,Domain Zoo,Midrange,NuBlkAu,1719515
2026-07-23,Modern,64,97,challenge_C64_2026-07-23_12848173_decklist,12848173,2,Dimir Midrange,Midrange,yulinl,2918398
2026-07-23,Modern,64,97,challenge_C64_2026-07-23_12848173_decklist,12848173,3,Domain Zoo,Midrange,moon11,1471145
2026-07-23,Modern,64,97,challenge_C64_2026-07-23_12848173_decklist,12848173,4,Azorius Control,Control,GWT,3544040
2026-07-23,Modern,64,97,challenge_C64_2026-07-23_12848173_decklist,12848173,5,Eldrazi Tron,Ramp,Tinker_deck,2981803
2026-07-23,Modern,64,97,challenge_C64_2026-07-23_12848173_decklist,12848173,6,UW Control,Control,Alico,2640770
2026-07-23,Modern,64,97,challenge_C64_2026-07-23_12848173_decklist,12848173,7,Ruby Storm,Combo,Polikasoll,2237473
2026-07-23,Modern,64,97,challenge_C64_2026-07-23_12848173_decklist,12848173,8,Eldrazi Tron,Ramp,Jumba,2618500
2026-07-23,Modern,64,97,challenge_C64_2026-07-23_12848173_decklist,12848173,9,Song of Creation,Combo,levunga21,494936
2026-07-23,Modern,64,97,challenge_C64_2026-07-23_12848173_decklist,12848173,10,Goryo's Vengeance,Graveyard,_Batutinha_,453404
2026-07-23,Modern,64,97,challenge_C64_2026-07-23_12848173_decklist,12848173,11,Yawgmoth,Midrange,Xerk,1089456
2026-07-23,Modern,64,97,challenge_C64_2026-07-23_12848173_decklist,12848173,12,Orzhov Blink,Blink,JJ,750455
2026-07-23,Modern,64,97,challenge_C64_2026-07-23_12848173_decklist,12848173,13,Goryo's Vengeance,Graveyard,Rvng,649380
2026-07-23,Modern,64,97,challenge_C64_2026-07-23_12848173_decklist,12848173,14,Ruby Storm,Combo,haoqinglangou,2390663
2026-07-23,Modern,64,97,challenge_C64_2026-07-23_12848173_decklist,12848173,15,Esper Blink,Blink,TheKG,1965391
2026-07-23,Modern,64,97,challenge_C64_2026-07-23_12848173_decklist,12848173,16,Broodscale Combo,Combo,TomBombadi1,2607787
2026-07-23,Modern,64,97,challenge_C64_2026-07-23_12848173_decklist,12848173,17,Yawgmoth,Midrange,NickBolas90,2921975
2026-07-23,Modern,64,97,challenge_C64_2026-07-23_12848173_decklist,12848173,18,Prowess,Aggro,toondoslav,1712831
2026-07-23,Modern,64,97,challenge_C64_2026-07-23_12848173_decklist,12848173,19,Boros Energy,Aggro,Sarlanga,643454
2026-07-23,Modern,64,97,challenge_C64_2026-07-23_12848173_decklist,12848173,20,Living End,Graveyard,MeninoNey,2903591
2026-07-23,Modern,64,97,challenge_C64_2026-07-23_12848173_decklist,12848173,21,BRG,Midrange,Aldreen,1074736
2026-07-23,Modern,64,97,challenge_C64_2026-07-23_12848173_decklist,12848173,22,Living End,Graveyard,JuanmaAT,2695862
2026-07-23,Modern,64,97,challenge_C64_2026-07-23_12848173_decklist,12848173,23,Rakdos Burn,Aggro,DemianDesposito10,2747375
2026-07-23,Modern,64,97,challenge_C64_2026-07-23_12848173_decklist,12848173,24,Grixis Reanimator,Graveyard,nesple,2668786
2026-07-23,Modern,64,97,challenge_C64_2026-07-23_12848173_decklist,12848173,25,Broodscale Combo,Combo,Edraros3,2107300
2026-07-23,Modern,64,97,challenge_C64_2026-07-23_12848173_decklist,12848173,26,Domain Zoo,Midrange,Pleyboy,2822464
2026-07-23,Modern,64,97,challenge_C64_2026-07-23_12848173_decklist,12848173,27,Esper Blink,Blink,SuperCow12653,2064081
2026-07-23,Modern,64,97,challenge_C64_2026-07-23_12848173_decklist,12848173,28,Domain Zoo,Midrange,ShowTime_,949859
2026-07-23,Modern,64,97,challenge_C64_2026-07-23_12848173_decklist,12848173,29,Indomitable Creativity,Combo,Craig_Long123,3364560
2026-07-23,Modern,64,97,challenge_C64_2026-07-23_12848173_decklist,12848173,30,Mono-Green Eldrazi,Ramp,Vyncint_Blankenship,2199969
2026-07-23,Modern,64,97,challenge_C64_2026-07-23_12848173_decklist,12848173,31,Affinity,Aggro,Deathmaxx,2995055
2026-07-23,Modern,64,97,challenge_C64_2026-07-23_12848173_decklist,12848173,32,Azorius Blink,Blink,claudioh,1919341
2026-07-24,Modern,64,96,challenge_C64_2026-07-24_12848190_decklist,12848190,1,BRG,Midrange,Aldreen,1074736
2026-07-24,Modern,64,96,challenge_C64_2026-07-24_12848190_decklist,12848190,2,UW Control,Control,May_Chang,2671586
2026-07-24,Modern,64,96,challenge_C64_2026-07-24_12848190_decklist,12848190,3,Dimir Midrange,Midrange,mikeleee,2708396
2026-07-24,Modern,64,96,challenge_C64_2026-07-24_12848190_decklist,12848190,4,Neobrand,Combo,Alakai,676549
2026-07-24,Modern,64,96,challenge_C64_2026-07-24_12848190_decklist,12848190,5,Eldrazi Tron,Ramp,Jumba,2618500
2026-07-24,Modern,64,96,challenge_C64_2026-07-24_12848190_decklist,12848190,6,Dimir Midrange,Midrange,Dioferreira,1950164
2026-07-24,Modern,64,96,challenge_C64_2026-07-24_12848190_decklist,12848190,7,Land Destruction,Control,TheRussianGuy,3251344
2026-07-24,Modern,64,96,challenge_C64_2026-07-24_12848190_decklist,12848190,8,Neobrand,Combo,KingHairy,2185747
2026-07-24,Modern,64,96,challenge_C64_2026-07-24_12848190_decklist,12848190,9,UBR,Midrange,OafMcNamara,1018764
2026-07-24,Modern,64,96,challenge_C64_2026-07-24_12848190_decklist,12848190,10,BRG,Midrange,Terribad,850543
2026-07-24,Modern,64,96,challenge_C64_2026-07-24_12848190_decklist,12848190,11,Hammer Time,Combo,DeepDisherino,3488559
2026-07-24,Modern,64,96,challenge_C64_2026-07-24_12848190_decklist,12848190,12,Mono-Green Eldrazi,Ramp,D00mwake,1226387
2026-07-24,Modern,64,96,challenge_C64_2026-07-24_12848190_decklist,12848190,13,Land Destruction,Control,Kritik,2707200
2026-07-24,Modern,64,96,challenge_C64_2026-07-24_12848190_decklist,12848190,14,Boros Energy,Aggro,el-pollo-lolo,2636302
2026-07-24,Modern,64,96,challenge_C64_2026-07-24_12848190_decklist,12848190,15,Domain Zoo,Midrange,ShadowTitan1,2130633
2026-07-24,Modern,64,96,challenge_C64_2026-07-24_12848190_decklist,12848190,16,Neobrand,Combo,JPA93,1181017
2026-07-24,Modern,64,96,challenge_C64_2026-07-24_12848190_decklist,12848190,17,Jeskai Control,Control,JakeTMS,2931233
2026-07-24,Modern,64,96,challenge_C64_2026-07-24_12848190_decklist,12848190,18,Esper Blink,Blink,Omegauo,30930
2026-07-24,Modern,64,96,challenge_C64_2026-07-24_12848190_decklist,12848190,19,Broodscale Combo,Combo,MaeMtg,2581425
2026-07-24,Modern,64,96,challenge_C64_2026-07-24_12848190_decklist,12848190,20,Sultai Ritual,Midrange,Rhino_717,2397708
2026-07-24,Modern,64,96,challenge_C64_2026-07-24_12848190_decklist,12848190,21,UG,Combo,howa,1855222
2026-07-24,Modern,64,96,challenge_C64_2026-07-24_12848190_decklist,12848190,22,Eldrazi Tron,Ramp,DelverFofoqueiro,3095953
2026-07-24,Modern,64,96,challenge_C64_2026-07-24_12848190_decklist,12848190,23,Boros Energy,Aggro,kaikas,2757366
2026-07-24,Modern,64,96,challenge_C64_2026-07-24_12848190_decklist,12848190,24,4c HollowOne,Graveyard,_Chamytinho_,3175692
2026-07-24,Modern,64,96,challenge_C64_2026-07-24_12848190_decklist,12848190,25,Abzan Midrange,Midrange,JJ,750455
2026-07-24,Modern,64,96,challenge_C64_2026-07-24_12848190_decklist,12848190,26,Prowess,Aggro,elfo_98,3295418
2026-07-24,Modern,64,96,challenge_C64_2026-07-24_12848190_decklist,12848190,27,Neobrand,Combo,Dalinar765,3485597
2026-07-24,Modern,64,96,challenge_C64_2026-07-24_12848190_decklist,12848190,28,Domain Zoo,Midrange,Pleyboy,2822464
2026-07-24,Modern,64,96,challenge_C64_2026-07-24_12848190_decklist,12848190,29,Rakdos Burn,Aggro,DemianDesposito10,2747375
2026-07-24,Modern,64,96,challenge_C64_2026-07-24_12848190_decklist,12848190,30,Belcher,Combo,bugzbugs,3486773
2026-07-24,Modern,64,96,challenge_C64_2026-07-24_12848190_decklist,12848190,31,Esper Reanimator,Graveyard,MikeEgan,980850
2026-07-24,Modern,64,96,challenge_C64_2026-07-24_12848190_decklist,12848190,32,Goryo's Vengeance,Graveyard,SeroPhinz,3042330
2026-07-25,Modern,32,46,challenge_C32_2026-07-25_12848201_decklist,12848201,1,Broodscale Combo,Combo,HelpfulHobo,2063678
2026-07-25,Modern,32,46,challenge_C32_2026-07-25_12848201_decklist,12848201,2,Ruby Storm,Combo,Polikasoll,2237473
2026-07-25,Modern,32,46,challenge_C32_2026-07-25_12848201_decklist,12848201,3,Jeskai Energy,Aggro,ganache1127,2905437
2026-07-25,Modern,32,46,challenge_C32_2026-07-25_12848201_decklist,12848201,4,Grixis Reanimator,Graveyard,yolad,3342362
2026-07-25,Modern,32,46,challenge_C32_2026-07-25_12848201_decklist,12848201,5,Ruby Storm,Combo,MegaSwampert,2675769
2026-07-25,Modern,32,46,challenge_C32_2026-07-25_12848201_decklist,12848201,6,Eldrazi Tron,Ramp,imthekiing,639998
2026-07-25,Modern,32,46,challenge_C32_2026-07-25_12848201_decklist,12848201,7,Land Destruction,Control,Kritik,2707200
2026-07-25,Modern,32,46,challenge_C32_2026-07-25_12848201_decklist,12848201,8,Goryo's Vengeance,Graveyard,felider,2322146
2026-07-25,Modern,32,46,challenge_C32_2026-07-25_12848201_decklist,12848201,9,Amulet Titan,Combo,mERAZED,3150538
2026-07-25,Modern,32,46,challenge_C32_2026-07-25_12848201_decklist,12848201,10,Amulet Titan,Combo,sidisi,1944075
2026-07-25,Modern,32,46,challenge_C32_2026-07-25_12848201_decklist,12848201,11,Prowess,Aggro,EthanBird,2658587
2026-07-25,Modern,32,46,challenge_C32_2026-07-25_12848201_decklist,12848201,12,Neobrand,Combo,Occultatum,3262780
2026-07-25,Modern,32,46,challenge_C32_2026-07-25_12848201_decklist,12848201,13,Esper Blink,Blink,yriel,2537131
2026-07-25,Modern,32,46,challenge_C32_2026-07-25_12848201_decklist,12848201,14,Mono-Green Eldrazi,Ramp,sydneydude,1022450
2026-07-25,Modern,32,46,challenge_C32_2026-07-25_12848201_decklist,12848201,15,Domain Zoo,Midrange,azpharot,3023527
2026-07-25,Modern,32,46,challenge_C32_2026-07-25_12848201_decklist,12848201,16,4c HollowOne,Graveyard,bananadisaster,3442638
2026-07-25,Modern,32,46,challenge_C32_2026-07-25_12848201_decklist,12848201,17,Boros Energy,Aggro,Dreddybajs,559515
2026-07-25,Modern,32,46,challenge_C32_2026-07-25_12848201_decklist,12848201,18,Yawgmoth,Midrange,manohito,2908947
2026-07-25,Modern,32,46,challenge_C32_2026-07-25_12848201_decklist,12848201,19,Esper Blink,Blink,olbeda,2679433
2026-07-25,Modern,32,46,challenge_C32_2026-07-25_12848201_decklist,12848201,20,Affinity,Aggro,sioutis_kk,3499660
2026-07-25,Modern,32,46,challenge_C32_2026-07-25_12848201_decklist,12848201,21,Devoted Combo,Combo,Takemikazuchi,3558661
2026-07-25,Modern,32,46,challenge_C32_2026-07-25_12848201_decklist,12848201,22,Eldrazi Tron,Ramp,Tian_tian,3122764
2026-07-25,Modern,32,46,challenge_C32_2026-07-25_12848201_decklist,12848201,23,Affinity,Aggro,Megalov,2724651
2026-07-25,Modern,32,46,challenge_C32_2026-07-25_12848201_decklist,12848201,24,Lantern,Control,Taddy_99,3412001
2026-07-25,Modern,32,46,challenge_C32_2026-07-25_12848201_decklist,12848201,25,Domain Zoo,Midrange,Kyndrax,3477428
2026-07-25,Modern,32,46,challenge_C32_2026-07-25_12848201_decklist,12848201,26,Bogles,Aggro,Legion_Presunto,88759
2026-07-25,Modern,32,46,challenge_C32_2026-07-25_12848201_decklist,12848201,27,Mono-Black Midrange,Midrange,soggymeatball,2127900
2026-07-25,Modern,32,46,challenge_C32_2026-07-25_12848201_decklist,12848201,28,UBRG,Control,Badcookie,3096030
2026-07-25,Modern,32,46,challenge_C32_2026-07-25_12848201_decklist,12848201,29,Goryo's Vengeance,Graveyard,M_LIT,1719161
2026-07-25,Modern,32,46,challenge_C32_2026-07-25_12848201_decklist,12848201,30,Boros Energy,Aggro,NotJim,3249166
2026-07-25,Modern,32,46,challenge_C32_2026-07-25_12848201_decklist,12848201,31,Amulet Titan,Combo,reidq7,3155916
2026-07-25,Modern,32,46,challenge_C32_2026-07-25_12848201_decklist,12848201,32,Prowess,Aggro,TheRightStuff,2315424
2026-07-25,Modern,64,83,challenge_C64_2026-07-25_12848199_decklist,12848199,1,Dimir Midrange,Midrange,oinkmage22,2858193
2026-07-25,Modern,64,83,challenge_C64_2026-07-25_12848199_decklist,12848199,2,Domain Zoo,Midrange,ShadowTitan1,2130633
2026-07-25,Modern,64,83,challenge_C64_2026-07-25_12848199_decklist,12848199,3,Devoted Combo,Combo,zturchan,476834
2026-07-25,Modern,64,83,challenge_C64_2026-07-25_12848199_decklist,12848199,4,Eldrazi Ramp,Ramp,RNicoF,2753736
2026-07-25,Modern,64,83,challenge_C64_2026-07-25_12848199_decklist,12848199,5,Jeskai Energy,Aggro,Bigatti,2869870
2026-07-25,Modern,64,83,challenge_C64_2026-07-25_12848199_decklist,12848199,6,Boros Energy,Aggro,Sarlanga,643454
2026-07-25,Modern,64,83,challenge_C64_2026-07-25_12848199_decklist,12848199,7,Eldrazi Tron,Ramp,jps_17,1066436
2026-07-25,Modern,64,83,challenge_C64_2026-07-25_12848199_decklist,12848199,8,Living End,Graveyard,MeninoNey,2903591
2026-07-25,Modern,64,83,challenge_C64_2026-07-25_12848199_decklist,12848199,9,Goryo's Vengeance,Graveyard,vinnyrussian123,2024035
2026-07-25,Modern,64,83,challenge_C64_2026-07-25_12848199_decklist,12848199,10,Affinity,Aggro,fuya,2428351
2026-07-25,Modern,64,83,challenge_C64_2026-07-25_12848199_decklist,12848199,11,Goryo's Vengeance,Graveyard,C_S_W____,485263
2026-07-25,Modern,64,83,challenge_C64_2026-07-25_12848199_decklist,12848199,12,Living End,Graveyard,Sebby8715,3556225
2026-07-25,Modern,64,83,challenge_C64_2026-07-25_12848199_decklist,12848199,13,Prowess,Aggro,NathanOfTheGiltLeaf,2968680
2026-07-25,Modern,64,83,challenge_C64_2026-07-25_12848199_decklist,12848199,14,Esper Reanimator,Graveyard,Moe12,3037817
2026-07-25,Modern,64,83,challenge_C64_2026-07-25_12848199_decklist,12848199,15,Bant Midrange,Midrange,_Batutinha_,453404
2026-07-25,Modern,64,83,challenge_C64_2026-07-25_12848199_decklist,12848199,16,Boros Energy,Aggro,kasiso,2257869
2026-07-25,Modern,64,83,challenge_C64_2026-07-25_12848199_decklist,12848199,17,Mono-Blue Control,Control,Ziene,281240
2026-07-25,Modern,64,83,challenge_C64_2026-07-25_12848199_decklist,12848199,18,Ruby Storm,Combo,Ch4ppy,3203470
2026-07-25,Modern,64,83,challenge_C64_2026-07-25_12848199_decklist,12848199,19,Neobrand,Combo,jakobpablo,2856109
2026-07-25,Modern,64,83,challenge_C64_2026-07-25_12848199_decklist,12848199,20,Rakdos HollowOne,Graveyard,Thronhart,3012164
2026-07-25,Modern,64,83,challenge_C64_2026-07-25_12848199_decklist,12848199,21,Esper Blink,Blink,yriel,2537131
2026-07-25,Modern,64,83,challenge_C64_2026-07-25_12848199_decklist,12848199,22,Broodscale Combo,Combo,Kollslaw,3311758
2026-07-25,Modern,64,83,challenge_C64_2026-07-25_12848199_decklist,12848199,23,Miracles,Control,Evariel,2709546
2026-07-25,Modern,64,83,challenge_C64_2026-07-25_12848199_decklist,12848199,24,Rakdos HollowOne,Graveyard,kattsu,3405528
2026-07-25,Modern,64,83,challenge_C64_2026-07-25_12848199_decklist,12848199,25,UG,Combo,howa,1855222
2026-07-25,Modern,64,83,challenge_C64_2026-07-25_12848199_decklist,12848199,26,Yawgmoth,Midrange,manohito,2908947
2026-07-25,Modern,64,83,challenge_C64_2026-07-25_12848199_decklist,12848199,27,Amulet Titan,Combo,brabes239,3143665
2026-07-25,Modern,64,83,challenge_C64_2026-07-25_12848199_decklist,12848199,28,Goryo's Vengeance,Graveyard,felider,2322146
2026-07-25,Modern,64,83,challenge_C64_2026-07-25_12848199_decklist,12848199,29,Neobrand,Combo,Dalinar765,3485597
2026-07-25,Modern,64,83,challenge_C64_2026-07-25_12848199_decklist,12848199,30,Boros Energy,Aggro,kaikas,2757366
2026-07-25,Modern,64,83,challenge_C64_2026-07-25_12848199_decklist,12848199,31,Broodscale Combo,Combo,MaeMtg,2581425
2026-07-25,Modern,64,83,challenge_C64_2026-07-25_12848199_decklist,12848199,32,Prowess,Aggro,Zenthr,2822827
2026-07-25,Modern,64,101,challenge_C64_2026-07-25_12848206_decklist,12848206,1,Amulet Titan,Combo,pete2fiddy,2942810
2026-07-25,Modern,64,101,challenge_C64_2026-07-25_12848206_decklist,12848206,2,Mono-Green Eldrazi,Ramp,StormQrow,1928132
2026-07-25,Modern,64,101,challenge_C64_2026-07-25_12848206_decklist,12848206,3,Dimir Midrange,Midrange,1OR513N86,614372
2026-07-25,Modern,64,101,challenge_C64_2026-07-25_12848206_decklist,12848206,4,4c HollowOne,Graveyard,Stanners,2895362
2026-07-25,Modern,64,101,challenge_C64_2026-07-25_12848206_decklist,12848206,5,BRG,Midrange,Terribad,850543
2026-07-25,Modern,64,101,challenge_C64_2026-07-25_12848206_decklist,12848206,6,Belcher,Combo,UnbanOko,3044837
2026-07-25,Modern,64,101,challenge_C64_2026-07-25_12848206_decklist,12848206,7,Song of Creation,Combo,levunga21,494936
2026-07-25,Modern,64,101,challenge_C64_2026-07-25_12848206_decklist,12848206,8,Land Destruction,Control,Kritik,2707200
2026-07-25,Modern,64,101,challenge_C64_2026-07-25_12848206_decklist,12848206,9,Neobrand,Combo,filib,2628697
2026-07-25,Modern,64,101,challenge_C64_2026-07-25_12848206_decklist,12848206,10,Belcher,Combo,Stefan_Magic,3392976
2026-07-25,Modern,64,101,challenge_C64_2026-07-25_12848206_decklist,12848206,11,Neobrand,Combo,JPA93,1181017
2026-07-25,Modern,64,101,challenge_C64_2026-07-25_12848206_decklist,12848206,12,Prowess,Aggro,NathanOfTheGiltLeaf,2968680
2026-07-25,Modern,64,101,challenge_C64_2026-07-25_12848206_decklist,12848206,13,Mono-Green Eldrazi,Ramp,Ale_Mtg,2683189
2026-07-25,Modern,64,101,challenge_C64_2026-07-25_12848206_decklist,12848206,14,Goryo's Vengeance,Graveyard,pepeteam,2272105
2026-07-25,Modern,64,101,challenge_C64_2026-07-25_12848206_decklist,12848206,15,Yawgmoth,Midrange,TheMeatMan,2901409
2026-07-25,Modern,64,101,challenge_C64_2026-07-25_12848206_decklist,12848206,16,Land Destruction,Control,heredia593,2971712
2026-07-25,Modern,64,101,challenge_C64_2026-07-25_12848206_decklist,12848206,17,Broodscale Combo,Combo,TheeMacSheezy,3144001
2026-07-25,Modern,64,101,challenge_C64_2026-07-25_12848206_decklist,12848206,18,Esper Blink,Blink,yriel,2537131
2026-07-25,Modern,64,101,challenge_C64_2026-07-25_12848206_decklist,12848206,19,Broodscale Combo,Combo,_must_be_nice,1252777
2026-07-25,Modern,64,101,challenge_C64_2026-07-25_12848206_decklist,12848206,20,Boros Energy,Aggro,Rainwalker83,2406137
2026-07-25,Modern,64,101,challenge_C64_2026-07-25_12848206_decklist,12848206,21,Boros Energy,Aggro,TheColorOfBoom,3359144
2026-07-25,Modern,64,101,challenge_C64_2026-07-25_12848206_decklist,12848206,22,4c HollowOne,Graveyard,D00mwake,1226387
2026-07-25,Modern,64,101,challenge_C64_2026-07-25_12848206_decklist,12848206,23,Mono-Green Eldrazi,Ramp,C_Eastwood,3098269
2026-07-25,Modern,64,101,challenge_C64_2026-07-25_12848206_decklist,12848206,24,Ruby Storm,Combo,B-Carp,1677693
2026-07-25,Modern,64,101,challenge_C64_2026-07-25_12848206_decklist,12848206,25,Eldrazi Tron,Ramp,Tinker_deck,2981803
2026-07-25,Modern,64,101,challenge_C64_2026-07-25_12848206_decklist,12848206,26,Mono-Green Eldrazi,Ramp,Dydyk95,2940494
2026-07-25,Modern,64,101,challenge_C64_2026-07-25_12848206_decklist,12848206,27,Broodscale Combo,Combo,wallofspikes,774962
2026-07-25,Modern,64,101,challenge_C64_2026-07-25_12848206_decklist,12848206,28,Eldrazi Tron,Ramp,Jumba,2618500
2026-07-25,Modern,64,101,challenge_C64_2026-07-25_12848206_decklist,12848206,29,Land Destruction,Control,oolong-chan,2334410
2026-07-25,Modern,64,101,challenge_C64_2026-07-25_12848206_decklist,12848206,30,Boros Energy,Aggro,TerminalJustice,1785831
2026-07-25,Modern,64,101,challenge_C64_2026-07-25_12848206_decklist,12848206,31,Dimir Midrange,Midrange,BressD1,1940271
2026-07-25,Modern,64,101,challenge_C64_2026-07-25_12848206_decklist,12848206,32,Domain Zoo,Midrange,Thomas_Sankara,3548939
2026-07-26,Modern,64,96,challenge_C64_2026-07-26_12848213_decklist,12848213,1,Dimir Midrange,Midrange,ETBJezus,3040474
2026-07-26,Modern,64,96,challenge_C64_2026-07-26_12848213_decklist,12848213,2,Dimir Murktide,Midrange,XxquestionablyawesomexX,288461
2026-07-26,Modern,64,96,challenge_C64_2026-07-26_12848213_decklist,12848213,3,Domain Zoo,Midrange,ShadowTitan1,2130633
2026-07-26,Modern,64,96,challenge_C64_2026-07-26_12848213_decklist,12848213,4,Goryo's Vengeance,Graveyard,kcomedina,617093
2026-07-26,Modern,64,96,challenge_C64_2026-07-26_12848213_decklist,12848213,5,Yawgmoth,Midrange,TheMeatMan,2901409
2026-07-26,Modern,64,96,challenge_C64_2026-07-26_12848213_decklist,12848213,6,Goryo's Vengeance,Graveyard,paynyos0232,3501750
2026-07-26,Modern,64,96,challenge_C64_2026-07-26_12848213_decklist,12848213,7,Tron,Ramp,GigaChadSigmaMale,3085636
2026-07-26,Modern,64,96,challenge_C64_2026-07-26_12848213_decklist,12848213,8,Domain Zoo,Midrange,FacadeJK,2916207
2026-07-26,Modern,64,96,challenge_C64_2026-07-26_12848213_decklist,12848213,9,Boros Energy,Aggro,Thronhart,3012164
2026-07-26,Modern,64,96,challenge_C64_2026-07-26_12848213_decklist,12848213,10,Jeskai Energy,Aggro,Goomy_,3095544
2026-07-26,Modern,64,96,challenge_C64_2026-07-26_12848213_decklist,12848213,11,Eldrazi Tron,Ramp,jps_17,1066436
2026-07-26,Modern,64,96,challenge_C64_2026-07-26_12848213_decklist,12848213,12,UW Control,Control,eclipse4343,2714224
2026-07-26,Modern,64,96,challenge_C64_2026-07-26_12848213_decklist,12848213,13,Boros Energy,Aggro,Slasher21,2522150
2026-07-26,Modern,64,96,challenge_C64_2026-07-26_12848213_decklist,12848213,14,Neobrand,Combo,HankMD,1936641
2026-07-26,Modern,64,96,challenge_C64_2026-07-26_12848213_decklist,12848213,15,Boros Energy,Aggro,bless_von,2292083
2026-07-26,Modern,64,96,challenge_C64_2026-07-26_12848213_decklist,12848213,16,Broodscale Combo,Combo,Bok_Choy_,2999477
2026-07-26,Modern,64,96,challenge_C64_2026-07-26_12848213_decklist,12848213,17,Boros Energy,Aggro,RandomOctopus,1800145
2026-07-26,Modern,64,96,challenge_C64_2026-07-26_12848213_decklist,12848213,18,The Rock,Midrange,ShzockChan,1295787
2026-07-26,Modern,64,96,challenge_C64_2026-07-26_12848213_decklist,12848213,19,Goryo's Vengeance,Graveyard,felider,2322146
2026-07-26,Modern,64,96,challenge_C64_2026-07-26_12848213_decklist,12848213,20,Prowess,Aggro,John123321,2823414
2026-07-26,Modern,64,96,challenge_C64_2026-07-26_12848213_decklist,12848213,21,Broodscale Combo,Combo,MyrRetriever,3006274
2026-07-26,Modern,64,96,challenge_C64_2026-07-26_12848213_decklist,12848213,22,BRG,Midrange,Dhedjeshdi,3044830
2026-07-26,Modern,64,96,challenge_C64_2026-07-26_12848213_decklist,12848213,23,Broodscale Combo,Combo,NerdDadChad,2993160
2026-07-26,Modern,64,96,challenge_C64_2026-07-26_12848213_decklist,12848213,24,BRG,Midrange,YungDingo,2928451
2026-07-26,Modern,64,96,challenge_C64_2026-07-26_12848213_decklist,12848213,25,Neobrand,Combo,KingHairy,2185747
2026-07-26,Modern,64,96,challenge_C64_2026-07-26_12848213_decklist,12848213,26,Dimir Midrange,Midrange,Dioferreira,1950164
2026-07-26,Modern,64,96,challenge_C64_2026-07-26_12848213_decklist,12848213,27,Boros Energy,Aggro,Sarlanga,643454
2026-07-26,Modern,64,96,challenge_C64_2026-07-26_12848213_decklist,12848213,28,Broodscale Combo,Combo,Ivan_Draw_Go,2679669
2026-07-26,Modern,64,96,challenge_C64_2026-07-26_12848213_decklist,12848213,29,4c HollowOne,Graveyard,Advxnt,2856332
2026-07-26,Modern,64,96,challenge_C64_2026-07-26_12848213_decklist,12848213,30,Dimir Midrange,Midrange,oinkmage22,2858193
2026-07-26,Modern,64,96,challenge_C64_2026-07-26_12848213_decklist,12848213,31,Prowess,Aggro,TheRealTripleB,1199711
2026-07-26,Modern,64,96,challenge_C64_2026-07-26_12848213_decklist,12848213,32,Boros Energy,Aggro,IronBeagle,2972314
2026-07-26,Modern,64,77,challenge_C64_2026-07-26_12848217_decklist,12848217,1,Devoted Combo,Combo,MLGSKELETONS,1213308
2026-07-26,Modern,64,77,challenge_C64_2026-07-26_12848217_decklist,12848217,2,Boros Energy,Aggro,Dreddybajs,559515
2026-07-26,Modern,64,77,challenge_C64_2026-07-26_12848217_decklist,12848217,3,UBRG,Control,MahfuzVanGogh,1932562
2026-07-26,Modern,64,77,challenge_C64_2026-07-26_12848217_decklist,12848217,4,Affinity,Aggro,Mogged,1297262
2026-07-26,Modern,64,77,challenge_C64_2026-07-26_12848217_decklist,12848217,5,Land Destruction,Control,Kritik,2707200
2026-07-26,Modern,64,77,challenge_C64_2026-07-26_12848217_decklist,12848217,6,Jeskai Energy,Aggro,TrueHero,2569009
2026-07-26,Modern,64,77,challenge_C64_2026-07-26_12848217_decklist,12848217,7,UR Loki,Control,Radziolot,2416526
2026-07-26,Modern,64,77,challenge_C64_2026-07-26_12848217_decklist,12848217,8,UR Loki,Control,SPyromancer,2851835
2026-07-26,Modern,64,77,challenge_C64_2026-07-26_12848217_decklist,12848217,9,Jeskai Energy,Aggro,IlProfessore,3413501
2026-07-26,Modern,64,77,challenge_C64_2026-07-26_12848217_decklist,12848217,10,Grixis Control,Control,Gods_Shadow,2061280
2026-07-26,Modern,64,77,challenge_C64_2026-07-26_12848217_decklist,12848217,11,Dimir Midrange,Midrange,1OR513N86,614372
2026-07-26,Modern,64,77,challenge_C64_2026-07-26_12848217_decklist,12848217,12,Goryo's Vengeance,Graveyard,VampireDiaries,2283377
2026-07-26,Modern,64,77,challenge_C64_2026-07-26_12848217_decklist,12848217,13,Boros Energy,Aggro,LuoAnlan,2910560
2026-07-26,Modern,64,77,challenge_C64_2026-07-26_12848217_decklist,12848217,14,Boros Energy,Aggro,Bullet_Time,2005514
2026-07-26,Modern,64,77,challenge_C64_2026-07-26_12848217_decklist,12848217,15,Song of Creation,Combo,AugustRush,465104
2026-07-26,Modern,64,77,challenge_C64_2026-07-26_12848217_decklist,12848217,16,Jeskai Energy,Aggro,RespectTheCat,2788118
2026-07-26,Modern,64,77,challenge_C64_2026-07-26_12848217_decklist,12848217,17,Rakdos Burn,Aggro,KangarooDrew,3026253
2026-07-26,Modern,64,77,challenge_C64_2026-07-26_12848217_decklist,12848217,18,4c HollowOne,Graveyard,klien7,2564773
2026-07-26,Modern,64,77,challenge_C64_2026-07-26_12848217_decklist,12848217,19,4c HollowOne,Graveyard,Joey_Wheeler,1811013
2026-07-26,Modern,64,77,challenge_C64_2026-07-26_12848217_decklist,12848217,20,Living End,Graveyard,niuwaid001,2372533
2026-07-26,Modern,64,77,challenge_C64_2026-07-26_12848217_decklist,12848217,21,Rakdos HollowOne,Graveyard,thodoris17,2119308
2026-07-26,Modern,64,77,challenge_C64_2026-07-26_12848217_decklist,12848217,22,Mono-Green Eldrazi,Ramp,Sciacallo_Rosso,940897
2026-07-26,Modern,64,77,challenge_C64_2026-07-26_12848217_decklist,12848217,23,Broodscale Combo,Combo,albybale93,1721886
2026-07-26,Modern,64,77,challenge_C64_2026-07-26_12848217_decklist,12848217,24,Living End,Graveyard,Kizdar,2897184
2026-07-26,Modern,64,77,challenge_C64_2026-07-26_12848217_decklist,12848217,25,Yawgmoth,Midrange,manohito,2908947
2026-07-26,Modern,64,77,challenge_C64_2026-07-26_12848217_decklist,12848217,26,Boros Energy,Aggro,Smiteon,1663695
2026-07-26,Modern,64,77,challenge_C64_2026-07-26_12848217_decklist,12848217,27,Dimir Midrange,Midrange,simmons3333,6197
2026-07-26,Modern,64,77,challenge_C64_2026-07-26_12848217_decklist,12848217,28,Affinity,Aggro,PerkyT,3142768
2026-07-26,Modern,64,77,challenge_C64_2026-07-26_12848217_decklist,12848217,29,Domain Zoo,Midrange,NuBlkAu,1719515
2026-07-26,Modern,64,77,challenge_C64_2026-07-26_12848217_decklist,12848217,30,Amulet Titan,Combo,Eyelash,2871058
2026-07-26,Modern,64,77,challenge_C64_2026-07-26_12848217_decklist,12848217,31,Broodscale Combo,Combo,lilianna1989,2842847
2026-07-26,Modern,64,77,challenge_C64_2026-07-26_12848217_decklist,12848217,32,Ruby Storm,Combo,RGNKPheonix20,1995507
2026-07-27,Modern,64,94,challenge_C64_2026-07-27_12848227_decklist,12848227,1,UW Control,Control,eclipse4343,2714224
2026-07-27,Modern,64,94,challenge_C64_2026-07-27_12848227_decklist,12848227,2,Goryo's Vengeance,Graveyard,marceliiine,2911879
2026-07-27,Modern,64,94,challenge_C64_2026-07-27_12848227_decklist,12848227,3,Amulet Titan,Combo,Cachorrowo,2720911
2026-07-27,Modern,64,94,challenge_C64_2026-07-27_12848227_decklist,12848227,4,Amulet Titan,Combo,reidq7,3155916
2026-07-27,Modern,64,94,challenge_C64_2026-07-27_12848227_decklist,12848227,5,Yawgmoth,Midrange,PhyrexianSwarm,3553954
2026-07-27,Modern,64,94,challenge_C64_2026-07-27_12848227_decklist,12848227,6,BRG,Midrange,derlumberzack,1126781
2026-07-27,Modern,64,94,challenge_C64_2026-07-27_12848227_decklist,12848227,7,Dimir Midrange,Midrange,oinkmage22,2858193
2026-07-27,Modern,64,94,challenge_C64_2026-07-27_12848227_decklist,12848227,8,Mono-Green Eldrazi,Ramp,MC_amp2267,2729232
2026-07-27,Modern,64,94,challenge_C64_2026-07-27_12848227_decklist,12848227,9,Goryo's Vengeance,Graveyard,gazmon48,1636994
2026-07-27,Modern,64,94,challenge_C64_2026-07-27_12848227_decklist,12848227,10,Mono-Black Midrange,Midrange,Selfeisek,2042214
2026-07-27,Modern,64,94,challenge_C64_2026-07-27_12848227_decklist,12848227,11,Broodscale Combo,Combo,manohito,2908947
2026-07-27,Modern,64,94,challenge_C64_2026-07-27_12848227_decklist,12848227,12,4c HollowOne,Graveyard,wft,3030517
2026-07-27,Modern,64,94,challenge_C64_2026-07-27_12848227_decklist,12848227,13,Domain Zoo,Midrange,ShadowTitan1,2130633
2026-07-27,Modern,64,94,challenge_C64_2026-07-27_12848227_decklist,12848227,14,Eldrazi Tron,Ramp,Odin2015,3306092
2026-07-27,Modern,64,94,challenge_C64_2026-07-27_12848227_decklist,12848227,15,Jeskai Energy,Aggro,xl_snapcaster,2232658
2026-07-27,Modern,64,94,challenge_C64_2026-07-27_12848227_decklist,12848227,16,Boros Energy,Aggro,RNicoF,2753736
2026-07-27,Modern,64,94,challenge_C64_2026-07-27_12848227_decklist,12848227,17,Prowess,Aggro,JohnTag667,3112124
2026-07-27,Modern,64,94,challenge_C64_2026-07-27_12848227_decklist,12848227,18,Boros Energy,Aggro,el-pollo-lolo,2636302
2026-07-27,Modern,64,94,challenge_C64_2026-07-27_12848227_decklist,12848227,19,Boros Energy,Aggro,Sarlanga,643454
2026-07-27,Modern,64,94,challenge_C64_2026-07-27_12848227_decklist,12848227,20,Eldrazi Tron,Ramp,Tinker_deck,2981803
2026-07-27,Modern,64,94,challenge_C64_2026-07-27_12848227_decklist,12848227,21,Boros Energy,Aggro,Benjivera7,3172197
2026-07-27,Modern,64,94,challenge_C64_2026-07-27_12848227_decklist,12848227,22,Mono-Green Eldrazi,Ramp,nagas4,3013730
2026-07-27,Modern,64,94,challenge_C64_2026-07-27_12848227_decklist,12848227,23,Broodscale Combo,Combo,TheColorOfBoom,3359144
2026-07-27,Modern,64,94,challenge_C64_2026-07-27_12848227_decklist,12848227,24,Mono-Green Eldrazi,Ramp,Wesleke27,3527382
2026-07-27,Modern,64,94,challenge_C64_2026-07-27_12848227_decklist,12848227,25,Devoted Combo,Combo,hypgn0sis,1017664
2026-07-27,Modern,64,94,challenge_C64_2026-07-27_12848227_decklist,12848227,26,Goryo's Vengeance,Graveyard,ashame,2761370
2026-07-27,Modern,64,94,challenge_C64_2026-07-27_12848227_decklist,12848227,27,Dimir Midrange,Midrange,bless_von,2292083
2026-07-27,Modern,64,94,challenge_C64_2026-07-27_12848227_decklist,12848227,28,Yawgmoth,Midrange,CreamTeamLeader,3495469
2026-07-27,Modern,64,94,challenge_C64_2026-07-27_12848227_decklist,12848227,29,Rakdos HollowOne,Graveyard,Thronhart,3012164
2026-07-27,Modern,64,94,challenge_C64_2026-07-27_12848227_decklist,12848227,30,Amulet Titan,Combo,Ouranos139,2316177
2026-07-27,Modern,64,94,challenge_C64_2026-07-27_12848227_decklist,12848227,31,Sultai Reanimator,Graveyard,Moe12,3037817
2026-07-27,Modern,64,94,challenge_C64_2026-07-27_12848227_decklist,12848227,32,Mono-Black Midrange,Midrange,soggymeatball,2127900
2026-07-27,Modern,96,101,challenge_C96_2026-07-27_12848231_decklist,12848231,1,Grixis Reanimator,Graveyard,JPA93,1181017
2026-07-27,Modern,96,101,challenge_C96_2026-07-27_12848231_decklist,12848231,2,Land Destruction,Control,Kritik,2707200
2026-07-27,Modern,96,101,challenge_C96_2026-07-27_12848231_decklist,12848231,3,Eldrazi Tron,Ramp,Porks,2796105
2026-07-27,Modern,96,101,challenge_C96_2026-07-27_12848231_decklist,12848231,4,Esper Reanimator,Graveyard,Serosocram,3477626
2026-07-27,Modern,96,101,challenge_C96_2026-07-27_12848231_decklist,12848231,5,Esper Blink,Blink,yriel,2537131
2026-07-27,Modern,96,101,challenge_C96_2026-07-27_12848231_decklist,12848231,6,Dimir Midrange,Midrange,avelazquez14,2155428
2026-07-27,Modern,96,101,challenge_C96_2026-07-27_12848231_decklist,12848231,7,Ragavan,Aggro,Nblearchange1,2627221
2026-07-27,Modern,96,101,challenge_C96_2026-07-27_12848231_decklist,12848231,8,Goryo's Vengeance,Graveyard,yunyu1234,3253656
2026-07-27,Modern,96,101,challenge_C96_2026-07-27_12848231_decklist,12848231,9,Mono-Green Eldrazi,Ramp,kimkimmer,2082331
2026-07-27,Modern,96,101,challenge_C96_2026-07-27_12848231_decklist,12848231,10,Dimir Midrange,Midrange,Spellyp,3373315
2026-07-27,Modern,96,101,challenge_C96_2026-07-27_12848231_decklist,12848231,11,Boros Energy,Aggro,Salty_Orange,2273541
2026-07-27,Modern,96,101,challenge_C96_2026-07-27_12848231_decklist,12848231,12,Broodscale Combo,Combo,mei0024,2253154
2026-07-27,Modern,96,101,challenge_C96_2026-07-27_12848231_decklist,12848231,13,Goryo's Vengeance,Graveyard,HeyyQT,1280578
2026-07-27,Modern,96,101,challenge_C96_2026-07-27_12848231_decklist,12848231,14,Esper Blink,Blink,toondoslav,1712831
2026-07-27,Modern,96,101,challenge_C96_2026-07-27_12848231_decklist,12848231,15,Azorius Control,Control,GWT,3544040
2026-07-27,Modern,96,101,challenge_C96_2026-07-27_12848231_decklist,12848231,16,Sultai Ritual,Midrange,bananadisaster,3442638
2026-07-27,Modern,96,101,challenge_C96_2026-07-27_12848231_decklist,12848231,17,Goryo's Vengeance,Graveyard,Laplasjan,1706283
2026-07-27,Modern,96,101,challenge_C96_2026-07-27_12848231_decklist,12848231,18,Devoted Combo,Combo,Dydyk95,2940494
2026-07-27,Modern,96,101,challenge_C96_2026-07-27_12848231_decklist,12848231,19,Eldrazi Tron,Ramp,HuUeBR,2981401
2026-07-27,Modern,96,101,challenge_C96_2026-07-27_12848231_decklist,12848231,20,Living End,Graveyard,MeninooNey,3263693
2026-07-27,Modern,96,101,challenge_C96_2026-07-27_12848231_decklist,12848231,21,Land Destruction,Control,FutureExPro,3216332
2026-07-27,Modern,96,101,challenge_C96_2026-07-27_12848231_decklist,12848231,22,Azorius Blink,Blink,CrispyFrog,2808705
2026-07-27,Modern,96,101,challenge_C96_2026-07-27_12848231_decklist,12848231,23,Broodscale Combo,Combo,DelverOfBolts,2688845
2026-07-27,Modern,96,101,challenge_C96_2026-07-27_12848231_decklist,12848231,24,Broodscale Combo,Combo,nightwitch,1780347
2026-07-27,Modern,96,101,challenge_C96_2026-07-27_12848231_decklist,12848231,25,Goryo's Vengeance,Graveyard,cntrlfreak_ttv,2984703
2026-07-27,Modern,96,101,challenge_C96_2026-07-27_12848231_decklist,12848231,26,Broodscale Combo,Combo,Gnurant,3200561
2026-07-27,Modern,96,101,challenge_C96_2026-07-27_12848231_decklist,12848231,27,Jeskai Energy,Aggro,RespectTheCat,2788118
2026-07-27,Modern,96,101,challenge_C96_2026-07-27_12848231_decklist,12848231,28,Goryo's Vengeance,Graveyard,FranBenitez91,319589
2026-07-27,Modern,96,101,challenge_C96_2026-07-27_12848231_decklist,12848231,29,Boros Energy,Aggro,Lightspirit,3222070
2026-07-27,Modern,96,101,challenge_C96_2026-07-27_12848231_decklist,12848231,30,Belcher,Combo,GregorV,3333240
2026-07-27,Modern,96,101,challenge_C96_2026-07-27_12848231_decklist,12848231,31,Affinity,Aggro,sioutis_kk,3499660
2026-07-27,Modern,96,101,challenge_C96_2026-07-27_12848231_decklist,12848231,32,Prowess,Aggro,seitahn,2894004
2026-07-28,Modern,64,88,challenge_C64_2026-07-28_12848246_decklist,12848246,1,Prowess,Aggro,nahuel10,1942357
2026-07-28,Modern,64,88,challenge_C64_2026-07-28_12848246_decklist,12848246,2,Devoted Combo,Combo,selesneal,1618758
2026-07-28,Modern,64,88,challenge_C64_2026-07-28_12848246_decklist,12848246,3,Broodscale Combo,Combo,manohito,2908947
2026-07-28,Modern,64,88,challenge_C64_2026-07-28_12848246_decklist,12848246,4,Goryo's Vengeance,Graveyard,FranBenitez91,319589
2026-07-28,Modern,64,88,challenge_C64_2026-07-28_12848246_decklist,12848246,5,Esper Blink,Blink,Omegauo,30930
2026-07-28,Modern,64,88,challenge_C64_2026-07-28_12848246_decklist,12848246,6,4c HollowOne,Graveyard,Bezerra_da_Silva,3169903
2026-07-28,Modern,64,88,challenge_C64_2026-07-28_12848246_decklist,12848246,7,Boros Energy,Aggro,Capitano_CL,535716
2026-07-28,Modern,64,88,challenge_C64_2026-07-28_12848246_decklist,12848246,8,Goryo's Vengeance,Graveyard,MVRS,3482156
2026-07-28,Modern,64,88,challenge_C64_2026-07-28_12848246_decklist,12848246,9,Mono-Green Eldrazi,Ramp,xfile,2449332
2026-07-28,Modern,64,88,challenge_C64_2026-07-28_12848246_decklist,12848246,10,Boros Energy,Aggro,el-pollo-lolo,2636302
2026-07-28,Modern,64,88,challenge_C64_2026-07-28_12848246_decklist,12848246,11,Goryo's Vengeance,Graveyard,Martin_Dominguez,1755256
2026-07-28,Modern,64,88,challenge_C64_2026-07-28_12848246_decklist,12848246,12,Mono-Green Eldrazi,Ramp,Ale_Mtg,2683189
2026-07-28,Modern,64,88,challenge_C64_2026-07-28_12848246_decklist,12848246,13,Broodscale Combo,Combo,Chichichi,2788809
2026-07-28,Modern,64,88,challenge_C64_2026-07-28_12848246_decklist,12848246,14,UW Control,Control,xl_snapcaster,2232658
2026-07-28,Modern,64,88,challenge_C64_2026-07-28_12848246_decklist,12848246,15,Orzhov Blink,Blink,Mapletreefrog,1557079
2026-07-28,Modern,64,88,challenge_C64_2026-07-28_12848246_decklist,12848246,16,UG,Combo,CesarMerjan,2633477
2026-07-28,Modern,64,88,challenge_C64_2026-07-28_12848246_decklist,12848246,17,Mardu Energy,Aggro,Mortaa,3250308
2026-07-28,Modern,64,88,challenge_C64_2026-07-28_12848246_decklist,12848246,18,Yawgmoth,Midrange,YungDingo,2928451
2026-07-28,Modern,64,88,challenge_C64_2026-07-28_12848246_decklist,12848246,19,4c HollowOne,Graveyard,klien7,2564773
2026-07-28,Modern,64,88,challenge_C64_2026-07-28_12848246_decklist,12848246,20,Grixis Midrange,Midrange,OafMcNamara,1018764
2026-07-28,Modern,64,88,challenge_C64_2026-07-28_12848246_decklist,12848246,21,Ragavan,Aggro,Moe12,3037817
2026-07-28,Modern,64,88,challenge_C64_2026-07-28_12848246_decklist,12848246,22,Esper Blink,Blink,yriel,2537131
2026-07-28,Modern,64,88,challenge_C64_2026-07-28_12848246_decklist,12848246,23,Neobrand,Combo,Azja,2751360
2026-07-28,Modern,64,88,challenge_C64_2026-07-28_12848246_decklist,12848246,24,Amulet Titan,Combo,reidq7,3155916
2026-07-28,Modern,64,88,challenge_C64_2026-07-28_12848246_decklist,12848246,25,Domain Zoo,Midrange,WalrusRunner,3133945
2026-07-28,Modern,64,88,challenge_C64_2026-07-28_12848246_decklist,12848246,26,Living End,Graveyard,MeninooNey,3263693
2026-07-28,Modern,64,88,challenge_C64_2026-07-28_12848246_decklist,12848246,27,Boros Energy,Aggro,Mtyrant,3023075
2026-07-28,Modern,64,88,challenge_C64_2026-07-28_12848246_decklist,12848246,28,Mono-Green Eldrazi,Ramp,krixtijan,3485056
2026-07-28,Modern,64,88,challenge_C64_2026-07-28_12848246_decklist,12848246,29,Prowess,Aggro,Xsper,3056706
2026-07-28,Modern,64,88,challenge_C64_2026-07-28_12848246_decklist,12848246,30,Yawgmoth,Midrange,ShikiXYZ,1188705
2026-07-28,Modern,64,88,challenge_C64_2026-07-28_12848246_decklist,12848246,31,Goryo's Vengeance,Graveyard,GLSwadow,3438702
2026-07-28,Modern,64,88,challenge_C64_2026-07-28_12848246_decklist,12848246,32,Mono-Green Eldrazi,Ramp,renatoaraujo,864036
2026-07-29,Modern,32,66,challenge_C32_2026-07-29_12848248_decklist,12848248,1,Boros Energy,Aggro,dramaticRoyalty,3353395
2026-07-29,Modern,32,66,challenge_C32_2026-07-29_12848248_decklist,12848248,2,Prowess,Aggro,jvidarte,2651868
2026-07-29,Modern,32,66,challenge_C32_2026-07-29_12848248_decklist,12848248,3,Boros Energy,Aggro,angelsjeffrey,2079715
2026-07-29,Modern,32,66,challenge_C32_2026-07-29_12848248_decklist,12848248,4,Broodscale Combo,Combo,Venom01,3535587
2026-07-29,Modern,32,66,challenge_C32_2026-07-29_12848248_decklist,12848248,5,Neobrand,Combo,JustAnotherGuy83,2691811
2026-07-29,Modern,32,66,challenge_C32_2026-07-29_12848248_decklist,12848248,6,Ruby Storm,Combo,hugofreitas1,1997683
2026-07-29,Modern,32,66,challenge_C32_2026-07-29_12848248_decklist,12848248,7,Azorius Control,Control,thatguy_champ,2917923
2026-07-29,Modern,32,66,challenge_C32_2026-07-29_12848248_decklist,12848248,8,Domain Zoo,Midrange,ChuChuMTFKR,2886707
2026-07-29,Modern,32,66,challenge_C32_2026-07-29_12848248_decklist,12848248,9,Living End,Graveyard,niuwaid001,2372533
2026-07-29,Modern,32,66,challenge_C32_2026-07-29_12848248_decklist,12848248,10,Broodscale Combo,Combo,Zarathustra,597665
2026-07-29,Modern,32,66,challenge_C32_2026-07-29_12848248_decklist,12848248,11,Esper Blink,Blink,yriel,2537131
2026-07-29,Modern,32,66,challenge_C32_2026-07-29_12848248_decklist,12848248,12,Broodscale Combo,Combo,ob_1,2721069
2026-07-29,Modern,32,66,challenge_C32_2026-07-29_12848248_decklist,12848248,13,Affinity,Aggro,LucasG1ggs,750888
2026-07-29,Modern,32,66,challenge_C32_2026-07-29_12848248_decklist,12848248,14,Broodscale Combo,Combo,TuckerMTG,2204845
2026-07-29,Modern,32,66,challenge_C32_2026-07-29_12848248_decklist,12848248,15,Rakdos Aggro,Aggro,DragonFodder,415299
2026-07-29,Modern,32,66,challenge_C32_2026-07-29_12848248_decklist,12848248,16,Yawgmoth,Midrange,Retrisma,2700947
2026-07-29,Modern,32,66,challenge_C32_2026-07-29_12848248_decklist,12848248,17,Mono-Black Midrange,Midrange,soggymeatball,2127900
2026-07-29,Modern,32,66,challenge_C32_2026-07-29_12848248_decklist,12848248,18,BRG,Midrange,Cachorrowo,2720911
2026-07-29,Modern,32,66,challenge_C32_2026-07-29_12848248_decklist,12848248,19,UW Control,Control,eclipse4343,2714224
2026-07-29,Modern,32,66,challenge_C32_2026-07-29_12848248_decklist,12848248,20,Yawgmoth,Midrange,Sam_Lewin,2092528
2026-07-29,Modern,32,66,challenge_C32_2026-07-29_12848248_decklist,12848248,21,Dimir Midrange,Midrange,LILwwaaang,2140943
2026-07-29,Modern,32,66,challenge_C32_2026-07-29_12848248_decklist,12848248,22,Goryo's Vengeance,Graveyard,_pba_,2905380
2026-07-29,Modern,32,66,challenge_C32_2026-07-29_12848248_decklist,12848248,23,Rakdos Death's Shadow,Aggro,ControlTh3Narrative,3566743
2026-07-29,Modern,32,66,challenge_C32_2026-07-29_12848248_decklist,12848248,24,Prowess,Aggro,EthanBird,2658587
2026-07-29,Modern,32,66,challenge_C32_2026-07-29_12848248_decklist,12848248,25,Neobrand,Combo,LemonadeArchery,3103007
2026-07-29,Modern,32,66,challenge_C32_2026-07-29_12848248_decklist,12848248,26,Boros Energy,Aggro,LaneOrLaine,3117690
2026-07-29,Modern,32,66,challenge_C32_2026-07-29_12848248_decklist,12848248,27,Neobrand,Combo,Brogtar,3025072
2026-07-29,Modern,32,66,challenge_C32_2026-07-29_12848248_decklist,12848248,28,Prowess,Aggro,NathanOfTheGiltLeaf,2968680
2026-07-29,Modern,32,66,challenge_C32_2026-07-29_12848248_decklist,12848248,29,Mono-Green Eldrazi,Ramp,Kai_Worldz,3150519
2026-07-29,Modern,32,66,challenge_C32_2026-07-29_12848248_decklist,12848248,30,Domain Zoo,Midrange,ShadowTitan1,2130633
2026-07-29,Modern,32,66,challenge_C32_2026-07-29_12848248_decklist,12848248,31,Broodscale Combo,Combo,Kollslaw,3311758
2026-07-29,Modern,32,66,challenge_C32_2026-07-29_12848248_decklist,12848248,32,BRG,Midrange,derlumberzack,1126781
2026-07-29,Modern,96,116,challenge_C96_2026-07-29_12848257_decklist,12848257,1,Mono-Green Eldrazi,Ramp,ResponsiblyStupid,3050181
2026-07-29,Modern,96,116,challenge_C96_2026-07-29_12848257_decklist,12848257,2,Goryo's Vengeance,Graveyard,Gerardo94,2077747
2026-07-29,Modern,96,116,challenge_C96_2026-07-29_12848257_decklist,12848257,3,Mono-Black Midrange,Midrange,Selfeisek,2042214
2026-07-29,Modern,96,116,challenge_C96_2026-07-29_12848257_decklist,12848257,4,Devoted Combo,Combo,John1111,2676588
2026-07-29,Modern,96,116,challenge_C96_2026-07-29_12848257_decklist,12848257,5,Miracles,Control,Evariel,2709546
2026-07-29,Modern,96,116,challenge_C96_2026-07-29_12848257_decklist,12848257,6,Domain Zoo,Midrange,Imaeda,1304755
2026-07-29,Modern,96,116,challenge_C96_2026-07-29_12848257_decklist,12848257,7,Goryo's Vengeance,Graveyard,BERNASTORRES,1049119
2026-07-29,Modern,96,116,challenge_C96_2026-07-29_12848257_decklist,12848257,8,Domain Zoo,Midrange,KingOfGames1522,2831734
2026-07-29,Modern,96,116,challenge_C96_2026-07-29_12848257_decklist,12848257,9,Rakdos Burn,Aggro,DemianDesposito10,2747375
2026-07-29,Modern,96,116,challenge_C96_2026-07-29_12848257_decklist,12848257,10,Song of Creation,Combo,levunga21,494936
2026-07-29,Modern,96,116,challenge_C96_2026-07-29_12848257_decklist,12848257,11,Broodscale Combo,Combo,Arremangado,2850981
2026-07-29,Modern,96,116,challenge_C96_2026-07-29_12848257_decklist,12848257,12,Mardu Energy,Aggro,NathanOfTheGiltLeaf,2968680
2026-07-29,Modern,96,116,challenge_C96_2026-07-29_12848257_decklist,12848257,13,Amulet Titan,Combo,kanister,1205292
2026-07-29,Modern,96,116,challenge_C96_2026-07-29_12848257_decklist,12848257,14,Song of Creation,Combo,AugustRush,465104
2026-07-29,Modern,96,116,challenge_C96_2026-07-29_12848257_decklist,12848257,15,Boros Energy,Aggro,Rashek,2702005
2026-07-29,Modern,96,116,challenge_C96_2026-07-29_12848257_decklist,12848257,16,Grixis Reanimator,Graveyard,MisterTwin,3190187
2026-07-29,Modern,96,116,challenge_C96_2026-07-29_12848257_decklist,12848257,17,Grixis Reanimator,Graveyard,medvedev,741295
2026-07-29,Modern,96,116,challenge_C96_2026-07-29_12848257_decklist,12848257,18,Boros Energy,Aggro,Sarlanga,643454
2026-07-29,Modern,96,116,challenge_C96_2026-07-29_12848257_decklist,12848257,19,Broodscale Combo,Combo,giraffesarentreal,2753283
2026-07-29,Modern,96,116,challenge_C96_2026-07-29_12848257_decklist,12848257,20,Dimir Murktide,Midrange,Uagli1,2680052
2026-07-29,Modern,96,116,challenge_C96_2026-07-29_12848257_decklist,12848257,21,Prowess,Aggro,ShikiXYZ,1188705
2026-07-29,Modern,96,116,challenge_C96_2026-07-29_12848257_decklist,12848257,22,Land Destruction,Control,Kritik,2707200
2026-07-29,Modern,96,116,challenge_C96_2026-07-29_12848257_decklist,12848257,23,Prowess,Aggro,seitahn,2894004
2026-07-29,Modern,96,116,challenge_C96_2026-07-29_12848257_decklist,12848257,24,Boros Energy,Aggro,chairiang,3536566
2026-07-29,Modern,96,116,challenge_C96_2026-07-29_12848257_decklist,12848257,25,Azorius Control,Control,thatguy_champ,2917923
2026-07-29,Modern,96,116,challenge_C96_2026-07-29_12848257_decklist,12848257,26,Grixis Midrange,Midrange,OafMcNamara,1018764
2026-07-29,Modern,96,116,challenge_C96_2026-07-29_12848257_decklist,12848257,27,Goryo's Vengeance,Graveyard,Rvng,649380
2026-07-29,Modern,96,116,challenge_C96_2026-07-29_12848257_decklist,12848257,28,Boros Energy,Aggro,Salty_Orange,2273541
2026-07-29,Modern,96,116,challenge_C96_2026-07-29_12848257_decklist,12848257,29,Esper Blink,Blink,Homaar,3501107
2026-07-29,Modern,96,116,challenge_C96_2026-07-29_12848257_decklist,12848257,30,Prowess,Aggro,JLBall,2064216
2026-07-29,Modern,96,116,challenge_C96_2026-07-29_12848257_decklist,12848257,31,Broodscale Combo,Combo,Thunus,3076886
2026-07-29,Modern,96,116,challenge_C96_2026-07-29_12848257_decklist,12848257,32,Goryo's Vengeance,Graveyard,Walker735,2638611
2026-07-30,Modern,64,95,challenge_C64_2026-07-30_12849434_decklist,12849434,1,Living End,Graveyard,MeninooNey,3263693
2026-07-30,Modern,64,95,challenge_C64_2026-07-30_12849434_decklist,12849434,2,Devoted Combo,Combo,Univerce,2926088
2026-07-30,Modern,64,95,challenge_C64_2026-07-30_12849434_decklist,12849434,3,Dimir Murktide,Midrange,Uagli1,2680052
2026-07-30,Modern,64,95,challenge_C64_2026-07-30_12849434_decklist,12849434,4,Mono-Green Eldrazi,Ramp,Watchwolf92,574591
2026-07-30,Modern,64,95,challenge_C64_2026-07-30_12849434_decklist,12849434,5,Neobrand,Combo,ElPuerco,2718288
2026-07-30,Modern,64,95,challenge_C64_2026-07-30_12849434_decklist,12849434,6,Dimir Midrange,Midrange,mikeleee,2708396
2026-07-30,Modern,64,95,challenge_C64_2026-07-30_12849434_decklist,12849434,7,Ruby Storm,Combo,_Dionysos_,3475761
2026-07-30,Modern,64,95,challenge_C64_2026-07-30_12849434_decklist,12849434,8,Land Destruction,Control,FutureExPro,3216332
2026-07-30,Modern,64,95,challenge_C64_2026-07-30_12849434_decklist,12849434,9,Esper Reanimator,Graveyard,Serosocram,3477626
2026-07-30,Modern,64,95,challenge_C64_2026-07-30_12849434_decklist,12849434,10,Broodscale Combo,Combo,giraffesarentreal,2753283
2026-07-30,Modern,64,95,challenge_C64_2026-07-30_12849434_decklist,12849434,11,Goryo's Vengeance,Graveyard,Minivan_of_Jeskai,3516005
2026-07-30,Modern,64,95,challenge_C64_2026-07-30_12849434_decklist,12849434,12,Broodscale Combo,Combo,manohito,2908947
2026-07-30,Modern,64,95,challenge_C64_2026-07-30_12849434_decklist,12849434,13,Eldrazi Ramp,Ramp,Lightspirit,3222070
2026-07-30,Modern,64,95,challenge_C64_2026-07-30_12849434_decklist,12849434,14,Esper Blink,Blink,ShikiXYZ,1188705
2026-07-30,Modern,64,95,challenge_C64_2026-07-30_12849434_decklist,12849434,15,BRG,Midrange,Terribad,850543
2026-07-30,Modern,64,95,challenge_C64_2026-07-30_12849434_decklist,12849434,16,WUBG,Control,Mtyrant,3023075
2026-07-30,Modern,64,95,challenge_C64_2026-07-30_12849434_decklist,12849434,17,Azorius Control,Control,Alakai,676549
2026-07-30,Modern,64,95,challenge_C64_2026-07-30_12849434_decklist,12849434,18,Azorius Blink,Blink,Fatcaster_Mage,2660106
2026-07-30,Modern,64,95,challenge_C64_2026-07-30_12849434_decklist,12849434,19,Affinity,Aggro,DJK3V1N,2717078
2026-07-30,Modern,64,95,challenge_C64_2026-07-30_12849434_decklist,12849434,20,Goryo's Vengeance,Graveyard,eswaff,3135877
2026-07-30,Modern,64,95,challenge_C64_2026-07-30_12849434_decklist,12849434,21,Neobrand,Combo,golfsapao,3311205
2026-07-30,Modern,64,95,challenge_C64_2026-07-30_12849434_decklist,12849434,22,Grixis Reanimator,Graveyard,Lupos,618712
2026-07-30,Modern,64,95,challenge_C64_2026-07-30_12849434_decklist,12849434,23,Land Destruction,Control,Trailovsky,2043520
2026-07-30,Modern,64,95,challenge_C64_2026-07-30_12849434_decklist,12849434,24,Neobrand,Combo,bananadisaster,3442638
2026-07-30,Modern,64,95,challenge_C64_2026-07-30_12849434_decklist,12849434,25,4c HollowOne,Graveyard,Sodeq,1754547
2026-07-30,Modern,64,95,challenge_C64_2026-07-30_12849434_decklist,12849434,26,Prowess,Aggro,eresopacaso,2045897
2026-07-30,Modern,64,95,challenge_C64_2026-07-30_12849434_decklist,12849434,27,Rakdos HollowOne,Graveyard,dunkzone,3352864
2026-07-30,Modern,64,95,challenge_C64_2026-07-30_12849434_decklist,12849434,28,Grixis Reanimator,Graveyard,soggymeatball,2127900
2026-07-30,Modern,64,95,challenge_C64_2026-07-30_12849434_decklist,12849434,29,Broodscale Combo,Combo,Pallocchia314,3489335
2026-07-30,Modern,64,95,challenge_C64_2026-07-30_12849434_decklist,12849434,30,Neobrand,Combo,7steamvents,3045315
2026-07-30,Modern,64,95,challenge_C64_2026-07-30_12849434_decklist,12849434,31,Eldrazi Tron,Ramp,Control_is_kinda_bad,2645807
2026-07-30,Modern,64,95,challenge_C64_2026-07-30_12849434_decklist,12849434,32,Through the Breach,Combo,Sfrenka667,2924901
2026-07-31,Modern,64,112,challenge_C64_2026-07-31_12849451_decklist,12849451,1,Goryo's Vengeance,Graveyard,lunaloveee,2886236
2026-07-31,Modern,64,112,challenge_C64_2026-07-31_12849451_decklist,12849451,2,Broodscale Combo,Combo,Univerce,2926088
2026-07-31,Modern,64,112,challenge_C64_2026-07-31_12849451_decklist,12849451,3,Goryo's Vengeance,Graveyard,FranBenitez91,319589
2026-07-31,Modern,64,112,challenge_C64_2026-07-31_12849451_decklist,12849451,4,Esper Blink,Blink,_Batutinha_,453404
2026-07-31,Modern,64,112,challenge_C64_2026-07-31_12849451_decklist,12849451,5,Esper Blink,Blink,sokos13,486439
2026-07-31,Modern,64,112,challenge_C64_2026-07-31_12849451_decklist,12849451,6,Broodscale Combo,Combo,moviemaker,992526
2026-07-31,Modern,64,112,challenge_C64_2026-07-31_12849451_decklist,12849451,7,BRG,Midrange,Lapsy,2939619
2026-07-31,Modern,64,112,challenge_C64_2026-07-31_12849451_decklist,12849451,8,Boros Energy,Aggro,Based,943247
2026-07-31,Modern,64,112,challenge_C64_2026-07-31_12849451_decklist,12849451,9,Affinity,Aggro,Matts,2631782
2026-07-31,Modern,64,112,challenge_C64_2026-07-31_12849451_decklist,12849451,10,Devoted Combo,Combo,NathanOfTheGiltLeaf,2968680
2026-07-31,Modern,64,112,challenge_C64_2026-07-31_12849451_decklist,12849451,11,Living End,Graveyard,JuanmaAT,2695862
2026-07-31,Modern,64,112,challenge_C64_2026-07-31_12849451_decklist,12849451,12,Affinity,Aggro,sioutis_kk,3499660
2026-07-31,Modern,64,112,challenge_C64_2026-07-31_12849451_decklist,12849451,13,Dimir Murktide,Midrange,Uagli1,2680052
2026-07-31,Modern,64,112,challenge_C64_2026-07-31_12849451_decklist,12849451,14,Yawgmoth,Midrange,Jconn,2538717
2026-07-31,Modern,64,112,challenge_C64_2026-07-31_12849451_decklist,12849451,15,Yawgmoth,Midrange,claudioh,1919341
2026-07-31,Modern,64,112,challenge_C64_2026-07-31_12849451_decklist,12849451,16,Affinity,Aggro,chuyingfei,691553
2026-07-31,Modern,64,112,challenge_C64_2026-07-31_12849451_decklist,12849451,17,Belcher,Combo,schobr,2452941
2026-07-31,Modern,64,112,challenge_C64_2026-07-31_12849451_decklist,12849451,18,Boros Energy,Aggro,Anaxkoraz,2351182
2026-07-31,Modern,64,112,challenge_C64_2026-07-31_12849451_decklist,12849451,19,Grixis Reanimator,Graveyard,MarimoTaketori,3086835
2026-07-31,Modern,64,112,challenge_C64_2026-07-31_12849451_decklist,12849451,20,Affinity,Aggro,digdude13,111081
2026-07-31,Modern,64,112,challenge_C64_2026-07-31_12849451_decklist,12849451,21,Azorius Control,Control,levunga21,494936
2026-07-31,Modern,64,112,challenge_C64_2026-07-31_12849451_decklist,12849451,22,4c HollowOne,Graveyard,Cown,3070041
2026-07-31,Modern,64,112,challenge_C64_2026-07-31_12849451_decklist,12849451,23,Ruby Storm,Combo,hugofreitas1,1997683
2026-07-31,Modern,64,112,challenge_C64_2026-07-31_12849451_decklist,12849451,24,Goryo's Vengeance,Graveyard,DskBayWolf,3220713
2026-07-31,Modern,64,112,challenge_C64_2026-07-31_12849451_decklist,12849451,25,Neobrand,Combo,Ikibob,2255206
2026-07-31,Modern,64,112,challenge_C64_2026-07-31_12849451_decklist,12849451,26,Boros Energy,Aggro,kasiso,2257869
2026-07-31,Modern,64,112,challenge_C64_2026-07-31_12849451_decklist,12849451,27,Goryo's Vengeance,Graveyard,cntrlfreak_ttv,2984703
2026-07-31,Modern,64,112,challenge_C64_2026-07-31_12849451_decklist,12849451,28,Dimir Midrange,Midrange,ETBJezus,3040474
2026-07-31,Modern,64,112,challenge_C64_2026-07-31_12849451_decklist,12849451,29,UBRG,Control,MahfuzVanGogh,1932562
2026-07-31,Modern,64,112,challenge_C64_2026-07-31_12849451_decklist,12849451,30,Affinity,Aggro,SbanTwin,2932115
2026-07-31,Modern,64,112,challenge_C64_2026-07-31_12849451_decklist,12849451,31,Ruby Storm,Combo,Rzt4097,3449184
2026-07-31,Modern,64,112,challenge_C64_2026-07-31_12849451_decklist,12849451,32,Devoted Combo,Combo,powered_by_VANYA,3169940
2026-08-01,Modern,32,52,challenge_C32_2026-08-01_12849462_decklist,12849462,1,Eldrazi Ramp,Ramp,Lightspirit,3222070
2026-08-01,Modern,32,52,challenge_C32_2026-08-01_12849462_decklist,12849462,2,Devoted Combo,Combo,RAND0MSLAY3R,3260512
2026-08-01,Modern,32,52,challenge_C32_2026-08-01_12849462_decklist,12849462,3,Goryo's Vengeance,Graveyard,surgetemelo,3473231
2026-08-01,Modern,32,52,challenge_C32_2026-08-01_12849462_decklist,12849462,4,Mono-Green Eldrazi,Ramp,StormQrow,1928132
2026-08-01,Modern,32,52,challenge_C32_2026-08-01_12849462_decklist,12849462,5,Living End,Graveyard,Rashek,2702005
2026-08-01,Modern,32,52,challenge_C32_2026-08-01_12849462_decklist,12849462,6,4c HollowOne,Graveyard,kyporioth,1713588
2026-08-01,Modern,32,52,challenge_C32_2026-08-01_12849462_decklist,12849462,7,Amulet Titan,Combo,CrownedRuti,2710270
2026-08-01,Modern,32,52,challenge_C32_2026-08-01_12849462_decklist,12849462,8,Amulet Titan,Combo,reidq7,3155916
2026-08-01,Modern,32,52,challenge_C32_2026-08-01_12849462_decklist,12849462,9,Amulet Titan,Combo,WeareVenom,2485775
2026-08-01,Modern,32,52,challenge_C32_2026-08-01_12849462_decklist,12849462,10,Yawgmoth,Midrange,NickBolas90,2921975
2026-08-01,Modern,32,52,challenge_C32_2026-08-01_12849462_decklist,12849462,11,Mono-Black Midrange,Midrange,Selfeisek,2042214
2026-08-01,Modern,32,52,challenge_C32_2026-08-01_12849462_decklist,12849462,12,Domain Zoo,Midrange,chinotron23,1763618
2026-08-01,Modern,32,52,challenge_C32_2026-08-01_12849462_decklist,12849462,13,Esper Blink,Blink,yriel,2537131
2026-08-01,Modern,32,52,challenge_C32_2026-08-01_12849462_decklist,12849462,14,Prowess,Aggro,nahuel10,1942357
2026-08-01,Modern,32,52,challenge_C32_2026-08-01_12849462_decklist,12849462,15,Dimir Midrange,Midrange,ipadkid,3560747
2026-08-01,Modern,32,52,challenge_C32_2026-08-01_12849462_decklist,12849462,16,Boros Energy,Aggro,eXeliS,2856736
2026-08-01,Modern,32,52,challenge_C32_2026-08-01_12849462_decklist,12849462,17,Prowess,Aggro,DelverOfBolts,2688845
2026-08-01,Modern,32,52,challenge_C32_2026-08-01_12849462_decklist,12849462,18,Broodscale Combo,Combo,Venom01,3535587
2026-08-01,Modern,32,52,challenge_C32_2026-08-01_12849462_decklist,12849462,19,Goryo's Vengeance,Graveyard,oosunq,1155358
2026-08-01,Modern,32,52,challenge_C32_2026-08-01_12849462_decklist,12849462,20,Devoted Combo,Combo,TomJubarte,3310069
2026-08-01,Modern,32,52,challenge_C32_2026-08-01_12849462_decklist,12849462,21,4c HollowOne,Graveyard,kaiszern,2078647
2026-08-01,Modern,32,52,challenge_C32_2026-08-01_12849462_decklist,12849462,22,Jeskai Blink,Blink,TrueHero,2569009
2026-08-01,Modern,32,52,challenge_C32_2026-08-01_12849462_decklist,12849462,23,Prowess,Aggro,SvenSveeterSven,2576542
2026-08-01,Modern,32,52,challenge_C32_2026-08-01_12849462_decklist,12849462,24,Rakdos Burn,Aggro,DemianDesposito10,2747375
2026-08-01,Modern,32,52,challenge_C32_2026-08-01_12849462_decklist,12849462,25,Affinity,Aggro,JV_7777,2045296
2026-08-01,Modern,32,52,challenge_C32_2026-08-01_12849462_decklist,12849462,26,Goryo's Vengeance,Graveyard,KaosNiller,3562443
2026-08-01,Modern,32,52,challenge_C32_2026-08-01_12849462_decklist,12849462,27,Neobrand,Combo,felider,2322146
2026-08-01,Modern,32,52,challenge_C32_2026-08-01_12849462_decklist,12849462,28,Boros Energy,Aggro,kasiso,2257869
2026-08-01,Modern,32,52,challenge_C32_2026-08-01_12849462_decklist,12849462,29,Living End,Graveyard,niuwaid001,2372533
2026-08-01,Modern,32,52,challenge_C32_2026-08-01_12849462_decklist,12849462,30,Amulet Titan,Combo,sidisi,1944075
2026-08-01,Modern,32,52,challenge_C32_2026-08-01_12849462_decklist,12849462,31,Rakdos HollowOne,Graveyard,kattsu,3405528
2026-08-01,Modern,32,52,challenge_C32_2026-08-01_12849462_decklist,12849462,32,UBR,Midrange,Moe12,3037817
2026-08-01,Modern,64,85,challenge_C64_2026-08-01_12849460_decklist,12849460,1,Goryo's Vengeance,Graveyard,Kollslaw,3311758
2026-08-01,Modern,64,85,challenge_C64_2026-08-01_12849460_decklist,12849460,2,Esper Blink,Blink,Jonson26,2248291
2026-08-01,Modern,64,85,challenge_C64_2026-08-01_12849460_decklist,12849460,3,Prowess,Aggro,fazparte,3106246
2026-08-01,Modern,64,85,challenge_C64_2026-08-01_12849460_decklist,12849460,4,Goryo's Vengeance,Graveyard,KingHairy,2185747
2026-08-01,Modern,64,85,challenge_C64_2026-08-01_12849460_decklist,12849460,5,Boros Energy,Aggro,Skeptic2304,2665316
2026-08-01,Modern,64,85,challenge_C64_2026-08-01_12849460_decklist,12849460,6,Devoted Combo,Combo,Cachorrowo,2720911
2026-08-01,Modern,64,85,challenge_C64_2026-08-01_12849460_decklist,12849460,7,Broodscale Combo,Combo,giraffesarentreal,2753283
2026-08-01,Modern,64,85,challenge_C64_2026-08-01_12849460_decklist,12849460,8,Prowess,Aggro,skullcrobatjoker,3104275
2026-08-01,Modern,64,85,challenge_C64_2026-08-01_12849460_decklist,12849460,9,Boros Energy,Aggro,jayrod115,2760324
2026-08-01,Modern,64,85,challenge_C64_2026-08-01_12849460_decklist,12849460,10,Dimir Murktide,Midrange,OafMcNamara,1018764
2026-08-01,Modern,64,85,challenge_C64_2026-08-01_12849460_decklist,12849460,11,Neobrand,Combo,Tree42o,875470
2026-08-01,Modern,64,85,challenge_C64_2026-08-01_12849460_decklist,12849460,12,Mono-Green Eldrazi,Ramp,Kai_Worldz,3150519
2026-08-01,Modern,64,85,challenge_C64_2026-08-01_12849460_decklist,12849460,13,Goryo's Vengeance,Graveyard,jussupinator,880239
2026-08-01,Modern,64,85,challenge_C64_2026-08-01_12849460_decklist,12849460,14,WUBG,Control,Mtyrant,3023075
2026-08-01,Modern,64,85,challenge_C64_2026-08-01_12849460_decklist,12849460,15,Neobrand,Combo,fuya,2428351
2026-08-01,Modern,64,85,challenge_C64_2026-08-01_12849460_decklist,12849460,16,4c HollowOne,Graveyard,percussion_mike,3085850
2026-08-01,Modern,64,85,challenge_C64_2026-08-01_12849460_decklist,12849460,17,Boros Energy,Aggro,aidiot,3567825
2026-08-01,Modern,64,85,challenge_C64_2026-08-01_12849460_decklist,12849460,18,Boros Energy,Aggro,VictorEsquici,3013293
2026-08-01,Modern,64,85,challenge_C64_2026-08-01_12849460_decklist,12849460,19,Goryo's Vengeance,Graveyard,DskBayWolf,3220713
2026-08-01,Modern,64,85,challenge_C64_2026-08-01_12849460_decklist,12849460,20,UW Control,Control,eclipse4343,2714224
2026-08-01,Modern,64,85,challenge_C64_2026-08-01_12849460_decklist,12849460,21,Prowess,Aggro,Xsper,3056706
2026-08-01,Modern,64,85,challenge_C64_2026-08-01_12849460_decklist,12849460,22,Prowess,Aggro,nahuel10,1942357
2026-08-01,Modern,64,85,challenge_C64_2026-08-01_12849460_decklist,12849460,23,Mardu Energy,Aggro,TheEpicAlpaca,2952179
2026-08-01,Modern,64,85,challenge_C64_2026-08-01_12849460_decklist,12849460,24,4c HollowOne,Graveyard,Restokiki,1860077
2026-08-01,Modern,64,85,challenge_C64_2026-08-01_12849460_decklist,12849460,25,Living End,Graveyard,MeninoNey,2903591
2026-08-01,Modern,64,85,challenge_C64_2026-08-01_12849460_decklist,12849460,26,Goryo's Vengeance,Graveyard,Stealthmagician,2334451
2026-08-01,Modern,64,85,challenge_C64_2026-08-01_12849460_decklist,12849460,27,Goryo's Vengeance,Graveyard,felider,2322146
2026-08-01,Modern,64,85,challenge_C64_2026-08-01_12849460_decklist,12849460,28,Rakdos HollowOne,Graveyard,kattsu,3405528
2026-08-01,Modern,64,85,challenge_C64_2026-08-01_12849460_decklist,12849460,29,Belcher,Combo,Cyberzilla,1045207
2026-08-01,Modern,64,85,challenge_C64_2026-08-01_12849460_decklist,12849460,30,Ruby Storm,Combo,hugofreitas1,1997683
2026-08-01,Modern,64,85,challenge_C64_2026-08-01_12849460_decklist,12849460,31,Goryo's Vengeance,Graveyard,Sutter,3122725
2026-08-01,Modern,64,85,challenge_C64_2026-08-01_12849460_decklist,12849460,32,Dimir Midrange,Midrange,adebevoise,2224096
2026-08-01,Modern,64,115,challenge_C64_2026-08-01_12849467_decklist,12849467,1,Mono-Green Eldrazi,Ramp,Morenothings,1105374
2026-08-01,Modern,64,115,challenge_C64_2026-08-01_12849467_decklist,12849467,2,Mono-Green Eldrazi,Ramp,chase00111,1199408
2026-08-01,Modern,64,115,challenge_C64_2026-08-01_12849467_decklist,12849467,3,Azorius Control,Control,levunga21,494936
2026-08-01,Modern,64,115,challenge_C64_2026-08-01_12849467_decklist,12849467,4,Boros Energy,Aggro,RNicoF,2753736
2026-08-01,Modern,64,115,challenge_C64_2026-08-01_12849467_decklist,12849467,5,Mono-Green Eldrazi,Ramp,HouseOfManaMTG,2669359
2026-08-01,Modern,64,115,challenge_C64_2026-08-01_12849467_decklist,12849467,6,Boros Energy,Aggro,Trailovsky,2043520
2026-08-01,Modern,64,115,challenge_C64_2026-08-01_12849467_decklist,12849467,7,Goryo's Vengeance,Graveyard,oosunq,1155358
2026-08-01,Modern,64,115,challenge_C64_2026-08-01_12849467_decklist,12849467,8,Belcher,Combo,Otifex,3149769
2026-08-01,Modern,64,115,challenge_C64_2026-08-01_12849467_decklist,12849467,9,Affinity,Aggro,DarksteelWelder,2959239
2026-08-01,Modern,64,115,challenge_C64_2026-08-01_12849467_decklist,12849467,10,Esper Blink,Blink,sokos13,486439
2026-08-01,Modern,64,115,challenge_C64_2026-08-01_12849467_decklist,12849467,11,UBRG,Control,MahfuzVanGogh,1932562
2026-08-01,Modern,64,115,challenge_C64_2026-08-01_12849467_decklist,12849467,12,Ruby Storm,Combo,Legion935,2791835
2026-08-01,Modern,64,115,challenge_C64_2026-08-01_12849467_decklist,12849467,13,Dimir Murktide,Midrange,_Falcon_,2498069
2026-08-01,Modern,64,115,challenge_C64_2026-08-01_12849467_decklist,12849467,14,Broodscale Combo,Combo,Nowayh,2714019
2026-08-01,Modern,64,115,challenge_C64_2026-08-01_12849467_decklist,12849467,15,Broodscale Combo,Combo,MyrRetriever,3006274
2026-08-01,Modern,64,115,challenge_C64_2026-08-01_12849467_decklist,12849467,16,Prowess,Aggro,Mogged,1297262
2026-08-01,Modern,64,115,challenge_C64_2026-08-01_12849467_decklist,12849467,17,Mono-Green Eldrazi,Ramp,albybale93,1721886
2026-08-01,Modern,64,115,challenge_C64_2026-08-01_12849467_decklist,12849467,18,Broodscale Combo,Combo,TomBombadi1,2607787
2026-08-01,Modern,64,115,challenge_C64_2026-08-01_12849467_decklist,12849467,19,Boros Energy,Aggro,VizosMTG,3474034
2026-08-01,Modern,64,115,challenge_C64_2026-08-01_12849467_decklist,12849467,20,Goryo's Vengeance,Graveyard,Gerardo94,2077747
2026-08-01,Modern,64,115,challenge_C64_2026-08-01_12849467_decklist,12849467,21,Rakdos Aggro,Aggro,frodomochas,2021099
2026-08-01,Modern,64,115,challenge_C64_2026-08-01_12849467_decklist,12849467,22,4c HollowOne,Graveyard,kaiszern,2078647
2026-08-01,Modern,64,115,challenge_C64_2026-08-01_12849467_decklist,12849467,23,Devoted Combo,Combo,NathanOfTheGiltLeaf,2968680
2026-08-01,Modern,64,115,challenge_C64_2026-08-01_12849467_decklist,12849467,24,Prowess,Aggro,therock988,494270
2026-08-01,Modern,64,115,challenge_C64_2026-08-01_12849467_decklist,12849467,25,Neobrand,Combo,Nuserdog,2702142
2026-08-01,Modern,64,115,challenge_C64_2026-08-01_12849467_decklist,12849467,26,Esper Blink,Blink,KeepAny7vsYou,2928379
2026-08-01,Modern,64,115,challenge_C64_2026-08-01_12849467_decklist,12849467,27,Broodscale Combo,Combo,Urthstrype,702030
2026-08-01,Modern,64,115,challenge_C64_2026-08-01_12849467_decklist,12849467,28,Mono-Green Eldrazi,Ramp,Baku_91,1559546
2026-08-01,Modern,64,115,challenge_C64_2026-08-01_12849467_decklist,12849467,29,Boros Energy,Aggro,Nostraa,3154426
2026-08-01,Modern,64,115,challenge_C64_2026-08-01_12849467_decklist,12849467,30,Boros Energy,Aggro,MayoDominaria,1112102
2026-08-01,Modern,64,115,challenge_C64_2026-08-01_12849467_decklist,12849467,31,Yawgmoth,Midrange,MacIsaac,3233450
2026-08-01,Modern,64,115,challenge_C64_2026-08-01_12849467_decklist,12849467,32,Esper Blink,Blink,TSPJendrek,1205798
2026-08-02,Modern,64,104,challenge_C64_2026-08-02_12849474_decklist,12849474,1,Boros Energy,Aggro,Lollopollo2001,2373595
2026-08-02,Modern,64,104,challenge_C64_2026-08-02_12849474_decklist,12849474,2,Dimir Midrange,Midrange,ipadkid,3560747
2026-08-02,Modern,64,104,challenge_C64_2026-08-02_12849474_decklist,12849474,3,Yawgmoth,Midrange,PETRICHOR21,2769869
2026-08-02,Modern,64,104,challenge_C64_2026-08-02_12849474_decklist,12849474,4,Boros Energy,Aggro,timotomat0,903565
2026-08-02,Modern,64,104,challenge_C64_2026-08-02_12849474_decklist,12849474,5,Eldrazi Ramp,Ramp,YungDingo,2928451
2026-08-02,Modern,64,104,challenge_C64_2026-08-02_12849474_decklist,12849474,6,Domain Zoo,Midrange,ShadowTitan1,2130633
2026-08-02,Modern,64,104,challenge_C64_2026-08-02_12849474_decklist,12849474,7,Dimir Murktide,Midrange,adebevoise,2224096
2026-08-02,Modern,64,104,challenge_C64_2026-08-02_12849474_decklist,12849474,8,Devoted Combo,Combo,scipios,2454058
2026-08-02,Modern,64,104,challenge_C64_2026-08-02_12849474_decklist,12849474,9,Amulet Titan,Combo,crazythursday,3116151
2026-08-02,Modern,64,104,challenge_C64_2026-08-02_12849474_decklist,12849474,10,Domain Zoo,Midrange,IsacConoli,2642604
2026-08-02,Modern,64,104,challenge_C64_2026-08-02_12849474_decklist,12849474,11,Mono-Green Eldrazi,Ramp,_Batutinha_,453404
2026-08-02,Modern,64,104,challenge_C64_2026-08-02_12849474_decklist,12849474,12,Goryo's Vengeance,Graveyard,jussupinator,880239
2026-08-02,Modern,64,104,challenge_C64_2026-08-02_12849474_decklist,12849474,13,Mono-Green Eldrazi,Ramp,gazmon48,1636994
2026-08-02,Modern,64,104,challenge_C64_2026-08-02_12849474_decklist,12849474,14,Azorius Control,Control,parasisnotcool,3135948
2026-08-02,Modern,64,104,challenge_C64_2026-08-02_12849474_decklist,12849474,15,Devoted Combo,Combo,ashame,2761370
2026-08-02,Modern,64,104,challenge_C64_2026-08-02_12849474_decklist,12849474,16,UW Control,Control,eclipse4343,2714224
2026-08-02,Modern,64,104,challenge_C64_2026-08-02_12849474_decklist,12849474,17,Affinity,Aggro,Zarathustra,597665
2026-08-02,Modern,64,104,challenge_C64_2026-08-02_12849474_decklist,12849474,18,Goryo's Vengeance,Graveyard,DskBayWolf,3220713
2026-08-02,Modern,64,104,challenge_C64_2026-08-02_12849474_decklist,12849474,19,Devoted Combo,Combo,bananadisaster,3442638
2026-08-02,Modern,64,104,challenge_C64_2026-08-02_12849474_decklist,12849474,20,URG,Midrange,Capriccioso,536053
2026-08-02,Modern,64,104,challenge_C64_2026-08-02_12849474_decklist,12849474,21,Ruby Storm,Combo,MuNCHy556,3302115
2026-08-02,Modern,64,104,challenge_C64_2026-08-02_12849474_decklist,12849474,22,Broodscale Combo,Combo,renatoaraujo,864036
2026-08-02,Modern,64,104,challenge_C64_2026-08-02_12849474_decklist,12849474,23,Goryo's Vengeance,Graveyard,billskillz,324532
2026-08-02,Modern,64,104,challenge_C64_2026-08-02_12849474_decklist,12849474,24,Goryo's Vengeance,Graveyard,Arcbound_Papi,2137107
2026-08-02,Modern,64,104,challenge_C64_2026-08-02_12849474_decklist,12849474,25,Rakdos HollowOne,Graveyard,kattsu,3405528
2026-08-02,Modern,64,104,challenge_C64_2026-08-02_12849474_decklist,12849474,26,Esper Energy,Aggro,ganache1127,2905437
2026-08-02,Modern,64,104,challenge_C64_2026-08-02_12849474_decklist,12849474,27,Dimir Midrange,Midrange,ETBJezus,3040474
2026-08-02,Modern,64,104,challenge_C64_2026-08-02_12849474_decklist,12849474,28,Living End,Graveyard,GrunnTLK,2723577
2026-08-02,Modern,64,104,challenge_C64_2026-08-02_12849474_decklist,12849474,29,Land Destruction,Control,Cesstyx,3093520
2026-08-02,Modern,64,104,challenge_C64_2026-08-02_12849474_decklist,12849474,30,Dimir Midrange,Midrange,Uagli1,2680052
2026-08-02,Modern,64,104,challenge_C64_2026-08-02_12849474_decklist,12849474,31,Ruby Storm,Combo,Ch4ppy,3203470
2026-08-02,Modern,64,104,challenge_C64_2026-08-02_12849474_decklist,12849474,32,Living End,Graveyard,Sorathrix,2705240
2026-08-02,Modern,64,93,challenge_C64_2026-08-02_12849478_decklist,12849478,1,Prowess,Aggro,Ghianda,2641070
2026-08-02,Modern,64,93,challenge_C64_2026-08-02_12849478_decklist,12849478,2,Boros Energy,Aggro,MayoDominaria,1112102
2026-08-02,Modern,64,93,challenge_C64_2026-08-02_12849478_decklist,12849478,3,Yawgmoth,Midrange,Retrisma,2700947
2026-08-02,Modern,64,93,challenge_C64_2026-08-02_12849478_decklist,12849478,4,Amulet Titan,Combo,Atticus1806,3139369
2026-08-02,Modern,64,93,challenge_C64_2026-08-02_12849478_decklist,12849478,5,Esper Blink,Blink,olbeda,2679433
2026-08-02,Modern,64,93,challenge_C64_2026-08-02_12849478_decklist,12849478,6,Boros Energy,Aggro,Sarlanga,643454
2026-08-02,Modern,64,93,challenge_C64_2026-08-02_12849478_decklist,12849478,7,Broodscale Combo,Combo,MyrRetriever,3006274
2026-08-02,Modern,64,93,challenge_C64_2026-08-02_12849478_decklist,12849478,8,Broodscale Combo,Combo,ls149950,1862893
2026-08-02,Modern,64,93,challenge_C64_2026-08-02_12849478_decklist,12849478,9,Domain Zoo,Midrange,Imaeda,1304755
2026-08-02,Modern,64,93,challenge_C64_2026-08-02_12849478_decklist,12849478,10,Ruby Storm,Combo,hugofreitas1,1997683
2026-08-02,Modern,64,93,challenge_C64_2026-08-02_12849478_decklist,12849478,11,Domain Zoo,Midrange,Haiwa,2668632
2026-08-02,Modern,64,93,challenge_C64_2026-08-02_12849478_decklist,12849478,12,Azorius Control,Control,bobthedog,5694
2026-08-02,Modern,64,93,challenge_C64_2026-08-02_12849478_decklist,12849478,13,Eldrazi Ramp,Ramp,crazythursday,3116151
2026-08-02,Modern,64,93,challenge_C64_2026-08-02_12849478_decklist,12849478,14,Esper Reanimator,Graveyard,klien7,2564773
2026-08-02,Modern,64,93,challenge_C64_2026-08-02_12849478_decklist,12849478,15,Broodscale Combo,Combo,RCMerriam,1041920
2026-08-02,Modern,64,93,challenge_C64_2026-08-02_12849478_decklist,12849478,16,Boros Energy,Aggro,Lollopollo2001,2373595
2026-08-02,Modern,64,93,challenge_C64_2026-08-02_12849478_decklist,12849478,17,Goryo's Vengeance,Graveyard,Galaxios,1950520
2026-08-02,Modern,64,93,challenge_C64_2026-08-02_12849478_decklist,12849478,18,Land Destruction,Control,Diomed_Tidid,3415205
2026-08-02,Modern,64,93,challenge_C64_2026-08-02_12849478_decklist,12849478,19,Neobrand,Combo,rerere,2298957
2026-08-02,Modern,64,93,challenge_C64_2026-08-02_12849478_decklist,12849478,20,Tron,Ramp,Blade400,50498
2026-08-02,Modern,64,93,challenge_C64_2026-08-02_12849478_decklist,12849478,21,Grixis Reanimator,Graveyard,_Mago_,3048203
2026-08-02,Modern,64,93,challenge_C64_2026-08-02_12849478_decklist,12849478,22,Esper Blink,Blink,Dioferreira,1950164
2026-08-02,Modern,64,93,challenge_C64_2026-08-02_12849478_decklist,12849478,23,Amulet Titan,Combo,Rockmusiclover45,2903737
2026-08-02,Modern,64,93,challenge_C64_2026-08-02_12849478_decklist,12849478,24,Devoted Combo,Combo,John1111,2676588
2026-08-02,Modern,64,93,challenge_C64_2026-08-02_12849478_decklist,12849478,25,Devoted Combo,Combo,MLGSKELETONS,1213308
2026-08-02,Modern,64,93,challenge_C64_2026-08-02_12849478_decklist,12849478,26,Ruby Storm,Combo,Gobeli,476651
2026-08-02,Modern,64,93,challenge_C64_2026-08-02_12849478_decklist,12849478,27,Boros Energy,Aggro,Rashek,2702005
2026-08-02,Modern,64,93,challenge_C64_2026-08-02_12849478_decklist,12849478,28,Ruby Storm,Combo,haoqinglangou,2390663
2026-08-02,Modern,64,93,challenge_C64_2026-08-02_12849478_decklist,12849478,29,Devoted Combo,Combo,bananadisaster,3442638
2026-08-02,Modern,64,93,challenge_C64_2026-08-02_12849478_decklist,12849478,30,Amulet Titan,Combo,Xenowan,2614008
2026-08-02,Modern,64,93,challenge_C64_2026-08-02_12849478_decklist,12849478,31,Domain Zoo,Midrange,wallofspikes,774962
2026-08-02,Modern,64,93,challenge_C64_2026-08-02_12849478_decklist,12849478,32,Broodscale Combo,Combo,Chichichi,2788809
2026-08-03,Modern,64,85,challenge_C64_2026-08-03_12849488_decklist,12849488,1,Affinity,Aggro,MystikHawk,2626857
2026-08-03,Modern,64,85,challenge_C64_2026-08-03_12849488_decklist,12849488,2,Goryo's Vengeance,Graveyard,LegacyGrinder,2604603
2026-08-03,Modern,64,85,challenge_C64_2026-08-03_12849488_decklist,12849488,3,Affinity,Aggro,Skeptic2304,2665316
2026-08-03,Modern,64,85,challenge_C64_2026-08-03_12849488_decklist,12849488,4,Living End,Graveyard,niuwaid001,2372533
2026-08-03,Modern,64,85,challenge_C64_2026-08-03_12849488_decklist,12849488,5,Affinity,Aggro,Tree42o,875470
2026-08-03,Modern,64,85,challenge_C64_2026-08-03_12849488_decklist,12849488,6,Goryo's Vengeance,Graveyard,KingHairy,2185747
2026-08-03,Modern,64,85,challenge_C64_2026-08-03_12849488_decklist,12849488,7,Prowess,Aggro,Slasher21,2522150
2026-08-03,Modern,64,85,challenge_C64_2026-08-03_12849488_decklist,12849488,8,Eldrazi Tron,Ramp,Odin2015,3306092
2026-08-03,Modern,64,85,challenge_C64_2026-08-03_12849488_decklist,12849488,9,Bant Control,Control,auzzie51,1111936
2026-08-03,Modern,64,85,challenge_C64_2026-08-03_12849488_decklist,12849488,10,Grixis Reanimator,Graveyard,KurumimBagoRosa,3472098
2026-08-03,Modern,64,85,challenge_C64_2026-08-03_12849488_decklist,12849488,11,Eldrazi Ramp,Ramp,YungDingo,2928451
2026-08-03,Modern,64,85,challenge_C64_2026-08-03_12849488_decklist,12849488,12,Dimir Midrange,Midrange,nick4567,2757041
2026-08-03,Modern,64,85,challenge_C64_2026-08-03_12849488_decklist,12849488,13,Dimir Midrange,Midrange,ipadkid,3560747
2026-08-03,Modern,64,85,challenge_C64_2026-08-03_12849488_decklist,12849488,14,Simic Midrange,Midrange,dayodemayo,2863625
2026-08-03,Modern,64,85,challenge_C64_2026-08-03_12849488_decklist,12849488,15,Esper Blink,Blink,zbogames,3109223
2026-08-03,Modern,64,85,challenge_C64_2026-08-03_12849488_decklist,12849488,16,Belcher,Combo,JustAnotherGuy83,2691811
2026-08-03,Modern,64,85,challenge_C64_2026-08-03_12849488_decklist,12849488,17,Dimir Midrange,Midrange,fanahova,2962399
2026-08-03,Modern,64,85,challenge_C64_2026-08-03_12849488_decklist,12849488,18,Living End,Graveyard,Sorathrix,2705240
2026-08-03,Modern,64,85,challenge_C64_2026-08-03_12849488_decklist,12849488,19,Living End,Graveyard,bathutubgod,3353750
2026-08-03,Modern,64,85,challenge_C64_2026-08-03_12849488_decklist,12849488,20,Prowess,Aggro,bcs8995,1824707
2026-08-03,Modern,64,85,challenge_C64_2026-08-03_12849488_decklist,12849488,21,Domain Zoo,Midrange,ShadowTitan1,2130633
2026-08-03,Modern,64,85,challenge_C64_2026-08-03_12849488_decklist,12849488,22,Jeskai Energy,Aggro,xl_snapcaster,2232658
2026-08-03,Modern,64,85,challenge_C64_2026-08-03_12849488_decklist,12849488,23,Goryo's Vengeance,Graveyard,Kollslaw,3311758
2026-08-03,Modern,64,85,challenge_C64_2026-08-03_12849488_decklist,12849488,24,Broodscale Combo,Combo,Chichichi,2788809
2026-08-03,Modern,64,85,challenge_C64_2026-08-03_12849488_decklist,12849488,25,Neobrand,Combo,jakobpablo,2856109
2026-08-03,Modern,64,85,challenge_C64_2026-08-03_12849488_decklist,12849488,26,Rakdos Burn,Aggro,DemianDesposito10,2747375
2026-08-03,Modern,64,85,challenge_C64_2026-08-03_12849488_decklist,12849488,27,Boros Burn,Aggro,Kuhmero,1076951
2026-08-03,Modern,64,85,challenge_C64_2026-08-03_12849488_decklist,12849488,28,Prowess,Aggro,Xsper,3056706
2026-08-03,Modern,64,85,challenge_C64_2026-08-03_12849488_decklist,12849488,29,Devoted Combo,Combo,ashame,2761370
2026-08-03,Modern,64,85,challenge_C64_2026-08-03_12849488_decklist,12849488,30,4c Omnath,Midrange,internetsurfer09,803177
2026-08-03,Modern,64,85,challenge_C64_2026-08-03_12849488_decklist,12849488,31,Mono-Green Eldrazi,Ramp,justFeather,2446403
2026-08-03,Modern,64,85,challenge_C64_2026-08-03_12849488_decklist,12849488,32,Goryo's Vengeance,Graveyard,kcomedina,617093
2026-08-03,Modern,96,132,challenge_C96_2026-08-03_12849492_decklist,12849492,1,Goryo's Vengeance,Graveyard,DskBayWolf,3220713
2026-08-03,Modern,96,132,challenge_C96_2026-08-03_12849492_decklist,12849492,2,Goryo's Vengeance,Graveyard,oosunq,1155358
2026-08-03,Modern,96,132,challenge_C96_2026-08-03_12849492_decklist,12849492,3,Esper Blink,Blink,sokos13,486439
2026-08-03,Modern,96,132,challenge_C96_2026-08-03_12849492_decklist,12849492,4,Amulet Titan,Combo,reidq7,3155916
2026-08-03,Modern,96,132,challenge_C96_2026-08-03_12849492_decklist,12849492,5,Boros Energy,Aggro,MayoDominaria,1112102
2026-08-03,Modern,96,132,challenge_C96_2026-08-03_12849492_decklist,12849492,6,Grixis Reanimator,Graveyard,Alico,2640770
2026-08-03,Modern,96,132,challenge_C96_2026-08-03_12849492_decklist,12849492,7,Dimir Midrange,Midrange,ipadkid,3560747
2026-08-03,Modern,96,132,challenge_C96_2026-08-03_12849492_decklist,12849492,8,WBRG,Control,Gerschi,1084298
2026-08-03,Modern,96,132,challenge_C96_2026-08-03_12849492_decklist,12849492,9,Eldrazi Ramp,Ramp,Lightspirit,3222070
2026-08-03,Modern,96,132,challenge_C96_2026-08-03_12849492_decklist,12849492,10,Devoted Combo,Combo,Laplasjan,1706283
2026-08-03,Modern,96,132,challenge_C96_2026-08-03_12849492_decklist,12849492,11,Grixis Reanimator,Graveyard,JPA93,1181017
2026-08-03,Modern,96,132,challenge_C96_2026-08-03_12849492_decklist,12849492,12,Broodscale Combo,Combo,Pallocchia314,3489335
2026-08-03,Modern,96,132,challenge_C96_2026-08-03_12849492_decklist,12849492,13,Boros Energy,Aggro,SpikeCHEN,3003086
2026-08-03,Modern,96,132,challenge_C96_2026-08-03_12849492_decklist,12849492,14,Esper Blink,Blink,Omegauo,30930
2026-08-03,Modern,96,132,challenge_C96_2026-08-03_12849492_decklist,12849492,15,Mono-Green Eldrazi,Ramp,justFeather,2446403
2026-08-03,Modern,96,132,challenge_C96_2026-08-03_12849492_decklist,12849492,16,Jeskai Control,Control,JakeTMS,2931233
2026-08-03,Modern,96,132,challenge_C96_2026-08-03_12849492_decklist,12849492,17,Jeskai Energy,Aggro,xl_snapcaster,2232658
2026-08-03,Modern,96,132,challenge_C96_2026-08-03_12849492_decklist,12849492,18,UW Control,Control,gooplay1,943285
2026-08-03,Modern,96,132,challenge_C96_2026-08-03_12849492_decklist,12849492,19,Mono-Green Eldrazi,Ramp,Nunoboo,2702587
2026-08-03,Modern,96,132,challenge_C96_2026-08-03_12849492_decklist,12849492,20,Boros Energy,Aggro,Deucebuckbuck,2796618
2026-08-03,Modern,96,132,challenge_C96_2026-08-03_12849492_decklist,12849492,21,Prowess,Aggro,therock988,494270
2026-08-03,Modern,96,132,challenge_C96_2026-08-03_12849492_decklist,12849492,22,Ruby Storm,Combo,hugofreitas1,1997683
2026-08-03,Modern,96,132,challenge_C96_2026-08-03_12849492_decklist,12849492,23,Boros Energy,Aggro,Mikebrav,726347
2026-08-03,Modern,96,132,challenge_C96_2026-08-03_12849492_decklist,12849492,24,WUBG,Control,Mtyrant,3023075
2026-08-03,Modern,96,132,challenge_C96_2026-08-03_12849492_decklist,12849492,25,Esper Reanimator,Graveyard,Ticky13,2520941
2026-08-03,Modern,96,132,challenge_C96_2026-08-03_12849492_decklist,12849492,26,Goryo's Vengeance,Graveyard,Rvng,649380
2026-08-03,Modern,96,132,challenge_C96_2026-08-03_12849492_decklist,12849492,27,Goryo's Vengeance,Graveyard,Zuin,3517246
2026-08-03,Modern,96,132,challenge_C96_2026-08-03_12849492_decklist,12849492,28,Goryo's Vengeance,Graveyard,Fransadness,3143623
2026-08-03,Modern,96,132,challenge_C96_2026-08-03_12849492_decklist,12849492,29,Boros Energy,Aggro,Aced5,10594
2026-08-03,Modern,96,132,challenge_C96_2026-08-03_12849492_decklist,12849492,30,Boros Energy,Aggro,Efgan3,2188922
2026-08-03,Modern,96,132,challenge_C96_2026-08-03_12849492_decklist,12849492,31,Goryo's Vengeance,Graveyard,Capitano_CL,535716
2026-08-03,Modern,96,132,challenge_C96_2026-08-03_12849492_decklist,12849492,32,Song of Creation,Combo,mommydom_manifesto,3227644
2026-08-04,Modern,64,96,challenge_C64_2026-08-04_12849507_decklist,12849507,1,Boros Energy,Aggro,Rashek,2702005
2026-08-04,Modern,64,96,challenge_C64_2026-08-04_12849507_decklist,12849507,2,Grixis Reanimator,Graveyard,Alico,2640770
2026-08-04,Modern,64,96,challenge_C64_2026-08-04_12849507_decklist,12849507,3,Esper Blink,Blink,Omegauo,30930
2026-08-04,Modern,64,96,challenge_C64_2026-08-04_12849507_decklist,12849507,4,Devoted Combo,Combo,Dydyk95,2940494
2026-08-04,Modern,64,96,challenge_C64_2026-08-04_12849507_decklist,12849507,5,Dimir Midrange,Midrange,oinkmage22,2858193
2026-08-04,Modern,64,96,challenge_C64_2026-08-04_12849507_decklist,12849507,6,Dimir Midrange,Midrange,VizosMTG,3474034
2026-08-04,Modern,64,96,challenge_C64_2026-08-04_12849507_decklist,12849507,7,Dimir Murktide,Midrange,minimiz,2495727
2026-08-04,Modern,64,96,challenge_C64_2026-08-04_12849507_decklist,12849507,8,Mardu Energy,Aggro,NathanOfTheGiltLeaf,2968680
2026-08-04,Modern,64,96,challenge_C64_2026-08-04_12849507_decklist,12849507,9,Esper Blink,Blink,Mtrama,3010088
2026-08-04,Modern,64,96,challenge_C64_2026-08-04_12849507_decklist,12849507,10,Eldrazi Tron,Ramp,Odin2015,3306092
2026-08-04,Modern,64,96,challenge_C64_2026-08-04_12849507_decklist,12849507,11,Neobrand,Combo,Azja,2751360
2026-08-04,Modern,64,96,challenge_C64_2026-08-04_12849507_decklist,12849507,12,Prowess,Aggro,Willthepill,999039
2026-08-04,Modern,64,96,challenge_C64_2026-08-04_12849507_decklist,12849507,13,Mono-Green Eldrazi,Ramp,cormano,2962867
2026-08-04,Modern,64,96,challenge_C64_2026-08-04_12849507_decklist,12849507,14,Living End,Graveyard,MeninooNey,3263693
2026-08-04,Modern,64,96,challenge_C64_2026-08-04_12849507_decklist,12849507,15,Dimir Midrange,Midrange,OafMcNamara,1018764
2026-08-04,Modern,64,96,challenge_C64_2026-08-04_12849507_decklist,12849507,16,BRG,Midrange,derlumberzack,1126781
2026-08-04,Modern,64,96,challenge_C64_2026-08-04_12849507_decklist,12849507,17,Broodscale Combo,Combo,Abbygale,3069236
2026-08-04,Modern,64,96,challenge_C64_2026-08-04_12849507_decklist,12849507,18,Goryo's Vengeance,Graveyard,Off1ine__,2856617
2026-08-04,Modern,64,96,challenge_C64_2026-08-04_12849507_decklist,12849507,19,Affinity,Aggro,LucasG1ggs,750888
2026-08-04,Modern,64,96,challenge_C64_2026-08-04_12849507_decklist,12849507,20,Mono-Green Eldrazi,Ramp,DerpityDerpz,2974756
2026-08-04,Modern,64,96,challenge_C64_2026-08-04_12849507_decklist,12849507,21,Boros Energy,Aggro,Archer365,2766856
2026-08-04,Modern,64,96,challenge_C64_2026-08-04_12849507_decklist,12849507,22,Eldrazi Tron,Ramp,Porks,2796105
2026-08-04,Modern,64,96,challenge_C64_2026-08-04_12849507_decklist,12849507,23,WUBRG,Control,albertosd87,3565947
2026-08-04,Modern,64,96,challenge_C64_2026-08-04_12849507_decklist,12849507,24,Goryo's Vengeance,Graveyard,cntrlfreak_ttv,2984703
2026-08-04,Modern,64,96,challenge_C64_2026-08-04_12849507_decklist,12849507,25,Prowess,Aggro,nahuel10,1942357
2026-08-04,Modern,64,96,challenge_C64_2026-08-04_12849507_decklist,12849507,26,Goryo's Vengeance,Graveyard,DayBreakMe,3143667
2026-08-04,Modern,64,96,challenge_C64_2026-08-04_12849507_decklist,12849507,27,Prowess,Aggro,Xsper,3056706
2026-08-04,Modern,64,96,challenge_C64_2026-08-04_12849507_decklist,12849507,28,Prowess,Aggro,jvidarte,2651868
2026-08-04,Modern,64,96,challenge_C64_2026-08-04_12849507_decklist,12849507,29,Bant Blink,Blink,Tinker_deck,2981803
2026-08-04,Modern,64,96,challenge_C64_2026-08-04_12849507_decklist,12849507,30,Neobrand,Combo,i_b_TRUE,750628
2026-08-04,Modern,64,96,challenge_C64_2026-08-04_12849507_decklist,12849507,31,Affinity,Aggro,ChinaNO2,2881508
2026-08-04,Modern,64,96,challenge_C64_2026-08-04_12849507_decklist,12849507,32,Living End,Graveyard,SFDK,3509735
2026-08-05,Modern,32,69,challenge_C32_2026-08-05_12849509_decklist,12849509,1,Broodscale Combo,Combo,PhyrexianSwarm,3553954
2026-08-05,Modern,32,69,challenge_C32_2026-08-05_12849509_decklist,12849509,2,Devoted Combo,Combo,selesneal,1618758
2026-08-05,Modern,32,69,challenge_C32_2026-08-05_12849509_decklist,12849509,3,Eldrazi Tron,Ramp,KurumimBagoRosa,3472098
2026-08-05,Modern,32,69,challenge_C32_2026-08-05_12849509_decklist,12849509,4,Mono-Green Eldrazi,Ramp,ResponsiblyStupid,3050181
2026-08-05,Modern,32,69,challenge_C32_2026-08-05_12849509_decklist,12849509,5,Prowess,Aggro,jvidarte,2651868
2026-08-05,Modern,32,69,challenge_C32_2026-08-05_12849509_decklist,12849509,6,Dimir Midrange,Midrange,ipadkid,3560747
2026-08-05,Modern,32,69,challenge_C32_2026-08-05_12849509_decklist,12849509,7,Domain Zoo,Midrange,ShadowTitan1,2130633
2026-08-05,Modern,32,69,challenge_C32_2026-08-05_12849509_decklist,12849509,8,Prowess,Aggro,nahuel10,1942357
2026-08-05,Modern,32,69,challenge_C32_2026-08-05_12849509_decklist,12849509,9,Esper Blink,Blink,olbeda,2679433
2026-08-05,Modern,32,69,challenge_C32_2026-08-05_12849509_decklist,12849509,10,Prowess,Aggro,EthanBird,2658587
2026-08-05,Modern,32,69,challenge_C32_2026-08-05_12849509_decklist,12849509,11,Broodscale Combo,Combo,IronBeagle,2972314
2026-08-05,Modern,32,69,challenge_C32_2026-08-05_12849509_decklist,12849509,12,Affinity,Aggro,Slasher21,2522150
2026-08-05,Modern,32,69,challenge_C32_2026-08-05_12849509_decklist,12849509,13,Belcher,Combo,quinniac,2261440
2026-08-05,Modern,32,69,challenge_C32_2026-08-05_12849509_decklist,12849509,14,Living End,Graveyard,MeninooNey,3263693
2026-08-05,Modern,32,69,challenge_C32_2026-08-05_12849509_decklist,12849509,15,Broodscale Combo,Combo,Chichichi,2788809
2026-08-05,Modern,32,69,challenge_C32_2026-08-05_12849509_decklist,12849509,16,Esper Blink,Blink,yriel,2537131
2026-08-05,Modern,32,69,challenge_C32_2026-08-05_12849509_decklist,12849509,17,Broodscale Combo,Combo,manohito,2908947
2026-08-05,Modern,32,69,challenge_C32_2026-08-05_12849509_decklist,12849509,18,Broodscale Combo,Combo,Joey_Wheeler,1811013
2026-08-05,Modern,32,69,challenge_C32_2026-08-05_12849509_decklist,12849509,19,Dimir Midrange,Midrange,nick4567,2757041
2026-08-05,Modern,32,69,challenge_C32_2026-08-05_12849509_decklist,12849509,20,Boros Energy,Aggro,Venom01,3535587
2026-08-05,Modern,32,69,challenge_C32_2026-08-05_12849509_decklist,12849509,21,Domain Zoo,Midrange,Kuhmero,1076951
2026-08-05,Modern,32,69,challenge_C32_2026-08-05_12849509_decklist,12849509,22,Goryo's Vengeance,Graveyard,Kollslaw,3311758
2026-08-05,Modern,32,69,challenge_C32_2026-08-05_12849509_decklist,12849509,23,Goryo's Vengeance,Graveyard,AldenCates,2873887
2026-08-05,Modern,32,69,challenge_C32_2026-08-05_12849509_decklist,12849509,24,Broodscale Combo,Combo,AvianScrolls,2972771
2026-08-05,Modern,32,69,challenge_C32_2026-08-05_12849509_decklist,12849509,25,UW Control,Control,eclipse4343,2714224
2026-08-05,Modern,32,69,challenge_C32_2026-08-05_12849509_decklist,12849509,26,Sultai Ritual,Midrange,Lexus_Rx,2397708
2026-08-05,Modern,32,69,challenge_C32_2026-08-05_12849509_decklist,12849509,27,Affinity,Aggro,LucasG1ggs,750888
2026-08-05,Modern,32,69,challenge_C32_2026-08-05_12849509_decklist,12849509,28,4c HollowOne,Graveyard,PJKP,3400071
2026-08-05,Modern,32,69,challenge_C32_2026-08-05_12849509_decklist,12849509,29,Yawgmoth,Midrange,Sam_Lewin,2092528
2026-08-05,Modern,32,69,challenge_C32_2026-08-05_12849509_decklist,12849509,30,Esper Blink,Blink,DayBreakMe,3143667
2026-08-05,Modern,32,69,challenge_C32_2026-08-05_12849509_decklist,12849509,31,Devoted Combo,Combo,littesir095,3034834
2026-08-05,Modern,32,69,challenge_C32_2026-08-05_12849509_decklist,12849509,32,Ruby Storm,Combo,hugofreitas1,1997683
2026-08-05,Modern,32,50,challenge_C32_2026-08-05_12850696_decklist,12850696,1,Prowess,Aggro,BowBloBiw,2768190
2026-08-05,Modern,32,50,challenge_C32_2026-08-05_12850696_decklist,12850696,2,Belcher,Combo,JustAnotherGuy83,2691811
2026-08-05,Modern,32,50,challenge_C32_2026-08-05_12850696_decklist,12850696,3,Eldrazi Tron,Ramp,FynnOfBlood,2799885
2026-08-05,Modern,32,50,challenge_C32_2026-08-05_12850696_decklist,12850696,4,Azorius Blink,Blink,lilcreacher,3447454
2026-08-05,Modern,32,50,challenge_C32_2026-08-05_12850696_decklist,12850696,5,Boros Energy,Aggro,Rashek,2702005
2026-08-05,Modern,32,50,challenge_C32_2026-08-05_12850696_decklist,12850696,6,Eldrazi Ramp,Ramp,YungDingo,2928451
2026-08-05,Modern,32,50,challenge_C32_2026-08-05_12850696_decklist,12850696,7,Belcher,Combo,GregorV,3333240
2026-08-05,Modern,32,50,challenge_C32_2026-08-05_12850696_decklist,12850696,8,Domain Zoo,Midrange,ShadowTitan1,2130633
2026-08-05,Modern,32,50,challenge_C32_2026-08-05_12850696_decklist,12850696,9,Devoted Combo,Combo,NathanOfTheGiltLeaf,2968680
2026-08-05,Modern,32,50,challenge_C32_2026-08-05_12850696_decklist,12850696,10,Devoted Combo,Combo,Cachorrowo,2720911
2026-08-05,Modern,32,50,challenge_C32_2026-08-05_12850696_decklist,12850696,11,Goryo's Vengeance,Graveyard,Acecalna,2919528
2026-08-05,Modern,32,50,challenge_C32_2026-08-05_12850696_decklist,12850696,12,Dimir Midrange,Midrange,Moe12,3037817
2026-08-05,Modern,32,50,challenge_C32_2026-08-05_12850696_decklist,12850696,13,UW Loki,Control,J4K3ST3R02,1353469
2026-08-05,Modern,32,50,challenge_C32_2026-08-05_12850696_decklist,12850696,14,Broodscale Combo,Combo,Chichichi,2788809
2026-08-05,Modern,32,50,challenge_C32_2026-08-05_12850696_decklist,12850696,15,Esper Blink,Blink,Scooby_Snacks,3285170
2026-08-05,Modern,32,50,challenge_C32_2026-08-05_12850696_decklist,12850696,16,Living End,Graveyard,MeninooNey,3263693
2026-08-05,Modern,32,50,challenge_C32_2026-08-05_12850696_decklist,12850696,17,Eldrazi Tron,Ramp,DelverFofoqueiro,3095953
2026-08-05,Modern,32,50,challenge_C32_2026-08-05_12850696_decklist,12850696,18,Devoted Combo,Combo,Scorpion100,2872570
2026-08-05,Modern,32,50,challenge_C32_2026-08-05_12850696_decklist,12850696,19,Ruby Storm,Combo,Sc0rp,2939470
2026-08-05,Modern,32,50,challenge_C32_2026-08-05_12850696_decklist,12850696,20,Prowess,Aggro,Emil123,3105713
2026-08-05,Modern,32,50,challenge_C32_2026-08-05_12850696_decklist,12850696,21,Orzhov Blink,Blink,molimomaro,2270958
2026-08-05,Modern,32,50,challenge_C32_2026-08-05_12850696_decklist,12850696,22,Dimir Midrange,Midrange,ipadkid,3560747
2026-08-05,Modern,32,50,challenge_C32_2026-08-05_12850696_decklist,12850696,23,Azorius Control,Control,levunga21,494936
2026-08-05,Modern,32,50,challenge_C32_2026-08-05_12850696_decklist,12850696,24,Devoted Combo,Combo,ashame,2761370
2026-08-05,Modern,32,50,challenge_C32_2026-08-05_12850696_decklist,12850696,25,Devoted Combo,Combo,filpin,3141690
2026-08-05,Modern,32,50,challenge_C32_2026-08-05_12850696_decklist,12850696,26,Esper Blink,Blink,acelerado440,3358375
2026-08-05,Modern,32,50,challenge_C32_2026-08-05_12850696_decklist,12850696,27,Prowess,Aggro,nahuel10,1942357
2026-08-05,Modern,32,50,challenge_C32_2026-08-05_12850696_decklist,12850696,28,Rakdos Burn,Aggro,DemianDesposito10,2747375
2026-08-05,Modern,32,50,challenge_C32_2026-08-05_12850696_decklist,12850696,29,Land Destruction,Control,stefansson30952,3405508
2026-08-05,Modern,32,50,challenge_C32_2026-08-05_12850696_decklist,12850696,30,Living End,Graveyard,Sorathrix,2705240
2026-08-05,Modern,32,50,challenge_C32_2026-08-05_12850696_decklist,12850696,31,Amulet Titan,Combo,reidq7,3155916
2026-08-05,Modern,32,50,challenge_C32_2026-08-05_12850696_decklist,12850696,32,Broodscale Combo,Combo,NJ5030,3042804
2026-08-06,Modern,32,47,challenge_C32_2026-08-06_12850868_decklist,12850868,1,Broodscale Combo,Combo,TomBombadi1,2607787
2026-08-06,Modern,32,47,challenge_C32_2026-08-06_12850868_decklist,12850868,2,Esper Blink,Blink,yriel,2537131
2026-08-06,Modern,32,47,challenge_C32_2026-08-06_12850868_decklist,12850868,3,BRG,Midrange,MatheusPonciano,1956220
2026-08-06,Modern,32,47,challenge_C32_2026-08-06_12850868_decklist,12850868,4,Azorius Control,Control,levunga21,494936
2026-08-06,Modern,32,47,challenge_C32_2026-08-06_12850868_decklist,12850868,5,Eldrazi Tron,Ramp,Odin2015,3306092
2026-08-06,Modern,32,47,challenge_C32_2026-08-06_12850868_decklist,12850868,6,Devoted Combo,Combo,selesneal,1618758
2026-08-06,Modern,32,47,challenge_C32_2026-08-06_12850868_decklist,12850868,7,Belcher,Combo,Savior0117,2464763
2026-08-06,Modern,32,47,challenge_C32_2026-08-06_12850868_decklist,12850868,8,Neobrand,Combo,zhangkh,3281368
2026-08-06,Modern,32,47,challenge_C32_2026-08-06_12850868_decklist,12850868,9,Esper Blink,Blink,Aldreen,1074736
2026-08-06,Modern,32,47,challenge_C32_2026-08-06_12850868_decklist,12850868,10,Prowess,Aggro,JPA93,1181017
2026-08-06,Modern,32,47,challenge_C32_2026-08-06_12850868_decklist,12850868,11,Broodscale Combo,Combo,Chichichi,2788809
2026-08-06,Modern,32,47,challenge_C32_2026-08-06_12850868_decklist,12850868,12,Devoted Combo,Combo,ashame,2761370
2026-08-06,Modern,32,47,challenge_C32_2026-08-06_12850868_decklist,12850868,13,Dimir Midrange,Midrange,ipadkid,3560747
2026-08-06,Modern,32,47,challenge_C32_2026-08-06_12850868_decklist,12850868,14,Ruby Storm,Combo,hugofreitas1,1997683
2026-08-06,Modern,32,47,challenge_C32_2026-08-06_12850868_decklist,12850868,15,Living End,Graveyard,AzureMoon,3158693
2026-08-06,Modern,32,47,challenge_C32_2026-08-06_12850868_decklist,12850868,16,Living End,Graveyard,MeninooNey,3263693
2026-08-06,Modern,32,47,challenge_C32_2026-08-06_12850868_decklist,12850868,17,Prowess,Aggro,therock988,494270
2026-08-06,Modern,32,47,challenge_C32_2026-08-06_12850868_decklist,12850868,18,Grixis Murktide,Midrange,TrueHero,2569009
2026-08-06,Modern,32,47,challenge_C32_2026-08-06_12850868_decklist,12850868,19,Affinity,Aggro,Elioda,3437633
2026-08-06,Modern,32,47,challenge_C32_2026-08-06_12850868_decklist,12850868,20,Prowess,Aggro,nahuel10,1942357
2026-08-06,Modern,32,47,challenge_C32_2026-08-06_12850868_decklist,12850868,21,Devoted Combo,Combo,Cachorrowo,2720911
2026-08-06,Modern,32,47,challenge_C32_2026-08-06_12850868_decklist,12850868,22,Mono-Black Midrange,Midrange,Selfeisek,2042214
2026-08-06,Modern,32,47,challenge_C32_2026-08-06_12850868_decklist,12850868,23,Affinity,Aggro,LucasG1ggs,750888
2026-08-06,Modern,32,47,challenge_C32_2026-08-06_12850868_decklist,12850868,24,Mono-Green Eldrazi,Ramp,YoungElf,3293517
2026-08-06,Modern,32,47,challenge_C32_2026-08-06_12850868_decklist,12850868,25,Land Destruction,Control,FutureExPro,3216332
2026-08-06,Modern,32,47,challenge_C32_2026-08-06_12850868_decklist,12850868,26,Goryo's Vengeance,Graveyard,frekinsmart,2873371
2026-08-06,Modern,32,47,challenge_C32_2026-08-06_12850868_decklist,12850868,27,Dimir Midrange,Midrange,OafMcNamara,1018764
2026-08-06,Modern,32,47,challenge_C32_2026-08-06_12850868_decklist,12850868,28,Goryo's Vengeance,Graveyard,Gerardo94,2077747
2026-08-06,Modern,32,47,challenge_C32_2026-08-06_12850868_decklist,12850868,29,Devoted Combo,Combo,filpin,3141690
2026-08-06,Modern,32,47,challenge_C32_2026-08-06_12850868_decklist,12850868,30,Prowess,Aggro,zaren43000,3341207
2026-08-06,Modern,32,47,challenge_C32_2026-08-06_12850868_decklist,12850868,31,Prowess,Aggro,BowBloBiw,2768190
2026-08-06,Modern,32,47,challenge_C32_2026-08-06_12850868_decklist,12850868,32,Broodscale Combo,Combo,optivial,3140486
2026-08-07,Modern,64,105,challenge_C64_2026-08-07_12850813_decklist,12850813,1,UW Control,Control,eclipse4343,2714224
2026-08-07,Modern,64,105,challenge_C64_2026-08-07_12850813_decklist,12850813,2,Esper Blink,Blink,_Batutinha_,453404
2026-08-07,Modern,64,105,challenge_C64_2026-08-07_12850813_decklist,12850813,3,Grixis Reanimator,Graveyard,klien7,2564773
2026-08-07,Modern,64,105,challenge_C64_2026-08-07_12850813_decklist,12850813,4,WUBRG,Control,Mtyrant,3023075
2026-08-07,Modern,64,105,challenge_C64_2026-08-07_12850813_decklist,12850813,5,Devoted Combo,Combo,scipios,2454058
2026-08-07,Modern,64,105,challenge_C64_2026-08-07_12850813_decklist,12850813,6,Devoted Combo,Combo,Laplasjan,1706283
2026-08-07,Modern,64,105,challenge_C64_2026-08-07_12850813_decklist,12850813,7,Dimir Midrange,Midrange,JuanmaAT,2695862
2026-08-07,Modern,64,105,challenge_C64_2026-08-07_12850813_decklist,12850813,8,Boros Energy,Aggro,Sarlanga,643454
2026-08-07,Modern,64,105,challenge_C64_2026-08-07_12850813_decklist,12850813,9,Land Destruction,Control,FutureExPro,3216332
2026-08-07,Modern,64,105,challenge_C64_2026-08-07_12850813_decklist,12850813,10,Goryo's Vengeance,Graveyard,PTarts2win,1588717
2026-08-07,Modern,64,105,challenge_C64_2026-08-07_12850813_decklist,12850813,11,Domain Zoo,Midrange,ShadowTitan1,2130633
2026-08-07,Modern,64,105,challenge_C64_2026-08-07_12850813_decklist,12850813,12,Eldrazi Tron,Ramp,Violet_Starmine,2296406
2026-08-07,Modern,64,105,challenge_C64_2026-08-07_12850813_decklist,12850813,13,Broodscale Combo,Combo,jpopster,2734896
2026-08-07,Modern,64,105,challenge_C64_2026-08-07_12850813_decklist,12850813,14,Devoted Combo,Combo,NathanOfTheGiltLeaf,2968680
2026-08-07,Modern,64,105,challenge_C64_2026-08-07_12850813_decklist,12850813,15,Ruby Storm,Combo,hugofreitas1,1997683
2026-08-07,Modern,64,105,challenge_C64_2026-08-07_12850813_decklist,12850813,16,Eldrazi Ramp,Ramp,Lightspirit,3222070
2026-08-07,Modern,64,105,challenge_C64_2026-08-07_12850813_decklist,12850813,17,Esper Blink,Blink,yriel,2537131
2026-08-07,Modern,64,105,challenge_C64_2026-08-07_12850813_decklist,12850813,18,Esper Blink,Blink,Salty_Orange,2273541
2026-08-07,Modern,64,105,challenge_C64_2026-08-07_12850813_decklist,12850813,19,Jeskai Energy,Aggro,xl_snapcaster,2232658
2026-08-07,Modern,64,105,challenge_C64_2026-08-07_12850813_decklist,12850813,20,Living End,Graveyard,MeninooNey,3263693
2026-08-07,Modern,64,105,challenge_C64_2026-08-07_12850813_decklist,12850813,21,Broodscale Combo,Combo,MyrRetriever,3006274
2026-08-07,Modern,64,105,challenge_C64_2026-08-07_12850813_decklist,12850813,22,Mono-Green Eldrazi,Ramp,Chadderk,3181438
2026-08-07,Modern,64,105,challenge_C64_2026-08-07_12850813_decklist,12850813,23,Song of Creation,Combo,mommydom_manifesto,3227644
2026-08-07,Modern,64,105,challenge_C64_2026-08-07_12850813_decklist,12850813,24,Amulet Titan,Combo,Xenowan,2614008
2026-08-07,Modern,64,105,challenge_C64_2026-08-07_12850813_decklist,12850813,25,Neobrand,Combo,KingHairy,2185747
2026-08-07,Modern,64,105,challenge_C64_2026-08-07_12850813_decklist,12850813,26,Esper Blink,Blink,Aldreen,1074736
2026-08-07,Modern,64,105,challenge_C64_2026-08-07_12850813_decklist,12850813,27,Dimir Midrange,Midrange,Moe12,3037817
2026-08-07,Modern,64,105,challenge_C64_2026-08-07_12850813_decklist,12850813,28,Boros Energy,Aggro,Anaxkoraz,2351182
2026-08-07,Modern,64,105,challenge_C64_2026-08-07_12850813_decklist,12850813,29,Living End,Graveyard,Chub_Toad_,2702720
2026-08-07,Modern,64,105,challenge_C64_2026-08-07_12850813_decklist,12850813,30,Grixis Reanimator,Graveyard,Capitano_CL,535716
2026-08-07,Modern,64,105,challenge_C64_2026-08-07_12850813_decklist,12850813,31,Goryo's Vengeance,Graveyard,YABOIJIMJOHN,2866323
2026-08-07,Modern,64,105,challenge_C64_2026-08-07_12850813_decklist,12850813,32,Domain Zoo,Midrange,Pleyboy,2822464
2026-08-08,Modern,64,73,challenge_C64_2026-08-08_12850822_decklist,12850822,1,Prowess,Aggro,nahuel10,1942357
2026-08-08,Modern,64,73,challenge_C64_2026-08-08_12850822_decklist,12850822,2,Jeskai Energy,Aggro,cgouldner,1387059
2026-08-08,Modern,64,73,challenge_C64_2026-08-08_12850822_decklist,12850822,3,Devoted Combo,Combo,YungDingo,2928451
2026-08-08,Modern,64,73,challenge_C64_2026-08-08_12850822_decklist,12850822,4,Yawgmoth,Midrange,Sam_Lewin,2092528
2026-08-08,Modern,64,73,challenge_C64_2026-08-08_12850822_decklist,12850822,5,Living End,Graveyard,MeninoNey,2903591
2026-08-08,Modern,64,73,challenge_C64_2026-08-08_12850822_decklist,12850822,6,Prowess,Aggro,SuperCow12653,2064081
2026-08-08,Modern,64,73,challenge_C64_2026-08-08_12850822_decklist,12850822,7,Goryo's Vengeance,Graveyard,vinnyrussian123,2024035
2026-08-08,Modern,64,73,challenge_C64_2026-08-08_12850822_decklist,12850822,8,Broodscale Combo,Combo,renatoaraujo,864036
2026-08-08,Modern,64,73,challenge_C64_2026-08-08_12850822_decklist,12850822,9,Broodscale Combo,Combo,AvianScrolls,2972771
2026-08-08,Modern,64,73,challenge_C64_2026-08-08_12850822_decklist,12850822,10,Domain Zoo,Midrange,FacadeJK,2916207
2026-08-08,Modern,64,73,challenge_C64_2026-08-08_12850822_decklist,12850822,11,Affinity,Aggro,JV_7777,2045296
2026-08-08,Modern,64,73,challenge_C64_2026-08-08_12850822_decklist,12850822,12,Mono-Green Eldrazi,Ramp,CNewman,1715380
2026-08-08,Modern,64,73,challenge_C64_2026-08-08_12850822_decklist,12850822,13,Esper Blink,Blink,olbeda,2679433
2026-08-08,Modern,64,73,challenge_C64_2026-08-08_12850822_decklist,12850822,14,Devoted Combo,Combo,WaffleWiz,3254787
2026-08-08,Modern,64,73,challenge_C64_2026-08-08_12850822_decklist,12850822,15,Neobrand,Combo,LemonadeArchery,3103007
2026-08-08,Modern,64,73,challenge_C64_2026-08-08_12850822_decklist,12850822,16,Devoted Combo,Combo,Cachorrowo,2720911
2026-08-08,Modern,64,73,challenge_C64_2026-08-08_12850822_decklist,12850822,17,Goryo's Vengeance,Graveyard,Arkmaru,2797293
2026-08-08,Modern,64,73,challenge_C64_2026-08-08_12850822_decklist,12850822,18,Goryo's Vengeance,Graveyard,IDontNeedAName,2571545
2026-08-08,Modern,64,73,challenge_C64_2026-08-08_12850822_decklist,12850822,19,Broodscale Combo,Combo,manohito,2908947
2026-08-08,Modern,64,73,challenge_C64_2026-08-08_12850822_decklist,12850822,20,Devoted Combo,Combo,zturchan,476834
2026-08-08,Modern,64,73,challenge_C64_2026-08-08_12850822_decklist,12850822,21,Devoted Combo,Combo,-Nausea-,2759230
2026-08-08,Modern,64,73,challenge_C64_2026-08-08_12850822_decklist,12850822,22,Rakdos Burn,Aggro,DemianDesposito10,2747375
2026-08-08,Modern,64,73,challenge_C64_2026-08-08_12850822_decklist,12850822,23,Esper Blink,Blink,_Batutinha_,453404
2026-08-08,Modern,64,73,challenge_C64_2026-08-08_12850822_decklist,12850822,24,Affinity,Aggro,Slasher21,2522150
2026-08-08,Modern,64,73,challenge_C64_2026-08-08_12850822_decklist,12850822,25,Mono-Green Eldrazi,Ramp,maear,2645032
2026-08-08,Modern,64,73,challenge_C64_2026-08-08_12850822_decklist,12850822,26,Izzet Phoenix,Aggro,Magikal710,2939702
2026-08-08,Modern,64,73,challenge_C64_2026-08-08_12850822_decklist,12850822,27,Ruby Storm,Combo,hugofreitas1,1997683
2026-08-08,Modern,64,73,challenge_C64_2026-08-08_12850822_decklist,12850822,28,Esper Blink,Blink,ZeeGamesTTV,3249749
2026-08-08,Modern,64,73,challenge_C64_2026-08-08_12850822_decklist,12850822,29,Eldrazi Tron,Ramp,Scappie,1129308
2026-08-08,Modern,64,73,challenge_C64_2026-08-08_12850822_decklist,12850822,30,Boros Energy,Aggro,kasiso,2257869
2026-08-08,Modern,64,73,challenge_C64_2026-08-08_12850822_decklist,12850822,31,Boros Energy,Aggro,Lollopollo2001,2373595
2026-08-08,Modern,64,73,challenge_C64_2026-08-08_12850822_decklist,12850822,32,Domain Zoo,Midrange,ShadowTitan1,2130633
2026-08-08,Modern,64,107,challenge_C64_2026-08-08_12851142_decklist,12851142,1,Mono-Green Eldrazi,Ramp,yunk3r,1113267
2026-08-08,Modern,64,107,challenge_C64_2026-08-08_12851142_decklist,12851142,2,Boros Burn,Aggro,Trailovsky,2043520
2026-08-08,Modern,64,107,challenge_C64_2026-08-08_12851142_decklist,12851142,3,Dimir Midrange,Midrange,littesir095,3034834
2026-08-08,Modern,64,107,challenge_C64_2026-08-08_12851142_decklist,12851142,4,Living End,Graveyard,niuwaid001,2372533
2026-08-08,Modern,64,107,challenge_C64_2026-08-08_12851142_decklist,12851142,5,4c HollowOne,Graveyard,Bugsy69,2537822
2026-08-08,Modern,64,107,challenge_C64_2026-08-08_12851142_decklist,12851142,6,UW Control,Control,surgetemelo,3473231
2026-08-08,Modern,64,107,challenge_C64_2026-08-08_12851142_decklist,12851142,7,Esper Control,Control,Aldreen,1074736
2026-08-08,Modern,64,107,challenge_C64_2026-08-08_12851142_decklist,12851142,8,Devoted Combo,Combo,Jonii,3315283
2026-08-08,Modern,64,107,challenge_C64_2026-08-08_12851142_decklist,12851142,9,Prowess,Aggro,Drugo,2888124
2026-08-08,Modern,64,107,challenge_C64_2026-08-08_12851142_decklist,12851142,10,Song of Creation,Combo,AugustRush,465104
2026-08-08,Modern,64,107,challenge_C64_2026-08-08_12851142_decklist,12851142,11,Goryo's Vengeance,Graveyard,Urthstrype,702030
2026-08-08,Modern,64,107,challenge_C64_2026-08-08_12851142_decklist,12851142,12,Esper Blink,Blink,almostomniscient,2563273
2026-08-08,Modern,64,107,challenge_C64_2026-08-08_12851142_decklist,12851142,13,BRG,Midrange,SanPop,2621451
2026-08-08,Modern,64,107,challenge_C64_2026-08-08_12851142_decklist,12851142,14,Ruby Storm,Combo,BiIIyBruto,3284870
2026-08-08,Modern,64,107,challenge_C64_2026-08-08_12851142_decklist,12851142,15,Grixis Reanimator,Graveyard,waffelsking,3075227
2026-08-08,Modern,64,107,challenge_C64_2026-08-08_12851142_decklist,12851142,16,Dimir Midrange,Midrange,ipadkid,3560747
2026-08-08,Modern,64,107,challenge_C64_2026-08-08_12851142_decklist,12851142,17,Domain Zoo,Midrange,Lat_Drop,3088705
2026-08-08,Modern,64,107,challenge_C64_2026-08-08_12851142_decklist,12851142,18,Esper Blink,Blink,thedoc96,2198885
2026-08-08,Modern,64,107,challenge_C64_2026-08-08_12851142_decklist,12851142,19,Eldrazi Tron,Ramp,FynnOfBlood,2799885
2026-08-08,Modern,64,107,challenge_C64_2026-08-08_12851142_decklist,12851142,20,Broodscale Combo,Combo,Drewid Hermit,119840
2026-08-08,Modern,64,107,challenge_C64_2026-08-08_12851142_decklist,12851142,21,Jeskai Control,Control,JakeTMS,2931233
2026-08-08,Modern,64,107,challenge_C64_2026-08-08_12851142_decklist,12851142,22,Goryo's Vengeance,Graveyard,Mortaa,3250308
2026-08-08,Modern,64,107,challenge_C64_2026-08-08_12851142_decklist,12851142,23,Prowess,Aggro,Anemu,1074022
2026-08-08,Modern,64,107,challenge_C64_2026-08-08_12851142_decklist,12851142,24,Belcher,Combo,532at,3077531
2026-08-08,Modern,64,107,challenge_C64_2026-08-08_12851142_decklist,12851142,25,Boros Energy,Aggro,Rashek,2702005
2026-08-08,Modern,64,107,challenge_C64_2026-08-08_12851142_decklist,12851142,26,Goryo's Vengeance,Graveyard,YABOIJIMJOHN,2866323
2026-08-08,Modern,64,107,challenge_C64_2026-08-08_12851142_decklist,12851142,27,Ruby Storm,Combo,Legion935,2791835
2026-08-08,Modern,64,107,challenge_C64_2026-08-08_12851142_decklist,12851142,28,Broodscale Combo,Combo,Iaashadow,2712707
2026-08-08,Modern,64,107,challenge_C64_2026-08-08_12851142_decklist,12851142,29,Esper Blink,Blink,RealGangStar,3092887
2026-08-08,Modern,64,107,challenge_C64_2026-08-08_12851142_decklist,12851142,30,Devoted Combo,Combo,Traft,1009581
2026-08-08,Modern,64,107,challenge_C64_2026-08-08_12851142_decklist,12851142,31,Goryo's Vengeance,Graveyard,MackSmith,1438282
2026-08-08,Modern,64,107,challenge_C64_2026-08-08_12851142_decklist,12851142,32,Devoted Combo,Combo,bakkenal,2677890
2026-08-09,Modern,64,105,challenge_C64_2026-08-09_12851104_decklist,12851104,1,Affinity,Aggro,Slasher21,2522150
2026-08-09,Modern,64,105,challenge_C64_2026-08-09_12851104_decklist,12851104,2,Goryo's Vengeance,Graveyard,Acecalna,2919528
2026-08-09,Modern,64,105,challenge_C64_2026-08-09_12851104_decklist,12851104,3,Goryo's Vengeance,Graveyard,GigaChadSigmaMale,3085636
2026-08-09,Modern,64,105,challenge_C64_2026-08-09_12851104_decklist,12851104,4,Devoted Combo,Combo,bakkenal,2677890
2026-08-09,Modern,64,105,challenge_C64_2026-08-09_12851104_decklist,12851104,5,Broodscale Combo,Combo,gazmon48,1636994
2026-08-09,Modern,64,105,challenge_C64_2026-08-09_12851104_decklist,12851104,6,Prowess,Aggro,auzzie51,1111936
2026-08-09,Modern,64,105,challenge_C64_2026-08-09_12851104_decklist,12851104,7,Dimir Midrange,Midrange,mark_68,1324666
2026-08-09,Modern,64,105,challenge_C64_2026-08-09_12851104_decklist,12851104,8,Goryo's Vengeance,Graveyard,Kollslaw,3311758
2026-08-09,Modern,64,105,challenge_C64_2026-08-09_12851104_decklist,12851104,9,Broodscale Combo,Combo,bless_von,2292083
2026-08-09,Modern,64,105,challenge_C64_2026-08-09_12851104_decklist,12851104,10,Yawgmoth,Midrange,Sam_Lewin,2092528
2026-08-09,Modern,64,105,challenge_C64_2026-08-09_12851104_decklist,12851104,11,Rakdos HollowOne,Graveyard,kattsu,3405528
2026-08-09,Modern,64,105,challenge_C64_2026-08-09_12851104_decklist,12851104,12,Dimir Midrange,Midrange,VictorEsquici,3013293
2026-08-09,Modern,64,105,challenge_C64_2026-08-09_12851104_decklist,12851104,13,Broodscale Combo,Combo,TuckerMTG,2204845
2026-08-09,Modern,64,105,challenge_C64_2026-08-09_12851104_decklist,12851104,14,Dimir Midrange,Midrange,ipadkid,3560747
2026-08-09,Modern,64,105,challenge_C64_2026-08-09_12851104_decklist,12851104,15,Devoted Combo,Combo,renatoaraujo,864036
2026-08-09,Modern,64,105,challenge_C64_2026-08-09_12851104_decklist,12851104,16,Goryo's Vengeance,Graveyard,C_S_W____,485263
2026-08-09,Modern,64,105,challenge_C64_2026-08-09_12851104_decklist,12851104,17,WUBRG,Control,Mtyrant,3023075
2026-08-09,Modern,64,105,challenge_C64_2026-08-09_12851104_decklist,12851104,18,Domain Zoo,Midrange,felider,2322146
2026-08-09,Modern,64,105,challenge_C64_2026-08-09_12851104_decklist,12851104,19,Broodscale Combo,Combo,Ashigaruu,2891700
2026-08-09,Modern,64,105,challenge_C64_2026-08-09_12851104_decklist,12851104,20,Devoted Combo,Combo,TheTaxCollector,2243002
2026-08-09,Modern,64,105,challenge_C64_2026-08-09_12851104_decklist,12851104,21,Goryo's Vengeance,Graveyard,_Stream,1540808
2026-08-09,Modern,64,105,challenge_C64_2026-08-09_12851104_decklist,12851104,22,Devoted Combo,Combo,goron27,2908401
2026-08-09,Modern,64,105,challenge_C64_2026-08-09_12851104_decklist,12851104,23,Neobrand,Combo,i_b_TRUE,750628
2026-08-09,Modern,64,105,challenge_C64_2026-08-09_12851104_decklist,12851104,24,Domain Zoo,Midrange,Stealthmagician,2334451
2026-08-09,Modern,64,105,challenge_C64_2026-08-09_12851104_decklist,12851104,25,Broodscale Combo,Combo,Skeptic2304,2665316
2026-08-09,Modern,64,105,challenge_C64_2026-08-09_12851104_decklist,12851104,26,Grixis Reanimator,Graveyard,klien7,2564773
2026-08-09,Modern,64,105,challenge_C64_2026-08-09_12851104_decklist,12851104,27,Yawgmoth,Midrange,unsimilar_socks,3340310
2026-08-09,Modern,64,105,challenge_C64_2026-08-09_12851104_decklist,12851104,28,Broodscale Combo,Combo,Iaashadow,2712707
2026-08-09,Modern,64,105,challenge_C64_2026-08-09_12851104_decklist,12851104,29,Mono-Green Eldrazi,Ramp,Kai_Worldz,3150519
2026-08-09,Modern,64,105,challenge_C64_2026-08-09_12851104_decklist,12851104,30,Devoted Combo,Combo,Vonducky,542229
2026-08-09,Modern,64,105,challenge_C64_2026-08-09_12851104_decklist,12851104,31,Affinity,Aggro,Sorathrix,2705240
2026-08-09,Modern,64,105,challenge_C64_2026-08-09_12851104_decklist,12851104,32,Devoted Combo,Combo,ejk,1952341
2026-08-09,Modern,64,74,challenge_C64_2026-08-09_12851108_decklist,12851108,1,Eldrazi Ramp,Ramp,Xenowan,2614008
2026-08-09,Modern,64,74,challenge_C64_2026-08-09_12851108_decklist,12851108,2,Rakdos HollowOne,Graveyard,Mr-Nice,3055435
2026-08-09,Modern,64,74,challenge_C64_2026-08-09_12851108_decklist,12851108,3,Goryo's Vengeance,Graveyard,_Stream,1540808
2026-08-09,Modern,64,74,challenge_C64_2026-08-09_12851108_decklist,12851108,4,Esper Blink,Blink,RespectTheCat,2788118
2026-08-09,Modern,64,74,challenge_C64_2026-08-09_12851108_decklist,12851108,5,Broodscale Combo,Combo,manohito,2908947
2026-08-09,Modern,64,74,challenge_C64_2026-08-09_12851108_decklist,12851108,6,Esper Blink,Blink,sokos13,486439
2026-08-09,Modern,64,74,challenge_C64_2026-08-09_12851108_decklist,12851108,7,Affinity,Aggro,Junkmener,2305332
2026-08-09,Modern,64,74,challenge_C64_2026-08-09_12851108_decklist,12851108,8,Rakdos HollowOne,Graveyard,NuBlkAu,1719515
2026-08-09,Modern,64,74,challenge_C64_2026-08-09_12851108_decklist,12851108,9,Rakdos HollowOne,Graveyard,Rack,2811873
2026-08-09,Modern,64,74,challenge_C64_2026-08-09_12851108_decklist,12851108,10,Devoted Combo,Combo,Traft,1009581
2026-08-09,Modern,64,74,challenge_C64_2026-08-09_12851108_decklist,12851108,11,Goryo's Vengeance,Graveyard,oosunq,1155358
2026-08-09,Modern,64,74,challenge_C64_2026-08-09_12851108_decklist,12851108,12,Prowess,Aggro,nahuel10,1942357
2026-08-09,Modern,64,74,challenge_C64_2026-08-09_12851108_decklist,12851108,13,Living End,Graveyard,AzureMoon,3158693
2026-08-09,Modern,64,74,challenge_C64_2026-08-09_12851108_decklist,12851108,14,Dimir Midrange,Midrange,lordoflifegain,2663804
2026-08-09,Modern,64,74,challenge_C64_2026-08-09_12851108_decklist,12851108,15,Land Destruction,Control,ArchaeusDota,2627168
2026-08-09,Modern,64,74,challenge_C64_2026-08-09_12851108_decklist,12851108,16,Devoted Combo,Combo,morris,1198783
2026-08-09,Modern,64,74,challenge_C64_2026-08-09_12851108_decklist,12851108,17,UW Loki,Control,Radziolot,2416526
2026-08-09,Modern,64,74,challenge_C64_2026-08-09_12851108_decklist,12851108,18,Ruby Storm,Combo,Calambity,979328
2026-08-09,Modern,64,74,challenge_C64_2026-08-09_12851108_decklist,12851108,19,Esper Blink,Blink,jev_,2878060
2026-08-09,Modern,64,74,challenge_C64_2026-08-09_12851108_decklist,12851108,20,Mono-Green Eldrazi,Ramp,zarbo,1825047
2026-08-09,Modern,64,74,challenge_C64_2026-08-09_12851108_decklist,12851108,21,Eldrazi Ramp,Ramp,_VolkhaRt_,3136268
2026-08-09,Modern,64,74,challenge_C64_2026-08-09_12851108_decklist,12851108,22,Neobrand,Combo,ruin000,2293790
2026-08-09,Modern,64,74,challenge_C64_2026-08-09_12851108_decklist,12851108,23,Neobrand,Combo,Atagomax,3441315
2026-08-09,Modern,64,74,challenge_C64_2026-08-09_12851108_decklist,12851108,24,Esper Blink,Blink,Heat_Se3king_Mi$sile,3166898
2026-08-09,Modern,64,74,challenge_C64_2026-08-09_12851108_decklist,12851108,25,Boros Energy,Aggro,Chippystick,1389833
2026-08-09,Modern,64,74,challenge_C64_2026-08-09_12851108_decklist,12851108,26,Esper Blink,Blink,Tongmuzi,3111303
2026-08-09,Modern,64,74,challenge_C64_2026-08-09_12851108_decklist,12851108,27,Song of Creation,Combo,mommydom_manifesto,3227644
2026-08-09,Modern,64,74,challenge_C64_2026-08-09_12851108_decklist,12851108,28,Devoted Combo,Combo,Cachorrowo,2720911
2026-08-09,Modern,64,74,challenge_C64_2026-08-09_12851108_decklist,12851108,29,BRG,Midrange,SanPop,2621451
2026-08-09,Modern,64,74,challenge_C64_2026-08-09_12851108_decklist,12851108,30,Mono-Green Eldrazi,Ramp,Shoa1,2252178
2026-08-09,Modern,64,74,challenge_C64_2026-08-09_12851108_decklist,12851108,31,Broodscale Combo,Combo,RCMerriam,1041920
2026-08-09,Modern,64,74,challenge_C64_2026-08-09_12851108_decklist,12851108,32,Affinity,Aggro,Smallforest,2651001
2026-08-10,Modern,64,90,challenge_C64_2026-08-10_12851118_decklist,12851118,1,Esper Blink,Blink,Martin_Dominguez,1755256
2026-08-10,Modern,64,90,challenge_C64_2026-08-10_12851118_decklist,12851118,2,Dimir Midrange,Midrange,Venom01,3535587
2026-08-10,Modern,64,90,challenge_C64_2026-08-10_12851118_decklist,12851118,3,Dimir Midrange,Midrange,oinkmage22,2858193
2026-08-10,Modern,64,90,challenge_C64_2026-08-10_12851118_decklist,12851118,4,Prowess,Aggro,toothymtg,3087786
2026-08-10,Modern,64,90,challenge_C64_2026-08-10_12851118_decklist,12851118,5,Eldrazi Ramp,Ramp,duke12,6062
2026-08-10,Modern,64,90,challenge_C64_2026-08-10_12851118_decklist,12851118,6,Dimir Mill,Combo,auzzie51,1111936
2026-08-10,Modern,64,90,challenge_C64_2026-08-10_12851118_decklist,12851118,7,Domain Zoo,Midrange,felider,2322146
2026-08-10,Modern,64,90,challenge_C64_2026-08-10_12851118_decklist,12851118,8,Boros Energy,Aggro,fuya,2428351
2026-08-10,Modern,64,90,challenge_C64_2026-08-10_12851118_decklist,12851118,9,4c Reanimator,Graveyard,b-mac,3568967
2026-08-10,Modern,64,90,challenge_C64_2026-08-10_12851118_decklist,12851118,10,Broodscale Combo,Combo,bless_von,2292083
2026-08-10,Modern,64,90,challenge_C64_2026-08-10_12851118_decklist,12851118,11,WBRG,Control,manohito,2908947
2026-08-10,Modern,64,90,challenge_C64_2026-08-10_12851118_decklist,12851118,12,Affinity,Aggro,MystikHawk,2626857
2026-08-10,Modern,64,90,challenge_C64_2026-08-10_12851118_decklist,12851118,13,Esper Blink,Blink,Dioferreira,1950164
2026-08-10,Modern,64,90,challenge_C64_2026-08-10_12851118_decklist,12851118,14,Devoted Combo,Combo,zturchan,476834
2026-08-10,Modern,64,90,challenge_C64_2026-08-10_12851118_decklist,12851118,15,Domain Zoo,Midrange,FacadeJK,2916207
2026-08-10,Modern,64,90,challenge_C64_2026-08-10_12851118_decklist,12851118,16,Grixis Midrange,Midrange,ipadkid,3560747
2026-08-10,Modern,64,90,challenge_C64_2026-08-10_12851118_decklist,12851118,17,Dimir Midrange,Midrange,Mortaa,3250308
2026-08-10,Modern,64,90,challenge_C64_2026-08-10_12851118_decklist,12851118,18,Ruby Storm,Combo,hugofreitas1,1997683
2026-08-10,Modern,64,90,challenge_C64_2026-08-10_12851118_decklist,12851118,19,Prowess,Aggro,SuperCow12653,2064081
2026-08-10,Modern,64,90,challenge_C64_2026-08-10_12851118_decklist,12851118,20,Goryo's Vengeance,Graveyard,vinnyrussian123,2024035
2026-08-10,Modern,64,90,challenge_C64_2026-08-10_12851118_decklist,12851118,21,Devoted Combo,Combo,ejk,1952341
2026-08-10,Modern,64,90,challenge_C64_2026-08-10_12851118_decklist,12851118,22,Azorius Control,Control,Keggers,2385663
2026-08-10,Modern,64,90,challenge_C64_2026-08-10_12851118_decklist,12851118,23,Goryo's Vengeance,Graveyard,Kollslaw,3311758
2026-08-10,Modern,64,90,challenge_C64_2026-08-10_12851118_decklist,12851118,24,Esper Blink,Blink,_Babbuja_,3387160
2026-08-10,Modern,64,90,challenge_C64_2026-08-10_12851118_decklist,12851118,25,Devoted Combo,Combo,Cachorrowo,2720911
2026-08-10,Modern,64,90,challenge_C64_2026-08-10_12851118_decklist,12851118,26,Broodscale Combo,Combo,Chichichi,2788809
2026-08-10,Modern,64,90,challenge_C64_2026-08-10_12851118_decklist,12851118,27,Devoted Combo,Combo,Vonducky,542229
2026-08-10,Modern,64,90,challenge_C64_2026-08-10_12851118_decklist,12851118,28,Bant Blink,Blink,Tinker_deck,2981803
2026-08-10,Modern,64,90,challenge_C64_2026-08-10_12851118_decklist,12851118,29,UW Control,Control,eclipse4343,2714224
2026-08-10,Modern,64,90,challenge_C64_2026-08-10_12851118_decklist,12851118,30,Living End,Graveyard,niuwaid001,2372533
2026-08-10,Modern,64,90,challenge_C64_2026-08-10_12851118_decklist,12851118,31,Devoted Combo,Combo,Scorpion100,2872570
2026-08-10,Modern,64,90,challenge_C64_2026-08-10_12851118_decklist,12851118,32,Mono-Green Eldrazi,Ramp,E_Kaminuma,2707045
2026-08-10,Modern,96,129,challenge_C96_2026-08-10_12851122_decklist,12851122,1,Prowess,Aggro,Sven745,3035942
2026-08-10,Modern,96,129,challenge_C96_2026-08-10_12851122_decklist,12851122,2,Broodscale Combo,Combo,ziofrancone,2676196
2026-08-10,Modern,96,129,challenge_C96_2026-08-10_12851122_decklist,12851122,3,Esper Blink,Blink,RespectTheCat,2788118
2026-08-10,Modern,96,129,challenge_C96_2026-08-10_12851122_decklist,12851122,4,Affinity,Aggro,solaec0501,1773910
2026-08-10,Modern,96,129,challenge_C96_2026-08-10_12851122_decklist,12851122,5,Ruby Storm,Combo,_bwonsamdi_,2868980
2026-08-10,Modern,96,129,challenge_C96_2026-08-10_12851122_decklist,12851122,6,Broodscale Combo,Combo,RCMerriam,1041920
2026-08-10,Modern,96,129,challenge_C96_2026-08-10_12851122_decklist,12851122,7,Belcher,Combo,JustAnotherGuy83,2691811
2026-08-10,Modern,96,129,challenge_C96_2026-08-10_12851122_decklist,12851122,8,Devoted Combo,Combo,nightwitch,1780347
2026-08-10,Modern,96,129,challenge_C96_2026-08-10_12851122_decklist,12851122,9,Esper Blink,Blink,Martin_Dominguez,1755256
2026-08-10,Modern,96,129,challenge_C96_2026-08-10_12851122_decklist,12851122,10,Esper Blink,Blink,Willthepill,999039
2026-08-10,Modern,96,129,challenge_C96_2026-08-10_12851122_decklist,12851122,11,Esper Blink,Blink,Watchwolf92,574591
2026-08-10,Modern,96,129,challenge_C96_2026-08-10_12851122_decklist,12851122,12,Boros Energy,Aggro,fazparte,3106246
2026-08-10,Modern,96,129,challenge_C96_2026-08-10_12851122_decklist,12851122,13,Broodscale Combo,Combo,Thunus,3076886
2026-08-10,Modern,96,129,challenge_C96_2026-08-10_12851122_decklist,12851122,14,Devoted Combo,Combo,_theMoonSage_,2001341
2026-08-10,Modern,96,129,challenge_C96_2026-08-10_12851122_decklist,12851122,15,Goryo's Vengeance,Graveyard,Ivan_Draw_Go,2679669
2026-08-10,Modern,96,129,challenge_C96_2026-08-10_12851122_decklist,12851122,16,Goryo's Vengeance,Graveyard,AlexWizz,3351221
2026-08-10,Modern,96,129,challenge_C96_2026-08-10_12851122_decklist,12851122,17,Neobrand,Combo,oskiyaa,1111702
2026-08-10,Modern,96,129,challenge_C96_2026-08-10_12851122_decklist,12851122,18,Mono-Green Eldrazi,Ramp,justFeather,2446403
2026-08-10,Modern,96,129,challenge_C96_2026-08-10_12851122_decklist,12851122,19,Living End,Graveyard,MeninoNey,2903591
2026-08-10,Modern,96,129,challenge_C96_2026-08-10_12851122_decklist,12851122,20,WUBRG,Control,albertosd87,3565947
2026-08-10,Modern,96,129,challenge_C96_2026-08-10_12851122_decklist,12851122,21,Grixis Reanimator,Graveyard,MarimoTaketori,3086835
2026-08-10,Modern,96,129,challenge_C96_2026-08-10_12851122_decklist,12851122,22,Esper Blink,Blink,Salty_Orange,2273541
2026-08-10,Modern,96,129,challenge_C96_2026-08-10_12851122_decklist,12851122,23,Esper Blink,Blink,sokos13,486439
2026-08-10,Modern,96,129,challenge_C96_2026-08-10_12851122_decklist,12851122,24,Esper Control,Control,TrueHero,2569009
2026-08-10,Modern,96,129,challenge_C96_2026-08-10_12851122_decklist,12851122,25,Yawgmoth,Midrange,fireflymylove,3244211
2026-08-10,Modern,96,129,challenge_C96_2026-08-10_12851122_decklist,12851122,26,U,Control,Alakai,676549
2026-08-10,Modern,96,129,challenge_C96_2026-08-10_12851122_decklist,12851122,27,Eldrazi Ramp,Ramp,morris,1198783
2026-08-10,Modern,96,129,challenge_C96_2026-08-10_12851122_decklist,12851122,28,Prowess,Aggro,DelverOfBolts,2688845
2026-08-10,Modern,96,129,challenge_C96_2026-08-10_12851122_decklist,12851122,29,Grixis Reanimator,Graveyard,HeyyQT,1280578
2026-08-10,Modern,96,129,challenge_C96_2026-08-10_12851122_decklist,12851122,30,Boros Energy,Aggro,kasiso,2257869
2026-08-10,Modern,96,129,challenge_C96_2026-08-10_12851122_decklist,12851122,31,Grixis Midrange,Midrange,ipadkid,3560747
2026-08-10,Modern,96,129,challenge_C96_2026-08-10_12851122_decklist,12851122,32,Dimir Midrange,Midrange,Damgar,2342880
2026-08-11,Modern,64,84,challenge_C64_2026-08-11_12851612_decklist,12851612,1,Amulet Titan,Combo,reidq7,3155916
2026-08-11,Modern,64,84,challenge_C64_2026-08-11_12851612_decklist,12851612,2,Goryo's Vengeance,Graveyard,Rvng,649380
2026-08-11,Modern,64,84,challenge_C64_2026-08-11_12851612_decklist,12851612,3,Living End,Graveyard,MeninoNey,2903591
2026-08-11,Modern,64,84,challenge_C64_2026-08-11_12851612_decklist,12851612,4,Prowess,Aggro,toothymtg,3087786
2026-08-11,Modern,64,84,challenge_C64_2026-08-11_12851612_decklist,12851612,5,Goryo's Vengeance,Graveyard,HoldTheElle,976841
2026-08-11,Modern,64,84,challenge_C64_2026-08-11_12851612_decklist,12851612,6,Prowess,Aggro,SuperCow12653,2064081
2026-08-11,Modern,64,84,challenge_C64_2026-08-11_12851612_decklist,12851612,7,Devoted Combo,Combo,HouseOfManaMTG,2669359
2026-08-11,Modern,64,84,challenge_C64_2026-08-11_12851612_decklist,12851612,8,Mono-Black Midrange,Midrange,Craig_Long123,3364560
2026-08-11,Modern,64,84,challenge_C64_2026-08-11_12851612_decklist,12851612,9,Devoted Combo,Combo,selesneal,1618758
2026-08-11,Modern,64,84,challenge_C64_2026-08-11_12851612_decklist,12851612,10,Eldrazi Tron,Ramp,Porks,2796105
2026-08-11,Modern,64,84,challenge_C64_2026-08-11_12851612_decklist,12851612,11,Jeskai Energy,Aggro,TrueHero,2569009
2026-08-11,Modern,64,84,challenge_C64_2026-08-11_12851612_decklist,12851612,12,Devoted Combo,Combo,ShadowTitan1,2130633
2026-08-11,Modern,64,84,challenge_C64_2026-08-11_12851612_decklist,12851612,13,Mono-Black Midrange,Midrange,Selfeisek,2042214
2026-08-11,Modern,64,84,challenge_C64_2026-08-11_12851612_decklist,12851612,14,Eldrazi Ramp,Ramp,Lightspirit,3222070
2026-08-11,Modern,64,84,challenge_C64_2026-08-11_12851612_decklist,12851612,15,Ruby Storm,Combo,hugofreitas1,1997683
2026-08-11,Modern,64,84,challenge_C64_2026-08-11_12851612_decklist,12851612,16,Dimir Midrange,Midrange,ipadkid,3560747
2026-08-11,Modern,64,84,challenge_C64_2026-08-11_12851612_decklist,12851612,17,Prowess,Aggro,Chichichi,2788809
2026-08-11,Modern,64,84,challenge_C64_2026-08-11_12851612_decklist,12851612,18,Domain Zoo,Midrange,Kyndrax,3477428
2026-08-11,Modern,64,84,challenge_C64_2026-08-11_12851612_decklist,12851612,19,Prowess,Aggro,jvidarte,2651868
2026-08-11,Modern,64,84,challenge_C64_2026-08-11_12851612_decklist,12851612,20,Neobrand,Combo,Nowayh,2714019
2026-08-11,Modern,64,84,challenge_C64_2026-08-11_12851612_decklist,12851612,21,Devoted Combo,Combo,ShikiXYZ,1188705
2026-08-11,Modern,64,84,challenge_C64_2026-08-11_12851612_decklist,12851612,22,Esper Blink,Blink,Martin_Dominguez,1755256
2026-08-11,Modern,64,84,challenge_C64_2026-08-11_12851612_decklist,12851612,23,Belcher,Combo,Mclopi,3551828
2026-08-11,Modern,64,84,challenge_C64_2026-08-11_12851612_decklist,12851612,24,Eldrazi Tron,Ramp,e0068,3376259
2026-08-11,Modern,64,84,challenge_C64_2026-08-11_12851612_decklist,12851612,25,Devoted Combo,Combo,Marxelo,277034
2026-08-11,Modern,64,84,challenge_C64_2026-08-11_12851612_decklist,12851612,26,Boros Energy,Aggro,Sarlanga,643454
2026-08-11,Modern,64,84,challenge_C64_2026-08-11_12851612_decklist,12851612,27,Boros Energy,Aggro,Rashek,2702005
2026-08-11,Modern,64,84,challenge_C64_2026-08-11_12851612_decklist,12851612,28,Devoted Combo,Combo,ejk,1952341
2026-08-11,Modern,64,84,challenge_C64_2026-08-11_12851612_decklist,12851612,29,Grixis Reanimator,Graveyard,MarimoTaketori,3086835
2026-08-11,Modern,64,84,challenge_C64_2026-08-11_12851612_decklist,12851612,30,Grixis Reanimator,Graveyard,GLSwadow,3438702
2026-08-11,Modern,64,84,challenge_C64_2026-08-11_12851612_decklist,12851612,31,Eldrazi Ramp,Ramp,sgcyrus,434546
2026-08-11,Modern,64,84,challenge_C64_2026-08-11_12851612_decklist,12851612,32,Esper Blink,Blink,Watchwolf92,574591
2026-08-12,Modern,32,64,challenge_C32_2026-08-12_12851614_decklist,12851614,1,Land Destruction,Control,Kritik,2707200
2026-08-12,Modern,32,64,challenge_C32_2026-08-12_12851614_decklist,12851614,2,Neobrand,Combo,frekinsmart,2873371
2026-08-12,Modern,32,64,challenge_C32_2026-08-12_12851614_decklist,12851614,3,Goryo's Vengeance,Graveyard,Kollslaw,3311758
2026-08-12,Modern,32,64,challenge_C32_2026-08-12_12851614_decklist,12851614,4,Broodscale Combo,Combo,HuUeBR,2981401
2026-08-12,Modern,32,64,challenge_C32_2026-08-12_12851614_decklist,12851614,5,Devoted Combo,Combo,LucasG1ggs,750888
2026-08-12,Modern,32,64,challenge_C32_2026-08-12_12851614_decklist,12851614,6,Eldrazi Tron,Ramp,Stealthmagician,2334451
2026-08-12,Modern,32,64,challenge_C32_2026-08-12_12851614_decklist,12851614,7,Song of Creation,Combo,mommydom_manifesto,3227644
2026-08-12,Modern,32,64,challenge_C32_2026-08-12_12851614_decklist,12851614,8,Esper Blink,Blink,Watchwolf92,574591
2026-08-12,Modern,32,64,challenge_C32_2026-08-12_12851614_decklist,12851614,9,BRG,Midrange,derlumberzack,1126781
2026-08-12,Modern,32,64,challenge_C32_2026-08-12_12851614_decklist,12851614,10,Esper Blink,Blink,yriel,2537131
2026-08-12,Modern,32,64,challenge_C32_2026-08-12_12851614_decklist,12851614,11,Boros Energy,Aggro,Nate21,3449930
2026-08-12,Modern,32,64,challenge_C32_2026-08-12_12851614_decklist,12851614,12,Goryo's Vengeance,Graveyard,GigaChadSigmaMale,3085636
2026-08-12,Modern,32,64,challenge_C32_2026-08-12_12851614_decklist,12851614,13,Prowess,Aggro,JulianJohn,2930548
2026-08-12,Modern,32,64,challenge_C32_2026-08-12_12851614_decklist,12851614,14,Broodscale Combo,Combo,renatoaraujo,864036
2026-08-12,Modern,32,64,challenge_C32_2026-08-12_12851614_decklist,12851614,15,UW Control,Control,eclipse4343,2714224
2026-08-12,Modern,32,64,challenge_C32_2026-08-12_12851614_decklist,12851614,16,Affinity,Aggro,JV_7777,2045296
2026-08-12,Modern,32,64,challenge_C32_2026-08-12_12851614_decklist,12851614,17,Broodscale Combo,Combo,Ashigaruu,2891700
2026-08-12,Modern,32,64,challenge_C32_2026-08-12_12851614_decklist,12851614,18,Prowess,Aggro,nahuel10,1942357
2026-08-12,Modern,32,64,challenge_C32_2026-08-12_12851614_decklist,12851614,19,Devoted Combo,Combo,ashame,2761370
2026-08-12,Modern,32,64,challenge_C32_2026-08-12_12851614_decklist,12851614,20,Boros Energy,Aggro,SimonAntillon,3557832
2026-08-12,Modern,32,64,challenge_C32_2026-08-12_12851614_decklist,12851614,21,Living End,Graveyard,MeninoNey,2903591
2026-08-12,Modern,32,64,challenge_C32_2026-08-12_12851614_decklist,12851614,22,Mono-Black Midrange,Midrange,soggymeatball,2127900
2026-08-12,Modern,32,64,challenge_C32_2026-08-12_12851614_decklist,12851614,23,Goryo's Vengeance,Graveyard,Acecalna,2919528
2026-08-12,Modern,32,64,challenge_C32_2026-08-12_12851614_decklist,12851614,24,Dimir Midrange,Midrange,Venom01,3535587
2026-08-12,Modern,32,64,challenge_C32_2026-08-12_12851614_decklist,12851614,25,Crashing Footfalls,Combo,Vaine,2933919
2026-08-12,Modern,32,64,challenge_C32_2026-08-12_12851614_decklist,12851614,26,Esper Blink,Blink,littesir095,3034834
2026-08-12,Modern,32,64,challenge_C32_2026-08-12_12851614_decklist,12851614,27,Devoted Combo,Combo,LaceiSuaEsposa,3526166
2026-08-12,Modern,32,64,challenge_C32_2026-08-12_12851614_decklist,12851614,28,Rakdos HollowOne,Graveyard,kattsu,3405528
2026-08-12,Modern,32,64,challenge_C32_2026-08-12_12851614_decklist,12851614,29,Ruby Storm,Combo,Melaleuca,2761363
2026-08-12,Modern,32,64,challenge_C32_2026-08-12_12851614_decklist,12851614,30,Ruby Storm,Combo,hugofreitas1,1997683
2026-08-12,Modern,32,64,challenge_C32_2026-08-12_12851614_decklist,12851614,31,Goryo's Vengeance,Graveyard,billskillz,324532
2026-08-12,Modern,32,64,challenge_C32_2026-08-12_12851614_decklist,12851614,32,Bant Blink,Blink,Tinker_deck,2981803
2026-08-12,Modern,96,96,challenge_C96_2026-08-12_12851623_decklist,12851623,1,Devoted Combo,Combo,_theMoonSage_,2001341
2026-08-12,Modern,96,96,challenge_C96_2026-08-12_12851623_decklist,12851623,2,Living End,Graveyard,MeninoNey,2903591
2026-08-12,Modern,96,96,challenge_C96_2026-08-12_12851623_decklist,12851623,3,Grixis Midrange,Midrange,ipadkid,3560747
2026-08-12,Modern,96,96,challenge_C96_2026-08-12_12851623_decklist,12851623,4,Prowess,Aggro,Alico,2640770
2026-08-12,Modern,96,96,challenge_C96_2026-08-12_12851623_decklist,12851623,5,Land Destruction,Control,kthanakit26,2122697
2026-08-12,Modern,96,96,challenge_C96_2026-08-12_12851623_decklist,12851623,6,Land Destruction,Control,ShikiXYZ,1188705
2026-08-12,Modern,96,96,challenge_C96_2026-08-12_12851623_decklist,12851623,7,Boros Energy,Aggro,Aced5,10594
2026-08-12,Modern,96,96,challenge_C96_2026-08-12_12851623_decklist,12851623,8,Boros Energy,Aggro,Rashek,2702005
2026-08-12,Modern,96,96,challenge_C96_2026-08-12_12851623_decklist,12851623,9,Devoted Combo,Combo,NathanOfTheGiltLeaf,2968680
2026-08-12,Modern,96,96,challenge_C96_2026-08-12_12851623_decklist,12851623,10,Dimir Reanimator,Graveyard,mikeleee,2708396
2026-08-12,Modern,96,96,challenge_C96_2026-08-12_12851623_decklist,12851623,11,Boros Energy,Aggro,unworldlyorigin,2957500
2026-08-12,Modern,96,96,challenge_C96_2026-08-12_12851623_decklist,12851623,12,Boros Energy,Aggro,ShadowTitan1,2130633
2026-08-12,Modern,96,96,challenge_C96_2026-08-12_12851623_decklist,12851623,13,Esper Blink,Blink,acelerado440,3358375
2026-08-12,Modern,96,96,challenge_C96_2026-08-12_12851623_decklist,12851623,14,Broodscale Combo,Combo,manohito,2908947
2026-08-12,Modern,96,96,challenge_C96_2026-08-12_12851623_decklist,12851623,15,Jeskai Energy,Aggro,xl_snapcaster,2232658
2026-08-12,Modern,96,96,challenge_C96_2026-08-12_12851623_decklist,12851623,16,Selective Oracle,Combo,Xenowan,2614008
2026-08-12,Modern,96,96,challenge_C96_2026-08-12_12851623_decklist,12851623,17,Prowess,Aggro,Capriccioso,536053
2026-08-12,Modern,96,96,challenge_C96_2026-08-12_12851623_decklist,12851623,18,Affinity,Aggro,TotheparkTeam,3085027
2026-08-12,Modern,96,96,challenge_C96_2026-08-12_12851623_decklist,12851623,19,Neobrand,Combo,Chocolate_Branco,3466224
2026-08-12,Modern,96,96,challenge_C96_2026-08-12_12851623_decklist,12851623,20,Dimir Midrange,Midrange,Sebek,2109273
2026-08-12,Modern,96,96,challenge_C96_2026-08-12_12851623_decklist,12851623,21,UW Control,Control,NoneOfYourBusiness,2095978
2026-08-12,Modern,96,96,challenge_C96_2026-08-12_12851623_decklist,12851623,22,Mono-Black Midrange,Midrange,UltraEgo_,3105602
2026-08-12,Modern,96,96,challenge_C96_2026-08-12_12851623_decklist,12851623,23,Land Destruction,Control,Jungski,3169912
2026-08-12,Modern,96,96,challenge_C96_2026-08-12_12851623_decklist,12851623,24,Boros Energy,Aggro,ratabruta,2693418
2026-08-12,Modern,96,96,challenge_C96_2026-08-12_12851623_decklist,12851623,25,Amulet Titan,Combo,Cedicent,2456936
2026-08-12,Modern,96,96,challenge_C96_2026-08-12_12851623_decklist,12851623,26,Dimir Midrange,Midrange,Capitano_CL,535716
2026-08-12,Modern,96,96,challenge_C96_2026-08-12_12851623_decklist,12851623,27,Ruby Storm,Combo,hugofreitas1,1997683
2026-08-12,Modern,96,96,challenge_C96_2026-08-12_12851623_decklist,12851623,28,Affinity,Aggro,starfall,1156605
2026-08-12,Modern,96,96,challenge_C96_2026-08-12_12851623_decklist,12851623,29,Goryo's Vengeance,Graveyard,SoulStrong,1348253
2026-08-12,Modern,96,96,challenge_C96_2026-08-12_12851623_decklist,12851623,30,BRG,Midrange,SanPop,2621451
2026-08-12,Modern,96,96,challenge_C96_2026-08-12_12851623_decklist,12851623,31,Azorius Control,Control,levunga21,494936
2026-08-12,Modern,96,96,challenge_C96_2026-08-12_12851623_decklist,12851623,32,Esper Reanimator,Graveyard,Serosocram,3477626
2026-08-13,Modern,64,90,challenge_C64_2026-08-13_12851632_decklist,12851632,1,Goryo's Vengeance,Graveyard,eswaff,3135877
2026-08-13,Modern,64,90,challenge_C64_2026-08-13_12851632_decklist,12851632,2,Boros Energy,Aggro,fazparte,3106246
2026-08-13,Modern,64,90,challenge_C64_2026-08-13_12851632_decklist,12851632,3,Eldrazi Tron,Ramp,Scappie,1129308
2026-08-13,Modern,64,90,challenge_C64_2026-08-13_12851632_decklist,12851632,4,Domain Zoo,Midrange,MercurialChemister,2839061
2026-08-13,Modern,64,90,challenge_C64_2026-08-13_12851632_decklist,12851632,5,Esper Blink,Blink,TSPJendrek,1205798
2026-08-13,Modern,64,90,challenge_C64_2026-08-13_12851632_decklist,12851632,6,Broodscale Combo,Combo,manohito,2908947
2026-08-13,Modern,64,90,challenge_C64_2026-08-13_12851632_decklist,12851632,7,Goryo's Vengeance,Graveyard,DskBayWolf,3220713
2026-08-13,Modern,64,90,challenge_C64_2026-08-13_12851632_decklist,12851632,8,Yawgmoth,Midrange,The_Yoda,1197356
2026-08-13,Modern,64,90,challenge_C64_2026-08-13_12851632_decklist,12851632,9,Neobrand,Combo,Will_Split,3323058
2026-08-13,Modern,64,90,challenge_C64_2026-08-13_12851632_decklist,12851632,10,Amulet Titan,Combo,wutey,2916560
2026-08-13,Modern,64,90,challenge_C64_2026-08-13_12851632_decklist,12851632,11,Goryo's Vengeance,Graveyard,Martin_Dominguez,1755256
2026-08-13,Modern,64,90,challenge_C64_2026-08-13_12851632_decklist,12851632,12,Broodscale Combo,Combo,IronBeagle,2972314
2026-08-13,Modern,64,90,challenge_C64_2026-08-13_12851632_decklist,12851632,13,UBRG,Control,MahfuzVanGogh,1932562
2026-08-13,Modern,64,90,challenge_C64_2026-08-13_12851632_decklist,12851632,14,Goryo's Vengeance,Graveyard,Off1ine__,2856617
2026-08-13,Modern,64,90,challenge_C64_2026-08-13_12851632_decklist,12851632,15,Neobrand,Combo,badgods,2712630
2026-08-13,Modern,64,90,challenge_C64_2026-08-13_12851632_decklist,12851632,16,Goryo's Vengeance,Graveyard,Zeect,3446637
2026-08-13,Modern,64,90,challenge_C64_2026-08-13_12851632_decklist,12851632,17,Goryo's Vengeance,Graveyard,Xwhale,1428769
2026-08-13,Modern,64,90,challenge_C64_2026-08-13_12851632_decklist,12851632,18,Grixis Reanimator,Graveyard,JPA93,1181017
2026-08-13,Modern,64,90,challenge_C64_2026-08-13_12851632_decklist,12851632,19,Ruby Storm,Combo,hugofreitas1,1997683
2026-08-13,Modern,64,90,challenge_C64_2026-08-13_12851632_decklist,12851632,20,Eldrazi Tron,Ramp,Porks,2796105
2026-08-13,Modern,64,90,challenge_C64_2026-08-13_12851632_decklist,12851632,21,Mono-Black Midrange,Midrange,Selfeisek,2042214
2026-08-13,Modern,64,90,challenge_C64_2026-08-13_12851632_decklist,12851632,22,Prowess,Aggro,SuperCow12653,2064081
2026-08-13,Modern,64,90,challenge_C64_2026-08-13_12851632_decklist,12851632,23,Ruby Storm,Combo,haoqinglangou,2390663
2026-08-13,Modern,64,90,challenge_C64_2026-08-13_12851632_decklist,12851632,24,Devoted Combo,Combo,Capitano_CL,535716
2026-08-13,Modern,64,90,challenge_C64_2026-08-13_12851632_decklist,12851632,25,Boros Energy,Aggro,kasiso,2257869
2026-08-13,Modern,64,90,challenge_C64_2026-08-13_12851632_decklist,12851632,26,Grixis Reanimator,Graveyard,soggymeatball,2127900
2026-08-13,Modern,64,90,challenge_C64_2026-08-13_12851632_decklist,12851632,27,Prowess,Aggro,Sven745,3035942
2026-08-13,Modern,64,90,challenge_C64_2026-08-13_12851632_decklist,12851632,28,Eldrazi Tron,Ramp,Odin2015,3306092
2026-08-13,Modern,64,90,challenge_C64_2026-08-13_12851632_decklist,12851632,29,Selective Oracle,Combo,Xenowan,2614008
2026-08-13,Modern,64,90,challenge_C64_2026-08-13_12851632_decklist,12851632,30,Prowess,Aggro,Doomenstein,2636574
2026-08-13,Modern,64,90,challenge_C64_2026-08-13_12851632_decklist,12851632,31,Living End,Graveyard,Crovax90,2194775
2026-08-13,Modern,64,90,challenge_C64_2026-08-13_12851632_decklist,12851632,32,Devoted Combo,Combo,frenzyofexultations,3476561
2026-08-14,Modern,64,104,challenge_C64_2026-08-14_12851649_decklist,12851649,1,Esper Blink,Blink,RandomGameActions,315946
2026-08-14,Modern,64,104,challenge_C64_2026-08-14_12851649_decklist,12851649,2,Prowess,Aggro,bestdraveneu,3569566
2026-08-14,Modern,64,104,challenge_C64_2026-08-14_12851649_decklist,12851649,3,Neobrand,Combo,Azja,2751360
2026-08-14,Modern,64,104,challenge_C64_2026-08-14_12851649_decklist,12851649,4,Yawgmoth,Midrange,Retrisma,2700947
2026-08-14,Modern,64,104,challenge_C64_2026-08-14_12851649_decklist,12851649,5,Devoted Combo,Combo,Laplasjan,1706283
2026-08-14,Modern,64,104,challenge_C64_2026-08-14_12851649_decklist,12851649,6,Broodscale Combo,Combo,BLJ,2094696
2026-08-14,Modern,64,104,challenge_C64_2026-08-14_12851649_decklist,12851649,7,Azorius Control,Control,DeepDisherino,3488559
2026-08-14,Modern,64,104,challenge_C64_2026-08-14_12851649_decklist,12851649,8,Boros Energy,Aggro,fazparte,3106246
2026-08-14,Modern,64,104,challenge_C64_2026-08-14_12851649_decklist,12851649,9,4c HollowOne,Graveyard,kaiszern,2078647
2026-08-14,Modern,64,104,challenge_C64_2026-08-14_12851649_decklist,12851649,10,Broodscale Combo,Combo,pedronavaja,3540949
2026-08-14,Modern,64,104,challenge_C64_2026-08-14_12851649_decklist,12851649,11,Devoted Combo,Combo,frenzyofexultations,3476561
2026-08-14,Modern,64,104,challenge_C64_2026-08-14_12851649_decklist,12851649,12,Eldrazi Tron,Ramp,Odin2015,3306092
2026-08-14,Modern,64,104,challenge_C64_2026-08-14_12851649_decklist,12851649,13,Devoted Combo,Combo,Uagli1,2680052
2026-08-14,Modern,64,104,challenge_C64_2026-08-14_12851649_decklist,12851649,14,WB,Blink,ElbowSoap,2717364
2026-08-14,Modern,64,104,challenge_C64_2026-08-14_12851649_decklist,12851649,15,Esper Blink,Blink,Bugsy69,2537822
2026-08-14,Modern,64,104,challenge_C64_2026-08-14_12851649_decklist,12851649,16,Boros Energy,Aggro,GuildMasterboros7,3099430
2026-08-14,Modern,64,104,challenge_C64_2026-08-14_12851649_decklist,12851649,17,Domain Zoo,Midrange,Boin,181637
2026-08-14,Modern,64,104,challenge_C64_2026-08-14_12851649_decklist,12851649,18,Goryo's Vengeance,Graveyard,pepeteam,2272105
2026-08-14,Modern,64,104,challenge_C64_2026-08-14_12851649_decklist,12851649,19,Prowess,Aggro,Xsper,3056706
2026-08-14,Modern,64,104,challenge_C64_2026-08-14_12851649_decklist,12851649,20,Affinity,Aggro,Mogged,1297262
2026-08-14,Modern,64,104,challenge_C64_2026-08-14_12851649_decklist,12851649,21,Devoted Combo,Combo,Capitano_CL,535716
2026-08-14,Modern,64,104,challenge_C64_2026-08-14_12851649_decklist,12851649,22,Yawgmoth,Midrange,The_Yoda,1197356
2026-08-14,Modern,64,104,challenge_C64_2026-08-14_12851649_decklist,12851649,23,Goryo's Vengeance,Graveyard,Deathmaxx,2995055
2026-08-14,Modern,64,104,challenge_C64_2026-08-14_12851649_decklist,12851649,24,Belcher,Combo,erbander01,2368673
2026-08-14,Modern,64,104,challenge_C64_2026-08-14_12851649_decklist,12851649,25,Goryo's Vengeance,Graveyard,klien7,2564773
2026-08-14,Modern,64,104,challenge_C64_2026-08-14_12851649_decklist,12851649,26,Neobrand,Combo,JPA93,1181017
2026-08-14,Modern,64,104,challenge_C64_2026-08-14_12851649_decklist,12851649,27,UW Control,Control,eclipse4343,2714224
2026-08-14,Modern,64,104,challenge_C64_2026-08-14_12851649_decklist,12851649,28,Devoted Combo,Combo,leandru,1546166
2026-08-14,Modern,64,104,challenge_C64_2026-08-14_12851649_decklist,12851649,29,Rakdos HollowOne,Graveyard,kattsu,3405528
2026-08-14,Modern,64,104,challenge_C64_2026-08-14_12851649_decklist,12851649,30,Prowess,Aggro,nahuel10,1942357
2026-08-14,Modern,64,104,challenge_C64_2026-08-14_12851649_decklist,12851649,31,Eldrazi Tron,Ramp,Jumba,2618500
2026-08-14,Modern,64,104,challenge_C64_2026-08-14_12851649_decklist,12851649,32,Eldrazi Tron,Ramp,Scappie,1129308
2026-08-15,Modern,32,34,challenge_C32_2026-08-15_12851660_decklist,12851660,1,Lantern,Control,Taddy_99,3412001
2026-08-15,Modern,32,34,challenge_C32_2026-08-15_12851660_decklist,12851660,2,Dimir Midrange,Midrange,Venom01,3535587
2026-08-15,Modern,32,34,challenge_C32_2026-08-15_12851660_decklist,12851660,3,Esper Blink,Blink,SanPop,2621451
2026-08-15,Modern,32,34,challenge_C32_2026-08-15_12851660_decklist,12851660,4,Jeskai Energy,Aggro,xl_snapcaster,2232658
2026-08-15,Modern,32,34,challenge_C32_2026-08-15_12851660_decklist,12851660,5,Broodscale Combo,Combo,Napoleon_I,2807068
2026-08-15,Modern,32,34,challenge_C32_2026-08-15_12851660_decklist,12851660,6,Goryo's Vengeance,Graveyard,GigaChadSigmaMale,3085636
2026-08-15,Modern,32,34,challenge_C32_2026-08-15_12851660_decklist,12851660,7,WUBRG,Control,albertosd87,3565947
2026-08-15,Modern,32,34,challenge_C32_2026-08-15_12851660_decklist,12851660,8,Eldrazi Tron,Ramp,benbot9003,1572878
2026-08-15,Modern,32,34,challenge_C32_2026-08-15_12851660_decklist,12851660,9,Dimir Midrange,Midrange,alessandro81,3261722
2026-08-15,Modern,32,34,challenge_C32_2026-08-15_12851660_decklist,12851660,10,Neobrand,Combo,MyPotatoes,3147183
2026-08-15,Modern,32,34,challenge_C32_2026-08-15_12851660_decklist,12851660,11,Yawgmoth,Midrange,boytriton,2840388
2026-08-15,Modern,32,34,challenge_C32_2026-08-15_12851660_decklist,12851660,12,Dimir Midrange,Midrange,Eaglelicious,1971751
2026-08-15,Modern,32,34,challenge_C32_2026-08-15_12851660_decklist,12851660,13,Prowess,Aggro,jvidarte,2651868
2026-08-15,Modern,32,34,challenge_C32_2026-08-15_12851660_decklist,12851660,14,Grixis Reanimator,Graveyard,Snoobie,2698267
2026-08-15,Modern,32,34,challenge_C32_2026-08-15_12851660_decklist,12851660,15,Prowess,Aggro,nahuel10,1942357
2026-08-15,Modern,32,34,challenge_C32_2026-08-15_12851660_decklist,12851660,16,Devoted Combo,Combo,musasabi,1210536
2026-08-15,Modern,32,34,challenge_C32_2026-08-15_12851660_decklist,12851660,17,Rakdos HollowOne,Graveyard,kattsu,3405528
2026-08-15,Modern,32,34,challenge_C32_2026-08-15_12851660_decklist,12851660,18,Mono-Black Midrange,Midrange,Selfeisek,2042214
2026-08-15,Modern,32,34,challenge_C32_2026-08-15_12851660_decklist,12851660,19,Land Destruction,Control,Kritik,2707200
2026-08-15,Modern,32,34,challenge_C32_2026-08-15_12851660_decklist,12851660,20,Esper Blink,Blink,albert62,1574579
2026-08-15,Modern,32,34,challenge_C32_2026-08-15_12851660_decklist,12851660,21,Affinity,Aggro,E_Kaminuma,2707045
2026-08-15,Modern,32,34,challenge_C32_2026-08-15_12851660_decklist,12851660,22,Eldrazi Tron,Ramp,e0068,3376259
2026-08-15,Modern,32,34,challenge_C32_2026-08-15_12851660_decklist,12851660,23,Goryo's Vengeance,Graveyard,Grischdl,2681378
2026-08-15,Modern,32,34,challenge_C32_2026-08-15_12851660_decklist,12851660,24,Boros Energy,Aggro,Dreddybajs,559515
2026-08-15,Modern,32,34,challenge_C32_2026-08-15_12851660_decklist,12851660,25,Boros Energy,Aggro,W_DN,3555364
2026-08-15,Modern,32,34,challenge_C32_2026-08-15_12851660_decklist,12851660,26,Prowess,Aggro,JulianJohn,2930548
2026-08-15,Modern,32,34,challenge_C32_2026-08-15_12851660_decklist,12851660,27,Eldrazi Ramp,Ramp,Lightspirit,3222070
2026-08-15,Modern,32,34,challenge_C32_2026-08-15_12851660_decklist,12851660,28,Bant Collected Company,Aggro,Allos,1222878
2026-08-15,Modern,32,34,challenge_C32_2026-08-15_12851660_decklist,12851660,29,Boros Energy,Aggro,NotJim,3249166
2026-08-15,Modern,32,34,challenge_C32_2026-08-15_12851660_decklist,12851660,30,Esper Reanimator,Graveyard,b-mac,3568967
2026-08-15,Modern,32,34,challenge_C32_2026-08-15_12851660_decklist,12851660,31,Neobrand,Combo,SimoCr,2713675
2026-08-15,Modern,32,34,challenge_C32_2026-08-15_12851660_decklist,12851660,32,Affinity,Aggro,NicolasP,2812872
2026-08-15,Modern,64,70,challenge_C64_2026-08-15_12851658_decklist,12851658,1,Broodscale Combo,Combo,Ashigaruu,2891700
2026-08-15,Modern,64,70,challenge_C64_2026-08-15_12851658_decklist,12851658,2,Prowess,Aggro,Xsper,3056706
2026-08-15,Modern,64,70,challenge_C64_2026-08-15_12851658_decklist,12851658,3,Prowess,Aggro,nahuel10,1942357
2026-08-15,Modern,64,70,challenge_C64_2026-08-15_12851658_decklist,12851658,4,Neobrand,Combo,i_b_TRUE,750628
2026-08-15,Modern,64,70,challenge_C64_2026-08-15_12851658_decklist,12851658,5,Devoted Combo,Combo,selesneal,1618758
2026-08-15,Modern,64,70,challenge_C64_2026-08-15_12851658_decklist,12851658,6,Prowess,Aggro,gazmon48,1636994
2026-08-15,Modern,64,70,challenge_C64_2026-08-15_12851658_decklist,12851658,7,Neobrand,Combo,HelpfulHobo,2063678
2026-08-15,Modern,64,70,challenge_C64_2026-08-15_12851658_decklist,12851658,8,Boros Energy,Aggro,_Batutinha_,453404
2026-08-15,Modern,64,70,challenge_C64_2026-08-15_12851658_decklist,12851658,9,UW Control,Control,eclipse4343,2714224
2026-08-15,Modern,64,70,challenge_C64_2026-08-15_12851658_decklist,12851658,10,WUBRG,Control,TingInTheRice,2877542
2026-08-15,Modern,64,70,challenge_C64_2026-08-15_12851658_decklist,12851658,11,Boros Energy,Aggro,Sarlanga,643454
2026-08-15,Modern,64,70,challenge_C64_2026-08-15_12851658_decklist,12851658,12,Affinity,Aggro,Arcbound_Papi,2137107
2026-08-15,Modern,64,70,challenge_C64_2026-08-15_12851658_decklist,12851658,13,Esper Blink,Blink,renatoaraujo,864036
2026-08-15,Modern,64,70,challenge_C64_2026-08-15_12851658_decklist,12851658,14,Devoted Combo,Combo,Capitano_CL,535716
2026-08-15,Modern,64,70,challenge_C64_2026-08-15_12851658_decklist,12851658,15,Esper Blink,Blink,Mortaa,3250308
2026-08-15,Modern,64,70,challenge_C64_2026-08-15_12851658_decklist,12851658,16,Affinity,Aggro,LukeBrandes,2943684
2026-08-15,Modern,64,70,challenge_C64_2026-08-15_12851658_decklist,12851658,17,Prowess,Aggro,arturcosta,2887338
2026-08-15,Modern,64,70,challenge_C64_2026-08-15_12851658_decklist,12851658,18,Devoted Combo,Combo,Rexplosion,1860596
2026-08-15,Modern,64,70,challenge_C64_2026-08-15_12851658_decklist,12851658,19,Goryo's Vengeance,Graveyard,VampireDiaries,2283377
2026-08-15,Modern,64,70,challenge_C64_2026-08-15_12851658_decklist,12851658,20,Bant Blink,Blink,Tinker_deck,2981803
2026-08-15,Modern,64,70,challenge_C64_2026-08-15_12851658_decklist,12851658,21,Devoted Combo,Combo,YungDingo,2928451
2026-08-15,Modern,64,70,challenge_C64_2026-08-15_12851658_decklist,12851658,22,Neobrand,Combo,Tree42o,875470
2026-08-15,Modern,64,70,challenge_C64_2026-08-15_12851658_decklist,12851658,23,Affinity,Aggro,Jetpool,2111039
2026-08-15,Modern,64,70,challenge_C64_2026-08-15_12851658_decklist,12851658,24,Mono-Green Eldrazi,Ramp,Raptor_Nachos,1375552
2026-08-15,Modern,64,70,challenge_C64_2026-08-15_12851658_decklist,12851658,25,Goryo's Vengeance,Graveyard,ZKG,3133905
2026-08-15,Modern,64,70,challenge_C64_2026-08-15_12851658_decklist,12851658,26,Prowess,Aggro,Ch4ppy,3203470
2026-08-15,Modern,64,70,challenge_C64_2026-08-15_12851658_decklist,12851658,27,Affinity,Aggro,ChinaNO2,2881508
2026-08-15,Modern,64,70,challenge_C64_2026-08-15_12851658_decklist,12851658,28,Esper Blink,Blink,-Fish,2061765
2026-08-15,Modern,64,70,challenge_C64_2026-08-15_12851658_decklist,12851658,29,Affinity,Aggro,E_Kaminuma,2707045
2026-08-15,Modern,64,70,challenge_C64_2026-08-15_12851658_decklist,12851658,30,Amulet Titan,Combo,claudio0907,1059076
2026-08-15,Modern,64,70,challenge_C64_2026-08-15_12851658_decklist,12851658,31,Rakdos HollowOne,Graveyard,Silk_lobelia,1730432
2026-08-15,Modern,64,70,challenge_C64_2026-08-15_12851658_decklist,12851658,32,Dimir Midrange,Midrange,DrewEldon,1710517
2026-08-15,Modern,64,64,challenge_C64_2026-08-15_12851665_decklist,12851665,1,Goryo's Vengeance,Graveyard,DskBayWolf,3220713
2026-08-15,Modern,64,64,challenge_C64_2026-08-15_12851665_decklist,12851665,2,Living End,Graveyard,MeninoNey,2903591
2026-08-15,Modern,64,64,challenge_C64_2026-08-15_12851665_decklist,12851665,3,Ruby Storm,Combo,EnderW,2945081
2026-08-15,Modern,64,64,challenge_C64_2026-08-15_12851665_decklist,12851665,4,Eldrazi Ramp,Ramp,Lightspirit,3222070
2026-08-15,Modern,64,64,challenge_C64_2026-08-15_12851665_decklist,12851665,5,Tron,Ramp,gazmon48,1636994
2026-08-15,Modern,64,64,challenge_C64_2026-08-15_12851665_decklist,12851665,6,Belcher,Combo,JustAnotherGuy83,2691811
2026-08-15,Modern,64,64,challenge_C64_2026-08-15_12851665_decklist,12851665,7,Mono-Green Eldrazi,Ramp,CNewman,1715380
2026-08-15,Modern,64,64,challenge_C64_2026-08-15_12851665_decklist,12851665,8,Esper Blink,Blink,acelerado440,3358375
2026-08-15,Modern,64,64,challenge_C64_2026-08-15_12851665_decklist,12851665,9,Boros Energy,Aggro,NicolasP,2812872
2026-08-15,Modern,64,64,challenge_C64_2026-08-15_12851665_decklist,12851665,10,Goryo's Vengeance,Graveyard,kentaro_hokori,575927
2026-08-15,Modern,64,64,challenge_C64_2026-08-15_12851665_decklist,12851665,11,Broodscale Combo,Combo,PhyrexianSwarm,3553954
2026-08-15,Modern,64,64,challenge_C64_2026-08-15_12851665_decklist,12851665,12,Affinity,Aggro,Arcbound_Papi,2137107
2026-08-15,Modern,64,64,challenge_C64_2026-08-15_12851665_decklist,12851665,13,Prowess,Aggro,The_Phenom,1010620
2026-08-15,Modern,64,64,challenge_C64_2026-08-15_12851665_decklist,12851665,14,Esper Blink,Blink,yriel,2537131
2026-08-15,Modern,64,64,challenge_C64_2026-08-15_12851665_decklist,12851665,15,Esper Blink,Blink,SanPop,2621451
2026-08-15,Modern,64,64,challenge_C64_2026-08-15_12851665_decklist,12851665,16,Esper Blink,Blink,thodoris17,2119308
2026-08-15,Modern,64,64,challenge_C64_2026-08-15_12851665_decklist,12851665,17,Hammer Time,Combo,Disgruntled_Elk,1883946
2026-08-15,Modern,64,64,challenge_C64_2026-08-15_12851665_decklist,12851665,18,Goryo's Vengeance,Graveyard,Urthstrype,702030
2026-08-15,Modern,64,64,challenge_C64_2026-08-15_12851665_decklist,12851665,19,Ruby Storm,Combo,MasterNeo7,913552
2026-08-15,Modern,64,64,challenge_C64_2026-08-15_12851665_decklist,12851665,20,Prowess,Aggro,mechrataal,1938190
2026-08-15,Modern,64,64,challenge_C64_2026-08-15_12851665_decklist,12851665,21,Devoted Combo,Combo,leandru,1546166
2026-08-15,Modern,64,64,challenge_C64_2026-08-15_12851665_decklist,12851665,22,Prowess,Aggro,jvidarte,2651868
2026-08-15,Modern,64,64,challenge_C64_2026-08-15_12851665_decklist,12851665,23,Mono-Green Eldrazi,Ramp,Shoa1,2252178
2026-08-15,Modern,64,64,challenge_C64_2026-08-15_12851665_decklist,12851665,24,Affinity,Aggro,EsperD,3083306
2026-08-15,Modern,64,64,challenge_C64_2026-08-15_12851665_decklist,12851665,25,Boros Energy,Aggro,fazparte,3106246
2026-08-15,Modern,64,64,challenge_C64_2026-08-15_12851665_decklist,12851665,26,UW Control,Control,Dioferreira,1950164
2026-08-15,Modern,64,64,challenge_C64_2026-08-15_12851665_decklist,12851665,27,Prowess,Aggro,nahuel10,1942357
2026-08-15,Modern,64,64,challenge_C64_2026-08-15_12851665_decklist,12851665,28,Neobrand,Combo,Stealthmagician,2334451
2026-08-15,Modern,64,64,challenge_C64_2026-08-15_12851665_decklist,12851665,29,Goryo's Vengeance,Graveyard,_must_be_nice,1252777
2026-08-15,Modern,64,64,challenge_C64_2026-08-15_12851665_decklist,12851665,30,Land Destruction,Control,wallofspikes,774962
2026-08-15,Modern,64,64,challenge_C64_2026-08-15_12851665_decklist,12851665,31,Neobrand,Combo,MonstrousRage,3468061
2026-08-15,Modern,64,64,challenge_C64_2026-08-15_12851665_decklist,12851665,32,Goryo's Vengeance,Graveyard,TheRightStuff,2315424
2026-08-30,modern,64,72,modern-challenge-64,12853202,1,NEEDS_MANUAL_REVIEW,NEEDS_MANUAL_REVIEW,SanPop,2621451
2026-08-30,modern,64,72,modern-challenge-64,12853202,2,NEEDS_MANUAL_REVIEW,NEEDS_MANUAL_REVIEW,wraaith,2911801
2026-08-30,modern,64,72,modern-challenge-64,12853202,3,NEEDS_MANUAL_REVIEW,NEEDS_MANUAL_REVIEW,Bayesta_93,759973
2026-08-30,modern,64,72,modern-challenge-64,12853202,4,Ruby Storm,Combo,hugofreitas1,1997683
2026-08-30,modern,64,72,modern-challenge-64,12853202,5,NEEDS_MANUAL_REVIEW,NEEDS_MANUAL_REVIEW,innaig88,2143659
2026-08-30,modern,64,72,modern-challenge-64,12853202,6,NEEDS_MANUAL_REVIEW,NEEDS_MANUAL_REVIEW,caronte1991,2265267
2026-08-30,modern,64,72,modern-challenge-64,12853202,7,Broodscale Combo,Combo,unagieel,815932
2026-08-30,modern,64,72,modern-challenge-64,12853202,8,NEEDS_MANUAL_REVIEW,NEEDS_MANUAL_REVIEW,SizzleSkeleton,2901097
2026-08-30,modern,64,72,modern-challenge-64,12853202,9,NEEDS_MANUAL_REVIEW,NEEDS_MANUAL_REVIEW,wutey,2916560
2026-08-30,modern,64,72,modern-challenge-64,12853202,10,NEEDS_MANUAL_REVIEW,NEEDS_MANUAL_REVIEW,Taddy_99,3412001
2026-08-30,modern,64,72,modern-challenge-64,12853202,11,Land Destruction,Control,Zompatanfo,3018543
2026-08-30,modern,64,72,modern-challenge-64,12853202,12,Tron,Ramp,narca,2776772
2026-08-30,modern,64,72,modern-challenge-64,12853202,13,Prowess,Aggro,ratabruta,2693418
2026-08-30,modern,64,72,modern-challenge-64,12853202,14,NEEDS_MANUAL_REVIEW,NEEDS_MANUAL_REVIEW,tibalt_of_red_sub,1071904
2026-08-30,modern,64,72,modern-challenge-64,12853202,15,Esper Blink,Blink,mh7lucky,2941952
2026-08-30,modern,64,72,modern-challenge-64,12853202,16,Esper Blink,Blink,acelerado440,3358375
2026-08-30,modern,64,72,modern-challenge-64,12853202,17,NEEDS_MANUAL_REVIEW,NEEDS_MANUAL_REVIEW,Traumatismes,2865888
2026-08-30,modern,64,72,modern-challenge-64,12853202,18,Goryo's Vengeance,Graveyard,Laplasjan,1706283
2026-08-30,modern,64,72,modern-challenge-64,12853202,19,Esper Blink,Blink,yriel,2537131
2026-08-30,modern,64,72,modern-challenge-64,12853202,20,NEEDS_MANUAL_REVIEW,NEEDS_MANUAL_REVIEW,Sorathrix,2705240
2026-08-30,modern,64,72,modern-challenge-64,12853202,21,Eldrazi Tron,Ramp,_Falcon_,2498069
2026-08-30,modern,64,72,modern-challenge-64,12853202,22,Prowess,Aggro,Marvelman123,2802384
2026-08-30,modern,64,72,modern-challenge-64,12853202,23,NEEDS_MANUAL_REVIEW,NEEDS_MANUAL_REVIEW,mtbWolf,2192378
2026-08-30,modern,64,72,modern-challenge-64,12853202,24,Esper Blink,Blink,Venom01,3535587
2026-08-30,modern,64,72,modern-challenge-64,12853202,25,NEEDS_MANUAL_REVIEW,NEEDS_MANUAL_REVIEW,AeonLock,3469304
2026-08-30,modern,64,72,modern-challenge-64,12853202,26,NEEDS_MANUAL_REVIEW,NEEDS_MANUAL_REVIEW,albert62,1574579
2026-08-30,modern,64,72,modern-challenge-64,12853202,27,NEEDS_MANUAL_REVIEW,NEEDS_MANUAL_REVIEW,Flamie_Oliver,2885656
2026-08-30,modern,64,72,modern-challenge-64,12853202,28,NEEDS_MANUAL_REVIEW,NEEDS_MANUAL_REVIEW,PhyrexianSwarm,3553954
2026-08-30,modern,64,72,modern-challenge-64,12853202,29,Goryo's Vengeance,Graveyard,_Tia93_,1216580
2026-08-30,modern,64,72,modern-challenge-64,12853202,30,NEEDS_MANUAL_REVIEW,NEEDS_MANUAL_REVIEW,WanderingOnes,840020
2026-08-30,modern,64,72,modern-challenge-64,12853202,31,Prowess,Aggro,Sandstorm87,2727413
2026-08-30,modern,64,72,modern-challenge-64,12853202,32,Ruby Storm,Combo,Gobeli,476651
2026-08-30,modern,64,73,modern-challenge-64,12853197,1,5c Midrange,Midrange,TingInTheRice,2877542
2026-08-30,modern,64,73,modern-challenge-64,12853197,2,Broodscale Combo,Combo,HelpfulHobo,2063678
2026-08-30,modern,64,73,modern-challenge-64,12853197,3,Mono-Black Midrange,Midrange,Selfeisek,2042214
2026-08-30,modern,64,73,modern-challenge-64,12853197,4,Yawgmoth,Midrange,PETRICHOR21,2769869
2026-08-30,modern,64,73,modern-challenge-64,12853197,5,Goryo's Vengeance,Graveyard,jussupinator,880239
2026-08-30,modern,64,73,modern-challenge-64,12853197,6,Goryo's Vengeance,Graveyard,Rexplosion,1860596
2026-08-30,modern,64,73,modern-challenge-64,12853197,7,Domain Zoo,Midrange,KingOfGames1522,2831734
2026-08-30,modern,64,73,modern-challenge-64,12853197,8,4c HollowOne,Graveyard,HolaChico,3485421
2026-08-30,modern,64,73,modern-challenge-64,12853197,9,The Rock,Midrange,werhsdnas1414,3149897
2026-08-30,modern,64,73,modern-challenge-64,12853197,10,Dimir Control,Control,WaffleWiz,3254787
2026-08-30,modern,64,73,modern-challenge-64,12853197,11,Tron,Ramp,UninspiredMehjagic,3050754
2026-08-30,modern,64,73,modern-challenge-64,12853197,12,Dimir Midrange,Midrange,nick4567,2757041
2026-08-30,modern,64,73,modern-challenge-64,12853197,13,4c HollowOne,Graveyard,otakkun,1970928
2026-08-30,modern,64,73,modern-challenge-64,12853197,14,Broodscale Combo,Combo,nv_goblin,2147397
2026-08-30,modern,64,73,modern-challenge-64,12853197,15,Tron,Ramp,weezerologist,3475930
2026-08-30,modern,64,73,modern-challenge-64,12853197,16,Affinity,Aggro,JV_7777,2045296
2026-08-30,modern,64,73,modern-challenge-64,12853197,17,Ragavan,Aggro,MacIsaac,3233450
2026-08-30,modern,64,73,modern-challenge-64,12853197,18,U,Control,AgentP,1088634
2026-08-30,modern,64,73,modern-challenge-64,12853197,19,Broodscale Combo,Combo,claudio0907,1059076
2026-08-30,modern,64,73,modern-challenge-64,12853197,20,The Rock,Midrange,Prim3Time,3017502
2026-08-30,modern,64,73,modern-challenge-64,12853197,21,Goryo's Vengeance,Graveyard,SaradinDR,42325
2026-08-30,modern,64,73,modern-challenge-64,12853197,22,4c HollowOne,Graveyard,hockeybro26,1067641
2026-08-30,modern,64,73,modern-challenge-64,12853197,23,Ruby Storm,Combo,Cachorrowo,2720911
2026-08-30,modern,64,73,modern-challenge-64,12853197,24,Broodscale Combo,Combo,Scorpion100,2872570
2026-08-30,modern,64,73,modern-challenge-64,12853197,25,Affinity,Aggro,Arcbound_Papi,2137107
2026-08-30,modern,64,73,modern-challenge-64,12853197,26,Goryo's Vengeance,Graveyard,bkubit,2153835
2026-08-30,modern,64,73,modern-challenge-64,12853197,27,Living End,Graveyard,WaynePlays,3544508
2026-08-30,modern,64,73,modern-challenge-64,12853197,28,Amulet Titan,Combo,fijitree,1974088
2026-08-30,modern,64,73,modern-challenge-64,12853197,29,Boros Burn,Aggro,quinniac,2261440
2026-08-30,modern,64,73,modern-challenge-64,12853197,30,Esper Blink,Blink,VictorEsquici,3013293
2026-08-30,modern,64,73,modern-challenge-64,12853197,31,Affinity,Aggro,Shamplade,2976962
2026-08-30,modern,64,73,modern-challenge-64,12853197,32,Prowess,Aggro,_and_one_,1171245
2026-08-29,modern,64,72,modern-challenge-64,12853192,1,NEEDS_MANUAL_REVIEW,NEEDS_MANUAL_REVIEW,elvin7,659635
2026-08-29,modern,64,72,modern-challenge-64,12853192,2,Goryo's Vengeance,Graveyard,oosunq,1155358
2026-08-29,modern,64,72,modern-challenge-64,12853192,3,Affinity,Aggro,therock988,494270
2026-08-29,modern,64,72,modern-challenge-64,12853192,4,NEEDS_MANUAL_REVIEW,NEEDS_MANUAL_REVIEW,AzNsOuL,603790
2026-08-29,modern,64,72,modern-challenge-64,12853192,5,Domain Zoo,Midrange,Pleyboy,2822464
2026-08-29,modern,64,72,modern-challenge-64,12853192,6,NEEDS_MANUAL_REVIEW,NEEDS_MANUAL_REVIEW,IrIWANG,2920490
2026-08-29,modern,64,72,modern-challenge-64,12853192,7,Broodscale Combo,Combo,bunnyfat,315547
2026-08-29,modern,64,72,modern-challenge-64,12853192,8,Mono-Green Eldrazi,Ramp,Darthkid,2001916
2026-08-29,modern,64,72,modern-challenge-64,12853192,9,Mono-Green Eldrazi,Ramp,_Batutinha_,453404
2026-08-29,modern,64,72,modern-challenge-64,12853192,10,Affinity,Aggro,lourice,2069446
2026-08-29,modern,64,72,modern-challenge-64,12853192,11,Boros Energy,Aggro,Arkany1,2813192
2026-08-29,modern,64,72,modern-challenge-64,12853192,12,NEEDS_MANUAL_REVIEW,NEEDS_MANUAL_REVIEW,joaobelo92,2721329
2026-08-29,modern,64,72,modern-challenge-64,12853192,13,Affinity,Aggro,Arcbound_Papi,2137107
2026-08-29,modern,64,72,modern-challenge-64,12853192,14,NEEDS_MANUAL_REVIEW,NEEDS_MANUAL_REVIEW,jjcbupt,3413176
2026-08-29,modern,64,72,modern-challenge-64,12853192,15,Land Destruction,Control,SpockVidaLoka,2898953
2026-08-29,modern,64,72,modern-challenge-64,12853192,16,Eldrazi Tron,Ramp,bathutubgod,3353750
2026-08-29,modern,64,72,modern-challenge-64,12853192,17,Broodscale Combo,Combo,Craigpuncher,3511452
2026-08-29,modern,64,72,modern-challenge-64,12853192,18,NEEDS_MANUAL_REVIEW,NEEDS_MANUAL_REVIEW,Pafru,3069560
2026-08-29,modern,64,72,modern-challenge-64,12853192,19,NEEDS_MANUAL_REVIEW,NEEDS_MANUAL_REVIEW,Devoured,3230515
2026-08-29,modern,64,72,modern-challenge-64,12853192,20,4c HollowOne,Graveyard,Blinkmoth-Nexus,1174989
2026-08-29,modern,64,72,modern-challenge-64,12853192,21,Esper Blink,Blink,yriel,2537131
2026-08-29,modern,64,72,modern-challenge-64,12853192,22,Belcher,Combo,patheus_84,1852645
2026-08-29,modern,64,72,modern-challenge-64,12853192,23,Prowess,Aggro,Hammond24,1373079
2026-08-29,modern,64,72,modern-challenge-64,12853192,24,NEEDS_MANUAL_REVIEW,NEEDS_MANUAL_REVIEW,hellisreal,3551942
2026-08-29,modern,64,72,modern-challenge-64,12853192,25,NEEDS_MANUAL_REVIEW,NEEDS_MANUAL_REVIEW,Smigui,2970592
2026-08-29,modern,64,72,modern-challenge-64,12853192,26,Mono-Green Eldrazi,Ramp,Zoza,3170981
2026-08-29,modern,64,72,modern-challenge-64,12853192,27,Living End,Graveyard,MeninoNey,2903591
2026-08-29,modern,64,72,modern-challenge-64,12853192,28,Goryo's Vengeance,Graveyard,EnisSanchez,3187811
2026-08-29,modern,64,72,modern-challenge-64,12853192,29,Broodscale Combo,Combo,SuperCow12653,2064081
2026-08-29,modern,64,72,modern-challenge-64,12853192,30,Amulet Titan,Combo,Chillbais,3360797
2026-08-29,modern,64,72,modern-challenge-64,12853192,31,Grixis Reanimator,Graveyard,Alico,2640770
2026-08-29,modern,64,72,modern-challenge-64,12853192,32,Esper Blink,Blink,Jedgi,1996271
2026-08-29,modern,16,35,modern-challenge-16,12853187,1,Prowess,Aggro,Silk_lobelia,1730432
2026-08-29,modern,16,35,modern-challenge-16,12853187,2,Simic Tron,Ramp,AoKashikosa,3415154
2026-08-29,modern,16,35,modern-challenge-16,12853187,3,Esper Blink,Blink,VizosMTG,3474034
2026-08-29,modern,16,35,modern-challenge-16,12853187,4,4c HollowOne,Graveyard,Marmotte_Lambda,3123572
2026-08-29,modern,16,35,modern-challenge-16,12853187,5,Eldrazi Ramp,Ramp,stefansson30952,3405508
2026-08-29,modern,16,35,modern-challenge-16,12853187,6,Neobrand,Combo,oskiyaa,1111702
2026-08-29,modern,16,35,modern-challenge-16,12853187,7,Goryo's Vengeance,Graveyard,felider,2322146
2026-08-29,modern,16,35,modern-challenge-16,12853187,8,Esper Blink,Blink,medvedev,741295
2026-08-29,modern,16,35,modern-challenge-16,12853187,9,Jeskai Energy,Aggro,_Falcon_,2498069
2026-08-29,modern,16,35,modern-challenge-16,12853187,10,Prowess,Aggro,imthekiing,639998
2026-08-29,modern,16,35,modern-challenge-16,12853187,11,Esper Blink,Blink,yriel,2537131
2026-08-29,modern,16,35,modern-challenge-16,12853187,12,Prowess,Aggro,nahuel10,1942357
2026-08-29,modern,16,35,modern-challenge-16,12853187,13,WBG,Midrange,-Nausea-,2759230
2026-08-29,modern,16,35,modern-challenge-16,12853187,14,Boros Energy,Aggro,Dreddybajs,559515
2026-08-29,modern,16,35,modern-challenge-16,12853187,15,Land Destruction,Control,DYXJ65,3572605
2026-08-29,modern,16,35,modern-challenge-16,12853187,16,Eldrazi Tron,Ramp,Marvelman123,2802384
2026-08-29,modern,16,35,modern-challenge-16,12853187,17,Affinity,Aggro,SanPop,2621451
2026-08-29,modern,16,35,modern-challenge-16,12853187,18,Affinity,Aggro,narcatrashcan,3185952
2026-08-29,modern,16,35,modern-challenge-16,12853187,19,Goryo's Vengeance,Graveyard,Bayesta_93,759973
2026-08-29,modern,16,35,modern-challenge-16,12853187,20,Neobrand,Combo,JPA93,1181017
2026-08-29,modern,16,35,modern-challenge-16,12853187,21,Affinity,Aggro,Mura505,3361215
2026-08-29,modern,16,35,modern-challenge-16,12853187,22,WBG,Midrange,JV_7777,2045296
2026-08-29,modern,16,35,modern-challenge-16,12853187,23,WBR,Midrange,morris,1198783
2026-08-29,modern,16,35,modern-challenge-16,12853187,24,Golgari Basking Broodscale Combo,Combo,Napoleon_I,2807068
2026-08-29,modern,16,35,modern-challenge-16,12853187,25,WUBRG,Control,albertosd87,3565947
2026-08-29,modern,16,35,modern-challenge-16,12853187,26,Prowess,Aggro,Lostwanderer,1104991
2026-08-29,modern,16,35,modern-challenge-16,12853187,27,Tron,Ramp,narca,2776772
2026-08-29,modern,16,35,modern-challenge-16,12853187,28,Eldrazi Tron,Ramp,416FrowningTable,2397690
2026-08-29,modern,16,35,modern-challenge-16,12853187,29,Mardu Energy,Aggro,kasiso,2257869
2026-08-29,modern,16,35,modern-challenge-16,12853187,30,Eldrazi Ramp,Ramp,Manascrew161,3379209
2026-08-29,modern,16,35,modern-challenge-16,12853187,31,Prowess,Aggro,W_DN,3555364
2026-08-29,modern,16,35,modern-challenge-16,12853187,32,Orzhov Midrange,Midrange,Gxs3v3n,2861105
2026-08-29,modern,64,73,modern-challenge-64,12853186,1,Goryo's Vengeance,Graveyard,jussupinator,880239
2026-08-29,modern,64,73,modern-challenge-64,12853186,2,Ruby Storm,Combo,hugofreitas1,1997683
2026-08-29,modern,64,73,modern-challenge-64,12853186,3,Broodscale Combo,Combo,HelpfulHobo,2063678
2026-08-29,modern,64,73,modern-challenge-64,12853186,4,Mono-Black Midrange,Midrange,Selfeisek,2042214
2026-08-29,modern,64,73,modern-challenge-64,12853186,5,Esper Blink,Blink,Venom01,3535587
2026-08-29,modern,64,73,modern-challenge-64,12853186,6,Yawgmoth,Midrange,JustAnotherGuy83,2691811
2026-08-29,modern,64,73,modern-challenge-64,12853186,7,Esper Blink,Blink,yriel,2537131
2026-08-29,modern,64,73,modern-challenge-64,12853186,8,Living End,Graveyard,MeninoNey,2903591
2026-08-29,modern,64,73,modern-challenge-64,12853186,9,Land Destruction,Control,Bagoot,1155448
2026-08-29,modern,64,73,modern-challenge-64,12853186,10,Domain Zoo,Midrange,Tetsubou,1700365
2026-08-29,modern,64,73,modern-challenge-64,12853186,11,Neobrand,Combo,E_Kaminuma,2707045
2026-08-29,modern,64,73,modern-challenge-64,12853186,12,Broodscale Combo,Combo,MyrRetriever,3006274
2026-08-29,modern,64,73,modern-challenge-64,12853186,13,Jeskai Energy,Aggro,zturchan,476834
2026-08-29,modern,64,73,modern-challenge-64,12853186,14,Prowess,Aggro,nahuel10,1942357
2026-08-29,modern,64,73,modern-challenge-64,12853186,15,Mardu Energy,Aggro,kasiso,2257869
2026-08-29,modern,64,73,modern-challenge-64,12853186,16,Affinity,Aggro,Arcbound_Papi,2137107
2026-08-29,modern,64,73,modern-challenge-64,12853186,17,Broodscale Combo,Combo,Brazeredo,3449761
2026-08-29,modern,64,73,modern-challenge-64,12853186,18,Goryo's Vengeance,Graveyard,Asa_Akira,3233479
2026-08-29,modern,64,73,modern-challenge-64,12853186,19,Broodscale Combo,Combo,JhonnySeJugar,3185788
2026-08-29,modern,64,73,modern-challenge-64,12853186,20,Prowess,Aggro,qmcgarry45,2301700
2026-08-29,modern,64,73,modern-challenge-64,12853186,21,Boros Energy,Aggro,DenimHero19,3383182
2026-08-29,modern,64,73,modern-challenge-64,12853186,22,The Rock,Midrange,Prim3Time,3017502
2026-08-29,modern,64,73,modern-challenge-64,12853186,23,Living End,Graveyard,Sorathrix,2705240
2026-08-29,modern,64,73,modern-challenge-64,12853186,24,Jeskai Energy,Aggro,Fransadness,3143623
2026-08-29,modern,64,73,modern-challenge-64,12853186,25,Neobrand,Combo,Tree42o,875470
2026-08-29,modern,64,73,modern-challenge-64,12853186,26,Kethis Combo,Combo,GreyChroma,3321836
2026-08-29,modern,64,73,modern-challenge-64,12853186,27,Living End,Graveyard,TooManySnacks,2947363
2026-08-29,modern,64,73,modern-challenge-64,12853186,28,Tron,Ramp,LucasG1ggs,750888
2026-08-29,modern,64,73,modern-challenge-64,12853186,29,Prowess,Aggro,PeasOfCrab,3072435
2026-08-29,modern,64,73,modern-challenge-64,12853186,30,Prowess,Aggro,Xsper,3056706
2026-08-29,modern,64,73,modern-challenge-64,12853186,31,Devoted Combo,Combo,Capitano_CL,535716
2026-08-29,modern,64,73,modern-challenge-64,12853186,32,BRG,Midrange,Ztenod,1096446
2026-08-28,modern,64,109,modern-challenge-64,12853181,1,Prowess,Aggro,MdvWin,2544700
2026-08-28,modern,64,109,modern-challenge-64,12853181,2,Prowess,Aggro,BressD1,1940271
2026-08-28,modern,64,109,modern-challenge-64,12853181,3,Prowess,Aggro,firstshot,111234
2026-08-28,modern,64,109,modern-challenge-64,12853181,4,Prowess,Aggro,walshi4life,962660
2026-08-28,modern,64,109,modern-challenge-64,12853181,5,Jeskai Energy,Aggro,ShadowTitan1,2130633
2026-08-28,modern,64,109,modern-challenge-64,12853181,6,WBG,Midrange,mtwhet,1997060
2026-08-28,modern,64,109,modern-challenge-64,12853181,7,Prowess,Aggro,elBB,3003904
2026-08-28,modern,64,109,modern-challenge-64,12853181,8,Tron,Ramp,Slyker,2956563
2026-08-28,modern,64,109,modern-challenge-64,12853181,9,Land Destruction,Control,shindy,1237388
2026-08-28,modern,64,109,modern-challenge-64,12853181,10,Prowess,Aggro,GMFischer,3536967
2026-08-28,modern,64,109,modern-challenge-64,12853181,11,Boros Burn,Aggro,DemianDesposito10,2747375
2026-08-28,modern,64,109,modern-challenge-64,12853181,12,Broodscale Combo,Combo,unagieel,815932
2026-08-28,modern,64,109,modern-challenge-64,12853181,13,4c HollowOne,Graveyard,PedraStone,3094324
2026-08-28,modern,64,109,modern-challenge-64,12853181,14,Goryo's Vengeance,Graveyard,kennydarko,2096186
2026-08-28,modern,64,109,modern-challenge-64,12853181,15,Ruby Storm,Combo,hugofreitas1,1997683
2026-08-28,modern,64,109,modern-challenge-64,12853181,16,4c HollowOne,Graveyard,Marmotte_Lambda,3123572
2026-08-28,modern,64,109,modern-challenge-64,12853181,17,Broodscale Combo,Combo,BoreiMTG,3135327
2026-08-28,modern,64,109,modern-challenge-64,12853181,18,Belcher,Combo,Savior0117,2464763
2026-08-28,modern,64,109,modern-challenge-64,12853181,19,Dimir Mill,Combo,Blitzlion27,2271998
2026-08-28,modern,64,109,modern-challenge-64,12853181,20,Goryo's Vengeance,Graveyard,Ignotus97,2424281
2026-08-28,modern,64,109,modern-challenge-64,12853181,21,Eldrazi Ramp,Ramp,Gobern,1847500
2026-08-28,modern,64,109,modern-challenge-64,12853181,22,Tron,Ramp,narca,2776772
2026-08-28,modern,64,109,modern-challenge-64,12853181,23,Boros Energy,Aggro,Pafru,3069560
2026-08-28,modern,64,109,modern-challenge-64,12853181,24,Jeskai Energy,Aggro,Watchwolf92,574591
2026-08-28,modern,64,109,modern-challenge-64,12853181,25,Devoted Combo,Combo,scipios,2454058
2026-08-28,modern,64,109,modern-challenge-64,12853181,26,Broodscale Combo,Combo,SuperCow12653,2064081
2026-08-28,modern,64,109,modern-challenge-64,12853181,27,Esper Blink,Blink,renatoaraujo,864036
2026-08-28,modern,64,109,modern-challenge-64,12853181,28,Broodscale Combo,Combo,Thunus,3076886
2026-08-28,modern,64,109,modern-challenge-64,12853181,29,Broodscale Combo,Combo,RCMerriam,1041920
2026-08-28,modern,64,109,modern-challenge-64,12853181,30,Belcher,Combo,patheus_84,1852645
2026-08-28,modern,64,109,modern-challenge-64,12853181,31,Prowess,Aggro,unworldlyorigin,2957500
2026-08-28,modern,64,109,modern-challenge-64,12853181,32,Azorius Control,Control,DeepDisherino,3488559
2026-08-27,modern,64,99,modern-challenge-64,12853171,1,Broodscale Combo,Combo,lunaloveee,2886236
2026-08-27,modern,64,99,modern-challenge-64,12853171,2,Broodscale Combo,Combo,ls149950,1862893
2026-08-27,modern,64,99,modern-challenge-64,12853171,3,Domain Zoo,Midrange,KingOfGames1522,2831734
2026-08-27,modern,64,99,modern-challenge-64,12853171,4,Belcher,Combo,PrismaticPrism,3542423
2026-08-27,modern,64,99,modern-challenge-64,12853171,5,Esper Blink,Blink,rastaf,254536
2026-08-27,modern,64,99,modern-challenge-64,12853171,6,Broodscale Combo,Combo,Jumba,2618500
2026-08-27,modern,64,99,modern-challenge-64,12853171,7,Esper Blink,Blink,_Batutinha_,453404
2026-08-27,modern,64,99,modern-challenge-64,12853171,8,Land Destruction,Control,Watchwolf92,574591
2026-08-27,modern,64,99,modern-challenge-64,12853171,9,Broodscale Combo,Combo,Thunus,3076886
2026-08-27,modern,64,99,modern-challenge-64,12853171,10,Jeskai Blink,Blink,TrueHero,2569009
2026-08-27,modern,64,99,modern-challenge-64,12853171,11,Eldrazi Ramp,Ramp,Lightspirit,3222070
2026-08-27,modern,64,99,modern-challenge-64,12853171,12,Esper Blink,Blink,yriel,2537131
2026-08-27,modern,64,99,modern-challenge-64,12853171,13,Boros Energy,Aggro,Sarlanga,643454
2026-08-27,modern,64,99,modern-challenge-64,12853171,14,WBRG,Control,Gerschi,1084298
2026-08-27,modern,64,99,modern-challenge-64,12853171,15,Dimir Midrange,Midrange,ipadkid,3560747
2026-08-27,modern,64,99,modern-challenge-64,12853171,16,Prowess,Aggro,SilverSeraph123,2789793
2026-08-27,modern,64,99,modern-challenge-64,12853171,17,Ruby Storm,Combo,Pompuskaya,2911978
2026-08-27,modern,64,99,modern-challenge-64,12853171,18,Prowess,Aggro,GMFischer,3536967
2026-08-27,modern,64,99,modern-challenge-64,12853171,19,Esper Blink,Blink,peter780108,1742159
2026-08-27,modern,64,99,modern-challenge-64,12853171,20,Belcher,Combo,Kael95,2702823
2026-08-27,modern,64,99,modern-challenge-64,12853171,21,Boros Energy,Aggro,Rashek,2702005
2026-08-27,modern,64,99,modern-challenge-64,12853171,22,Domain Zoo,Midrange,Pleyboy,2822464
2026-08-27,modern,64,99,modern-challenge-64,12853171,23,Mono-Black Midrange,Midrange,PorkMcPie,2976701
2026-08-27,modern,64,99,modern-challenge-64,12853171,24,The Rock,Midrange,dawido,3470560
2026-08-27,modern,64,99,modern-challenge-64,12853171,25,Broodscale Combo,Combo,Uagli1,2680052
2026-08-27,modern,64,99,modern-challenge-64,12853171,26,Prowess,Aggro,Persona_Non_Grata,3475757
2026-08-27,modern,64,99,modern-challenge-64,12853171,27,Dimir Midrange,Midrange,Dabol-R,2246917
2026-08-27,modern,64,99,modern-challenge-64,12853171,28,Goryo's Vengeance,Graveyard,xfile,2449332
2026-08-27,modern,64,99,modern-challenge-64,12853171,29,Yawgmoth,Midrange,NickBolas90,2921975
2026-08-27,modern,64,99,modern-challenge-64,12853171,30,Esper Blink,Blink,Brunes,2764694
2026-08-27,modern,64,99,modern-challenge-64,12853171,31,Living End,Graveyard,ResponsiblyStupid,3050181
2026-08-27,modern,64,99,modern-challenge-64,12853171,32,Devoted Combo,Combo,Capitano_CL,535716
2026-08-26,modern,96,113,modern-challenge-96,12852781,1,Broodscale Combo,Combo,KajuRoers,3549579
2026-08-26,modern,96,113,modern-challenge-96,12852781,2,Jeskai Energy,Aggro,MayoDominaria,1112102
2026-08-26,modern,96,113,modern-challenge-96,12852781,3,Prowess,Aggro,JPA93,1181017
2026-08-26,modern,96,113,modern-challenge-96,12852781,4,Land Destruction,Control,Kritik,2707200
2026-08-26,modern,96,113,modern-challenge-96,12852781,5,Jeskai Energy,Aggro,Walker735,2638611
2026-08-26,modern,96,113,modern-challenge-96,12852781,6,Dimir Midrange,Midrange,oinkmage22,2858193
2026-08-26,modern,96,113,modern-challenge-96,12852781,7,Song of Creation,Combo,levunga21,494936
2026-08-26,modern,96,113,modern-challenge-96,12852781,8,The Rock,Midrange,LBBL,2729974
2026-08-26,modern,96,113,modern-challenge-96,12852781,9,Goryo's Vengeance,Graveyard,Takayama,3293313
2026-08-26,modern,96,113,modern-challenge-96,12852781,10,Eldrazi Ramp,Ramp,Lightspirit,3222070
2026-08-26,modern,96,113,modern-challenge-96,12852781,11,Affinity,Aggro,Alico,2640770
2026-08-26,modern,96,113,modern-challenge-96,12852781,12,Broodscale Combo,Combo,BoreiMTG,3135327
2026-08-26,modern,96,113,modern-challenge-96,12852781,13,Affinity,Aggro,starfall,1156605
2026-08-26,modern,96,113,modern-challenge-96,12852781,14,WB,Blink,ElbowSoap,2717364
2026-08-26,modern,96,113,modern-challenge-96,12852781,15,Esper Blink,Blink,rastaf,254536
2026-08-26,modern,96,113,modern-challenge-96,12852781,16,Devoted Combo,Combo,musasabi,1210536
2026-08-26,modern,96,113,modern-challenge-96,12852781,17,WBG,Midrange,elvish-misclick,3100094
2026-08-26,modern,96,113,modern-challenge-96,12852781,18,Goryo's Vengeance,Graveyard,slaxx,331829
2026-08-26,modern,96,113,modern-challenge-96,12852781,19,WG,Aggro,ejk,1952341
2026-08-26,modern,96,113,modern-challenge-96,12852781,20,Prowess,Aggro,nahuel10,1942357
2026-08-26,modern,96,113,modern-challenge-96,12852781,21,Living End,Graveyard,_Chamytinho_,3175692
2026-08-26,modern,96,113,modern-challenge-96,12852781,22,Broodscale Combo,Combo,SuperCow12653,2064081
2026-08-26,modern,96,113,modern-challenge-96,12852781,23,Yawgmoth,Midrange,Anonieme_Max,3183579
2026-08-26,modern,96,113,modern-challenge-96,12852781,24,Prowess,Aggro,Alakai,676549
2026-08-26,modern,96,113,modern-challenge-96,12852781,25,Esper Blink,Blink,peter780108,1742159
2026-08-26,modern,96,113,modern-challenge-96,12852781,26,Miracles,Control,Evariel,2709546
2026-08-26,modern,96,113,modern-challenge-96,12852781,27,Goryo's Vengeance,Graveyard,Mclopi,3551828
2026-08-26,modern,96,113,modern-challenge-96,12852781,28,Land Destruction,Control,shindy,1237388
2026-08-26,modern,96,113,modern-challenge-96,12852781,29,Esper Blink,Blink,Ghost11157,2690892
2026-08-26,modern,96,113,modern-challenge-96,12852781,30,Goryo's Vengeance,Graveyard,ElPuerco,2718288
2026-08-26,modern,96,113,modern-challenge-96,12852781,31,Land Destruction,Control,kthanakit26,2122697
2026-08-26,modern,96,113,modern-challenge-96,12852781,32,Devoted Combo,Combo,bozo2112,2309846
2026-08-26,modern,32,81,modern-challenge-32,12853160,1,Goryo's Vengeance,Graveyard,jussupinator,880239
2026-08-26,modern,32,81,modern-challenge-32,12853160,2,Jeskai Energy,Aggro,cgouldner,1387059
2026-08-26,modern,32,81,modern-challenge-32,12853160,3,Living End,Graveyard,RNicoF,2753736
2026-08-26,modern,32,81,modern-challenge-32,12853160,4,WG,Aggro,VampireDiaries,2283377
2026-08-26,modern,32,81,modern-challenge-32,12853160,5,Mono-Green Eldrazi,Ramp,frekinsmart,2873371
2026-08-26,modern,32,81,modern-challenge-32,12853160,6,Prowess,Aggro,GMFischer,3536967
2026-08-26,modern,32,81,modern-challenge-32,12853160,7,Broodscale Combo,Combo,manohito,2908947
2026-08-26,modern,32,81,modern-challenge-32,12853160,8,Domain Zoo,Midrange,MercurialChemister,2839061
2026-08-26,modern,32,81,modern-challenge-32,12853160,9,Affinity,Aggro,rastaf,254536
2026-08-26,modern,32,81,modern-challenge-32,12853160,10,Broodscale Combo,Combo,SuperCow12653,2064081
2026-08-26,modern,32,81,modern-challenge-32,12853160,11,Goryo's Vengeance,Graveyard,Goscar,2529433
2026-08-26,modern,32,81,modern-challenge-32,12853160,12,Mono-Green Eldrazi,Ramp,tonyjones22,1991529
2026-08-26,modern,32,81,modern-challenge-32,12853160,13,Esper Blink,Blink,RandomGameActions,315946
2026-08-26,modern,32,81,modern-challenge-32,12853160,14,WBG,Midrange,selesneal,1618758
2026-08-26,modern,32,81,modern-challenge-32,12853160,15,Land Destruction,Control,Kritik,2707200
2026-08-26,modern,32,81,modern-challenge-32,12853160,16,Tron,Ramp,narca,2776772
2026-08-26,modern,32,81,modern-challenge-32,12853160,17,Living End,Graveyard,TooManySnacks,2947363
2026-08-26,modern,32,81,modern-challenge-32,12853160,18,Prowess,Aggro,TheTaxCollector,2243002
2026-08-26,modern,32,81,modern-challenge-32,12853160,19,Prowess,Aggro,Xsper,3056706
2026-08-26,modern,32,81,modern-challenge-32,12853160,20,Mono-Green Eldrazi,Ramp,Hazzrd,1695657
2026-08-26,modern,32,81,modern-challenge-32,12853160,21,Esper Blink,Blink,TuckerMTG,2204845
2026-08-26,modern,32,81,modern-challenge-32,12853160,22,4c HollowOne,Graveyard,Scooby_Snacks,3285170
2026-08-26,modern,32,81,modern-challenge-32,12853160,23,Grixis Control,Control,ipadkid,3560747
2026-08-26,modern,32,81,modern-challenge-32,12853160,24,WBG,Midrange,NathanOfTheGiltLeaf,2968680
2026-08-26,modern,32,81,modern-challenge-32,12853160,25,Yawgmoth,Midrange,Sam_Lewin,2092528
2026-08-26,modern,32,81,modern-challenge-32,12853160,26,Broodscale Combo,Combo,MyrRetriever,3006274
2026-08-26,modern,32,81,modern-challenge-32,12853160,27,Broodscale Combo,Combo,TheColorOfBoom,3359144
2026-08-26,modern,32,81,modern-challenge-32,12853160,28,Rakdos Aggro,Aggro,DragonFodder,415299
2026-08-26,modern,32,81,modern-challenge-32,12853160,29,Affinity,Aggro,ShinySyduck,1784729
2026-08-26,modern,32,81,modern-challenge-32,12853160,30,Prowess,Aggro,nahuel10,1942357
2026-08-26,modern,32,81,modern-challenge-32,12853160,31,Tron,Ramp,-Grissom-,3162448
2026-08-26,modern,32,81,modern-challenge-32,12853160,32,Living End,Graveyard,LucasG1ggs,750888
2026-08-25,modern,64,88,modern-challenge-64,12852776,1,Devoted Combo,Combo,Dydyk95,2940494
2026-08-25,modern,64,88,modern-challenge-64,12852776,2,Esper Blink,Blink,StormQrow,1928132
2026-08-25,modern,64,88,modern-challenge-64,12852776,3,Esper Blink,Blink,SorryImSoTilted,3074961
2026-08-25,modern,64,88,modern-challenge-64,12852776,4,Jeskai Energy,Aggro,fazparte,3106246
2026-08-25,modern,64,88,modern-challenge-64,12852776,5,Broodscale Combo,Combo,ziofrancone,2676196
2026-08-25,modern,64,88,modern-challenge-64,12852776,6,Prowess,Aggro,Anemu,1074022
2026-08-25,modern,64,88,modern-challenge-64,12852776,7,Dimir Midrange,Midrange,ETBJezus,3040474
2026-08-25,modern,64,88,modern-challenge-64,12852776,8,Land Destruction,Control,shindy,1237388
2026-08-25,modern,64,88,modern-challenge-64,12852776,9,Neobrand,Combo,Azja,2751360
2026-08-25,modern,64,88,modern-challenge-64,12852776,10,Boros Energy,Aggro,YungDingo,2928451
2026-08-25,modern,64,88,modern-challenge-64,12852776,11,Broodscale Combo,Combo,pedronavaja,3540949
2026-08-25,modern,64,88,modern-challenge-64,12852776,12,Eldrazi Tron,Ramp,HuUeBR,2981401
2026-08-25,modern,64,88,modern-challenge-64,12852776,13,Goryo's Vengeance,Graveyard,bkubit,2153835
2026-08-25,modern,64,88,modern-challenge-64,12852776,14,Dimir Midrange,Midrange,cntrlfreak_ttv,2984703
2026-08-25,modern,64,88,modern-challenge-64,12852776,15,Mono-Black Midrange,Midrange,Craig_Long123,3364560
2026-08-25,modern,64,88,modern-challenge-64,12852776,16,Prowess,Aggro,Arianne,845813
2026-08-25,modern,64,88,modern-challenge-64,12852776,17,Goryo's Vengeance,Graveyard,Thalai,180817
2026-08-25,modern,64,88,modern-challenge-64,12852776,18,Esper Blink,Blink,rastaf,254536
2026-08-25,modern,64,88,modern-challenge-64,12852776,19,Affinity,Aggro,sioutis_kk,3499660
2026-08-25,modern,64,88,modern-challenge-64,12852776,20,Jeskai Blink,Blink,Aced5,10594
2026-08-25,modern,64,88,modern-challenge-64,12852776,21,Yawgmoth,Midrange,Anonieme_Max,3183579
2026-08-25,modern,64,88,modern-challenge-64,12852776,22,Goryo's Vengeance,Graveyard,kentaro_hokori,575927
2026-08-25,modern,64,88,modern-challenge-64,12852776,23,Jeskai Energy,Aggro,VizosMTG,3474034
2026-08-25,modern,64,88,modern-challenge-64,12852776,24,Mono-Green Eldrazi,Ramp,yunk3r,1113267
2026-08-25,modern,64,88,modern-challenge-64,12852776,25,Prowess,Aggro,Xsper,3056706
2026-08-25,modern,64,88,modern-challenge-64,12852776,26,Devoted Combo,Combo,Marxelo,277034
2026-08-25,modern,64,88,modern-challenge-64,12852776,27,Dimir Midrange,Midrange,GLSwadow,3438702
2026-08-25,modern,64,88,modern-challenge-64,12852776,28,Domain Zoo,Midrange,Doomenstein,2636574
2026-08-25,modern,64,88,modern-challenge-64,12852776,29,Goryo's Vengeance,Graveyard,Mclopi,3551828
2026-08-25,modern,64,88,modern-challenge-64,12852776,30,Belcher,Combo,quinniac,2261440
2026-08-25,modern,64,88,modern-challenge-64,12852776,31,Amulet Titan,Combo,claudio0907,1059076
2026-08-25,modern,64,88,modern-challenge-64,12852776,32,Prowess,Aggro,nahuel10,1942357
2026-08-25,modern,16,34,modern-challenge-16,12852770,1,Eldrazi Ramp,Ramp,Lightspirit,3222070
2026-08-25,modern,16,34,modern-challenge-16,12852770,2,Esper Blink,Blink,toondoslav,1712831
2026-08-25,modern,16,34,modern-challenge-16,12852770,3,Broodscale Combo,Combo,TomBombadi1,2607787
2026-08-25,modern,16,34,modern-challenge-16,12852770,4,Affinity,Aggro,ejk,1952341
2026-08-25,modern,16,34,modern-challenge-16,12852770,5,Neobrand,Combo,ReservoirMog,3481307
2026-08-25,modern,16,34,modern-challenge-16,12852770,6,Neobrand,Combo,JPA93,1181017
2026-08-25,modern,16,34,modern-challenge-16,12852770,7,Kethis Combo,Combo,GreyChroma,3321836
2026-08-25,modern,16,34,modern-challenge-16,12852770,8,Esper Blink,Blink,meanfannypack,1703735
2026-08-25,modern,16,34,modern-challenge-16,12852770,9,Amulet Titan,Combo,crazythursday,3116151
2026-08-25,modern,16,34,modern-challenge-16,12852770,10,Living End,Graveyard,Sorathrix,2705240
2026-08-25,modern,16,34,modern-challenge-16,12852770,11,Devoted Combo,Combo,musasabi,1210536
2026-08-25,modern,16,34,modern-challenge-16,12852770,12,Goryo's Vengeance,Graveyard,Deathmaxx,2995055
2026-08-25,modern,16,34,modern-challenge-16,12852770,13,Grixis Reanimator,Graveyard,The_shallow_grave,3254577
2026-08-25,modern,16,34,modern-challenge-16,12852770,14,Prowess,Aggro,TrueHero,2569009
2026-08-25,modern,16,34,modern-challenge-16,12852770,15,Esper Blink,Blink,Laplasjan,1706283
2026-08-25,modern,16,34,modern-challenge-16,12852770,16,Jeskai Energy,Aggro,klien7,2564773
2026-08-25,modern,16,34,modern-challenge-16,12852770,17,Affinity,Aggro,sioutis_kk,3499660
2026-08-25,modern,16,34,modern-challenge-16,12852770,18,Azorius Control,Control,FraKoE,3535355
2026-08-25,modern,16,34,modern-challenge-16,12852770,19,Esper Reanimator,Graveyard,Serosocram,3477626
2026-08-25,modern,16,34,modern-challenge-16,12852770,20,Domain Zoo,Midrange,Dydyk95,2940494
2026-08-25,modern,16,34,modern-challenge-16,12852770,21,WUR,Midrange,SimoCr,2713675
2026-08-25,modern,16,34,modern-challenge-16,12852770,22,Prowess,Aggro,Grogore,2664302
2026-08-25,modern,16,34,modern-challenge-16,12852770,23,Amulet Titan,Combo,Boucha,844369
2026-08-25,modern,16,34,modern-challenge-16,12852770,24,Prowess,Aggro,manoah,1305745
2026-08-25,modern,16,34,modern-challenge-16,12852770,25,Land Destruction,Control,bomberboss,2013138
2026-08-25,modern,16,34,modern-challenge-16,12852770,26,Domain Zoo,Midrange,vdboule,2780151
2026-08-25,modern,16,34,modern-challenge-16,12852770,27,Domain Zoo,Midrange,pius23,3298900
2026-08-25,modern,16,34,modern-challenge-16,12852770,28,Living End,Graveyard,Traumatismes,2865888
2026-08-25,modern,16,34,modern-challenge-16,12852770,29,Sultai Ritual,Midrange,-=Alfa=-,685719
2026-08-25,modern,16,34,modern-challenge-16,12852770,30,Rakdos HollowOne,Graveyard,Cptwalnut,1964476
2026-08-25,modern,16,34,modern-challenge-16,12852770,31,Dimir Control,Control,NuBlkAu,1719515
2026-08-25,modern,16,34,modern-challenge-16,12852770,32,Hammer Time,Combo,Eyelash,2871058
2026-08-25,modern,32,67,modern-challenge-32,12852769,1,Living End,Graveyard,MeninoNey,2903591
2026-08-25,modern,32,67,modern-challenge-32,12852769,2,Living End,Graveyard,AzureMoon,3158693
2026-08-25,modern,32,67,modern-challenge-32,12852769,3,Sultai Ritual,Midrange,morris,1198783
2026-08-25,modern,32,67,modern-challenge-32,12852769,4,Esper Blink,Blink,rastaf,254536
2026-08-25,modern,32,67,modern-challenge-32,12852769,5,Prowess,Aggro,EthanBird,2658587
2026-08-25,modern,32,67,modern-challenge-32,12852769,6,Goryo's Vengeance,Graveyard,connormc02,1221790
2026-08-25,modern,32,67,modern-challenge-32,12852769,7,4c HollowOne,Graveyard,Bugsy69,2537822
2026-08-25,modern,32,67,modern-challenge-32,12852769,8,Prowess,Aggro,Xsper,3056706
2026-08-25,modern,32,67,modern-challenge-32,12852769,9,Rakdos Midrange,Midrange,ScreenwriterNY,1880301
2026-08-25,modern,32,67,modern-challenge-32,12852769,10,Land Destruction,Control,Kritik,2707200
2026-08-25,modern,32,67,modern-challenge-32,12852769,11,Hammer Time,Combo,CursedOcean,2981783
2026-08-25,modern,32,67,modern-challenge-32,12852769,12,Eldrazi Ramp,Ramp,Lightspirit,3222070
2026-08-25,modern,32,67,modern-challenge-32,12852769,13,Mono-Black Midrange,Midrange,Selfeisek,2042214
2026-08-25,modern,32,67,modern-challenge-32,12852769,14,WG,Aggro,VampireDiaries,2283377
2026-08-25,modern,32,67,modern-challenge-32,12852769,15,Eldrazi Tron,Ramp,Kuhmero,1076951
2026-08-25,modern,32,67,modern-challenge-32,12852769,16,Boros Energy,Aggro,NJ5030,3042804
2026-08-25,modern,32,67,modern-challenge-32,12852769,17,Grixis Reanimator,Graveyard,soggymeatball,2127900
2026-08-25,modern,32,67,modern-challenge-32,12852769,18,4c HollowOne,Graveyard,HolaChico,3485421
2026-08-25,modern,32,67,modern-challenge-32,12852769,19,Jeskai Energy,Aggro,amin0e,3107576
2026-08-25,modern,32,67,modern-challenge-32,12852769,20,Broodscale Combo,Combo,Chichichi,2788809
2026-08-25,modern,32,67,modern-challenge-32,12852769,21,Belcher,Combo,quinniac,2261440
2026-08-25,modern,32,67,modern-challenge-32,12852769,22,Neobrand,Combo,PrismaticPrism,3542423
2026-08-25,modern,32,67,modern-challenge-32,12852769,23,Jeskai Energy,Aggro,yolad,3342362
2026-08-25,modern,32,67,modern-challenge-32,12852769,24,Esper Blink,Blink,Venom01,3535587
2026-08-25,modern,32,67,modern-challenge-32,12852769,25,Mono-Green Eldrazi,Ramp,justFeather,2446403
2026-08-25,modern,32,67,modern-challenge-32,12852769,26,Dimir Control,Control,Scorpion100,2872570
2026-08-25,modern,32,67,modern-challenge-32,12852769,27,Rakdos Aggro,Aggro,DragonFodder,415299
2026-08-25,modern,32,67,modern-challenge-32,12852769,28,WBG,Midrange,SteelClad,3124235
2026-08-25,modern,32,67,modern-challenge-32,12852769,29,Broodscale Combo,Combo,manohito,2908947
2026-08-25,modern,32,67,modern-challenge-32,12852769,30,Devoted Combo,Combo,musasabi,1210536
2026-08-25,modern,32,67,modern-challenge-32,12852769,31,Living End,Graveyard,Traumatismes,2865888
2026-08-25,modern,32,67,modern-challenge-32,12852769,32,Prowess,Aggro,duanceyao,1727039
2026-08-24,modern,96,105,modern-challenge-96,12852762,1,Land Destruction,Control,Kritik,2707200
2026-08-24,modern,96,105,modern-challenge-96,12852762,2,Prowess,Aggro,elBB,3003904
2026-08-24,modern,96,105,modern-challenge-96,12852762,3,Jeskai Energy,Aggro,MayoDominaria,1112102
2026-08-24,modern,96,105,modern-challenge-96,12852762,4,Esper Blink,Blink,Mapletreefrog,1557079
2026-08-24,modern,96,105,modern-challenge-96,12852762,5,Boros Energy,Aggro,Rashek,2702005
2026-08-24,modern,96,105,modern-challenge-96,12852762,6,Boros Energy,Aggro,Davidowiz,3467306
2026-08-24,modern,96,105,modern-challenge-96,12852762,7,Goryo's Vengeance,Graveyard,lunaloveee,2886236
2026-08-24,modern,96,105,modern-challenge-96,12852762,8,Prowess,Aggro,Xsper,3056706
2026-08-24,modern,96,105,modern-challenge-96,12852762,9,Goryo's Vengeance,Graveyard,liuyuchen,1739534
2026-08-24,modern,96,105,modern-challenge-96,12852762,10,Broodscale Combo,Combo,Cheeesy,2950421
2026-08-24,modern,96,105,modern-challenge-96,12852762,11,Esper Blink,Blink,Jedgi,1996271
2026-08-24,modern,96,105,modern-challenge-96,12852762,12,UG,Combo,Alakai,676549
2026-08-24,modern,96,105,modern-challenge-96,12852762,13,Esper Blink,Blink,albert62,1574579
2026-08-24,modern,96,105,modern-challenge-96,12852762,14,Domain Zoo,Midrange,Dydyk95,2940494
2026-08-24,modern,96,105,modern-challenge-96,12852762,15,Devoted Combo,Combo,Thunus,3076886
2026-08-24,modern,96,105,modern-challenge-96,12852762,16,WUR,Midrange,ShadowTitan1,2130633
2026-08-24,modern,96,105,modern-challenge-96,12852762,17,Grixis Midrange,Midrange,VizosMTG,3474034
2026-08-24,modern,96,105,modern-challenge-96,12852762,18,Eldrazi Tron,Ramp,PerkyT,3142768
2026-08-24,modern,96,105,modern-challenge-96,12852762,19,URG,Midrange,DelverOfBolts,2688845
2026-08-24,modern,96,105,modern-challenge-96,12852762,20,Esper Blink,Blink,Mansa_Musa,3544096
2026-08-24,modern,96,105,modern-challenge-96,12852762,21,Grixis Control,Control,ipadkid,3560747
2026-08-24,modern,96,105,modern-challenge-96,12852762,22,Domain Zoo,Midrange,Pleyboy,2822464
2026-08-24,modern,96,105,modern-challenge-96,12852762,23,WBRG,Control,Gerschi,1084298
2026-08-24,modern,96,105,modern-challenge-96,12852762,24,Devoted Combo,Combo,ShikiXYZ,1188705
2026-08-24,modern,96,105,modern-challenge-96,12852762,25,Ruby Storm,Combo,hugofreitas1,1997683
2026-08-24,modern,96,105,modern-challenge-96,12852762,26,Boros Burn,Aggro,DidSomeoneJustSayBod,2521073
2026-08-24,modern,96,105,modern-challenge-96,12852762,27,Eldrazi Tron,Ramp,Tinker_deck,2981803
2026-08-24,modern,96,105,modern-challenge-96,12852762,28,Dimir Control,Control,TrueHero,2569009
2026-08-24,modern,96,105,modern-challenge-96,12852762,29,Goryo's Vengeance,Graveyard,Takayama,3293313
2026-08-24,modern,96,105,modern-challenge-96,12852762,30,Azorius Control,Control,Aldreen,1074736
2026-08-24,modern,96,105,modern-challenge-96,12852762,31,Azorius Blink,Blink,DavidDaBridges,2888604
2026-08-24,modern,96,105,modern-challenge-96,12852762,32,WUR,Midrange,fazparte,3106246
2026-08-24,modern,64,83,modern-challenge-64,12852760,1,Affinity,Aggro,skullcrobatjoker,3104275
2026-08-24,modern,64,83,modern-challenge-64,12852760,2,Belcher,Combo,Savior0117,2464763
2026-08-24,modern,64,83,modern-challenge-64,12852760,3,Esper Blink,Blink,gazmon48,1636994
2026-08-24,modern,64,83,modern-challenge-64,12852760,4,Broodscale Combo,Combo,MyrRetriever,3006274
2026-08-24,modern,64,83,modern-challenge-64,12852760,5,Broodscale Combo,Combo,Hazzrd,1695657
2026-08-24,modern,64,83,modern-challenge-64,12852760,6,Dimir Midrange,Midrange,ETBJezus,3040474
2026-08-24,modern,64,83,modern-challenge-64,12852760,7,Dimir Midrange,Midrange,C_S_W____,485263
2026-08-24,modern,64,83,modern-challenge-64,12852760,8,Esper Blink,Blink,Dioferreira,1950164
2026-08-24,modern,64,83,modern-challenge-64,12852760,9,Eldrazi Ramp,Ramp,Lightspirit,3222070
2026-08-24,modern,64,83,modern-challenge-64,12852760,10,WBG,Midrange,selesneal,1618758
2026-08-24,modern,64,83,modern-challenge-64,12852760,11,Boros Energy,Aggro,jayrod115,2760324
2026-08-24,modern,64,83,modern-challenge-64,12852760,12,Esper Blink,Blink,bless_von,2292083
2026-08-24,modern,64,83,modern-challenge-64,12852760,13,UW Control,Control,eclipse4343,2714224
2026-08-24,modern,64,83,modern-challenge-64,12852760,14,WBG,Midrange,nedyahiske,2404093
2026-08-24,modern,64,83,modern-challenge-64,12852760,15,Belcher,Combo,Chaticus,3230169
2026-08-24,modern,64,83,modern-challenge-64,12852760,16,Esper Blink,Blink,rastaf,254536
2026-08-24,modern,64,83,modern-challenge-64,12852760,17,Prowess,Aggro,EthanBird,2658587
2026-08-24,modern,64,83,modern-challenge-64,12852760,18,Grixis Control,Control,ipadkid,3560747
2026-08-24,modern,64,83,modern-challenge-64,12852760,19,Azorius Control,Control,wft,3030517
2026-08-24,modern,64,83,modern-challenge-64,12852760,20,Devoted Combo,Combo,Capitano_CL,535716
2026-08-24,modern,64,83,modern-challenge-64,12852760,21,Ruby Storm,Combo,Botboy,3165422
2026-08-24,modern,64,83,modern-challenge-64,12852760,22,Broodscale Combo,Combo,KeasbyKnight,2856033
2026-08-24,modern,64,83,modern-challenge-64,12852760,23,Dimir Murktide,Midrange,oinkmage22,2858193
2026-08-24,modern,64,83,modern-challenge-64,12852760,24,Devoted Combo,Combo,Cachorrowo,2720911
2026-08-24,modern,64,83,modern-challenge-64,12852760,25,Prowess,Aggro,Xsper,3056706
2026-08-24,modern,64,83,modern-challenge-64,12852760,26,Amulet Titan,Combo,crazythursday,3116151
2026-08-24,modern,64,83,modern-challenge-64,12852760,27,Esper Blink,Blink,Venom01,3535587
2026-08-24,modern,64,83,modern-challenge-64,12852760,28,Affinity,Aggro,Zonda,2083240
2026-08-24,modern,64,83,modern-challenge-64,12852760,29,Eldrazi Ramp,Ramp,shindy,1237388
2026-08-24,modern,64,83,modern-challenge-64,12852760,30,Yawgmoth,Midrange,Sam_Lewin,2092528
2026-08-24,modern,64,83,modern-challenge-64,12852760,31,Devoted Combo,Combo,musasabi,1210536
2026-08-24,modern,64,83,modern-challenge-64,12852760,32,Prowess,Aggro,bananadisaster,3442638
2026-08-23,modern,64,84,modern-challenge-64,12852752,1,NEEDS_MANUAL_REVIEW,NEEDS_MANUAL_REVIEW,thodoris17,2119308
2026-08-23,modern,64,84,modern-challenge-64,12852752,2,Devoted Combo,Combo,wallofspikes,774962
2026-08-23,modern,64,84,modern-challenge-64,12852752,3,Ruby Storm,Combo,hugofreitas1,1997683
2026-08-23,modern,64,84,modern-challenge-64,12852752,4,Esper Blink,Blink,jev_,2878060
2026-08-23,modern,64,84,modern-challenge-64,12852752,5,Goryo's Vengeance,Graveyard,DskBayWolf,3220713
2026-08-23,modern,64,84,modern-challenge-64,12852752,6,Esper Blink,Blink,Omegauo,30930
2026-08-23,modern,64,84,modern-challenge-64,12852752,7,4c HollowOne,Graveyard,JRomero,1061642
2026-08-23,modern,64,84,modern-challenge-64,12852752,8,Tron,Ramp,The_Lion91,3468770
2026-08-23,modern,64,84,modern-challenge-64,12852752,9,Devoted Combo,Combo,John1111,2676588
2026-08-23,modern,64,84,modern-challenge-64,12852752,10,Devoted Combo,Combo,musasabi,1210536
2026-08-23,modern,64,84,modern-challenge-64,12852752,11,NEEDS_MANUAL_REVIEW,NEEDS_MANUAL_REVIEW,Suechtler,962368
2026-08-23,modern,64,84,modern-challenge-64,12852752,12,Tron,Ramp,Nuserdog,2702142
2026-08-23,modern,64,84,modern-challenge-64,12852752,13,Jeskai Energy,Aggro,MayoDominaria,1112102
2026-08-23,modern,64,84,modern-challenge-64,12852752,14,Living End,Graveyard,niuwaid001,2372533
2026-08-23,modern,64,84,modern-challenge-64,12852752,15,Esper Blink,Blink,Clesss,2250193
2026-08-23,modern,64,84,modern-challenge-64,12852752,16,Prowess,Aggro,manoah,1305745
2026-08-23,modern,64,84,modern-challenge-64,12852752,17,Broodscale Combo,Combo,Jaksiel,132755
2026-08-23,modern,64,84,modern-challenge-64,12852752,18,Esper Blink,Blink,_Batutinha_,453404
2026-08-23,modern,64,84,modern-challenge-64,12852752,19,Affinity,Aggro,Enter,1103085
2026-08-23,modern,64,84,modern-challenge-64,12852752,20,Goryo's Vengeance,Graveyard,VampireDiaries,2283377
2026-08-23,modern,64,84,modern-challenge-64,12852752,21,4c HollowOne,Graveyard,Ardonas,1040296
2026-08-23,modern,64,84,modern-challenge-64,12852752,22,Esper Blink,Blink,scalo94,868229
2026-08-23,modern,64,84,modern-challenge-64,12852752,23,Broodscale Combo,Combo,CNewman,1715380
2026-08-23,modern,64,84,modern-challenge-64,12852752,24,Prowess,Aggro,Toscanini,2913039
2026-08-23,modern,64,84,modern-challenge-64,12852752,25,Mono-Black Midrange,Midrange,Craig_Long123,3364560
2026-08-23,modern,64,84,modern-challenge-64,12852752,26,Amulet Titan,Combo,crazythursday,3116151
2026-08-23,modern,64,84,modern-challenge-64,12852752,27,Dimir Midrange,Midrange,bobthedog,5694
2026-08-23,modern,64,84,modern-challenge-64,12852752,28,NEEDS_MANUAL_REVIEW,NEEDS_MANUAL_REVIEW,ipadkid,3560747
2026-08-23,modern,64,84,modern-challenge-64,12852752,29,NEEDS_MANUAL_REVIEW,NEEDS_MANUAL_REVIEW,Gobeli,476651
2026-08-23,modern,64,84,modern-challenge-64,12852752,30,NEEDS_MANUAL_REVIEW,NEEDS_MANUAL_REVIEW,almostomniscient,2563273
2026-08-23,modern,64,84,modern-challenge-64,12852752,31,Land Destruction,Control,jps_17,1066436
2026-08-23,modern,64,84,modern-challenge-64,12852752,32,NEEDS_MANUAL_REVIEW,NEEDS_MANUAL_REVIEW,STURSY,3273156
2026-08-23,modern,64,88,modern-challenge-64,12852747,1,Dimir Midrange,Midrange,ETBJezus,3040474
2026-08-23,modern,64,88,modern-challenge-64,12852747,2,Living End,Graveyard,MeninooNey,3263693
2026-08-23,modern,64,88,modern-challenge-64,12852747,3,Prowess,Aggro,Junkmener,2305332
2026-08-23,modern,64,88,modern-challenge-64,12852747,4,Affinity,Aggro,Skeptic2304,2665316
2026-08-23,modern,64,88,modern-challenge-64,12852747,5,Affinity,Aggro,sidisi,1944075
2026-08-23,modern,64,88,modern-challenge-64,12852747,6,Tron,Ramp,gazmon48,1636994
2026-08-23,modern,64,88,modern-challenge-64,12852747,7,Goryo's Vengeance,Graveyard,Fransadness,3143623
2026-08-23,modern,64,88,modern-challenge-64,12852747,8,Dimir Control,Control,WaffleWiz,3254787
2026-08-23,modern,64,88,modern-challenge-64,12852747,9,Azorius Control,Control,DeepDisherino,3488559
2026-08-23,modern,64,88,modern-challenge-64,12852747,10,Goryo's Vengeance,Graveyard,connormc02,1221790
2026-08-23,modern,64,88,modern-challenge-64,12852747,11,Mono-Black Midrange,Midrange,Selfeisek,2042214
2026-08-23,modern,64,88,modern-challenge-64,12852747,12,Ruby Storm,Combo,pwqz,3253255
2026-08-23,modern,64,88,modern-challenge-64,12852747,13,Golgari Basking Broodscale Combo,Combo,YungDingo,2928451
2026-08-23,modern,64,88,modern-challenge-64,12852747,14,Goryo's Vengeance,Graveyard,Arkmaru,2797293
2026-08-23,modern,64,88,modern-challenge-64,12852747,15,Esper Blink,Blink,renatoaraujo,864036
2026-08-23,modern,64,88,modern-challenge-64,12852747,16,Goryo's Vengeance,Graveyard,GigaChadSigmaMale,3085636
2026-08-23,modern,64,88,modern-challenge-64,12852747,17,Esper Blink,Blink,Venom01,3535587
2026-08-23,modern,64,88,modern-challenge-64,12852747,18,Prowess,Aggro,DannyStarchild,1802874
2026-08-23,modern,64,88,modern-challenge-64,12852747,19,Mono-Green Eldrazi,Ramp,duke12,6062
2026-08-23,modern,64,88,modern-challenge-64,12852747,20,WBG,Midrange,selesneal,1618758
2026-08-23,modern,64,88,modern-challenge-64,12852747,21,Domain Zoo,Midrange,MercurialChemister,2839061
2026-08-23,modern,64,88,modern-challenge-64,12852747,22,Devoted Combo,Combo,YAK9k,3500249
2026-08-23,modern,64,88,modern-challenge-64,12852747,23,Goryo's Vengeance,Graveyard,Rivrat2007,2718021
2026-08-23,modern,64,88,modern-challenge-64,12852747,24,Goryo's Vengeance,Graveyard,Kollslaw,3311758
2026-08-23,modern,64,88,modern-challenge-64,12852747,25,Belcher,Combo,E90_DeliveryBoy,3122660
2026-08-23,modern,64,88,modern-challenge-64,12852747,26,Rakdos HollowOne,Graveyard,kattsu,3405528
2026-08-23,modern,64,88,modern-challenge-64,12852747,27,Broodscale Combo,Combo,SuperCow12653,2064081
2026-08-23,modern,64,88,modern-challenge-64,12852747,28,Tron,Ramp,kokoko098,608077
2026-08-23,modern,64,88,modern-challenge-64,12852747,29,Prowess,Aggro,EthanBird,2658587
2026-08-23,modern,64,88,modern-challenge-64,12852747,30,Broodscale Combo,Combo,mav807,1832476
2026-08-23,modern,64,88,modern-challenge-64,12852747,31,Prowess,Aggro,chase00111,1199408
2026-08-23,modern,64,88,modern-challenge-64,12852747,32,Affinity,Aggro,RandomOctopus,1800145
2026-08-22,modern,64,125,modern-challenge-64,12852742,1,NEEDS_MANUAL_REVIEW,NEEDS_MANUAL_REVIEW,Phryziel,301933
2026-08-22,modern,64,125,modern-challenge-64,12852742,2,Tron,Ramp,Nuserdog,2702142
2026-08-22,modern,64,125,modern-challenge-64,12852742,3,NEEDS_MANUAL_REVIEW,NEEDS_MANUAL_REVIEW,MikeEgan,980850
2026-08-22,modern,64,125,modern-challenge-64,12852742,4,The Rock,Midrange,pokerswizard,280778
2026-08-22,modern,64,125,modern-challenge-64,12852742,5,Prowess,Aggro,toto_2295,3086057
2026-08-22,modern,64,125,modern-challenge-64,12852742,6,NEEDS_MANUAL_REVIEW,NEEDS_MANUAL_REVIEW,Bugsy69,2537822
2026-08-22,modern,64,125,modern-challenge-64,12852742,7,Goryo's Vengeance,Graveyard,Takayama,3293313
2026-08-22,modern,64,125,modern-challenge-64,12852742,8,Living End,Graveyard,MeninooNey,3263693
2026-08-22,modern,64,125,modern-challenge-64,12852742,9,Esper Blink,Blink,Dhedjeshdi,3044830
2026-08-22,modern,64,125,modern-challenge-64,12852742,10,Mono-Green Eldrazi,Ramp,CNewman,1715380
2026-08-22,modern,64,125,modern-challenge-64,12852742,11,Belcher,Combo,JustAnotherGuy83,2691811
2026-08-22,modern,64,125,modern-challenge-64,12852742,12,Broodscale Combo,Combo,ziofrancone,2676196
2026-08-22,modern,64,125,modern-challenge-64,12852742,13,The Rock,Midrange,Prim3Time,3017502
2026-08-22,modern,64,125,modern-challenge-64,12852742,14,NEEDS_MANUAL_REVIEW,NEEDS_MANUAL_REVIEW,VenoW_art,3301567
2026-08-22,modern,64,125,modern-challenge-64,12852742,15,NEEDS_MANUAL_REVIEW,NEEDS_MANUAL_REVIEW,bobthedog,5694
2026-08-22,modern,64,125,modern-challenge-64,12852742,16,Grixis Reanimator,Graveyard,RedArmada,680636
2026-08-22,modern,64,125,modern-challenge-64,12852742,17,NEEDS_MANUAL_REVIEW,NEEDS_MANUAL_REVIEW,JakeTMS,2931233
2026-08-22,modern,64,125,modern-challenge-64,12852742,18,NEEDS_MANUAL_REVIEW,NEEDS_MANUAL_REVIEW,Walrusguy32,2596469
2026-08-22,modern,64,125,modern-challenge-64,12852742,19,Broodscale Combo,Combo,GodOfSlaughter,1185021
2026-08-22,modern,64,125,modern-challenge-64,12852742,20,NEEDS_MANUAL_REVIEW,NEEDS_MANUAL_REVIEW,richcs1,2920892
2026-08-22,modern,64,125,modern-challenge-64,12852742,21,Affinity,Aggro,starfall,1156605
2026-08-22,modern,64,125,modern-challenge-64,12852742,22,Goryo's Vengeance,Graveyard,Urthstrype,702030
2026-08-22,modern,64,125,modern-challenge-64,12852742,23,Mono-Green Eldrazi,Ramp,Watchwolf92,574591
2026-08-22,modern,64,125,modern-challenge-64,12852742,24,Devoted Combo,Combo,Dydyk95,2940494
2026-08-22,modern,64,125,modern-challenge-64,12852742,25,Broodscale Combo,Combo,Jaksiel,132755
2026-08-22,modern,64,125,modern-challenge-64,12852742,26,Living End,Graveyard,Traumatismes,2865888
2026-08-22,modern,64,125,modern-challenge-64,12852742,27,Prowess,Aggro,JPA93,1181017
2026-08-22,modern,64,125,modern-challenge-64,12852742,28,Grixis Reanimator,Graveyard,BigErnMcKraken,3530748
2026-08-22,modern,64,125,modern-challenge-64,12852742,29,Esper Blink,Blink,St1ffler,3488068
2026-08-22,modern,64,125,modern-challenge-64,12852742,30,NEEDS_MANUAL_REVIEW,NEEDS_MANUAL_REVIEW,henry_morehouse,1872783
2026-08-22,modern,64,125,modern-challenge-64,12852742,31,NEEDS_MANUAL_REVIEW,NEEDS_MANUAL_REVIEW,magiclibrary,1112793
2026-08-22,modern,64,125,modern-challenge-64,12852742,32,Goryo's Vengeance,Graveyard,Sifui,3073951
2026-08-22,modern,16,33,modern-challenge-16,12852737,1,Esper Blink,Blink,yriel,2537131
2026-08-22,modern,16,33,modern-challenge-16,12852737,2,Prowess,Aggro,NotJim,3249166
2026-08-22,modern,16,33,modern-challenge-16,12852737,3,Grixis Reanimator,Graveyard,soggymeatball,2127900
2026-08-22,modern,16,33,modern-challenge-16,12852737,4,WBG,Midrange,meanfannypack,1703735
2026-08-22,modern,16,33,modern-challenge-16,12852737,5,Prowess,Aggro,Junkmener,2305332
2026-08-22,modern,16,33,modern-challenge-16,12852737,6,Esper Blink,Blink,ejk,1952341
2026-08-22,modern,16,33,modern-challenge-16,12852737,7,Devoted Combo,Combo,musasabi,1210536
2026-08-22,modern,16,33,modern-challenge-16,12852737,8,Goryo's Vengeance,Graveyard,PesE,3145234
2026-08-22,modern,16,33,modern-challenge-16,12852737,9,4c HollowOne,Graveyard,kyporioth,1713588
2026-08-22,modern,16,33,modern-challenge-16,12852737,10,Mono-Green Eldrazi,Ramp,_Falcon_,2498069
2026-08-22,modern,16,33,modern-challenge-16,12852737,11,Neobrand,Combo,E_Kaminuma,2707045
2026-08-22,modern,16,33,modern-challenge-16,12852737,12,Esper Blink,Blink,TheRightStuff,2315424
2026-08-22,modern,16,33,modern-challenge-16,12852737,13,Boros Burn,Aggro,GiestOfIWin,1564356
2026-08-22,modern,16,33,modern-challenge-16,12852737,14,Devoted Combo,Combo,selesneal,1618758
2026-08-22,modern,16,33,modern-challenge-16,12852737,15,Esper Blink,Blink,SanPop,2621451
2026-08-22,modern,16,33,modern-challenge-16,12852737,16,Esper Mill,Combo,medvedev,741295
2026-08-22,modern,16,33,modern-challenge-16,12852737,17,Prowess,Aggro,EthanBird,2658587
2026-08-22,modern,16,33,modern-challenge-16,12852737,18,Eldrazi Ramp,Ramp,iReedMinds,2038499
2026-08-22,modern,16,33,modern-challenge-16,12852737,19,Amulet Titan,Combo,reidq7,3155916
2026-08-22,modern,16,33,modern-challenge-16,12852737,20,Goryo's Vengeance,Graveyard,liuyuchen,1739534
2026-08-22,modern,16,33,modern-challenge-16,12852737,21,Prowess,Aggro,-Nausea-,2759230
2026-08-22,modern,16,33,modern-challenge-16,12852737,22,Broodscale Combo,Combo,maear,2645032
2026-08-22,modern,16,33,modern-challenge-16,12852737,23,Goryo's Vengeance,Graveyard,Kollslaw,3311758
2026-08-22,modern,16,33,modern-challenge-16,12852737,24,Rakdos Burn,Aggro,DemianDesposito10,2747375
2026-08-22,modern,16,33,modern-challenge-16,12852737,25,Boros Energy,Aggro,kasiso,2257869
2026-08-22,modern,16,33,modern-challenge-16,12852737,26,Domain Zoo,Midrange,Kyndrax,3477428
2026-08-22,modern,16,33,modern-challenge-16,12852737,27,Prowess,Aggro,nahuel10,1942357
2026-08-22,modern,16,33,modern-challenge-16,12852737,28,Affinity,Aggro,sidisi,1944075
2026-08-22,modern,16,33,modern-challenge-16,12852737,29,Affinity,Aggro,LordEgg,964394
2026-08-22,modern,16,33,modern-challenge-16,12852737,30,UBR,Midrange,planetbrainwash,3037817
2026-08-22,modern,16,33,modern-challenge-16,12852737,31,Domain Zoo,Midrange,Freeky_16,3046168
2026-08-22,modern,16,33,modern-challenge-16,12852737,32,Neobrand,Combo,JPA93,1181017
2026-08-22,modern,64,94,modern-challenge-64,12852736,1,Esper Blink,Blink,Willthepill,999039
2026-08-22,modern,64,94,modern-challenge-64,12852736,2,Mono-Green Eldrazi,Ramp,Kalipapas,3087728
2026-08-22,modern,64,94,modern-challenge-64,12852736,3,Grixis Control,Control,ipadkid,3560747
2026-08-22,modern,64,94,modern-challenge-64,12852736,4,Domain Zoo,Midrange,MercurialChemister,2839061
2026-08-22,modern,64,94,modern-challenge-64,12852736,5,Affinity,Aggro,LucasG1ggs,750888
2026-08-22,modern,64,94,modern-challenge-64,12852736,6,Goryo's Vengeance,Graveyard,KingHairy,2185747
2026-08-22,modern,64,94,modern-challenge-64,12852736,7,Eldrazi Tron,Ramp,Tinker_deck,2981803
2026-08-22,modern,64,94,modern-challenge-64,12852736,8,Dimir Midrange,Midrange,DrewEldon,1710517
2026-08-22,modern,64,94,modern-challenge-64,12852736,9,Esper Blink,Blink,stefansson30952,3405508
2026-08-22,modern,64,94,modern-challenge-64,12852736,10,Mono-Green Eldrazi,Ramp,gazmon48,1636994
2026-08-22,modern,64,94,modern-challenge-64,12852736,11,UW Control,Control,eclipse4343,2714224
2026-08-22,modern,64,94,modern-challenge-64,12852736,12,Goryo's Vengeance,Graveyard,connormc02,1221790
2026-08-22,modern,64,94,modern-challenge-64,12852736,13,Devoted Combo,Combo,MC_amp2267,2729232
2026-08-22,modern,64,94,modern-challenge-64,12852736,14,Devoted Combo,Combo,azureu09,1156732
2026-08-22,modern,64,94,modern-challenge-64,12852736,15,Prowess,Aggro,jvidarte,2651868
2026-08-22,modern,64,94,modern-challenge-64,12852736,16,Broodscale Combo,Combo,NerdDadChad,2993160
2026-08-22,modern,64,94,modern-challenge-64,12852736,17,Ruby Storm,Combo,Manny-,2139100
2026-08-22,modern,64,94,modern-challenge-64,12852736,18,Boros Energy,Aggro,NJ5030,3042804
2026-08-22,modern,64,94,modern-challenge-64,12852736,19,Rakdos HollowOne,Graveyard,kattsu,3405528
2026-08-22,modern,64,94,modern-challenge-64,12852736,20,Hammer Time,Combo,YungDingo,2928451
2026-08-22,modern,64,94,modern-challenge-64,12852736,21,Goryo's Vengeance,Graveyard,Tongmuzi,3111303
2026-08-22,modern,64,94,modern-challenge-64,12852736,22,Dimir Midrange,Midrange,RandomOctopus,1800145
2026-08-22,modern,64,94,modern-challenge-64,12852736,23,4c HollowOne,Graveyard,Sarlanga,643454
2026-08-22,modern,64,94,modern-challenge-64,12852736,24,U,Control,AgentP,1088634
2026-08-22,modern,64,94,modern-challenge-64,12852736,25,WUR,Midrange,ShadowTitan1,2130633
2026-08-22,modern,64,94,modern-challenge-64,12852736,26,Yawgmoth,Midrange,Sam_Lewin,2092528
2026-08-22,modern,64,94,modern-challenge-64,12852736,27,Affinity,Aggro,Arcbound_Papi,2137107
2026-08-22,modern,64,94,modern-challenge-64,12852736,28,Boros Energy,Aggro,kasiso,2257869
2026-08-22,modern,64,94,modern-challenge-64,12852736,29,Goryo's Vengeance,Graveyard,Richie727,1013616
2026-08-22,modern,64,94,modern-challenge-64,12852736,30,Devoted Combo,Combo,YAK9k,3500249
2026-08-22,modern,64,94,modern-challenge-64,12852736,31,Living End,Graveyard,TooManySnacks,2947363
2026-08-22,modern,64,94,modern-challenge-64,12852736,32,Jeskai Energy,Aggro,_demian,973068
2026-08-21,modern,64,101,modern-challenge-64,12852731,1,Affinity,Aggro,Haunter56,1126715
2026-08-21,modern,64,101,modern-challenge-64,12852731,2,Eldrazi Ramp,Ramp,Lightspirit,3222070
2026-08-21,modern,64,101,modern-challenge-64,12852731,3,Mono-Green Eldrazi,Ramp,haveaboavida,2811955
2026-08-21,modern,64,101,modern-challenge-64,12852731,4,Prowess,Aggro,ArthurMorgan,3572741
2026-08-21,modern,64,101,modern-challenge-64,12852731,5,Goryo's Vengeance,Graveyard,DskBayWolf,3220713
2026-08-21,modern,64,101,modern-challenge-64,12852731,6,Affinity,Aggro,TrueHero,2569009
2026-08-21,modern,64,101,modern-challenge-64,12852731,7,Broodscale Combo,Combo,ziofrancone,2676196
2026-08-21,modern,64,101,modern-challenge-64,12852731,8,Esper Blink,Blink,McWinSauce,803141
2026-08-21,modern,64,101,modern-challenge-64,12852731,9,Yawgmoth,Midrange,The_Yoda,1197356
2026-08-21,modern,64,101,modern-challenge-64,12852731,10,Domain Zoo,Midrange,ShowTime_,949859
2026-08-21,modern,64,101,modern-challenge-64,12852731,11,URG,Midrange,DelverOfBolts,2688845
2026-08-21,modern,64,101,modern-challenge-64,12852731,12,Broodscale Combo,Combo,pedronavaja,3540949
2026-08-21,modern,64,101,modern-challenge-64,12852731,13,Goryo's Vengeance,Graveyard,Habitante_do_Escuro,3412574
2026-08-21,modern,64,101,modern-challenge-64,12852731,14,Esper Midrange,Midrange,dzk,3390053
2026-08-21,modern,64,101,modern-challenge-64,12852731,15,Boros Energy,Aggro,kasiso,2257869
2026-08-21,modern,64,101,modern-challenge-64,12852731,16,Land Destruction,Control,shindy,1237388
2026-08-21,modern,64,101,modern-challenge-64,12852731,17,U,Control,aspiringspike,1042649
2026-08-21,modern,64,101,modern-challenge-64,12852731,18,Prowess,Aggro,dmorito,2027462
2026-08-21,modern,64,101,modern-challenge-64,12852731,19,Yawgmoth,Midrange,bobthedog,5694
2026-08-21,modern,64,101,modern-challenge-64,12852731,20,Ruby Storm,Combo,hugofreitas1,1997683
2026-08-21,modern,64,101,modern-challenge-64,12852731,21,Dimir Midrange,Midrange,ipadkid,3560747
2026-08-21,modern,64,101,modern-challenge-64,12852731,22,Prowess,Aggro,O_danielakos,1017550
2026-08-21,modern,64,101,modern-challenge-64,12852731,23,Broodscale Combo,Combo,SuperCow12653,2064081
2026-08-21,modern,64,101,modern-challenge-64,12852731,24,Goryo's Vengeance,Graveyard,iomatic,900413
2026-08-21,modern,64,101,modern-challenge-64,12852731,25,Goryo's Vengeance,Graveyard,Rvng,649380
2026-08-21,modern,64,101,modern-challenge-64,12852731,26,Tron,Ramp,narca,2776772
2026-08-21,modern,64,101,modern-challenge-64,12852731,27,Goryo's Vengeance,Graveyard,Xwhale,1428769
2026-08-21,modern,64,101,modern-challenge-64,12852731,28,4c HollowOne,Graveyard,Moaddin1186,1490004
2026-08-21,modern,64,101,modern-challenge-64,12852731,29,Azorius Control,Control,big6ybois,3358880
2026-08-21,modern,64,101,modern-challenge-64,12852731,30,Jeskai Energy,Aggro,-=Alfa=-,685719
2026-08-21,modern,64,101,modern-challenge-64,12852731,31,Belcher,Combo,Otifex,3149769
2026-08-21,modern,64,101,modern-challenge-64,12852731,32,Land Destruction,Control,JhonnySeJugar,3185788
2026-08-20,modern,64,94,modern-challenge-64,12852721,1,Prowess,Aggro,bananadisaster,3442638
2026-08-20,modern,64,94,modern-challenge-64,12852721,2,Boros Energy,Aggro,Rashek,2702005
2026-08-20,modern,64,94,modern-challenge-64,12852721,3,Esper Blink,Blink,thodoris17,2119308
2026-08-20,modern,64,94,modern-challenge-64,12852721,4,Eldrazi Ramp,Ramp,Lightspirit,3222070
2026-08-20,modern,64,94,modern-challenge-64,12852721,5,Goryo's Vengeance,Graveyard,lunaloveee,2886236
2026-08-20,modern,64,94,modern-challenge-64,12852721,6,Devoted Combo,Combo,selesneal,1618758
2026-08-20,modern,64,94,modern-challenge-64,12852721,7,Domain Zoo,Midrange,ShowTime_,949859
2026-08-20,modern,64,94,modern-challenge-64,12852721,8,Ruby Storm,Combo,X_Why_Z,2937193
2026-08-20,modern,64,94,modern-challenge-64,12852721,9,Mono-Green Eldrazi,Ramp,Slatorade,828185
2026-08-20,modern,64,94,modern-challenge-64,12852721,10,Domain Zoo,Midrange,MKC,549287
2026-08-20,modern,64,94,modern-challenge-64,12852721,11,Broodscale Combo,Combo,manohito,2908947
2026-08-20,modern,64,94,modern-challenge-64,12852721,12,Esper Blink,Blink,TSPJendrek,1205798
2026-08-20,modern,64,94,modern-challenge-64,12852721,13,Boros Energy,Aggro,ratabruta,2693418
2026-08-20,modern,64,94,modern-challenge-64,12852721,14,Grixis Control,Control,ipadkid,3560747
2026-08-20,modern,64,94,modern-challenge-64,12852721,15,Neobrand,Combo,jade-venus,3252443
2026-08-20,modern,64,94,modern-challenge-64,12852721,16,Boros Energy,Aggro,Mikebrav,726347
2026-08-20,modern,64,94,modern-challenge-64,12852721,17,Esper Blink,Blink,yriel,2537131
2026-08-20,modern,64,94,modern-challenge-64,12852721,18,Goryo's Vengeance,Graveyard,haoqinglangou,2390663
2026-08-20,modern,64,94,modern-challenge-64,12852721,19,Devoted Combo,Combo,_Shikamaru_,3332226
2026-08-20,modern,64,94,modern-challenge-64,12852721,20,Jeskai Energy,Aggro,xl_snapcaster,2232658
2026-08-20,modern,64,94,modern-challenge-64,12852721,21,Neobrand,Combo,CavalloGoloso,1205480
2026-08-20,modern,64,94,modern-challenge-64,12852721,22,Eldrazi Tron,Ramp,Jumba,2618500
2026-08-20,modern,64,94,modern-challenge-64,12852721,23,Orzhov Blink,Blink,JJ,750455
2026-08-20,modern,64,94,modern-challenge-64,12852721,24,Goryo's Vengeance,Graveyard,Tetsubou,1700365
2026-08-20,modern,64,94,modern-challenge-64,12852721,25,Devoted Combo,Combo,Capitano_CL,535716
2026-08-20,modern,64,94,modern-challenge-64,12852721,26,Grixis Reanimator,Graveyard,Cyncopath,3539894
2026-08-20,modern,64,94,modern-challenge-64,12852721,27,Living End,Graveyard,MeninoNey,2903591
2026-08-20,modern,64,94,modern-challenge-64,12852721,28,Devoted Combo,Combo,Marxelo,277034
2026-08-20,modern,64,94,modern-challenge-64,12852721,29,Land Destruction,Control,Kritik,2707200
2026-08-20,modern,64,94,modern-challenge-64,12852721,30,Azorius Control,Control,levunga21,494936
2026-08-20,modern,64,94,modern-challenge-64,12852721,31,Living End,Graveyard,Traumatismes,2865888
2026-08-20,modern,64,94,modern-challenge-64,12852721,32,The Rock,Midrange,SanPop,2621451
2026-08-19,modern,96,109,modern-challenge-96,12851716,1,Living End,Graveyard,MeninoNey,2903591
2026-08-19,modern,96,109,modern-challenge-96,12851716,2,Mono-Green Eldrazi,Ramp,HouseOfManaMTG,2669359
2026-08-19,modern,96,109,modern-challenge-96,12851716,3,Jeskai Energy,Aggro,stefansson30952,3405508
2026-08-19,modern,96,109,modern-challenge-96,12851716,4,Prowess,Aggro,_Abijhavs_,3195782
2026-08-19,modern,96,109,modern-challenge-96,12851716,5,Goryo's Vengeance,Graveyard,Rvng,649380
2026-08-19,modern,96,109,modern-challenge-96,12851716,6,Goryo's Vengeance,Graveyard,CMack_,2069667
2026-08-19,modern,96,109,modern-challenge-96,12851716,7,WBG,Midrange,frenzyofexultations,3476561
2026-08-19,modern,96,109,modern-challenge-96,12851716,8,Prowess,Aggro,nahuel10,1942357
2026-08-19,modern,96,109,modern-challenge-96,12851716,9,Affinity,Aggro,starfall,1156605
2026-08-19,modern,96,109,modern-challenge-96,12851716,10,Broodscale Combo,Combo,TomBombadi1,2607787
2026-08-19,modern,96,109,modern-challenge-96,12851716,11,Esper Blink,Blink,mh7lucky,2941952
2026-08-19,modern,96,109,modern-challenge-96,12851716,12,Devoted Combo,Combo,4FunNoWin,3479773
2026-08-19,modern,96,109,modern-challenge-96,12851716,13,Neobrand,Combo,JPA93,1181017
2026-08-19,modern,96,109,modern-challenge-96,12851716,14,Eldrazi Tron,Ramp,Antarctica,1163110
2026-08-19,modern,96,109,modern-challenge-96,12851716,15,4c HollowOne,Graveyard,Sarlanga,643454
2026-08-19,modern,96,109,modern-challenge-96,12851716,16,Boros Energy,Aggro,NJ5030,3042804
2026-08-19,modern,96,109,modern-challenge-96,12851716,17,Esper Blink,Blink,Bugsy69,2537822
2026-08-19,modern,96,109,modern-challenge-96,12851716,18,Broodscale Combo,Combo,pedronavaja,3540949
2026-08-19,modern,96,109,modern-challenge-96,12851716,19,Goryo's Vengeance,Graveyard,Tetsubou,1700365
2026-08-19,modern,96,109,modern-challenge-96,12851716,20,Dimir Midrange,Midrange,Martin_Dominguez,1755256
2026-08-19,modern,96,109,modern-challenge-96,12851716,21,Devoted Combo,Combo,Cachorrowo,2720911
2026-08-19,modern,96,109,modern-challenge-96,12851716,22,Mono-Black Midrange,Midrange,Selfeisek,2042214
2026-08-19,modern,96,109,modern-challenge-96,12851716,23,Prowess,Aggro,peter780108,1742159
2026-08-19,modern,96,109,modern-challenge-96,12851716,24,Prowess,Aggro,Xsper,3056706
2026-08-19,modern,96,109,modern-challenge-96,12851716,25,Esper Blink,Blink,acelerado440,3358375
2026-08-19,modern,96,109,modern-challenge-96,12851716,26,Prowess,Aggro,MasterGarrix,3452649
2026-08-19,modern,96,109,modern-challenge-96,12851716,27,Boros Energy,Aggro,Based,943247
2026-08-19,modern,96,109,modern-challenge-96,12851716,28,Broodscale Combo,Combo,PhyrexianSwarm,3553954
2026-08-19,modern,96,109,modern-challenge-96,12851716,29,Mono-Green Eldrazi,Ramp,oeni,847498
2026-08-19,modern,96,109,modern-challenge-96,12851716,30,Eldrazi Tron,Ramp,Jumba,2618500
2026-08-19,modern,96,109,modern-challenge-96,12851716,31,Prowess,Aggro,JonDaBill,3382957
2026-08-19,modern,96,109,modern-challenge-96,12851716,32,Affinity,Aggro,chuyingfei,691553
2026-08-19,modern,32,69,modern-challenge-32,12851707,1,Prowess,Aggro,mechrataal,1938190
2026-08-19,modern,32,69,modern-challenge-32,12851707,2,Devoted Combo,Combo,musasabi,1210536
2026-08-19,modern,32,69,modern-challenge-32,12851707,3,Jeskai Energy,Aggro,xl_snapcaster,2232658
2026-08-19,modern,32,69,modern-challenge-32,12851707,4,Goryo's Vengeance,Graveyard,nedyahiske,2404093
2026-08-19,modern,32,69,modern-challenge-32,12851707,5,Goryo's Vengeance,Graveyard,Sorathrix,2705240
2026-08-19,modern,32,69,modern-challenge-32,12851707,6,Esper Blink,Blink,TuckerMTG,2204845
2026-08-19,modern,32,69,modern-challenge-32,12851707,7,Dimir Midrange,Midrange,bless_von,2292083
2026-08-19,modern,32,69,modern-challenge-32,12851707,8,Esper Blink,Blink,_Grogu_,3553900
2026-08-19,modern,32,69,modern-challenge-32,12851707,9,UW Control,Control,eclipse4343,2714224
2026-08-19,modern,32,69,modern-challenge-32,12851707,10,Esper Blink,Blink,_Batutinha_,453404
2026-08-19,modern,32,69,modern-challenge-32,12851707,11,Living End,Graveyard,MeninoNey,2903591
2026-08-19,modern,32,69,modern-challenge-32,12851707,12,Prowess,Aggro,BowBloBiw,2768190
2026-08-19,modern,32,69,modern-challenge-32,12851707,13,Belcher,Combo,bugzbugs,3486773
2026-08-19,modern,32,69,modern-challenge-32,12851707,14,Eldrazi Tron,Ramp,Tinker_deck,2981803
2026-08-19,modern,32,69,modern-challenge-32,12851707,15,Goryo's Vengeance,Graveyard,magikal_juggalo,711131
2026-08-19,modern,32,69,modern-challenge-32,12851707,16,Jeskai Energy,Aggro,stefansson30952,3405508
2026-08-19,modern,32,69,modern-challenge-32,12851707,17,Prowess,Aggro,YungDingo,2928451
2026-08-19,modern,32,69,modern-challenge-32,12851707,18,Azorius Control,Control,thatguy_champ,2917923
2026-08-19,modern,32,69,modern-challenge-32,12851707,19,Living End,Graveyard,btail08,1980653
2026-08-19,modern,32,69,modern-challenge-32,12851707,20,Rakdos Aggro,Aggro,DragonFodder,415299
2026-08-19,modern,32,69,modern-challenge-32,12851707,21,4c HollowOne,Graveyard,ejk,1952341
2026-08-19,modern,32,69,modern-challenge-32,12851707,22,Prowess,Aggro,nahuel10,1942357
2026-08-19,modern,32,69,modern-challenge-32,12851707,23,Broodscale Combo,Combo,manohito,2908947
2026-08-19,modern,32,69,modern-challenge-32,12851707,24,4c HollowOne,Graveyard,LucasG1ggs,750888
2026-08-19,modern,32,69,modern-challenge-32,12851707,25,Yawgmoth,Midrange,Sam_Lewin,2092528
2026-08-19,modern,32,69,modern-challenge-32,12851707,26,BRG,Midrange,derlumberzack,1126781
2026-08-19,modern,32,69,modern-challenge-32,12851707,27,Dimir Midrange,Midrange,ipadkid,3560747
2026-08-19,modern,32,69,modern-challenge-32,12851707,28,Prowess,Aggro,jvidarte,2651868
2026-08-19,modern,32,69,modern-challenge-32,12851707,29,The Rock,Midrange,MystikHawk,2626857
2026-08-19,modern,32,69,modern-challenge-32,12851707,30,Neobrand,Combo,frekinsmart,2873371
2026-08-19,modern,32,69,modern-challenge-32,12851707,31,Ruby Storm,Combo,hugofreitas1,1997683
2026-08-19,modern,32,69,modern-challenge-32,12851707,32,Affinity,Aggro,Arcbound_Papi,2137107
2026-08-18,modern,64,77,modern-challenge-64,12851705,1,Mono-Green Eldrazi,Ramp,HouseOfManaMTG,2669359
2026-08-18,modern,64,77,modern-challenge-64,12851705,2,Dimir Midrange,Midrange,ipadkid,3560747
2026-08-18,modern,64,77,modern-challenge-64,12851705,3,WBG,Midrange,NathanOfTheGiltLeaf,2968680
2026-08-18,modern,64,77,modern-challenge-64,12851705,4,Devoted Combo,Combo,Marxelo,277034
2026-08-18,modern,64,77,modern-challenge-64,12851705,5,Broodscale Combo,Combo,KajuRoers,3549579
2026-08-18,modern,64,77,modern-challenge-64,12851705,6,Goryo's Vengeance,Graveyard,Martin_Dominguez,1755256
2026-08-18,modern,64,77,modern-challenge-64,12851705,7,Devoted Combo,Combo,Nowayh,2714019
2026-08-18,modern,64,77,modern-challenge-64,12851705,8,Prowess,Aggro,nahuel10,1942357
2026-08-18,modern,64,77,modern-challenge-64,12851705,9,Grixis Midrange,Midrange,Linden_43,3041704
2026-08-18,modern,64,77,modern-challenge-64,12851705,10,Jeskai Energy,Aggro,Aced5,10594
2026-08-18,modern,64,77,modern-challenge-64,12851705,11,WUR,Midrange,ShadowTitan1,2130633
2026-08-18,modern,64,77,modern-challenge-64,12851705,12,Prowess,Aggro,Devoured,3230515
2026-08-18,modern,64,77,modern-challenge-64,12851705,13,Goryo's Vengeance,Graveyard,Kollslaw,3311758
2026-08-18,modern,64,77,modern-challenge-64,12851705,14,Boros Energy,Aggro,ratabruta,2693418
2026-08-18,modern,64,77,modern-challenge-64,12851705,15,Prowess,Aggro,MaxMedeiros,1020450
2026-08-18,modern,64,77,modern-challenge-64,12851705,16,Esper Blink,Blink,_Batutinha_,453404
2026-08-18,modern,64,77,modern-challenge-64,12851705,17,Esper Blink,Blink,Rexplosion,1860596
2026-08-18,modern,64,77,modern-challenge-64,12851705,18,UG,Combo,CesarMerjan,2633477
2026-08-18,modern,64,77,modern-challenge-64,12851705,19,Broodscale Combo,Combo,bunnyfat,315547
2026-08-18,modern,64,77,modern-challenge-64,12851705,20,Mono-Black Midrange,Midrange,Selfeisek,2042214
2026-08-18,modern,64,77,modern-challenge-64,12851705,21,Living End,Graveyard,MeninoNey,2903591
2026-08-18,modern,64,77,modern-challenge-64,12851705,22,4c HollowOne,Graveyard,LucasG1ggs,750888
2026-08-18,modern,64,77,modern-challenge-64,12851705,23,Esper Blink,Blink,-Grissom-,3162448
2026-08-18,modern,64,77,modern-challenge-64,12851705,24,Esper Blink,Blink,Salty_Orange,2273541
2026-08-18,modern,64,77,modern-challenge-64,12851705,25,Boros Energy,Aggro,Rashek,2702005
2026-08-18,modern,64,77,modern-challenge-64,12851705,26,Domain Zoo,Midrange,Boin,181637
2026-08-18,modern,64,77,modern-challenge-64,12851705,27,Esper Blink,Blink,Mortaa,3250308
2026-08-18,modern,64,77,modern-challenge-64,12851705,28,Prowess,Aggro,Dustin_Comite,2995405
2026-08-18,modern,64,77,modern-challenge-64,12851705,29,Broodscale Combo,Combo,pedronavaja,3540949
2026-08-18,modern,64,77,modern-challenge-64,12851705,30,4c HollowOne,Graveyard,HolaChico,3485421
2026-08-18,modern,64,77,modern-challenge-64,12851705,31,Ruby Storm,Combo,hugofreitas1,1997683
2026-08-18,modern,64,77,modern-challenge-64,12851705,32,Neobrand,Combo,your_fave_maeve,3359557
2026-08-17,modern,96,99,modern-challenge-96,12851690,1,Goryo's Vengeance,Graveyard,Rvng,649380
2026-08-17,modern,96,99,modern-challenge-96,12851690,2,Devoted Combo,Combo,Nowayh,2714019
2026-08-17,modern,96,99,modern-challenge-96,12851690,3,WUR,Midrange,ShadowTitan1,2130633
2026-08-17,modern,96,99,modern-challenge-96,12851690,4,Goryo's Vengeance,Graveyard,bcs8995,1824707
2026-08-17,modern,96,99,modern-challenge-96,12851690,5,Land Destruction,Control,kthanakit26,2122697
2026-08-17,modern,96,99,modern-challenge-96,12851690,6,Prowess,Aggro,arturcosta,2887338
2026-08-17,modern,96,99,modern-challenge-96,12851690,7,Devoted Combo,Combo,Thunus,3076886
2026-08-17,modern,96,99,modern-challenge-96,12851690,8,Goryo's Vengeance,Graveyard,EpicWalrus,2287212
2026-08-17,modern,96,99,modern-challenge-96,12851690,9,Esper Blink,Blink,Poderosisimo,1186562
2026-08-17,modern,96,99,modern-challenge-96,12851690,10,Esper Blink,Blink,Salty_Orange,2273541
2026-08-17,modern,96,99,modern-challenge-96,12851690,11,Eldrazi Tron,Ramp,Tamarindo,1216373
2026-08-17,modern,96,99,modern-challenge-96,12851690,12,Esper Blink,Blink,Bugsy69,2537822
2026-08-17,modern,96,99,modern-challenge-96,12851690,13,UW Control,Control,eclipse4343,2714224
2026-08-17,modern,96,99,modern-challenge-96,12851690,14,Prowess,Aggro,mechrataal,1938190
2026-08-17,modern,96,99,modern-challenge-96,12851690,15,Broodscale Combo,Combo,Pallocchia314,3489335
2026-08-17,modern,96,99,modern-challenge-96,12851690,16,Affinity,Aggro,Haunter56,1126715
2026-08-17,modern,96,99,modern-challenge-96,12851690,17,Through the Breach,Combo,Fra91,3375676
2026-08-17,modern,96,99,modern-challenge-96,12851690,18,Broodscale Combo,Combo,manohito,2908947
2026-08-17,modern,96,99,modern-challenge-96,12851690,19,Broodscale Combo,Combo,Uagli1,2680052
2026-08-17,modern,96,99,modern-challenge-96,12851690,20,Esper Blink,Blink,TSPJendrek,1205798
2026-08-17,modern,96,99,modern-challenge-96,12851690,21,UW Control,Control,CavalloGoloso,1205480
2026-08-17,modern,96,99,modern-challenge-96,12851690,22,Broodscale Combo,Combo,pedronavaja,3540949
2026-08-17,modern,96,99,modern-challenge-96,12851690,23,Eldrazi Ramp,Ramp,RTR_,3186428
2026-08-17,modern,96,99,modern-challenge-96,12851690,24,WBG,Midrange,Jungski,3169912
2026-08-17,modern,96,99,modern-challenge-96,12851690,25,Neobrand,Combo,badgods,2712630
2026-08-17,modern,96,99,modern-challenge-96,12851690,26,Affinity,Aggro,chuyingfei,691553
2026-08-17,modern,96,99,modern-challenge-96,12851690,27,UBR,Midrange,planetbrainwash,3037817
2026-08-17,modern,96,99,modern-challenge-96,12851690,28,Esper Blink,Blink,Spellyp,3373315
2026-08-17,modern,96,99,modern-challenge-96,12851690,29,Esper Blink,Blink,Mansa_Musa,3544096
2026-08-17,modern,96,99,modern-challenge-96,12851690,30,Neobrand,Combo,oskiyaa,1111702
2026-08-17,modern,96,99,modern-challenge-96,12851690,31,The Rock,Midrange,pokerswizard,280778
2026-08-17,modern,96,99,modern-challenge-96,12851690,32,Broodscale Combo,Combo,RCMerriam,1041920
2026-08-17,modern,64,72,modern-challenge-64,12851686,1,Esper Blink,Blink,Dioferreira,1950164
2026-08-17,modern,64,72,modern-challenge-64,12851686,2,Prowess,Aggro,ScreenwriterNY,1880301
2026-08-17,modern,64,72,modern-challenge-64,12851686,3,Mono-Black Midrange,Midrange,Selfeisek,2042214
2026-08-17,modern,64,72,modern-challenge-64,12851686,4,Goryo's Vengeance,Graveyard,Ivan_Draw_Go,2679669
2026-08-17,modern,64,72,modern-challenge-64,12851686,5,Prowess,Aggro,YungDingo,2928451
2026-08-17,modern,64,72,modern-challenge-64,12851686,6,4c HollowOne,Graveyard,LucasG1ggs,750888
2026-08-17,modern,64,72,modern-challenge-64,12851686,7,WUR,Midrange,ShadowTitan1,2130633
2026-08-17,modern,64,72,modern-challenge-64,12851686,8,Dimir Midrange,Midrange,littesir095,3034834
2026-08-17,modern,64,72,modern-challenge-64,12851686,9,Devoted Combo,Combo,musasabi,1210536
2026-08-17,modern,64,72,modern-challenge-64,12851686,10,WUR,Midrange,bless_von,2292083
2026-08-17,modern,64,72,modern-challenge-64,12851686,11,Esper Blink,Blink,Bugsy69,2537822
2026-08-17,modern,64,72,modern-challenge-64,12851686,12,Grixis Reanimator,Graveyard,Sorathrix,2705240
2026-08-17,modern,64,72,modern-challenge-64,12851686,13,Devoted Combo,Combo,DaybreakFinks,2753868
2026-08-17,modern,64,72,modern-challenge-64,12851686,14,Boros Energy,Aggro,ChinaNO2,2881508
2026-08-17,modern,64,72,modern-challenge-64,12851686,15,Mono-Green Eldrazi,Ramp,Csypher,3040653
2026-08-17,modern,64,72,modern-challenge-64,12851686,16,BRG,Midrange,derlumberzack,1126781
2026-08-17,modern,64,72,modern-challenge-64,12851686,17,WUR,Midrange,Darkchrome6538,2877405
2026-08-17,modern,64,72,modern-challenge-64,12851686,18,UG,Combo,manohito,2908947
2026-08-17,modern,64,72,modern-challenge-64,12851686,19,Boros Energy,Aggro,SimonAntillon,3557832
2026-08-17,modern,64,72,modern-challenge-64,12851686,20,Esper Blink,Blink,TuckerMTG,2204845
2026-08-17,modern,64,72,modern-challenge-64,12851686,21,4c HollowOne,Graveyard,Filho_do_MOL,3180600
2026-08-17,modern,64,72,modern-challenge-64,12851686,22,Prowess,Aggro,Tree42o,875470
2026-08-17,modern,64,72,modern-challenge-64,12851686,23,UW Control,Control,eclipse4343,2714224
2026-08-17,modern,64,72,modern-challenge-64,12851686,24,Hammer Time,Combo,justFeather,2446403
2026-08-17,modern,64,72,modern-challenge-64,12851686,25,4c HollowOne,Graveyard,Cachorrowo,2720911
2026-08-17,modern,64,72,modern-challenge-64,12851686,26,Rakdos Aggro,Aggro,DragonFodder,415299
2026-08-17,modern,64,72,modern-challenge-64,12851686,27,Amulet Titan,Combo,crazythursday,3116151
2026-08-17,modern,64,72,modern-challenge-64,12851686,28,Boros Energy,Aggro,Sarlanga,643454
2026-08-17,modern,64,72,modern-challenge-64,12851686,29,Neobrand,Combo,KeasbyKnight,2856033
2026-08-17,modern,64,72,modern-challenge-64,12851686,30,Esper Mill,Combo,medvedev,741295
2026-08-17,modern,64,72,modern-challenge-64,12851686,31,Goryo's Vengeance,Graveyard,DskBayWolf,3220713
2026-08-17,modern,64,72,modern-challenge-64,12851686,32,Grixis Midrange,Midrange,ipadkid,3560747
2026-08-16,modern,64,71,modern-challenge-64,12851676,1,4c HollowOne,Graveyard,Xenowan,2614008
2026-08-16,modern,64,71,modern-challenge-64,12851676,2,Esper Blink,Blink,thodoris17,2119308
2026-08-16,modern,64,71,modern-challenge-64,12851676,3,Domain Zoo,Midrange,ryuumei,933670
2026-08-16,modern,64,71,modern-challenge-64,12851676,4,Esper Blink,Blink,JahBoodle,3150061
2026-08-16,modern,64,71,modern-challenge-64,12851676,5,Mono-Black Midrange,Midrange,SanPop,2621451
2026-08-16,modern,64,71,modern-challenge-64,12851676,6,Esper Blink,Blink,acelerado440,3358375
2026-08-16,modern,64,71,modern-challenge-64,12851676,7,Sultai Ritual,Midrange,STURSY,3273156
2026-08-16,modern,64,71,modern-challenge-64,12851676,8,Grixis Reanimator,Graveyard,yolad,3342362
2026-08-16,modern,64,71,modern-challenge-64,12851676,9,Mono-Black Midrange,Midrange,UltraEgo_,3105602
2026-08-16,modern,64,71,modern-challenge-64,12851676,10,Broodscale Combo,Combo,Cheeesy,2950421
2026-08-16,modern,64,71,modern-challenge-64,12851676,11,Azorius Control,Control,bobthedog,5694
2026-08-16,modern,64,71,modern-challenge-64,12851676,12,Esper Blink,Blink,JuanmaAT,2695862
2026-08-16,modern,64,71,modern-challenge-64,12851676,13,Prowess,Aggro,bestdraveneu,3569566
2026-08-16,modern,64,71,modern-challenge-64,12851676,14,Goryo's Vengeance,Graveyard,VampireDiaries,2283377
2026-08-16,modern,64,71,modern-challenge-64,12851676,15,Dimir Midrange,Midrange,ipadkid,3560747
2026-08-16,modern,64,71,modern-challenge-64,12851676,16,Mono-Green Eldrazi,Ramp,CNewman,1715380
2026-08-16,modern,64,71,modern-challenge-64,12851676,17,Boros Energy,Aggro,ManuMasters,2625537
2026-08-16,modern,64,71,modern-challenge-64,12851676,18,UW Loki,Control,Radziolot,2416526
2026-08-16,modern,64,71,modern-challenge-64,12851676,19,Dimir Midrange,Midrange,Mazun0,3132608
2026-08-16,modern,64,71,modern-challenge-64,12851676,20,Goryo's Vengeance,Graveyard,optivial,3140486
2026-08-16,modern,64,71,modern-challenge-64,12851676,21,Ruby Storm,Combo,Erik157751,2578127
2026-08-16,modern,64,71,modern-challenge-64,12851676,22,Affinity,Aggro,Habitante_do_Escuro,3412574
2026-08-16,modern,64,71,modern-challenge-64,12851676,23,Eldrazi Tron,Ramp,Scappie,1129308
2026-08-16,modern,64,71,modern-challenge-64,12851676,24,Esper Blink,Blink,etazazer,2242008
2026-08-16,modern,64,71,modern-challenge-64,12851676,25,Esper Blink,Blink,_Falcon_,2498069
2026-08-16,modern,64,71,modern-challenge-64,12851676,26,Living End,Graveyard,Sorathrix,2705240
2026-08-16,modern,64,71,modern-challenge-64,12851676,27,Goryo's Vengeance,Graveyard,Deathmaxx,2995055
2026-08-16,modern,64,71,modern-challenge-64,12851676,28,Ruby Storm,Combo,WanderingOnes,840020
2026-08-16,modern,64,71,modern-challenge-64,12851676,29,Goryo's Vengeance,Graveyard,Sifui,3073951
2026-08-16,modern,64,71,modern-challenge-64,12851676,30,Jeskai Energy,Aggro,_Batutinha_,453404
2026-08-16,modern,64,71,modern-challenge-64,12851676,31,4c HollowOne,Graveyard,Ardonas,1040296
2026-08-16,modern,64,71,modern-challenge-64,12851676,32,Boros Energy,Aggro,MayoDominaria,1112102
2026-08-16,modern,64,79,modern-challenge-64,12851672,1,Belcher,Combo,E90_DeliveryBoy,3122660
2026-08-16,modern,64,79,modern-challenge-64,12851672,2,Living End,Graveyard,niuwaid001,2372533
2026-08-16,modern,64,79,modern-challenge-64,12851672,3,Eldrazi Tron,Ramp,benbot9003,1572878
2026-08-16,modern,64,79,modern-challenge-64,12851672,4,UW Control,Control,eclipse4343,2714224
2026-08-16,modern,64,79,modern-challenge-64,12851672,5,Goryo's Vengeance,Graveyard,jussupinator,880239
2026-08-16,modern,64,79,modern-challenge-64,12851672,6,Eldrazi Ramp,Ramp,manohito,2908947
2026-08-16,modern,64,79,modern-challenge-64,12851672,7,Prowess,Aggro,emairi,2984489
2026-08-16,modern,64,79,modern-challenge-64,12851672,8,Dimir Midrange,Midrange,DrewEldon,1710517
2026-08-16,modern,64,79,modern-challenge-64,12851672,9,Prowess,Aggro,Grogore,2664302
2026-08-16,modern,64,79,modern-challenge-64,12851672,10,Dimir Midrange,Midrange,oinkmage22,2858193
2026-08-16,modern,64,79,modern-challenge-64,12851672,11,Neobrand,Combo,UninspiredMehjagic,3050754
2026-08-16,modern,64,79,modern-challenge-64,12851672,12,Esper Blink,Blink,Marvin_Dalkiri,1516253
2026-08-16,modern,64,79,modern-challenge-64,12851672,13,Prowess,Aggro,mechrataal,1938190
2026-08-16,modern,64,79,modern-challenge-64,12851672,14,Broodscale Combo,Combo,NerdDadChad,2993160
2026-08-16,modern,64,79,modern-challenge-64,12851672,15,Broodscale Combo,Combo,MyrRetriever,3006274
2026-08-16,modern,64,79,modern-challenge-64,12851672,16,Ruby Storm,Combo,WanderingOnes,840020
2026-08-16,modern,64,79,modern-challenge-64,12851672,17,Devoted Combo,Combo,416FrowningTable,2397690
2026-08-16,modern,64,79,modern-challenge-64,12851672,18,Domain Zoo,Midrange,KingOfGames1522,2831734
2026-08-16,modern,64,79,modern-challenge-64,12851672,19,Boros Energy,Aggro,Rapgod,3163526
2026-08-16,modern,64,79,modern-challenge-64,12851672,20,Grixis Midrange,Midrange,ipadkid,3560747
2026-08-16,modern,64,79,modern-challenge-64,12851672,21,Goryo's Vengeance,Graveyard,BENTO_,3458153
2026-08-16,modern,64,79,modern-challenge-64,12851672,22,4c Control,Control,SteveKnack,2568591
2026-08-16,modern,64,79,modern-challenge-64,12851672,23,Mono-Black Midrange,Midrange,Selfeisek,2042214
2026-08-16,modern,64,79,modern-challenge-64,12851672,24,Mono-Green Eldrazi,Ramp,amin0e,3107576
2026-08-16,modern,64,79,modern-challenge-64,12851672,25,Broodscale Combo,Combo,praiseseigerhino,2723741
2026-08-16,modern,64,79,modern-challenge-64,12851672,26,Prowess,Aggro,Marlin583,3350667
2026-08-16,modern,64,79,modern-challenge-64,12851672,27,Dimir Midrange,Midrange,DLCabelo,516055
2026-08-16,modern,64,79,modern-challenge-64,12851672,28,Affinity,Aggro,_Stream,1540808
2026-08-16,modern,64,79,modern-challenge-64,12851672,29,Neobrand,Combo,RED-King,3519050
2026-08-16,modern,64,79,modern-challenge-64,12851672,30,Prowess,Aggro,KnightOfSuri,2797068
2026-08-16,modern,64,79,modern-challenge-64,12851672,31,Neobrand,Combo,frekinsmart,2873371
2026-08-16,modern,64,79,modern-challenge-64,12851672,32,Yawgmoth,Midrange,MacIsaac,3233450
2026-08-31,modern,96,121,modern-challenge-96,12853212,1,Goryo's Vengeance,Graveyard,Sol0monGrundy,2338194
2026-08-31,modern,96,121,modern-challenge-96,12853212,2,Broodscale Combo,Combo,PerkyT,3142768
2026-08-31,modern,96,121,modern-challenge-96,12853212,3,Land Destruction,Control,shindy,1237388
2026-08-31,modern,96,121,modern-challenge-96,12853212,4,Esper Blink,Blink,rerere,2298957
2026-08-31,modern,96,121,modern-challenge-96,12853212,5,Living End,Graveyard,MeninoNey,2903591
2026-08-31,modern,96,121,modern-challenge-96,12853212,6,Goryo's Vengeance,Graveyard,kanister,1205292
2026-08-31,modern,96,121,modern-challenge-96,12853212,7,Esper Blink,Blink,ShikiXYZ,1188705
2026-08-31,modern,96,121,modern-challenge-96,12853212,8,Dimir Midrange,Midrange,GWT,3544040
2026-08-31,modern,96,121,modern-challenge-96,12853212,9,Prowess,Aggro,trdbrt,3560401
2026-08-31,modern,96,121,modern-challenge-96,12853212,10,Jeskai Energy,Aggro,MayoDominaria,1112102
2026-08-31,modern,96,121,modern-challenge-96,12853212,11,Goryo's Vengeance,Graveyard,xfile,2449332
2026-08-31,modern,96,121,modern-challenge-96,12853212,12,Land Destruction,Control,filpin,3141690
2026-08-31,modern,96,121,modern-challenge-96,12853212,13,Esper Blink,Blink,toondoslav,1712831
2026-08-31,modern,96,121,modern-challenge-96,12853212,14,Prowess,Aggro,bestdraveneu,3569566
2026-08-31,modern,96,121,modern-challenge-96,12853212,15,Ruby Storm,Combo,hugofreitas1,1997683
2026-08-31,modern,96,121,modern-challenge-96,12853212,16,Goryo's Vengeance,Graveyard,Rvng,649380
2026-08-31,modern,96,121,modern-challenge-96,12853212,17,Land Destruction,Control,pokerswizard,280778
2026-08-31,modern,96,121,modern-challenge-96,12853212,18,Esper Blink,Blink,Jonii,3315283
2026-08-31,modern,96,121,modern-challenge-96,12853212,19,Tron,Ramp,scalo94,868229
2026-08-31,modern,96,121,modern-challenge-96,12853212,20,Eldrazi Ramp,Ramp,Lightspirit,3222070
2026-08-31,modern,96,121,modern-challenge-96,12853212,21,Esper Blink,Blink,Tetsubou,1700365
2026-08-31,modern,96,121,modern-challenge-96,12853212,22,Esper Blink,Blink,rastaf,254536
2026-08-31,modern,96,121,modern-challenge-96,12853212,23,Eldrazi Ramp,Ramp,Pallocchia314,3489335
2026-08-31,modern,96,121,modern-challenge-96,12853212,24,Goryo's Vengeance,Graveyard,Deathmaxx,2995055
2026-08-31,modern,96,121,modern-challenge-96,12853212,25,Broodscale Combo,Combo,anttoms21,2618334
2026-08-31,modern,96,121,modern-challenge-96,12853212,26,Prowess,Aggro,DelverOfBolts,2688845
2026-08-31,modern,96,121,modern-challenge-96,12853212,27,Esper Blink,Blink,Brunes,2764694
2026-08-31,modern,96,121,modern-challenge-96,12853212,28,Devoted Combo,Combo,musasabi,1210536
2026-08-31,modern,96,121,modern-challenge-96,12853212,29,Eldrazi Ramp,Ramp,sgcyrus,434546
2026-08-31,modern,96,121,modern-challenge-96,12853212,30,Esper Blink,Blink,Jedgi,1996271
2026-08-31,modern,96,121,modern-challenge-96,12853212,31,Goryo's Vengeance,Graveyard,Bothes,3263381
2026-08-31,modern,96,121,modern-challenge-96,12853212,32,Broodscale Combo,Combo,ziofrancone,2676196
2026-08-31,modern,64,78,modern-challenge-64,12853210,1,Esper Blink,Blink,rastaf,254536
2026-08-31,modern,64,78,modern-challenge-64,12853210,2,Esper Blink,Blink,VictorEsquici,3013293
2026-08-31,modern,64,78,modern-challenge-64,12853210,3,WG,Aggro,YungDingo,2928451
2026-08-31,modern,64,78,modern-challenge-64,12853210,4,Esper Blink,Blink,Dioferreira,1950164
2026-08-31,modern,64,78,modern-challenge-64,12853210,5,Broodscale Combo,Combo,Hazzrd,1695657
2026-08-31,modern,64,78,modern-challenge-64,12853210,6,Broodscale Combo,Combo,NerdDadChad,2993160
2026-08-31,modern,64,78,modern-challenge-64,12853210,7,Living End,Graveyard,WaynePlays,3544508
2026-08-31,modern,64,78,modern-challenge-64,12853210,8,Living End,Graveyard,I_Cant_Read,3558262
2026-08-31,modern,64,78,modern-challenge-64,12853210,9,Esper Blink,Blink,Venom01,3535587
2026-08-31,modern,64,78,modern-challenge-64,12853210,10,Eldrazi Tron,Ramp,littesir095,3034834
2026-08-31,modern,64,78,modern-challenge-64,12853210,11,Tron,Ramp,HouseOfManaMTG,2669359
2026-08-31,modern,64,78,modern-challenge-64,12853210,12,Affinity,Aggro,JV_7777,2045296
2026-08-31,modern,64,78,modern-challenge-64,12853210,13,Living End,Graveyard,bcs8995,1824707
2026-08-31,modern,64,78,modern-challenge-64,12853210,14,Prowess,Aggro,LucasG1ggs,750888
2026-08-31,modern,64,78,modern-challenge-64,12853210,15,Prowess,Aggro,Xsper,3056706
2026-08-31,modern,64,78,modern-challenge-64,12853210,16,Goryo's Vengeance,Graveyard,xfile,2449332
2026-08-31,modern,64,78,modern-challenge-64,12853210,17,Ruby Storm,Combo,Manny-,2139100
2026-08-31,modern,64,78,modern-challenge-64,12853210,18,Broodscale Combo,Combo,AvianScrolls,2972771
2026-08-31,modern,64,78,modern-challenge-64,12853210,19,Devoted Combo,Combo,Capitano_CL,535716
2026-08-31,modern,64,78,modern-challenge-64,12853210,20,Dimir Murktide,Midrange,derlumberzack,1126781
2026-08-31,modern,64,78,modern-challenge-64,12853210,21,4c HollowOne,Graveyard,Sarlanga,643454
2026-08-31,modern,64,78,modern-challenge-64,12853210,22,Affinity,Aggro,LukeBrandes,2943684
2026-08-31,modern,64,78,modern-challenge-64,12853210,23,Prowess,Aggro,Scorpion100,2872570
2026-08-31,modern,64,78,modern-challenge-64,12853210,24,Mono-Green Eldrazi,Ramp,Flossing,1054408
2026-08-31,modern,64,78,modern-challenge-64,12853210,25,4c HollowOne,Graveyard,HolaChico,3485421
2026-08-31,modern,64,78,modern-challenge-64,12853210,26,Ruby Storm,Combo,Cachorrowo,2720911
2026-08-31,modern,64,78,modern-challenge-64,12853210,27,Esper Midrange,Midrange,TeamGreed,1855680
2026-08-31,modern,64,78,modern-challenge-64,12853210,28,Land Destruction,Control,shindy,1237388
2026-08-31,modern,64,78,modern-challenge-64,12853210,29,Prowess,Aggro,Tree42o,875470
2026-08-31,modern,64,78,modern-challenge-64,12853210,30,Boros Energy,Aggro,SimonAntillon,3557832
2026-08-31,modern,64,78,modern-challenge-64,12853210,31,Domain Zoo,Midrange,Hawkfrost000,2757044
2026-08-31,modern,64,78,modern-challenge-64,12853210,32,Esper Blink,Blink,nick4567,2757041
