EventDate,IngestedAt,EventID,EventName,EventType,Format,Season,LoginID,Name,Placement,PointsAwarded
2026-07-13,2026-09-02T09:20:04Z,12847150,Modern Challenge 64,challenge,modern,Summer 2026,3311758,Kollslaw,1,5
2026-07-13,2026-09-02T09:20:04Z,12847150,Modern Challenge 64,challenge,modern,Summer 2026,3183766,yeojlil,2,4
2026-07-13,2026-09-02T09:20:04Z,12847150,Modern Challenge 64,challenge,modern,Summer 2026,3442638,bananadisaster,3,3
2026-07-13,2026-09-02T09:20:04Z,12847150,Modern Challenge 64,challenge,modern,Summer 2026,2760324,jayrod115,4,3
2026-07-13,2026-09-02T09:20:04Z,12847150,Modern Challenge 64,challenge,modern,Summer 2026,1636994,gazmon48,5,2
2026-07-13,2026-09-02T09:20:04Z,12847150,Modern Challenge 64,challenge,modern,Summer 2026,3540949,pedronavaja,6,2
2026-07-13,2026-09-02T09:20:04Z,12847150,Modern Challenge 64,challenge,modern,Summer 2026,3275763,UnusualAnt,7,2
2026-07-13,2026-09-02T09:20:04Z,12847150,Modern Challenge 64,challenge,modern,Summer 2026,2729232,MC_amp2267,8,2
2026-07-13,2026-09-02T09:20:04Z,12847150,Modern Challenge 64,challenge,modern,Summer 2026,3359144,TheColorOfBoom,9,1
2026-07-13,2026-09-02T09:20:04Z,12847150,Modern Challenge 64,challenge,modern,Summer 2026,3085636,GigaChadSigmaMale,10,1
2026-07-13,2026-09-02T09:20:04Z,12847150,Modern Challenge 64,challenge,modern,Summer 2026,3069560,Pafru,11,1
2026-07-13,2026-09-02T09:20:04Z,12847150,Modern Challenge 64,challenge,modern,Summer 2026,3030517,wft,12,1
2026-07-13,2026-09-02T09:20:04Z,12847150,Modern Challenge 64,challenge,modern,Summer 2026,3556231,PMMori,13,1
2026-07-13,2026-09-02T09:20:04Z,12847150,Modern Challenge 64,challenge,modern,Summer 2026,2468640,ashmosus,14,1
2026-07-13,2026-09-02T09:20:04Z,12847150,Modern Challenge 64,challenge,modern,Summer 2026,2661255,MixolydianMagus,15,1
2026-07-13,2026-09-02T09:20:04Z,12847150,Modern Challenge 64,challenge,modern,Summer 2026,2781425,Baurong,16,1
2026-07-13,2026-09-02T09:20:04Z,12847150,Modern Challenge 64,challenge,modern,Summer 2026,2757366,kaikas,17,0
2026-07-13,2026-09-02T09:20:04Z,12847150,Modern Challenge 64,challenge,modern,Summer 2026,1952341,ejk,18,0
2026-07-13,2026-09-02T09:20:04Z,12847150,Modern Challenge 64,challenge,modern,Summer 2026,750888,LucasG1ggs,19,0
2026-07-13,2026-09-02T09:20:04Z,12847150,Modern Challenge 64,challenge,modern,Summer 2026,1942357,nahuel10,20,0
2026-07-13,2026-09-02T09:20:04Z,12847150,Modern Challenge 64,challenge,modern,Summer 2026,643454,Sarlanga,21,0
2026-07-13,2026-09-02T09:20:04Z,12847150,Modern Challenge 64,challenge,modern,Summer 2026,1126781,derlumberzack,22,0
2026-07-13,2026-09-02T09:20:04Z,12847150,Modern Challenge 64,challenge,modern,Summer 2026,2127900,soggymeatball,23,0
2026-07-13,2026-09-02T09:20:04Z,12847150,Modern Challenge 64,challenge,modern,Summer 2026,1742159,peter780108,24,0
2026-07-13,2026-09-02T09:20:04Z,12847150,Modern Challenge 64,challenge,modern,Summer 2026,2842847,lilianna1989,25,0
2026-07-13,2026-09-02T09:20:04Z,12847150,Modern Challenge 64,challenge,modern,Summer 2026,3247117,KillerWhale01,26,0
2026-07-13,2026-09-02T09:20:04Z,12847150,Modern Challenge 64,challenge,modern,Summer 2026,3449198,Jftwest,27,0
2026-07-13,2026-09-02T09:20:04Z,12847150,Modern Challenge 64,challenge,modern,Summer 2026,1114887,Highzac,28,0
2026-07-13,2026-09-02T09:20:04Z,12847150,Modern Challenge 64,challenge,modern,Summer 2026,2372533,niuwaid001,29,0
2026-07-13,2026-09-02T09:20:04Z,12847150,Modern Challenge 64,challenge,modern,Summer 2026,2776644,Bmharwell,30,0
2026-07-13,2026-09-02T09:20:04Z,12847150,Modern Challenge 64,challenge,modern,Summer 2026,3110481,Mad_Manaman,31,0
2026-07-13,2026-09-02T09:20:04Z,12847150,Modern Challenge 64,challenge,modern,Summer 2026,2404093,nedyahiske,32,0
2026-07-13,2026-09-02T09:20:04Z,12847154,Modern Challenge 96,challenge,modern,Summer 2026,2675046,broers_,1,5
2026-07-13,2026-09-02T09:20:04Z,12847154,Modern Challenge 96,challenge,modern,Summer 2026,1703237,barczek,2,4
2026-07-13,2026-09-02T09:20:04Z,12847154,Modern Challenge 96,challenge,modern,Summer 2026,3222070,Lightspirit,3,3
2026-07-13,2026-09-02T09:20:04Z,12847154,Modern Challenge 96,challenge,modern,Summer 2026,803141,McWinSauce,4,3
2026-07-13,2026-09-02T09:20:04Z,12847154,Modern Challenge 96,challenge,modern,Summer 2026,649380,Rvng,5,2
2026-07-13,2026-09-02T09:20:04Z,12847154,Modern Challenge 96,challenge,modern,Summer 2026,2714224,eclipse4343,6,2
2026-07-13,2026-09-02T09:20:04Z,12847154,Modern Challenge 96,challenge,modern,Summer 2026,2443246,MZBlazer,7,2
2026-07-13,2026-09-02T09:20:04Z,12847154,Modern Challenge 96,challenge,modern,Summer 2026,3306092,Odin2015,8,2
2026-07-13,2026-09-02T09:20:04Z,12847154,Modern Challenge 96,challenge,modern,Summer 2026,3100948,Epreez,9,1
2026-07-13,2026-09-02T09:20:04Z,12847154,Modern Challenge 96,challenge,modern,Summer 2026,3143623,Fransadness,10,1
2026-07-13,2026-09-02T09:20:04Z,12847154,Modern Challenge 96,challenge,modern,Summer 2026,2680406,MarcoBelacca95,11,1
2026-07-13,2026-09-02T09:20:04Z,12847154,Modern Challenge 96,challenge,modern,Summer 2026,1952341,ejk,12,1
2026-07-13,2026-09-02T09:20:04Z,12847154,Modern Challenge 96,challenge,modern,Summer 2026,2742126,Tezzey,13,1
2026-07-13,2026-09-02T09:20:04Z,12847154,Modern Challenge 96,challenge,modern,Summer 2026,1089456,Xerk,14,1
2026-07-13,2026-09-02T09:20:04Z,12847154,Modern Challenge 96,challenge,modern,Summer 2026,3533340,ybai34,15,1
2026-07-13,2026-09-02T09:20:04Z,12847154,Modern Challenge 96,challenge,modern,Summer 2026,750888,LucasG1ggs,16,1
2026-07-13,2026-09-02T09:20:04Z,12847154,Modern Challenge 96,challenge,modern,Summer 2026,3263693,MeninooNey,17,0
2026-07-13,2026-09-02T09:20:04Z,12847154,Modern Challenge 96,challenge,modern,Summer 2026,1546166,leandru,18,0
2026-07-13,2026-09-02T09:20:04Z,12847154,Modern Challenge 96,challenge,modern,Summer 2026,1402299,toutoune10,19,0
2026-07-13,2026-09-02T09:20:04Z,12847154,Modern Challenge 96,challenge,modern,Summer 2026,2981803,Tinker_deck,20,0
2026-07-13,2026-09-02T09:20:04Z,12847154,Modern Challenge 96,challenge,modern,Summer 2026,2446403,justFeather,21,0
2026-07-13,2026-09-02T09:20:04Z,12847154,Modern Challenge 96,challenge,modern,Summer 2026,2678472,MATTOMARINAIO,22,0
2026-07-13,2026-09-02T09:20:04Z,12847154,Modern Challenge 96,challenge,modern,Summer 2026,3315283,Jonii,23,0
2026-07-13,2026-09-02T09:20:04Z,12847154,Modern Challenge 96,challenge,modern,Summer 2026,1712831,toondoslav,24,0
2026-07-13,2026-09-02T09:20:04Z,12847154,Modern Challenge 96,challenge,modern,Summer 2026,2226230,Sparky165,25,0
2026-07-13,2026-09-02T09:20:04Z,12847154,Modern Challenge 96,challenge,modern,Summer 2026,3298900,pius23,26,0
2026-07-13,2026-09-02T09:20:04Z,12847154,Modern Challenge 96,challenge,modern,Summer 2026,3436229,cs2376jr,27,0
2026-07-13,2026-09-02T09:20:04Z,12847154,Modern Challenge 96,challenge,modern,Summer 2026,2564773,klien7,28,0
2026-07-13,2026-09-02T09:20:04Z,12847154,Modern Challenge 96,challenge,modern,Summer 2026,3256386,groot02,29,0
2026-07-13,2026-09-02T09:20:04Z,12847154,Modern Challenge 96,challenge,modern,Summer 2026,1160185,AttillA,30,0
2026-07-13,2026-09-02T09:20:04Z,12847154,Modern Challenge 96,challenge,modern,Summer 2026,3044837,UnbanOko,31,0
2026-07-13,2026-09-02T09:20:04Z,12847154,Modern Challenge 96,challenge,modern,Summer 2026,1824707,bcs8995,32,0
2026-07-14,2026-09-02T09:20:04Z,12847169,Modern Challenge 64,challenge,modern,Summer 2026,434546,sgcyrus,1,5
2026-07-14,2026-09-02T09:20:04Z,12847169,Modern Challenge 64,challenge,modern,Summer 2026,2232658,xl_snapcaster,2,4
2026-07-14,2026-09-02T09:20:04Z,12847169,Modern Challenge 64,challenge,modern,Summer 2026,2891700,Ashigaruu,3,3
2026-07-14,2026-09-02T09:20:04Z,12847169,Modern Challenge 64,challenge,modern,Summer 2026,784348,Cqt,4,3
2026-07-14,2026-09-02T09:20:04Z,12847169,Modern Challenge 64,challenge,modern,Summer 2026,3474034,VizosMTG,5,2
2026-07-14,2026-09-02T09:20:04Z,12847169,Modern Challenge 64,challenge,modern,Summer 2026,1755256,Martin_Dominguez,6,2
2026-07-14,2026-09-02T09:20:04Z,12847169,Modern Challenge 64,challenge,modern,Summer 2026,1994102,Loreington,7,2
2026-07-14,2026-09-02T09:20:04Z,12847169,Modern Challenge 64,challenge,modern,Summer 2026,2114194,Oscar_Franco,8,2
2026-07-14,2026-09-02T09:20:04Z,12847169,Modern Challenge 64,challenge,modern,Summer 2026,3263693,MeninooNey,9,1
2026-07-14,2026-09-02T09:20:04Z,12847169,Modern Challenge 64,challenge,modern,Summer 2026,2472358,FrankHolmquist,10,1
2026-07-14,2026-09-02T09:20:04Z,12847169,Modern Challenge 64,challenge,modern,Summer 2026,880239,jussupinator,11,1
2026-07-14,2026-09-02T09:20:04Z,12847169,Modern Challenge 64,challenge,modern,Summer 2026,3306092,Odin2015,12,1
2026-07-14,2026-09-02T09:20:04Z,12847169,Modern Challenge 64,challenge,modern,Summer 2026,3150538,mERAZED,13,1
2026-07-14,2026-09-02T09:20:04Z,12847169,Modern Challenge 64,challenge,modern,Summer 2026,3311758,Kollslaw,14,1
2026-07-14,2026-09-02T09:20:04Z,12847169,Modern Challenge 64,challenge,modern,Summer 2026,535716,Capitano_CL,15,1
2026-07-14,2026-09-02T09:20:04Z,12847169,Modern Challenge 64,challenge,modern,Summer 2026,2720911,Cachorrowo,16,1
2026-07-14,2026-09-02T09:20:04Z,12847169,Modern Challenge 64,challenge,modern,Summer 2026,2695862,JuanmaAT,17,0
2026-07-14,2026-09-02T09:20:04Z,12847169,Modern Challenge 64,challenge,modern,Summer 2026,2753283,giraffesarentreal,18,0
2026-07-14,2026-09-02T09:20:04Z,12847169,Modern Challenge 64,challenge,modern,Summer 2026,2690217,komattaman,19,0
2026-07-14,2026-09-02T09:20:04Z,12847169,Modern Challenge 64,challenge,modern,Summer 2026,2512422,ctm00,20,0
2026-07-14,2026-09-02T09:20:04Z,12847169,Modern Challenge 64,challenge,modern,Summer 2026,3438702,GLSwadow,21,0
2026-07-14,2026-09-02T09:20:04Z,12847169,Modern Challenge 64,challenge,modern,Summer 2026,864036,renatoaraujo,22,0
2026-07-14,2026-09-02T09:20:04Z,12847169,Modern Challenge 64,challenge,modern,Summer 2026,3112124,JohnTag667,23,0
2026-07-14,2026-09-02T09:20:04Z,12847169,Modern Challenge 64,challenge,modern,Summer 2026,2833842,HokunaMatataa,24,0
2026-07-14,2026-09-02T09:20:04Z,12847169,Modern Challenge 64,challenge,modern,Summer 2026,3436229,cs2376jr,25,0
2026-07-14,2026-09-02T09:20:04Z,12847169,Modern Challenge 64,challenge,modern,Summer 2026,636881,tabunghasisi,26,0
2026-07-14,2026-09-02T09:20:04Z,12847169,Modern Challenge 64,challenge,modern,Summer 2026,2747375,DemianDesposito10,27,0
2026-07-14,2026-09-02T09:20:04Z,12847169,Modern Challenge 64,challenge,modern,Summer 2026,1742159,peter780108,28,0
2026-07-14,2026-09-02T09:20:04Z,12847169,Modern Challenge 64,challenge,modern,Summer 2026,3223931,M2R,29,0
2026-07-14,2026-09-02T09:20:04Z,12847169,Modern Challenge 64,challenge,modern,Summer 2026,3254787,WaffleWiz,30,0
2026-07-14,2026-09-02T09:20:04Z,12847169,Modern Challenge 64,challenge,modern,Summer 2026,1585716,PDeS,31,0
2026-07-14,2026-09-02T09:20:04Z,12847169,Modern Challenge 64,challenge,modern,Summer 2026,3486773,bugzbugs,32,0
2026-07-15,2026-09-02T09:20:04Z,12847171,Modern Challenge 32,challenge,modern,Summer 2026,2714224,eclipse4343,1,5
2026-07-15,2026-09-02T09:20:04Z,12847171,Modern Challenge 32,challenge,modern,Summer 2026,2911871,Elfoman_br,2,4
2026-07-15,2026-09-02T09:20:04Z,12847171,Modern Challenge 32,challenge,modern,Summer 2026,2446403,justFeather,3,3
2026-07-15,2026-09-02T09:20:04Z,12847171,Modern Challenge 32,challenge,modern,Summer 2026,3359144,TheColorOfBoom,4,3
2026-07-15,2026-09-02T09:20:04Z,12847171,Modern Challenge 32,challenge,modern,Summer 2026,2372533,niuwaid001,5,2
2026-07-15,2026-09-02T09:20:04Z,12847171,Modern Challenge 32,challenge,modern,Summer 2026,2529360,KelsonBlack,6,2
2026-07-15,2026-09-02T09:20:04Z,12847171,Modern Challenge 32,challenge,modern,Summer 2026,2981803,Tinker_deck,7,2
2026-07-15,2026-09-02T09:20:04Z,12847171,Modern Challenge 32,challenge,modern,Summer 2026,1952341,ejk,8,2
2026-07-15,2026-09-02T09:20:04Z,12847171,Modern Challenge 32,challenge,modern,Summer 2026,1811013,Joey_Wheeler,9,1
2026-07-15,2026-09-02T09:20:04Z,12847171,Modern Challenge 32,challenge,modern,Summer 2026,864036,renatoaraujo,10,1
2026-07-15,2026-09-02T09:20:04Z,12847171,Modern Challenge 32,challenge,modern,Summer 2026,2781425,Baurong,11,1
2026-07-15,2026-09-02T09:20:04Z,12847171,Modern Challenge 32,challenge,modern,Summer 2026,3006274,MyrRetriever,12,1
2026-07-15,2026-09-02T09:20:04Z,12847171,Modern Challenge 32,challenge,modern,Summer 2026,2908645,CliffBoyardee,13,1
2026-07-15,2026-09-02T09:20:04Z,12847171,Modern Challenge 32,challenge,modern,Summer 2026,2858193,oinkmage22,14,1
2026-07-15,2026-09-02T09:20:04Z,12847171,Modern Challenge 32,challenge,modern,Summer 2026,2064081,SuperCow12653,15,1
2026-07-15,2026-09-02T09:20:04Z,12847171,Modern Challenge 32,challenge,modern,Summer 2026,3344298,KadettiKersantti,16,1
2026-07-15,2026-09-02T09:20:04Z,12847171,Modern Challenge 32,challenge,modern,Summer 2026,3100948,Epreez,17,0
2026-07-15,2026-09-02T09:20:04Z,12847171,Modern Challenge 32,challenge,modern,Summer 2026,2992883,Danmax97,18,0
2026-07-15,2026-09-02T09:20:04Z,12847171,Modern Challenge 32,challenge,modern,Summer 2026,3222070,Lightspirit,19,0
2026-07-15,2026-09-02T09:20:04Z,12847171,Modern Challenge 32,challenge,modern,Summer 2026,1722183,GrouchyTurtle,20,0
2026-07-15,2026-09-02T09:20:04Z,12847171,Modern Challenge 32,challenge,modern,Summer 2026,1126781,derlumberzack,21,0
2026-07-15,2026-09-02T09:20:04Z,12847171,Modern Challenge 32,challenge,modern,Summer 2026,2945081,EnderW,22,0
2026-07-15,2026-09-02T09:20:04Z,12847171,Modern Challenge 32,challenge,modern,Summer 2026,3436277,xixia,23,0
2026-07-15,2026-09-02T09:20:04Z,12847171,Modern Challenge 32,challenge,modern,Summer 2026,3247117,KillerWhale01,24,0
2026-07-15,2026-09-02T09:20:04Z,12847171,Modern Challenge 32,challenge,modern,Summer 2026,2753736,RNicoF,25,0
2026-07-15,2026-09-02T09:20:04Z,12847171,Modern Challenge 32,challenge,modern,Summer 2026,3563589,shimoinu,26,0
2026-07-15,2026-09-02T09:20:04Z,12847171,Modern Challenge 32,challenge,modern,Summer 2026,2917923,thatguy_champ,27,0
2026-07-15,2026-09-02T09:20:04Z,12847171,Modern Challenge 32,challenge,modern,Summer 2026,2729232,MC_amp2267,28,0
2026-07-15,2026-09-02T09:20:04Z,12847171,Modern Challenge 32,challenge,modern,Summer 2026,3037817,planetbrainwash,29,0
2026-07-15,2026-09-02T09:20:04Z,12847171,Modern Challenge 32,challenge,modern,Summer 2026,3562327,prizedamalgam,30,0
2026-07-15,2026-09-02T09:20:04Z,12847171,Modern Challenge 32,challenge,modern,Summer 2026,3135948,parasisnotcool,31,0
2026-07-15,2026-09-02T09:20:04Z,12847171,Modern Challenge 32,challenge,modern,Summer 2026,3478047,PaulHauk,32,0
2026-07-15,2026-09-02T09:20:04Z,12847180,Modern Challenge 96,challenge,modern,Summer 2026,691553,chuyingfei,1,5
2026-07-15,2026-09-02T09:20:04Z,12847180,Modern Challenge 96,challenge,modern,Summer 2026,1546166,leandru,2,4
2026-07-15,2026-09-02T09:20:04Z,12847180,Modern Challenge 96,challenge,modern,Summer 2026,2464763,Savior0117,3,3
2026-07-15,2026-09-02T09:20:04Z,12847180,Modern Challenge 96,challenge,modern,Summer 2026,254536,rastaf,4,3
2026-07-15,2026-09-02T09:20:04Z,12847180,Modern Challenge 96,challenge,modern,Summer 2026,2995055,Deathmaxx,5,2
2026-07-15,2026-09-02T09:20:04Z,12847180,Modern Challenge 96,challenge,modern,Summer 2026,3388464,ParinorMTG,6,2
2026-07-15,2026-09-02T09:20:04Z,12847180,Modern Challenge 96,challenge,modern,Summer 2026,2204017,Slyvester3,7,2
2026-07-15,2026-09-02T09:20:04Z,12847180,Modern Challenge 96,challenge,modern,Summer 2026,2001341,_theMoonSage_,8,2
2026-07-15,2026-09-02T09:20:04Z,12847180,Modern Challenge 96,challenge,modern,Summer 2026,2232605,Samcaster-Mage,9,1
2026-07-15,2026-09-02T09:20:04Z,12847180,Modern Challenge 96,challenge,modern,Summer 2026,676549,Alakai,10,1
2026-07-15,2026-09-02T09:20:04Z,12847180,Modern Challenge 96,challenge,modern,Summer 2026,2768684,Danielpena397,11,1
2026-07-15,2026-09-02T09:20:04Z,12847180,Modern Challenge 96,challenge,modern,Summer 2026,2618500,Jumba,12,1
2026-07-15,2026-09-02T09:20:04Z,12847180,Modern Challenge 96,challenge,modern,Summer 2026,3499660,sioutis_kk,13,1
2026-07-15,2026-09-02T09:20:04Z,12847180,Modern Challenge 96,challenge,modern,Summer 2026,3216332,FutureExPro,14,1
2026-07-15,2026-09-02T09:20:04Z,12847180,Modern Challenge 96,challenge,modern,Summer 2026,3076886,Thunus,15,1
2026-07-15,2026-09-02T09:20:04Z,12847180,Modern Challenge 96,challenge,modern,Summer 2026,3560747,ipadkid,16,1
2026-07-15,2026-09-02T09:20:04Z,12847180,Modern Challenge 96,challenge,modern,Summer 2026,1997683,hugofreitas1,17,0
2026-07-15,2026-09-02T09:20:04Z,12847180,Modern Challenge 96,challenge,modern,Summer 2026,649380,Rvng,18,0
2026-07-15,2026-09-02T09:20:04Z,12847180,Modern Challenge 96,challenge,modern,Summer 2026,2042214,Selfeisek,19,0
2026-07-15,2026-09-02T09:20:04Z,12847180,Modern Challenge 96,challenge,modern,Summer 2026,3155916,reidq7,20,0
2026-07-15,2026-09-02T09:20:04Z,12847180,Modern Challenge 96,challenge,modern,Summer 2026,1185456,Yanatoy,21,0
2026-07-15,2026-09-02T09:20:04Z,12847180,Modern Challenge 96,challenge,modern,Summer 2026,1052306,Spicychicken420,22,0
2026-07-15,2026-09-02T09:20:04Z,12847180,Modern Challenge 96,challenge,modern,Summer 2026,3501107,Homaar,23,0
2026-07-15,2026-09-02T09:20:04Z,12847180,Modern Challenge 96,challenge,modern,Summer 2026,3306092,Odin2015,24,0
2026-07-15,2026-09-02T09:20:04Z,12847180,Modern Challenge 96,challenge,modern,Summer 2026,3362945,iAndrew,25,0
2026-07-15,2026-09-02T09:20:04Z,12847180,Modern Challenge 96,challenge,modern,Summer 2026,3100948,Epreez,26,0
2026-07-15,2026-09-02T09:20:04Z,12847180,Modern Challenge 96,challenge,modern,Summer 2026,3473231,surgetemelo,27,0
2026-07-15,2026-09-02T09:20:04Z,12847180,Modern Challenge 96,challenge,modern,Summer 2026,10594,Aced5,28,0
2026-07-15,2026-09-02T09:20:04Z,12847180,Modern Challenge 96,challenge,modern,Summer 2026,2564773,klien7,29,0
2026-07-15,2026-09-02T09:20:04Z,12847180,Modern Challenge 96,challenge,modern,Summer 2026,2688845,DelverOfBolts,30,0
2026-07-15,2026-09-02T09:20:04Z,12847180,Modern Challenge 96,challenge,modern,Summer 2026,2689064,GinkoHS,31,0
2026-07-15,2026-09-02T09:20:04Z,12847180,Modern Challenge 96,challenge,modern,Summer 2026,3486956,Nougatygoodness,32,0
2026-07-16,2026-09-02T09:20:04Z,12847674,Modern Challenge 64,challenge,modern,Summer 2026,2822464,Pleyboy,1,5
2026-07-16,2026-09-02T09:20:04Z,12847674,Modern Challenge 64,challenge,modern,Summer 2026,649380,Rvng,2,4
2026-07-16,2026-09-02T09:20:04Z,12847674,Modern Challenge 64,challenge,modern,Summer 2026,2903591,MeninoNey,3,3
2026-07-16,2026-09-02T09:20:04Z,12847674,Modern Challenge 64,challenge,modern,Summer 2026,2042214,Selfeisek,4,3
2026-07-16,2026-09-02T09:20:04Z,12847674,Modern Challenge 64,challenge,modern,Summer 2026,2768684,Danielpena397,5,2
2026-07-16,2026-09-02T09:20:04Z,12847674,Modern Challenge 64,challenge,modern,Summer 2026,1181017,JPA93,6,2
2026-07-16,2026-09-02T09:20:04Z,12847674,Modern Challenge 64,challenge,modern,Summer 2026,2191917,Czechito,7,2
2026-07-16,2026-09-02T09:20:04Z,12847674,Modern Challenge 64,challenge,modern,Summer 2026,3533340,ybai34,8,2
2026-07-16,2026-09-02T09:20:04Z,12847674,Modern Challenge 64,challenge,modern,Summer 2026,2464763,Savior0117,9,1
2026-07-16,2026-09-02T09:20:04Z,12847674,Modern Challenge 64,challenge,modern,Summer 2026,559515,Dreddybajs,10,1
2026-07-16,2026-09-02T09:20:04Z,12847674,Modern Challenge 64,challenge,modern,Summer 2026,2688845,DelverOfBolts,11,1
2026-07-16,2026-09-02T09:20:04Z,12847674,Modern Challenge 64,challenge,modern,Summer 2026,3436229,cs2376jr,12,1
2026-07-16,2026-09-02T09:20:04Z,12847674,Modern Challenge 64,challenge,modern,Summer 2026,2246917,Dabol-R,13,1
2026-07-16,2026-09-02T09:20:04Z,12847674,Modern Challenge 64,challenge,modern,Summer 2026,535716,Capitano_CL,14,1
2026-07-16,2026-09-02T09:20:04Z,12847674,Modern Challenge 64,challenge,modern,Summer 2026,2334410,oolong-chan,15,1
2026-07-16,2026-09-02T09:20:04Z,12847674,Modern Challenge 64,challenge,modern,Summer 2026,2803600,gamertoad,16,1
2026-07-16,2026-09-02T09:20:04Z,12847674,Modern Challenge 64,challenge,modern,Summer 2026,3112124,JohnTag667,17,0
2026-07-16,2026-09-02T09:20:04Z,12847674,Modern Challenge 64,challenge,modern,Summer 2026,494936,levunga21,18,0
2026-07-16,2026-09-02T09:20:04Z,12847674,Modern Challenge 64,challenge,modern,Summer 2026,3476561,frenzyofexultations,19,0
2026-07-16,2026-09-02T09:20:04Z,12847674,Modern Challenge 64,challenge,modern,Summer 2026,1188705,ShikiXYZ,20,0
2026-07-16,2026-09-02T09:20:04Z,12847674,Modern Challenge 64,challenge,modern,Summer 2026,1932562,MahfuzVanGogh,21,0
2026-07-16,2026-09-02T09:20:04Z,12847674,Modern Challenge 64,challenge,modern,Summer 2026,3359492,DroopyStorm,22,0
2026-07-16,2026-09-02T09:20:04Z,12847674,Modern Challenge 64,challenge,modern,Summer 2026,3438702,GLSwadow,23,0
2026-07-16,2026-09-02T09:20:04Z,12847674,Modern Challenge 64,challenge,modern,Summer 2026,2868980,_bwonsamdi_,24,0
2026-07-16,2026-09-02T09:20:04Z,12847674,Modern Challenge 64,challenge,modern,Summer 2026,327826,Giant Dwarf,25,0
2026-07-16,2026-09-02T09:20:04Z,12847674,Modern Challenge 64,challenge,modern,Summer 2026,1956220,MatheusPonciano,26,0
2026-07-16,2026-09-02T09:20:04Z,12847674,Modern Challenge 64,challenge,modern,Summer 2026,3486773,bugzbugs,27,0
2026-07-16,2026-09-02T09:20:04Z,12847674,Modern Challenge 64,challenge,modern,Summer 2026,3462412,benebeats,28,0
2026-07-16,2026-09-02T09:20:04Z,12847674,Modern Challenge 64,challenge,modern,Summer 2026,2127900,soggymeatball,29,0
2026-07-16,2026-09-02T09:20:04Z,12847674,Modern Challenge 64,challenge,modern,Summer 2026,3222070,Lightspirit,30,0
2026-07-16,2026-09-02T09:20:04Z,12847674,Modern Challenge 64,challenge,modern,Summer 2026,319713,roter_Erzengel,31,0
2026-07-16,2026-09-02T09:20:04Z,12847674,Modern Challenge 64,challenge,modern,Summer 2026,1712831,toondoslav,32,0
2026-07-17,2026-09-02T09:20:04Z,12847683,Modern Challenge 64,challenge,modern,Summer 2026,2699441,Corkyboyy,1,5
2026-07-17,2026-09-02T09:20:04Z,12847683,Modern Challenge 64,challenge,modern,Summer 2026,2903591,MeninoNey,2,4
2026-07-17,2026-09-02T09:20:04Z,12847683,Modern Challenge 64,challenge,modern,Summer 2026,319713,roter_Erzengel,3,3
2026-07-17,2026-09-02T09:20:04Z,12847683,Modern Challenge 64,challenge,modern,Summer 2026,2822464,Pleyboy,4,3
2026-07-17,2026-09-02T09:20:04Z,12847683,Modern Challenge 64,challenge,modern,Summer 2026,2700947,Retrisma,5,2
2026-07-17,2026-09-02T09:20:04Z,12847683,Modern Challenge 64,challenge,modern,Summer 2026,2861105,Gxs3v3n,6,2
2026-07-17,2026-09-02T09:20:04Z,12847683,Modern Challenge 64,challenge,modern,Summer 2026,2796105,Porks,7,2
2026-07-17,2026-09-02T09:20:04Z,12847683,Modern Challenge 64,challenge,modern,Summer 2026,2257869,kasiso,8,2
2026-07-17,2026-09-02T09:20:04Z,12847683,Modern Challenge 64,challenge,modern,Summer 2026,3095953,DelverFofoqueiro,9,1
2026-07-17,2026-09-02T09:20:04Z,12847683,Modern Challenge 64,challenge,modern,Summer 2026,453404,_Batutinha_,10,1
2026-07-17,2026-09-02T09:20:04Z,12847683,Modern Challenge 64,challenge,modern,Summer 2026,2872570,Scorpion100,11,1
2026-07-17,2026-09-02T09:20:04Z,12847683,Modern Challenge 64,challenge,modern,Summer 2026,979328,Calambity,12,1
2026-07-17,2026-09-02T09:20:04Z,12847683,Modern Challenge 64,challenge,modern,Summer 2026,2078647,kaiszern,13,1
2026-07-17,2026-09-02T09:20:04Z,12847683,Modern Challenge 64,challenge,modern,Summer 2026,3442638,bananadisaster,14,1
2026-07-17,2026-09-02T09:20:04Z,12847683,Modern Challenge 64,challenge,modern,Summer 2026,2931233,JakeTMS,15,1
2026-07-17,2026-09-02T09:20:04Z,12847683,Modern Challenge 64,challenge,modern,Summer 2026,1950164,Dioferreira,16,1
2026-07-17,2026-09-02T09:20:04Z,12847683,Modern Challenge 64,challenge,modern,Summer 2026,3488559,DeepDisherino,17,0
2026-07-17,2026-09-02T09:20:04Z,12847683,Modern Challenge 64,challenge,modern,Summer 2026,1229784,Cake363,18,0
2026-07-17,2026-09-02T09:20:04Z,12847683,Modern Challenge 64,challenge,modern,Summer 2026,2645032,maear,19,0
2026-07-17,2026-09-02T09:20:04Z,12847683,Modern Challenge 64,challenge,modern,Summer 2026,726347,Mikebrav,20,0
2026-07-17,2026-09-02T09:20:04Z,12847683,Modern Challenge 64,challenge,modern,Summer 2026,535716,Capitano_CL,21,0
2026-07-17,2026-09-02T09:20:04Z,12847683,Modern Challenge 64,challenge,modern,Summer 2026,2618500,Jumba,22,0
2026-07-17,2026-09-02T09:20:04Z,12847683,Modern Challenge 64,challenge,modern,Summer 2026,789807,daxerz,23,0
2026-07-17,2026-09-02T09:20:04Z,12847683,Modern Challenge 64,challenge,modern,Summer 2026,3140759,Olle0032,24,0
2026-07-17,2026-09-02T09:20:04Z,12847683,Modern Challenge 64,challenge,modern,Summer 2026,1910257,AchtungSchaaf827,25,0
2026-07-17,2026-09-02T09:20:04Z,12847683,Modern Challenge 64,challenge,modern,Summer 2026,933670,ryuumei,26,0
2026-07-17,2026-09-02T09:20:04Z,12847683,Modern Challenge 64,challenge,modern,Summer 2026,3112124,JohnTag667,27,0
2026-07-17,2026-09-02T09:20:04Z,12847683,Modern Challenge 64,challenge,modern,Summer 2026,2908401,goron27,28,0
2026-07-17,2026-09-02T09:20:04Z,12847683,Modern Challenge 64,challenge,modern,Summer 2026,2464763,Savior0117,29,0
2026-07-17,2026-09-02T09:20:04Z,12847683,Modern Challenge 64,challenge,modern,Summer 2026,3538905,Alondite,30,0
2026-07-17,2026-09-02T09:20:04Z,12847683,Modern Challenge 64,challenge,modern,Summer 2026,10594,Aced5,31,0
2026-07-17,2026-09-02T09:20:04Z,12847683,Modern Challenge 64,challenge,modern,Summer 2026,1585457,Young_Shaman,32,0
2026-07-18,2026-09-02T09:20:04Z,12847691,Modern Challenge 64,challenge,modern,Summer 2026,2686516,SGMY95,1,5
2026-07-18,2026-09-02T09:20:04Z,12847691,Modern Challenge 64,challenge,modern,Summer 2026,1997683,hugofreitas1,2,4
2026-07-18,2026-09-02T09:20:04Z,12847691,Modern Challenge 64,challenge,modern,Summer 2026,3197079,hermesthenerd,3,3
2026-07-18,2026-09-02T09:20:04Z,12847691,Modern Challenge 64,challenge,modern,Summer 2026,999039,Willthepill,4,3
2026-07-18,2026-09-02T09:20:04Z,12847691,Modern Challenge 64,challenge,modern,Summer 2026,1952846,Lord_Beerus,5,2
2026-07-18,2026-09-02T09:20:04Z,12847691,Modern Challenge 64,challenge,modern,Summer 2026,2903591,MeninoNey,6,2
2026-07-18,2026-09-02T09:20:04Z,12847691,Modern Challenge 64,challenge,modern,Summer 2026,3106246,fazparte,7,2
2026-07-18,2026-09-02T09:20:04Z,12847691,Modern Challenge 64,challenge,modern,Summer 2026,1742159,peter780108,8,2
2026-07-18,2026-09-02T09:20:04Z,12847691,Modern Challenge 64,challenge,modern,Summer 2026,2699441,Corkyboyy,9,1
2026-07-18,2026-09-02T09:20:04Z,12847691,Modern Challenge 64,challenge,modern,Summer 2026,2712707,Iaashadow,10,1
2026-07-18,2026-09-02T09:20:04Z,12847691,Modern Challenge 64,challenge,modern,Summer 2026,1096446,Ztenod,11,1
2026-07-18,2026-09-02T09:20:04Z,12847691,Modern Challenge 64,challenge,modern,Summer 2026,2803600,gamertoad,12,1
2026-07-18,2026-09-02T09:20:04Z,12847691,Modern Challenge 64,challenge,modern,Summer 2026,2042214,Selfeisek,13,1
2026-07-18,2026-09-02T09:20:04Z,12847691,Modern Challenge 64,challenge,modern,Summer 2026,2137107,Arcbound_Papi,14,1
2026-07-18,2026-09-02T09:20:04Z,12847691,Modern Challenge 64,challenge,modern,Summer 2026,1141571,Americanmisfit5,15,1
2026-07-18,2026-09-02T09:20:04Z,12847691,Modern Challenge 64,challenge,modern,Summer 2026,979328,Calambity,16,1
2026-07-18,2026-09-02T09:20:04Z,12847691,Modern Challenge 64,challenge,modern,Summer 2026,3405528,kattsu,17,0
2026-07-18,2026-09-02T09:20:04Z,12847691,Modern Challenge 64,challenge,modern,Summer 2026,2720911,Cachorrowo,18,0
2026-07-18,2026-09-02T09:20:04Z,12847691,Modern Challenge 64,challenge,modern,Summer 2026,1715380,CNewman,19,0
2026-07-18,2026-09-02T09:20:04Z,12847691,Modern Challenge 64,challenge,modern,Summer 2026,3478047,PaulHauk,20,0
2026-07-18,2026-09-02T09:20:04Z,12847691,Modern Challenge 64,challenge,modern,Summer 2026,3107576,amin0e,21,0
2026-07-18,2026-09-02T09:20:04Z,12847691,Modern Challenge 64,challenge,modern,Summer 2026,3020696,Juintatz,22,0
2026-07-18,2026-09-02T09:20:04Z,12847691,Modern Challenge 64,challenge,modern,Summer 2026,2026858,KieranT,23,0
2026-07-18,2026-09-02T09:20:04Z,12847691,Modern Challenge 64,challenge,modern,Summer 2026,2981803,Tinker_deck,24,0
2026-07-18,2026-09-02T09:20:04Z,12847691,Modern Challenge 64,challenge,modern,Summer 2026,315946,RandomGameActions,25,0
2026-07-18,2026-09-02T09:20:04Z,12847691,Modern Challenge 64,challenge,modern,Summer 2026,3085636,GigaChadSigmaMale,26,0
2026-07-18,2026-09-02T09:20:04Z,12847691,Modern Challenge 64,challenge,modern,Summer 2026,2147397,nv_goblin,27,0
2026-07-18,2026-09-02T09:20:04Z,12847691,Modern Challenge 64,challenge,modern,Summer 2026,2626857,MystikHawk,28,0
2026-07-18,2026-09-02T09:20:04Z,12847691,Modern Challenge 64,challenge,modern,Summer 2026,2760324,jayrod115,29,0
2026-07-18,2026-09-02T09:20:04Z,12847691,Modern Challenge 64,challenge,modern,Summer 2026,2714224,eclipse4343,30,0
2026-07-18,2026-09-02T09:20:04Z,12847691,Modern Challenge 64,challenge,modern,Summer 2026,415299,DragonFodder,31,0
2026-07-18,2026-09-02T09:20:04Z,12847691,Modern Challenge 64,challenge,modern,Summer 2026,1800145,RandomOctopus,32,0
2026-07-18,2026-09-02T09:20:04Z,12847693,Modern Challenge 32,challenge,modern,Summer 2026,3020696,Juintatz,1,5
2026-07-18,2026-09-02T09:20:04Z,12847693,Modern Challenge 32,challenge,modern,Summer 2026,2878060,jev_,2,4
2026-07-18,2026-09-02T09:20:04Z,12847693,Modern Challenge 32,challenge,modern,Summer 2026,2237473,Polikasoll,3,3
2026-07-18,2026-09-02T09:20:04Z,12847693,Modern Challenge 32,challenge,modern,Summer 2026,2921975,NickBolas90,4,3
2026-07-18,2026-09-02T09:20:04Z,12847693,Modern Challenge 32,challenge,modern,Summer 2026,2498069,_Falcon_,5,2
2026-07-18,2026-09-02T09:20:04Z,12847693,Modern Challenge 32,challenge,modern,Summer 2026,2707045,E_Kaminuma,6,2
2026-07-18,2026-09-02T09:20:04Z,12847693,Modern Challenge 32,challenge,modern,Summer 2026,3331554,GieralK,7,2
2026-07-18,2026-09-02T09:20:04Z,12847693,Modern Challenge 32,challenge,modern,Summer 2026,1439480,touto_Isle,8,2
2026-07-18,2026-09-02T09:20:04Z,12847693,Modern Challenge 32,challenge,modern,Summer 2026,3147183,MyPotatoes,9,1
2026-07-18,2026-09-02T09:20:04Z,12847693,Modern Challenge 32,challenge,modern,Summer 2026,2688845,DelverOfBolts,10,1
2026-07-18,2026-09-02T09:20:04Z,12847693,Modern Challenge 32,challenge,modern,Summer 2026,3342362,yolad,11,1
2026-07-18,2026-09-02T09:20:04Z,12847693,Modern Challenge 32,challenge,modern,Summer 2026,2122697,kthanakit26,12,1
2026-07-18,2026-09-02T09:20:04Z,12847693,Modern Challenge 32,challenge,modern,Summer 2026,2851835,SPyromancer,13,1
2026-07-18,2026-09-02T09:20:04Z,12847693,Modern Challenge 32,challenge,modern,Summer 2026,933670,ryuumei,14,1
2026-07-18,2026-09-02T09:20:04Z,12847693,Modern Challenge 32,challenge,modern,Summer 2026,3563589,shimoinu,15,1
2026-07-18,2026-09-02T09:20:04Z,12847693,Modern Challenge 32,challenge,modern,Summer 2026,3560747,ipadkid,16,1
2026-07-18,2026-09-02T09:20:04Z,12847693,Modern Challenge 32,challenge,modern,Summer 2026,962368,Suechtler,17,0
2026-07-18,2026-09-02T09:20:04Z,12847693,Modern Challenge 32,challenge,modern,Summer 2026,2861105,Gxs3v3n,18,0
2026-07-18,2026-09-02T09:20:04Z,12847693,Modern Challenge 32,challenge,modern,Summer 2026,2713675,SimoCr,19,0
2026-07-18,2026-09-02T09:20:04Z,12847693,Modern Challenge 32,challenge,modern,Summer 2026,3220713,DskBayWolf,20,0
2026-07-18,2026-09-02T09:20:04Z,12847693,Modern Challenge 32,challenge,modern,Summer 2026,3293663,Athenani,21,0
2026-07-18,2026-09-02T09:20:04Z,12847693,Modern Challenge 32,challenge,modern,Summer 2026,1574579,albert62,22,0
2026-07-18,2026-09-02T09:20:04Z,12847693,Modern Challenge 32,challenge,modern,Summer 2026,3391802,Egorable,23,0
2026-07-18,2026-09-02T09:20:04Z,12847693,Modern Challenge 32,challenge,modern,Summer 2026,3533340,ybai34,24,0
2026-07-18,2026-09-02T09:20:04Z,12847693,Modern Challenge 32,challenge,modern,Summer 2026,2322146,felider,25,0
2026-07-18,2026-09-02T09:20:04Z,12847693,Modern Challenge 32,challenge,modern,Summer 2026,3042765,Giovane_Lupo,26,0
2026-07-18,2026-09-02T09:20:04Z,12847693,Modern Challenge 32,challenge,modern,Summer 2026,3037817,planetbrainwash,27,0
2026-07-18,2026-09-02T09:20:04Z,12847693,Modern Challenge 32,challenge,modern,Summer 2026,3526102,FunFun_Tony,28,0
2026-07-18,2026-09-02T09:20:04Z,12847693,Modern Challenge 32,challenge,modern,Summer 2026,2537131,yriel,29,0
2026-07-18,2026-09-02T09:20:04Z,12847693,Modern Challenge 32,challenge,modern,Summer 2026,3442638,bananadisaster,30,0
2026-07-18,2026-09-02T09:20:04Z,12847693,Modern Challenge 32,challenge,modern,Summer 2026,3400071,PJKP,31,0
2026-07-18,2026-09-02T09:20:04Z,12847693,Modern Challenge 32,challenge,modern,Summer 2026,617093,kcomedina,32,0
2026-07-18,2026-09-02T09:20:04Z,12847698,Modern Challenge 64,challenge,modern,Summer 2026,1181017,JPA93,1,5
2026-07-18,2026-09-02T09:20:04Z,12847698,Modern Challenge 64,challenge,modern,Summer 2026,3135969,RezerDeDog,2,4
2026-07-18,2026-09-02T09:20:04Z,12847698,Modern Challenge 64,challenge,modern,Summer 2026,3486773,bugzbugs,3,3
2026-07-18,2026-09-02T09:20:04Z,12847698,Modern Challenge 64,challenge,modern,Summer 2026,1952846,Lord_Beerus,4,3
2026-07-18,2026-09-02T09:20:04Z,12847698,Modern Challenge 64,challenge,modern,Summer 2026,3188660,senior_shak,5,2
2026-07-18,2026-09-02T09:20:04Z,12847698,Modern Challenge 64,challenge,modern,Summer 2026,1800145,RandomOctopus,6,2
2026-07-18,2026-09-02T09:20:04Z,12847698,Modern Challenge 64,challenge,modern,Summer 2026,3438702,GLSwadow,7,2
2026-07-18,2026-09-02T09:20:04Z,12847698,Modern Challenge 64,challenge,modern,Summer 2026,1229112,slade8283,8,2
2026-07-18,2026-09-02T09:20:04Z,12847698,Modern Challenge 64,challenge,modern,Summer 2026,2464763,Savior0117,9,1
2026-07-18,2026-09-02T09:20:04Z,12847698,Modern Challenge 64,challenge,modern,Summer 2026,2257869,kasiso,10,1
2026-07-18,2026-09-02T09:20:04Z,12847698,Modern Challenge 64,challenge,modern,Summer 2026,2931233,JakeTMS,11,1
2026-07-18,2026-09-02T09:20:04Z,12847698,Modern Challenge 64,challenge,modern,Summer 2026,2237473,Polikasoll,12,1
2026-07-18,2026-09-02T09:20:04Z,12847698,Modern Challenge 64,challenge,modern,Summer 2026,3117690,LaneOrLaine,13,1
2026-07-18,2026-09-02T09:20:04Z,12847698,Modern Challenge 64,challenge,modern,Summer 2026,2538717,Jconn,14,1
2026-07-18,2026-09-02T09:20:04Z,12847698,Modern Challenge 64,challenge,modern,Summer 2026,803141,McWinSauce,15,1
2026-07-18,2026-09-02T09:20:04Z,12847698,Modern Challenge 64,challenge,modern,Summer 2026,3216332,FutureExPro,16,1
2026-07-18,2026-09-02T09:20:04Z,12847698,Modern Challenge 64,challenge,modern,Summer 2026,3070695,Hongfu_Eureka,17,0
2026-07-18,2026-09-02T09:20:04Z,12847698,Modern Challenge 64,challenge,modern,Summer 2026,2987477,draco09,18,0
2026-07-18,2026-09-02T09:20:04Z,12847698,Modern Challenge 64,challenge,modern,Summer 2026,2137107,Arcbound_Papi,19,0
2026-07-18,2026-09-02T09:20:04Z,12847698,Modern Challenge 64,challenge,modern,Summer 2026,1373830,hauterho,20,0
2026-07-18,2026-09-02T09:20:04Z,12847698,Modern Challenge 64,challenge,modern,Summer 2026,2114194,Oscar_Franco,21,0
2026-07-18,2026-09-02T09:20:04Z,12847698,Modern Challenge 64,challenge,modern,Summer 2026,3100948,Epreez,22,0
2026-07-18,2026-09-02T09:20:04Z,12847698,Modern Challenge 64,challenge,modern,Summer 2026,2747375,DemianDesposito10,23,0
2026-07-18,2026-09-02T09:20:04Z,12847698,Modern Challenge 64,challenge,modern,Summer 2026,2204017,Slyvester3,24,0
2026-07-18,2026-09-02T09:20:04Z,12847698,Modern Challenge 64,challenge,modern,Summer 2026,2180371,Terminus0,25,0
2026-07-18,2026-09-02T09:20:04Z,12847698,Modern Challenge 64,challenge,modern,Summer 2026,453404,_Batutinha_,26,0
2026-07-18,2026-09-02T09:20:04Z,12847698,Modern Challenge 64,challenge,modern,Summer 2026,2981803,Tinker_deck,27,0
2026-07-18,2026-09-02T09:20:04Z,12847698,Modern Challenge 64,challenge,modern,Summer 2026,711601,mwatts10,28,0
2026-07-18,2026-09-02T09:20:04Z,12847698,Modern Challenge 64,challenge,modern,Summer 2026,1229784,Cake363,29,0
2026-07-18,2026-09-02T09:20:04Z,12847698,Modern Challenge 64,challenge,modern,Summer 2026,2812674,Free2,30,0
2026-07-18,2026-09-02T09:20:04Z,12847698,Modern Challenge 64,challenge,modern,Summer 2026,2714224,eclipse4343,31,0
2026-07-18,2026-09-02T09:20:04Z,12847698,Modern Challenge 64,challenge,modern,Summer 2026,3016130,Jelleb99,32,0
2026-07-19,2026-09-02T09:20:04Z,12847670,Modern RC Super Qualifier,premier,modern,Summer 2026,2322146,felider,1,10
2026-07-19,2026-09-02T09:20:04Z,12847670,Modern RC Super Qualifier,premier,modern,Summer 2026,3035942,Sven745,2,8
2026-07-19,2026-09-02T09:20:04Z,12847670,Modern RC Super Qualifier,premier,modern,Summer 2026,2011282,lgqueiroz3,3,6
2026-07-19,2026-09-02T09:20:04Z,12847670,Modern RC Super Qualifier,premier,modern,Summer 2026,1911445,Curtisaxel,4,6
2026-07-19,2026-09-02T09:20:04Z,12847670,Modern RC Super Qualifier,premier,modern,Summer 2026,2283377,VampireDiaries,5,4
2026-07-19,2026-09-02T09:20:04Z,12847670,Modern RC Super Qualifier,premier,modern,Summer 2026,3381476,vento1223,6,4
2026-07-19,2026-09-02T09:20:04Z,12847670,Modern RC Super Qualifier,premier,modern,Summer 2026,3448603,Pigprob,7,4
2026-07-19,2026-09-02T09:20:04Z,12847670,Modern RC Super Qualifier,premier,modern,Summer 2026,3400071,PJKP,8,4
2026-07-19,2026-09-02T09:20:04Z,12847670,Modern RC Super Qualifier,premier,modern,Summer 2026,2306501,Bryzem1,9,2
2026-07-19,2026-09-02T09:20:04Z,12847670,Modern RC Super Qualifier,premier,modern,Summer 2026,2273904,DFrank,10,2
2026-07-19,2026-09-02T09:20:04Z,12847670,Modern RC Super Qualifier,premier,modern,Summer 2026,1997683,hugofreitas1,11,2
2026-07-19,2026-09-02T09:20:04Z,12847670,Modern RC Super Qualifier,premier,modern,Summer 2026,3405528,kattsu,12,2
2026-07-19,2026-09-02T09:20:04Z,12847670,Modern RC Super Qualifier,premier,modern,Summer 2026,1721886,albybale93,13,2
2026-07-19,2026-09-02T09:20:04Z,12847670,Modern RC Super Qualifier,premier,modern,Summer 2026,2628981,Manuel_Danninger,14,2
2026-07-19,2026-09-02T09:20:04Z,12847670,Modern RC Super Qualifier,premier,modern,Summer 2026,1860596,Rexplosion,15,2
2026-07-19,2026-09-02T09:20:04Z,12847670,Modern RC Super Qualifier,premier,modern,Summer 2026,3136515,littlebinboy,16,2
2026-07-19,2026-09-02T09:20:04Z,12847670,Modern RC Super Qualifier,premier,modern,Summer 2026,6062,duke12,17,0
2026-07-19,2026-09-02T09:20:04Z,12847670,Modern RC Super Qualifier,premier,modern,Summer 2026,3442638,bananadisaster,18,0
2026-07-19,2026-09-02T09:20:04Z,12847670,Modern RC Super Qualifier,premier,modern,Summer 2026,2316177,Ouranos139,19,0
2026-07-19,2026-09-02T09:20:04Z,12847670,Modern RC Super Qualifier,premier,modern,Summer 2026,1077635,truestory,20,0
2026-07-19,2026-09-02T09:20:04Z,12847670,Modern RC Super Qualifier,premier,modern,Summer 2026,3014842,Sawter,21,0
2026-07-19,2026-09-02T09:20:04Z,12847670,Modern RC Super Qualifier,premier,modern,Summer 2026,2680052,Uagli1,22,0
2026-07-19,2026-09-02T09:20:04Z,12847670,Modern RC Super Qualifier,premier,modern,Summer 2026,1066436,jps_17,23,0
2026-07-19,2026-09-02T09:20:04Z,12847670,Modern RC Super Qualifier,premier,modern,Summer 2026,710116,daibloXSC,24,0
2026-07-19,2026-09-02T09:20:04Z,12847670,Modern RC Super Qualifier,premier,modern,Summer 2026,2708396,mikeleee,25,0
2026-07-19,2026-09-02T09:20:04Z,12847670,Modern RC Super Qualifier,premier,modern,Summer 2026,1780347,nightwitch,26,0
2026-07-19,2026-09-02T09:20:04Z,12847670,Modern RC Super Qualifier,premier,modern,Summer 2026,2653594,BrPestana,27,0
2026-07-19,2026-09-02T09:20:04Z,12847670,Modern RC Super Qualifier,premier,modern,Summer 2026,1918736,shigure1020,28,0
2026-07-19,2026-09-02T09:20:04Z,12847670,Modern RC Super Qualifier,premier,modern,Summer 2026,3558661,Takemikazuchi,29,0
2026-07-19,2026-09-02T09:20:04Z,12847670,Modern RC Super Qualifier,premier,modern,Summer 2026,2127900,soggymeatball,30,0
2026-07-19,2026-09-02T09:20:04Z,12847670,Modern RC Super Qualifier,premier,modern,Summer 2026,1614331,sultai4lyfe,31,0
2026-07-19,2026-09-02T09:20:04Z,12847670,Modern RC Super Qualifier,premier,modern,Summer 2026,2043303,Koala40,32,0
2026-07-19,2026-09-02T09:20:04Z,12847704,Modern Challenge 64,challenge,modern,Summer 2026,2714224,eclipse4343,1,5
2026-07-19,2026-09-02T09:20:04Z,12847704,Modern Challenge 64,challenge,modern,Summer 2026,3144094,EsperWTB,2,4
2026-07-19,2026-09-02T09:20:04Z,12847704,Modern Challenge 64,challenge,modern,Summer 2026,922706,jessy_samek,3,3
2026-07-19,2026-09-02T09:20:04Z,12847704,Modern Challenge 64,challenge,modern,Summer 2026,2096186,kennydarko,4,3
2026-07-19,2026-09-02T09:20:04Z,12847704,Modern Challenge 64,challenge,modern,Summer 2026,2257869,kasiso,5,2
2026-07-19,2026-09-02T09:20:04Z,12847704,Modern Challenge 64,challenge,modern,Summer 2026,3222070,Lightspirit,6,2
2026-07-19,2026-09-02T09:20:04Z,12847704,Modern Challenge 64,challenge,modern,Summer 2026,900413,iomatic,7,2
2026-07-19,2026-09-02T09:20:04Z,12847704,Modern Challenge 64,challenge,modern,Summer 2026,3488580,joelstephens94,8,2
2026-07-19,2026-09-02T09:20:04Z,12847704,Modern Challenge 64,challenge,modern,Summer 2026,3132441,OPaZZwiZard,9,1
2026-07-19,2026-09-02T09:20:04Z,12847704,Modern Challenge 64,challenge,modern,Summer 2026,643454,Sarlanga,10,1
2026-07-19,2026-09-02T09:20:04Z,12847704,Modern Challenge 64,challenge,modern,Summer 2026,2999477,Bok_Choy_,11,1
2026-07-19,2026-09-02T09:20:04Z,12847704,Modern Challenge 64,challenge,modern,Summer 2026,2130633,ShadowTitan1,12,1
2026-07-19,2026-09-02T09:20:04Z,12847704,Modern Challenge 64,challenge,modern,Summer 2026,3042804,NJ5030,13,1
2026-07-19,2026-09-02T09:20:04Z,12847704,Modern Challenge 64,challenge,modern,Summer 2026,3311758,Kollslaw,14,1
2026-07-19,2026-09-02T09:20:04Z,12847704,Modern Challenge 64,challenge,modern,Summer 2026,3044837,UnbanOko,15,1
2026-07-19,2026-09-02T09:20:04Z,12847704,Modern Challenge 64,challenge,modern,Summer 2026,2961985,fclyra,16,1
2026-07-19,2026-09-02T09:20:04Z,12847704,Modern Challenge 64,challenge,modern,Summer 2026,1646428,Tylar,17,0
2026-07-19,2026-09-02T09:20:04Z,12847704,Modern Challenge 64,challenge,modern,Summer 2026,1860596,Rexplosion,18,0
2026-07-19,2026-09-02T09:20:04Z,12847704,Modern Challenge 64,challenge,modern,Summer 2026,2803600,gamertoad,19,0
2026-07-19,2026-09-02T09:20:04Z,12847704,Modern Challenge 64,challenge,modern,Summer 2026,3085636,GigaChadSigmaMale,20,0
2026-07-19,2026-09-02T09:20:04Z,12847704,Modern Challenge 64,challenge,modern,Summer 2026,2833832,nonco,21,0
2026-07-19,2026-09-02T09:20:04Z,12847704,Modern Challenge 64,challenge,modern,Summer 2026,1186448,andersoneclair,22,0
2026-07-19,2026-09-02T09:20:04Z,12847704,Modern Challenge 64,challenge,modern,Summer 2026,2316177,Ouranos139,23,0
2026-07-19,2026-09-02T09:20:04Z,12847704,Modern Challenge 64,challenge,modern,Summer 2026,3122660,E90_DeliveryBoy,24,0
2026-07-19,2026-09-02T09:20:04Z,12847704,Modern Challenge 64,challenge,modern,Summer 2026,3139501,goldsboro3,25,0
2026-07-19,2026-09-02T09:20:04Z,12847704,Modern Challenge 64,challenge,modern,Summer 2026,3069560,Pafru,26,0
2026-07-19,2026-09-02T09:20:04Z,12847704,Modern Challenge 64,challenge,modern,Summer 2026,535716,Capitano_CL,27,0
2026-07-19,2026-09-02T09:20:04Z,12847704,Modern Challenge 64,challenge,modern,Summer 2026,3486773,bugzbugs,28,0
2026-07-19,2026-09-02T09:20:04Z,12847704,Modern Challenge 64,challenge,modern,Summer 2026,2747375,DemianDesposito10,29,0
2026-07-19,2026-09-02T09:20:04Z,12847704,Modern Challenge 64,challenge,modern,Summer 2026,3125470,ZimMTG,30,0
2026-07-19,2026-09-02T09:20:04Z,12847704,Modern Challenge 64,challenge,modern,Summer 2026,3309051,Topdecker8000,31,0
2026-07-19,2026-09-02T09:20:04Z,12847704,Modern Challenge 64,challenge,modern,Summer 2026,575927,kentaro_hokori,32,0
2026-07-19,2026-09-02T09:20:04Z,12847708,Modern Challenge 32,challenge,modern,Summer 2026,2915741,JAJC,1,5
2026-07-19,2026-09-02T09:20:04Z,12847708,Modern Challenge 32,challenge,modern,Summer 2026,1719515,NuBlkAu,2,4
2026-07-19,2026-09-02T09:20:04Z,12847708,Modern Challenge 32,challenge,modern,Summer 2026,2710270,CrownedRuti,3,3
2026-07-19,2026-09-02T09:20:04Z,12847708,Modern Challenge 32,challenge,modern,Summer 2026,2373595,Lollopollo2001,4,3
2026-07-19,2026-09-02T09:20:04Z,12847708,Modern Challenge 32,challenge,modern,Summer 2026,2607787,TomBombadi1,5,2
2026-07-19,2026-09-02T09:20:04Z,12847708,Modern Challenge 32,challenge,modern,Summer 2026,3469304,AeonLock,6,2
2026-07-19,2026-09-02T09:20:04Z,12847708,Modern Challenge 32,challenge,modern,Summer 2026,3499660,sioutis_kk,7,2
2026-07-19,2026-09-02T09:20:04Z,12847708,Modern Challenge 32,challenge,modern,Summer 2026,2651868,jvidarte,8,2
2026-07-19,2026-09-02T09:20:04Z,12847708,Modern Challenge 32,challenge,modern,Summer 2026,815932,unagieel,9,1
2026-07-19,2026-09-02T09:20:04Z,12847708,Modern Challenge 32,challenge,modern,Summer 2026,3263693,MeninooNey,10,1
2026-07-19,2026-09-02T09:20:04Z,12847708,Modern Challenge 32,challenge,modern,Summer 2026,2792132,FerMTG,11,1
2026-07-19,2026-09-02T09:20:04Z,12847708,Modern Challenge 32,challenge,modern,Summer 2026,820577,flamyblade,12,1
2026-07-19,2026-09-02T09:20:04Z,12847708,Modern Challenge 32,challenge,modern,Summer 2026,2618500,Jumba,13,1
2026-07-19,2026-09-02T09:20:04Z,12847708,Modern Challenge 32,challenge,modern,Summer 2026,614372,1OR513N86,14,1
2026-07-19,2026-09-02T09:20:04Z,12847708,Modern Challenge 32,challenge,modern,Summer 2026,301933,Phryziel,15,1
2026-07-19,2026-09-02T09:20:04Z,12847708,Modern Challenge 32,challenge,modern,Summer 2026,2276700,deftjad,16,1
2026-07-19,2026-09-02T09:20:04Z,12847708,Modern Challenge 32,challenge,modern,Summer 2026,1932562,MahfuzVanGogh,17,0
2026-07-19,2026-09-02T09:20:04Z,12847708,Modern Challenge 32,challenge,modern,Summer 2026,2842847,lilianna1989,18,0
2026-07-19,2026-09-02T09:20:04Z,12847708,Modern Challenge 32,challenge,modern,Summer 2026,453404,_Batutinha_,19,0
2026-07-19,2026-09-02T09:20:04Z,12847708,Modern Challenge 32,challenge,modern,Summer 2026,2114447,Zoob5555,20,0
2026-07-19,2026-09-02T09:20:04Z,12847708,Modern Challenge 32,challenge,modern,Summer 2026,1581797,ginp,21,0
2026-07-19,2026-09-02T09:20:04Z,12847708,Modern Challenge 32,challenge,modern,Summer 2026,1822796,HarbingerTheEndless,22,0
2026-07-19,2026-09-02T09:20:04Z,12847708,Modern Challenge 32,challenge,modern,Summer 2026,900413,iomatic,23,0
2026-07-19,2026-09-02T09:20:04Z,12847708,Modern Challenge 32,challenge,modern,Summer 2026,3113226,kokubo,24,0
2026-07-19,2026-09-02T09:20:04Z,12847708,Modern Challenge 32,challenge,modern,Summer 2026,2322146,felider,25,0
2026-07-19,2026-09-02T09:20:04Z,12847708,Modern Challenge 32,challenge,modern,Summer 2026,3533340,ybai34,26,0
2026-07-19,2026-09-02T09:20:04Z,12847708,Modern Challenge 32,challenge,modern,Summer 2026,2257869,kasiso,27,0
2026-07-19,2026-09-02T09:20:04Z,12847708,Modern Challenge 32,challenge,modern,Summer 2026,2908947,manohito,28,0
2026-07-19,2026-09-02T09:20:04Z,12847708,Modern Challenge 32,challenge,modern,Summer 2026,1574579,albert62,29,0
2026-07-19,2026-09-02T09:20:04Z,12847708,Modern Challenge 32,challenge,modern,Summer 2026,2707200,Kritik,30,0
2026-07-19,2026-09-02T09:20:04Z,12847708,Modern Challenge 32,challenge,modern,Summer 2026,2114194,Oscar_Franco,31,0
2026-07-19,2026-09-02T09:20:04Z,12847708,Modern Challenge 32,challenge,modern,Summer 2026,2498069,_Falcon_,32,0
2026-07-20,2026-09-02T09:20:04Z,12847717,Modern Challenge 64,challenge,modern,Summer 2026,3085850,percussion_mike,1,5
2026-07-20,2026-09-02T09:20:04Z,12847717,Modern Challenge 64,challenge,modern,Summer 2026,979328,Calambity,2,4
2026-07-20,2026-09-02T09:20:04Z,12847717,Modern Challenge 64,challenge,modern,Summer 2026,1614331,sultai4lyfe,3,3
2026-07-20,2026-09-02T09:20:04Z,12847717,Modern Challenge 64,challenge,modern,Summer 2026,1952341,ejk,4,3
2026-07-20,2026-09-02T09:20:04Z,12847717,Modern Challenge 64,challenge,modern,Summer 2026,2872570,Scorpion100,5,2
2026-07-20,2026-09-02T09:20:04Z,12847717,Modern Challenge 64,challenge,modern,Summer 2026,2334451,Stealthmagician,6,2
2026-07-20,2026-09-02T09:20:04Z,12847717,Modern Challenge 64,challenge,modern,Summer 2026,3023527,azpharot,7,2
2026-07-20,2026-09-02T09:20:04Z,12847717,Modern Challenge 64,challenge,modern,Summer 2026,2812852,MTGeeGee,8,2
2026-07-20,2026-09-02T09:20:04Z,12847717,Modern Challenge 64,challenge,modern,Summer 2026,1660533,xerioc,9,1
2026-07-20,2026-09-02T09:20:04Z,12847717,Modern Challenge 64,challenge,modern,Summer 2026,3340044,JDunny4,10,1
2026-07-20,2026-09-02T09:20:04Z,12847717,Modern Challenge 64,challenge,modern,Summer 2026,1950164,Dioferreira,11,1
2026-07-20,2026-09-02T09:20:04Z,12847717,Modern Challenge 64,challenge,modern,Summer 2026,2626857,MystikHawk,12,1
2026-07-20,2026-09-02T09:20:04Z,12847717,Modern Challenge 64,challenge,modern,Summer 2026,2372533,niuwaid001,13,1
2026-07-20,2026-09-02T09:20:04Z,12847717,Modern Challenge 64,challenge,modern,Summer 2026,3030517,wft,14,1
2026-07-20,2026-09-02T09:20:04Z,12847717,Modern Challenge 64,challenge,modern,Summer 2026,2718398,Dlihchtarw,15,1
2026-07-20,2026-09-02T09:20:04Z,12847717,Modern Challenge 64,challenge,modern,Summer 2026,1439480,touto_Isle,16,1
2026-07-20,2026-09-02T09:20:04Z,12847717,Modern Challenge 64,challenge,modern,Summer 2026,1186448,andersoneclair,17,0
2026-07-20,2026-09-02T09:20:04Z,12847717,Modern Challenge 64,challenge,modern,Summer 2026,2011282,lgqueiroz3,18,0
2026-07-20,2026-09-02T09:20:04Z,12847717,Modern Challenge 64,challenge,modern,Summer 2026,1126781,derlumberzack,19,0
2026-07-20,2026-09-02T09:20:04Z,12847717,Modern Challenge 64,challenge,modern,Summer 2026,3382957,JonDaBill,20,0
2026-07-20,2026-09-02T09:20:04Z,12847717,Modern Challenge 64,challenge,modern,Summer 2026,3526959,TRON_Bahiano,21,0
2026-07-20,2026-09-02T09:20:04Z,12847717,Modern Challenge 64,challenge,modern,Summer 2026,2786634,ador,22,0
2026-07-20,2026-09-02T09:20:04Z,12847717,Modern Challenge 64,challenge,modern,Summer 2026,3070695,Hongfu_Eureka,23,0
2026-07-20,2026-09-02T09:20:04Z,12847717,Modern Challenge 64,challenge,modern,Summer 2026,2981803,Tinker_deck,24,0
2026-07-20,2026-09-02T09:20:04Z,12847717,Modern Challenge 64,challenge,modern,Summer 2026,3447454,lilcreacher,25,0
2026-07-20,2026-09-02T09:20:04Z,12847717,Modern Challenge 64,challenge,modern,Summer 2026,3143623,Fransadness,26,0
2026-07-20,2026-09-02T09:20:04Z,12847717,Modern Challenge 64,challenge,modern,Summer 2026,880239,jussupinator,27,0
2026-07-20,2026-09-02T09:20:04Z,12847717,Modern Challenge 64,challenge,modern,Summer 2026,3107576,amin0e,28,0
2026-07-20,2026-09-02T09:20:04Z,12847717,Modern Challenge 64,challenge,modern,Summer 2026,1800145,RandomOctopus,29,0
2026-07-20,2026-09-02T09:20:04Z,12847717,Modern Challenge 64,challenge,modern,Summer 2026,312637,Smang,30,0
2026-07-20,2026-09-02T09:20:04Z,12847717,Modern Challenge 64,challenge,modern,Summer 2026,2887338,arturcosta,31,0
2026-07-20,2026-09-02T09:20:04Z,12847717,Modern Challenge 64,challenge,modern,Summer 2026,3222070,Lightspirit,32,0
2026-07-20,2026-09-02T09:20:04Z,12847721,Modern Challenge 96,challenge,modern,Summer 2026,2042214,Selfeisek,1,5
2026-07-20,2026-09-02T09:20:04Z,12847721,Modern Challenge 96,challenge,modern,Summer 2026,3479773,4FunNoWin,2,4
2026-07-20,2026-09-02T09:20:04Z,12847721,Modern Challenge 96,challenge,modern,Summer 2026,2931233,JakeTMS,3,3
2026-07-20,2026-09-02T09:20:04Z,12847721,Modern Challenge 96,challenge,modern,Summer 2026,3190187,MisterTwin,4,3
2026-07-20,2026-09-02T09:20:04Z,12847721,Modern Challenge 96,challenge,modern,Summer 2026,3035942,Sven745,5,2
2026-07-20,2026-09-02T09:20:04Z,12847721,Modern Challenge 96,challenge,modern,Summer 2026,1042649,aspiringspike,6,2
2026-07-20,2026-09-02T09:20:04Z,12847721,Modern Challenge 96,challenge,modern,Summer 2026,3413765,Bawer,7,2
2026-07-20,2026-09-02T09:20:04Z,12847721,Modern Challenge 96,challenge,modern,Summer 2026,979328,Calambity,8,2
2026-07-20,2026-09-02T09:20:04Z,12847721,Modern Challenge 96,challenge,modern,Summer 2026,2498069,_Falcon_,9,1
2026-07-20,2026-09-02T09:20:04Z,12847721,Modern Challenge 96,challenge,modern,Summer 2026,3360797,Chillbais,10,1
2026-07-20,2026-09-02T09:20:04Z,12847721,Modern Challenge 96,challenge,modern,Summer 2026,535716,Capitano_CL,11,1
2026-07-20,2026-09-02T09:20:04Z,12847721,Modern Challenge 96,challenge,modern,Summer 2026,2675046,broers_,12,1
2026-07-20,2026-09-02T09:20:04Z,12847721,Modern Challenge 96,challenge,modern,Summer 2026,2446403,justFeather,13,1
2026-07-20,2026-09-02T09:20:04Z,12847721,Modern Challenge 96,challenge,modern,Summer 2026,2554036,cftsoc3,14,1
2026-07-20,2026-09-02T09:20:04Z,12847721,Modern Challenge 96,challenge,modern,Summer 2026,3135969,RezerDeDog,15,1
2026-07-20,2026-09-02T09:20:04Z,12847721,Modern Challenge 96,challenge,modern,Summer 2026,875470,Tree42o,16,1
2026-07-20,2026-09-02T09:20:04Z,12847721,Modern Challenge 96,challenge,modern,Summer 2026,1712831,toondoslav,17,0
2026-07-20,2026-09-02T09:20:04Z,12847721,Modern Challenge 96,challenge,modern,Summer 2026,3373315,Spellyp,18,0
2026-07-20,2026-09-02T09:20:04Z,12847721,Modern Challenge 96,challenge,modern,Summer 2026,3076886,Thunus,19,0
2026-07-20,2026-09-02T09:20:04Z,12847721,Modern Challenge 96,challenge,modern,Summer 2026,2688845,DelverOfBolts,20,0
2026-07-20,2026-09-02T09:20:04Z,12847721,Modern Challenge 96,challenge,modern,Summer 2026,2981783,CursedOcean,21,0
2026-07-20,2026-09-02T09:20:04Z,12847721,Modern Challenge 96,challenge,modern,Summer 2026,411408,bellfy,22,0
2026-07-20,2026-09-02T09:20:04Z,12847721,Modern Challenge 96,challenge,modern,Summer 2026,3070750,LuckyMagic0wl,23,0
2026-07-20,2026-09-02T09:20:04Z,12847721,Modern Challenge 96,challenge,modern,Summer 2026,2912498,aarrgh,24,0
2026-07-20,2026-09-02T09:20:04Z,12847721,Modern Challenge 96,challenge,modern,Summer 2026,2908645,CliffBoyardee,25,0
2026-07-20,2026-09-02T09:20:04Z,12847721,Modern Challenge 96,challenge,modern,Summer 2026,1862893,ls149950,26,0
2026-07-20,2026-09-02T09:20:04Z,12847721,Modern Challenge 96,challenge,modern,Summer 2026,2199969,Vyncint_Blankenship,27,0
2026-07-20,2026-09-02T09:20:04Z,12847721,Modern Challenge 96,challenge,modern,Summer 2026,1188705,ShikiXYZ,28,0
2026-07-20,2026-09-02T09:20:04Z,12847721,Modern Challenge 96,challenge,modern,Summer 2026,3143623,Fransadness,29,0
2026-07-20,2026-09-02T09:20:04Z,12847721,Modern Challenge 96,challenge,modern,Summer 2026,2273904,DFrank,30,0
2026-07-20,2026-09-02T09:20:04Z,12847721,Modern Challenge 96,challenge,modern,Summer 2026,1780347,nightwitch,31,0
2026-07-20,2026-09-02T09:20:04Z,12847721,Modern Challenge 96,challenge,modern,Summer 2026,1952341,ejk,32,0
2026-07-21,2026-09-02T09:20:04Z,12847736,Modern Challenge 64,challenge,modern,Summer 2026,2691811,JustAnotherGuy83,1,5
2026-07-21,2026-09-02T09:20:04Z,12847736,Modern Challenge 64,challenge,modern,Summer 2026,880239,jussupinator,2,4
2026-07-21,2026-09-02T09:20:04Z,12847736,Modern Challenge 64,challenge,modern,Summer 2026,2537131,yriel,3,3
2026-07-21,2026-09-02T09:20:04Z,12847736,Modern Challenge 64,challenge,modern,Summer 2026,1997683,hugofreitas1,4,3
2026-07-21,2026-09-02T09:20:04Z,12847736,Modern Challenge 64,challenge,modern,Summer 2026,3157320,Jagger002,5,2
2026-07-21,2026-09-02T09:20:04Z,12847736,Modern Challenge 64,challenge,modern,Summer 2026,2720911,Cachorrowo,6,2
2026-07-21,2026-09-02T09:20:04Z,12847736,Modern Challenge 64,challenge,modern,Summer 2026,3254787,WaffleWiz,7,2
2026-07-21,2026-09-02T09:20:04Z,12847736,Modern Challenge 64,challenge,modern,Summer 2026,2204017,Slyvester3,8,2
2026-07-21,2026-09-02T09:20:04Z,12847736,Modern Challenge 64,challenge,modern,Summer 2026,2127900,soggymeatball,9,1
2026-07-21,2026-09-02T09:20:04Z,12847736,Modern Challenge 64,challenge,modern,Summer 2026,3474034,VizosMTG,10,1
2026-07-21,2026-09-02T09:20:04Z,12847736,Modern Challenge 64,challenge,modern,Summer 2026,288461,XxquestionablyawesomexX,11,1
2026-07-21,2026-09-02T09:20:04Z,12847736,Modern Challenge 64,challenge,modern,Summer 2026,3037817,planetbrainwash,12,1
2026-07-21,2026-09-02T09:20:04Z,12847736,Modern Challenge 64,challenge,modern,Summer 2026,2564773,klien7,13,1
2026-07-21,2026-09-02T09:20:04Z,12847736,Modern Challenge 64,challenge,modern,Summer 2026,3485056,krixtijan,14,1
2026-07-21,2026-09-02T09:20:04Z,12847736,Modern Challenge 64,challenge,modern,Summer 2026,2962867,cormano,15,1
2026-07-21,2026-09-02T09:20:04Z,12847736,Modern Challenge 64,challenge,modern,Summer 2026,2972771,AvianScrolls,16,1
2026-07-21,2026-09-02T09:20:04Z,12847736,Modern Challenge 64,challenge,modern,Summer 2026,3540949,pedronavaja,17,0
2026-07-21,2026-09-02T09:20:04Z,12847736,Modern Challenge 64,challenge,modern,Summer 2026,2232658,xl_snapcaster,18,0
2026-07-21,2026-09-02T09:20:04Z,12847736,Modern Challenge 64,challenge,modern,Summer 2026,2747375,DemianDesposito10,19,0
2026-07-21,2026-09-02T09:20:04Z,12847736,Modern Challenge 64,challenge,modern,Summer 2026,3550028,SolteiOManete,20,0
2026-07-21,2026-09-02T09:20:04Z,12847736,Modern Challenge 64,challenge,modern,Summer 2026,2981803,Tinker_deck,21,0
2026-07-21,2026-09-02T09:20:04Z,12847736,Modern Challenge 64,challenge,modern,Summer 2026,2903591,MeninoNey,22,0
2026-07-21,2026-09-02T09:20:04Z,12847736,Modern Challenge 64,challenge,modern,Summer 2026,2917923,thatguy_champ,23,0
2026-07-21,2026-09-02T09:20:04Z,12847736,Modern Challenge 64,challenge,modern,Summer 2026,2232605,Samcaster-Mage,24,0
2026-07-21,2026-09-02T09:20:04Z,12847736,Modern Challenge 64,challenge,modern,Summer 2026,3560747,ipadkid,25,0
2026-07-21,2026-09-02T09:20:04Z,12847736,Modern Challenge 64,challenge,modern,Summer 2026,453404,_Batutinha_,26,0
2026-07-21,2026-09-02T09:20:04Z,12847736,Modern Challenge 64,challenge,modern,Summer 2026,3293517,YoungElf,27,0
2026-07-21,2026-09-02T09:20:04Z,12847736,Modern Challenge 64,challenge,modern,Summer 2026,1800145,RandomOctopus,28,0
2026-07-21,2026-09-02T09:20:04Z,12847736,Modern Challenge 64,challenge,modern,Summer 2026,3013293,VictorEsquici,29,0
2026-07-21,2026-09-02T09:20:04Z,12847736,Modern Challenge 64,challenge,modern,Summer 2026,3413765,Bawer,30,0
2026-07-21,2026-09-02T09:20:04Z,12847736,Modern Challenge 64,challenge,modern,Summer 2026,575927,kentaro_hokori,31,0
2026-07-21,2026-09-02T09:20:04Z,12847736,Modern Challenge 64,challenge,modern,Summer 2026,3479773,4FunNoWin,32,0
2026-07-22,2026-09-02T09:20:04Z,12847739,Modern Challenge 32,challenge,modern,Summer 2026,2707200,Kritik,1,5
2026-07-22,2026-09-02T09:20:04Z,12847739,Modern Challenge 32,challenge,modern,Summer 2026,2877405,Darkchrome6538,2,4
2026-07-22,2026-09-02T09:20:04Z,12847739,Modern Challenge 32,challenge,modern,Summer 2026,2372533,niuwaid001,3,3
2026-07-22,2026-09-02T09:20:04Z,12847739,Modern Challenge 32,challenge,modern,Summer 2026,3442638,bananadisaster,4,3
2026-07-22,2026-09-02T09:20:04Z,12847739,Modern Challenge 32,challenge,modern,Summer 2026,2446403,justFeather,5,2
2026-07-22,2026-09-02T09:20:04Z,12847739,Modern Challenge 32,challenge,modern,Summer 2026,2957142,MohammedbinSalman,6,2
2026-07-22,2026-09-02T09:20:04Z,12847739,Modern Challenge 32,challenge,modern,Summer 2026,864036,renatoaraujo,7,2
2026-07-22,2026-09-02T09:20:04Z,12847739,Modern Challenge 32,challenge,modern,Summer 2026,1241037,Aelyck,8,2
2026-07-22,2026-09-02T09:20:04Z,12847739,Modern Challenge 32,challenge,modern,Summer 2026,3112124,JohnTag667,9,1
2026-07-22,2026-09-02T09:20:04Z,12847739,Modern Challenge 32,challenge,modern,Summer 2026,2581425,MaeMtg,10,1
2026-07-22,2026-09-02T09:20:04Z,12847739,Modern Challenge 32,challenge,modern,Summer 2026,2714224,eclipse4343,11,1
2026-07-22,2026-09-02T09:20:04Z,12847739,Modern Challenge 32,challenge,modern,Summer 2026,3167352,bhowie,12,1
2026-07-22,2026-09-02T09:20:04Z,12847739,Modern Challenge 32,challenge,modern,Summer 2026,2788809,Chichichi,13,1
2026-07-22,2026-09-02T09:20:04Z,12847739,Modern Challenge 32,challenge,modern,Summer 2026,3535587,Venom01,14,1
2026-07-22,2026-09-02T09:20:04Z,12847739,Modern Challenge 32,challenge,modern,Summer 2026,3333240,GregorV,15,1
2026-07-22,2026-09-02T09:20:04Z,12847739,Modern Challenge 32,challenge,modern,Summer 2026,643454,Sarlanga,16,1
2026-07-22,2026-09-02T09:20:04Z,12847739,Modern Challenge 32,challenge,modern,Summer 2026,2011282,lgqueiroz3,17,0
2026-07-22,2026-09-02T09:20:04Z,12847739,Modern Challenge 32,challenge,modern,Summer 2026,2981803,Tinker_deck,18,0
2026-07-22,2026-09-02T09:20:04Z,12847739,Modern Challenge 32,challenge,modern,Summer 2026,1952341,ejk,19,0
2026-07-22,2026-09-02T09:20:04Z,12847739,Modern Challenge 32,challenge,modern,Summer 2026,2903591,MeninoNey,20,0
2026-07-22,2026-09-02T09:20:04Z,12847739,Modern Challenge 32,challenge,modern,Summer 2026,3155916,reidq7,21,0
2026-07-22,2026-09-02T09:20:04Z,12847739,Modern Challenge 32,challenge,modern,Summer 2026,3564827,Matlucas,22,0
2026-07-22,2026-09-02T09:20:04Z,12847739,Modern Challenge 32,challenge,modern,Summer 2026,3558262,I_Cant_Read,23,0
2026-07-22,2026-09-02T09:20:04Z,12847739,Modern Challenge 32,challenge,modern,Summer 2026,3166894,ViceroyRubbins,24,0
2026-07-22,2026-09-02T09:20:04Z,12847739,Modern Challenge 32,challenge,modern,Summer 2026,1445032,nikkuniku,25,0
2026-07-22,2026-09-02T09:20:04Z,12847739,Modern Challenge 32,challenge,modern,Summer 2026,3306092,Odin2015,26,0
2026-07-22,2026-09-02T09:20:04Z,12847739,Modern Challenge 32,challenge,modern,Summer 2026,3478047,PaulHauk,27,0
2026-07-22,2026-09-02T09:20:04Z,12847739,Modern Challenge 32,challenge,modern,Summer 2026,617093,kcomedina,28,0
2026-07-22,2026-09-02T09:20:04Z,12847739,Modern Challenge 32,challenge,modern,Summer 2026,2917923,thatguy_champ,29,0
2026-07-22,2026-09-02T09:20:04Z,12847739,Modern Challenge 32,challenge,modern,Summer 2026,2957613,SlavSlays,30,0
2026-07-22,2026-09-02T09:20:04Z,12847739,Modern Challenge 32,challenge,modern,Summer 2026,3040474,ETBJezus,31,0
2026-07-22,2026-09-02T09:20:04Z,12847739,Modern Challenge 32,challenge,modern,Summer 2026,2757366,kaikas,32,0
2026-07-22,2026-09-02T09:20:04Z,12848164,Modern Challenge 96,challenge,modern,Summer 2026,1089456,Xerk,1,5
2026-07-22,2026-09-02T09:20:04Z,12848164,Modern Challenge 96,challenge,modern,Summer 2026,3479773,4FunNoWin,2,4
2026-07-22,2026-09-02T09:20:04Z,12848164,Modern Challenge 96,challenge,modern,Summer 2026,3540949,pedronavaja,3,3
2026-07-22,2026-09-02T09:20:04Z,12848164,Modern Challenge 96,challenge,modern,Summer 2026,2981401,HuUeBR,4,3
2026-07-22,2026-09-02T09:20:04Z,12848164,Modern Challenge 96,challenge,modern,Summer 2026,2446403,justFeather,5,2
2026-07-22,2026-09-02T09:20:04Z,12848164,Modern Challenge 96,challenge,modern,Summer 2026,2107460,Andeloth,6,2
2026-07-22,2026-09-02T09:20:04Z,12848164,Modern Challenge 96,challenge,modern,Summer 2026,3076886,Thunus,7,2
2026-07-22,2026-09-02T09:20:04Z,12848164,Modern Challenge 96,challenge,modern,Summer 2026,3070695,Hongfu_Eureka,8,2
2026-07-22,2026-09-02T09:20:04Z,12848164,Modern Challenge 96,challenge,modern,Summer 2026,319589,FranBenitez91,9,1
2026-07-22,2026-09-02T09:20:04Z,12848164,Modern Challenge 96,challenge,modern,Summer 2026,3306092,Odin2015,10,1
2026-07-22,2026-09-02T09:20:04Z,12848164,Modern Challenge 96,challenge,modern,Summer 2026,1188705,ShikiXYZ,11,1
2026-07-22,2026-09-02T09:20:04Z,12848164,Modern Challenge 96,challenge,modern,Summer 2026,3011148,m4v3n,12,1
2026-07-22,2026-09-02T09:20:04Z,12848164,Modern Challenge 96,challenge,modern,Summer 2026,2709546,Evariel,13,1
2026-07-22,2026-09-02T09:20:04Z,12848164,Modern Challenge 96,challenge,modern,Summer 2026,3222070,Lightspirit,14,1
2026-07-22,2026-09-02T09:20:04Z,12848164,Modern Challenge 96,challenge,modern,Summer 2026,2708396,mikeleee,15,1
2026-07-22,2026-09-02T09:20:04Z,12848164,Modern Challenge 96,challenge,modern,Summer 2026,3190187,MisterTwin,16,1
2026-07-22,2026-09-02T09:20:04Z,12848164,Modern Challenge 96,challenge,modern,Summer 2026,691553,chuyingfei,17,0
2026-07-22,2026-09-02T09:20:04Z,12848164,Modern Challenge 96,challenge,modern,Summer 2026,1800145,RandomOctopus,18,0
2026-07-22,2026-09-02T09:20:04Z,12848164,Modern Challenge 96,challenge,modern,Summer 2026,411408,bellfy,19,0
2026-07-22,2026-09-02T09:20:04Z,12848164,Modern Challenge 96,challenge,modern,Summer 2026,2498069,_Falcon_,20,0
2026-07-22,2026-09-02T09:20:04Z,12848164,Modern Challenge 96,challenge,modern,Summer 2026,1052306,Spicychicken420,21,0
2026-07-22,2026-09-02T09:20:04Z,12848164,Modern Challenge 96,challenge,modern,Summer 2026,1063354,celobee,22,0
2026-07-22,2026-09-02T09:20:04Z,12848164,Modern Challenge 96,challenge,modern,Summer 2026,1997683,hugofreitas1,23,0
2026-07-22,2026-09-02T09:20:04Z,12848164,Modern Challenge 96,challenge,modern,Summer 2026,1742159,peter780108,24,0
2026-07-22,2026-09-02T09:20:04Z,12848164,Modern Challenge 96,challenge,modern,Summer 2026,2668632,Haiwa,25,0
2026-07-22,2026-09-02T09:20:04Z,12848164,Modern Challenge 96,challenge,modern,Summer 2026,1181017,JPA93,26,0
2026-07-22,2026-09-02T09:20:04Z,12848164,Modern Challenge 96,challenge,modern,Summer 2026,1546166,leandru,27,0
2026-07-22,2026-09-02T09:20:04Z,12848164,Modern Challenge 96,challenge,modern,Summer 2026,2441292,Wouke112,28,0
2026-07-22,2026-09-02T09:20:04Z,12848164,Modern Challenge 96,challenge,modern,Summer 2026,3476561,frenzyofexultations,29,0
2026-07-22,2026-09-02T09:20:04Z,12848164,Modern Challenge 96,challenge,modern,Summer 2026,2784120,sleightofhand94,30,0
2026-07-22,2026-09-02T09:20:04Z,12848164,Modern Challenge 96,challenge,modern,Summer 2026,676549,Alakai,31,0
2026-07-22,2026-09-02T09:20:04Z,12848164,Modern Challenge 96,challenge,modern,Summer 2026,3042330,SeroPhinz,32,0
2026-07-23,2026-09-02T09:20:04Z,12848173,Modern Challenge 64,challenge,modern,Summer 2026,1719515,NuBlkAu,1,5
2026-07-23,2026-09-02T09:20:04Z,12848173,Modern Challenge 64,challenge,modern,Summer 2026,2918398,yulinl,2,4
2026-07-23,2026-09-02T09:20:04Z,12848173,Modern Challenge 64,challenge,modern,Summer 2026,1471145,moon11,3,3
2026-07-23,2026-09-02T09:20:04Z,12848173,Modern Challenge 64,challenge,modern,Summer 2026,3544040,GWT,4,3
2026-07-23,2026-09-02T09:20:04Z,12848173,Modern Challenge 64,challenge,modern,Summer 2026,2981803,Tinker_deck,5,2
2026-07-23,2026-09-02T09:20:04Z,12848173,Modern Challenge 64,challenge,modern,Summer 2026,2640770,Alico,6,2
2026-07-23,2026-09-02T09:20:04Z,12848173,Modern Challenge 64,challenge,modern,Summer 2026,2237473,Polikasoll,7,2
2026-07-23,2026-09-02T09:20:04Z,12848173,Modern Challenge 64,challenge,modern,Summer 2026,2618500,Jumba,8,2
2026-07-23,2026-09-02T09:20:04Z,12848173,Modern Challenge 64,challenge,modern,Summer 2026,494936,levunga21,9,1
2026-07-23,2026-09-02T09:20:04Z,12848173,Modern Challenge 64,challenge,modern,Summer 2026,453404,_Batutinha_,10,1
2026-07-23,2026-09-02T09:20:04Z,12848173,Modern Challenge 64,challenge,modern,Summer 2026,1089456,Xerk,11,1
2026-07-23,2026-09-02T09:20:04Z,12848173,Modern Challenge 64,challenge,modern,Summer 2026,750455,JJ,12,1
2026-07-23,2026-09-02T09:20:04Z,12848173,Modern Challenge 64,challenge,modern,Summer 2026,649380,Rvng,13,1
2026-07-23,2026-09-02T09:20:04Z,12848173,Modern Challenge 64,challenge,modern,Summer 2026,2390663,haoqinglangou,14,1
2026-07-23,2026-09-02T09:20:04Z,12848173,Modern Challenge 64,challenge,modern,Summer 2026,1965391,TheKG,15,1
2026-07-23,2026-09-02T09:20:04Z,12848173,Modern Challenge 64,challenge,modern,Summer 2026,2607787,TomBombadi1,16,1
2026-07-23,2026-09-02T09:20:04Z,12848173,Modern Challenge 64,challenge,modern,Summer 2026,2921975,NickBolas90,17,0
2026-07-23,2026-09-02T09:20:04Z,12848173,Modern Challenge 64,challenge,modern,Summer 2026,1712831,toondoslav,18,0
2026-07-23,2026-09-02T09:20:04Z,12848173,Modern Challenge 64,challenge,modern,Summer 2026,643454,Sarlanga,19,0
2026-07-23,2026-09-02T09:20:04Z,12848173,Modern Challenge 64,challenge,modern,Summer 2026,2903591,MeninoNey,20,0
2026-07-23,2026-09-02T09:20:04Z,12848173,Modern Challenge 64,challenge,modern,Summer 2026,1074736,Aldreen,21,0
2026-07-23,2026-09-02T09:20:04Z,12848173,Modern Challenge 64,challenge,modern,Summer 2026,2695862,JuanmaAT,22,0
2026-07-23,2026-09-02T09:20:04Z,12848173,Modern Challenge 64,challenge,modern,Summer 2026,2747375,DemianDesposito10,23,0
2026-07-23,2026-09-02T09:20:04Z,12848173,Modern Challenge 64,challenge,modern,Summer 2026,2668786,nesple,24,0
2026-07-23,2026-09-02T09:20:04Z,12848173,Modern Challenge 64,challenge,modern,Summer 2026,2107300,Edraros3,25,0
2026-07-23,2026-09-02T09:20:04Z,12848173,Modern Challenge 64,challenge,modern,Summer 2026,2822464,Pleyboy,26,0
2026-07-23,2026-09-02T09:20:04Z,12848173,Modern Challenge 64,challenge,modern,Summer 2026,2064081,SuperCow12653,27,0
2026-07-23,2026-09-02T09:20:04Z,12848173,Modern Challenge 64,challenge,modern,Summer 2026,949859,ShowTime_,28,0
2026-07-23,2026-09-02T09:20:04Z,12848173,Modern Challenge 64,challenge,modern,Summer 2026,3364560,Craig_Long123,29,0
2026-07-23,2026-09-02T09:20:04Z,12848173,Modern Challenge 64,challenge,modern,Summer 2026,2199969,Vyncint_Blankenship,30,0
2026-07-23,2026-09-02T09:20:04Z,12848173,Modern Challenge 64,challenge,modern,Summer 2026,2995055,Deathmaxx,31,0
2026-07-23,2026-09-02T09:20:04Z,12848173,Modern Challenge 64,challenge,modern,Summer 2026,1919341,claudioh,32,0
2026-07-24,2026-09-02T09:20:04Z,12848190,Modern Challenge 64,challenge,modern,Summer 2026,1074736,Aldreen,1,5
2026-07-24,2026-09-02T09:20:04Z,12848190,Modern Challenge 64,challenge,modern,Summer 2026,2671586,May_Chang,2,4
2026-07-24,2026-09-02T09:20:04Z,12848190,Modern Challenge 64,challenge,modern,Summer 2026,2708396,mikeleee,3,3
2026-07-24,2026-09-02T09:20:04Z,12848190,Modern Challenge 64,challenge,modern,Summer 2026,676549,Alakai,4,3
2026-07-24,2026-09-02T09:20:04Z,12848190,Modern Challenge 64,challenge,modern,Summer 2026,2618500,Jumba,5,2
2026-07-24,2026-09-02T09:20:04Z,12848190,Modern Challenge 64,challenge,modern,Summer 2026,1950164,Dioferreira,6,2
2026-07-24,2026-09-02T09:20:04Z,12848190,Modern Challenge 64,challenge,modern,Summer 2026,3251344,TheRussianGuy,7,2
2026-07-24,2026-09-02T09:20:04Z,12848190,Modern Challenge 64,challenge,modern,Summer 2026,2185747,KingHairy,8,2
2026-07-24,2026-09-02T09:20:04Z,12848190,Modern Challenge 64,challenge,modern,Summer 2026,1018764,OafMcNamara,9,1
2026-07-24,2026-09-02T09:20:04Z,12848190,Modern Challenge 64,challenge,modern,Summer 2026,850543,Terribad,10,1
2026-07-24,2026-09-02T09:20:04Z,12848190,Modern Challenge 64,challenge,modern,Summer 2026,3488559,DeepDisherino,11,1
2026-07-24,2026-09-02T09:20:04Z,12848190,Modern Challenge 64,challenge,modern,Summer 2026,1226387,D00mwake,12,1
2026-07-24,2026-09-02T09:20:04Z,12848190,Modern Challenge 64,challenge,modern,Summer 2026,2707200,Kritik,13,1
2026-07-24,2026-09-02T09:20:04Z,12848190,Modern Challenge 64,challenge,modern,Summer 2026,2636302,el-pollo-lolo,14,1
2026-07-24,2026-09-02T09:20:04Z,12848190,Modern Challenge 64,challenge,modern,Summer 2026,2130633,ShadowTitan1,15,1
2026-07-24,2026-09-02T09:20:04Z,12848190,Modern Challenge 64,challenge,modern,Summer 2026,1181017,JPA93,16,1
2026-07-24,2026-09-02T09:20:04Z,12848190,Modern Challenge 64,challenge,modern,Summer 2026,2931233,JakeTMS,17,0
2026-07-24,2026-09-02T09:20:04Z,12848190,Modern Challenge 64,challenge,modern,Summer 2026,30930,Omegauo,18,0
2026-07-24,2026-09-02T09:20:04Z,12848190,Modern Challenge 64,challenge,modern,Summer 2026,2581425,MaeMtg,19,0
2026-07-24,2026-09-02T09:20:04Z,12848190,Modern Challenge 64,challenge,modern,Summer 2026,2397708,Lexus_Rx,20,0
2026-07-24,2026-09-02T09:20:04Z,12848190,Modern Challenge 64,challenge,modern,Summer 2026,1855222,howa,21,0
2026-07-24,2026-09-02T09:20:04Z,12848190,Modern Challenge 64,challenge,modern,Summer 2026,3095953,DelverFofoqueiro,22,0
2026-07-24,2026-09-02T09:20:04Z,12848190,Modern Challenge 64,challenge,modern,Summer 2026,2757366,kaikas,23,0
2026-07-24,2026-09-02T09:20:04Z,12848190,Modern Challenge 64,challenge,modern,Summer 2026,3175692,_Chamytinho_,24,0
2026-07-24,2026-09-02T09:20:04Z,12848190,Modern Challenge 64,challenge,modern,Summer 2026,750455,JJ,25,0
2026-07-24,2026-09-02T09:20:04Z,12848190,Modern Challenge 64,challenge,modern,Summer 2026,3295418,elfo_98,26,0
2026-07-24,2026-09-02T09:20:04Z,12848190,Modern Challenge 64,challenge,modern,Summer 2026,3485597,Dalinar765,27,0
2026-07-24,2026-09-02T09:20:04Z,12848190,Modern Challenge 64,challenge,modern,Summer 2026,2822464,Pleyboy,28,0
2026-07-24,2026-09-02T09:20:04Z,12848190,Modern Challenge 64,challenge,modern,Summer 2026,2747375,DemianDesposito10,29,0
2026-07-24,2026-09-02T09:20:04Z,12848190,Modern Challenge 64,challenge,modern,Summer 2026,3486773,bugzbugs,30,0
2026-07-24,2026-09-02T09:20:04Z,12848190,Modern Challenge 64,challenge,modern,Summer 2026,980850,MikeEgan,31,0
2026-07-24,2026-09-02T09:20:04Z,12848190,Modern Challenge 64,challenge,modern,Summer 2026,3042330,SeroPhinz,32,0
2026-07-25,2026-09-02T09:20:04Z,12848159,Modern Showcase Qualifier,premier,modern,Summer 2026,1862893,ls149950,1,10
2026-07-25,2026-09-02T09:20:04Z,12848159,Modern Showcase Qualifier,premier,modern,Summer 2026,2373595,Lollopollo2001,2,8
2026-07-25,2026-09-02T09:20:04Z,12848159,Modern Showcase Qualifier,premier,modern,Summer 2026,2916560,wutey,3,6
2026-07-25,2026-09-02T09:20:04Z,12848159,Modern Showcase Qualifier,premier,modern,Summer 2026,2537131,yriel,4,6
2026-07-25,2026-09-02T09:20:04Z,12848159,Modern Showcase Qualifier,premier,modern,Summer 2026,1471145,moon11,5,4
2026-07-25,2026-09-02T09:20:04Z,12848159,Modern Showcase Qualifier,premier,modern,Summer 2026,2464763,Savior0117,6,4
2026-07-25,2026-09-02T09:20:04Z,12848159,Modern Showcase Qualifier,premier,modern,Summer 2026,1950164,Dioferreira,7,4
2026-07-25,2026-09-02T09:20:04Z,12848159,Modern Showcase Qualifier,premier,modern,Summer 2026,710116,daibloXSC,8,4
2026-07-25,2026-09-02T09:20:04Z,12848159,Modern Showcase Qualifier,premier,modern,Summer 2026,390789,KelMasterP,9,2
2026-07-25,2026-09-02T09:20:04Z,12848159,Modern Showcase Qualifier,premier,modern,Summer 2026,3115176,shenyang45,10,2
2026-07-25,2026-09-02T09:20:04Z,12848159,Modern Showcase Qualifier,premier,modern,Summer 2026,2908645,CliffBoyardee,11,2
2026-07-25,2026-09-02T09:20:04Z,12848159,Modern Showcase Qualifier,premier,modern,Summer 2026,2405278,chengyiw,12,2
2026-07-25,2026-09-02T09:20:04Z,12848159,Modern Showcase Qualifier,premier,modern,Summer 2026,3113973,moreno13,13,2
2026-07-25,2026-09-02T09:20:04Z,12848159,Modern Showcase Qualifier,premier,modern,Summer 2026,1984508,kePs,14,2
2026-07-25,2026-09-02T09:20:04Z,12848159,Modern Showcase Qualifier,premier,modern,Summer 2026,2569009,TrueHero,15,2
2026-07-25,2026-09-02T09:20:04Z,12848159,Modern Showcase Qualifier,premier,modern,Summer 2026,3040474,ETBJezus,16,2
2026-07-25,2026-09-02T09:20:04Z,12848159,Modern Showcase Qualifier,premier,modern,Summer 2026,2808047,Zoru,17,0
2026-07-25,2026-09-02T09:20:04Z,12848159,Modern Showcase Qualifier,premier,modern,Summer 2026,3148704,hugeowl,18,0
2026-07-25,2026-09-02T09:20:04Z,12848159,Modern Showcase Qualifier,premier,modern,Summer 2026,2298957,rerere,19,0
2026-07-25,2026-09-02T09:20:04Z,12848159,Modern Showcase Qualifier,premier,modern,Summer 2026,3377456,KangXiaotian,20,0
2026-07-25,2026-09-02T09:20:04Z,12848159,Modern Showcase Qualifier,premier,modern,Summer 2026,2832530,PharmD_MTG,21,0
2026-07-25,2026-09-02T09:20:04Z,12848159,Modern Showcase Qualifier,premier,modern,Summer 2026,1721886,albybale93,22,0
2026-07-25,2026-09-02T09:20:04Z,12848159,Modern Showcase Qualifier,premier,modern,Summer 2026,2114194,Oscar_Franco,23,0
2026-07-25,2026-09-02T09:20:04Z,12848159,Modern Showcase Qualifier,premier,modern,Summer 2026,949859,ShowTime_,24,0
2026-07-25,2026-09-02T09:20:04Z,12848159,Modern Showcase Qualifier,premier,modern,Summer 2026,964394,LordEgg,25,0
2026-07-25,2026-09-02T09:20:04Z,12848159,Modern Showcase Qualifier,premier,modern,Summer 2026,2895855,strgn7,26,0
2026-07-25,2026-09-02T09:20:04Z,12848159,Modern Showcase Qualifier,premier,modern,Summer 2026,2671586,May_Chang,27,0
2026-07-25,2026-09-02T09:20:04Z,12848159,Modern Showcase Qualifier,premier,modern,Summer 2026,2726945,MadMaxErnst,28,0
2026-07-25,2026-09-02T09:20:04Z,12848159,Modern Showcase Qualifier,premier,modern,Summer 2026,1295787,ShzockChan,29,0
2026-07-25,2026-09-02T09:20:04Z,12848159,Modern Showcase Qualifier,premier,modern,Summer 2026,1142907,BaronOfBacon,30,0
2026-07-25,2026-09-02T09:20:04Z,12848159,Modern Showcase Qualifier,premier,modern,Summer 2026,1427366,karatedom,31,0
2026-07-25,2026-09-02T09:20:04Z,12848159,Modern Showcase Qualifier,premier,modern,Summer 2026,2842847,lilianna1989,32,0
2026-07-25,2026-09-02T09:20:04Z,12848199,Modern Challenge 64,challenge,modern,Summer 2026,2858193,oinkmage22,1,5
2026-07-25,2026-09-02T09:20:04Z,12848199,Modern Challenge 64,challenge,modern,Summer 2026,2130633,ShadowTitan1,2,4
2026-07-25,2026-09-02T09:20:04Z,12848199,Modern Challenge 64,challenge,modern,Summer 2026,476834,zturchan,3,3
2026-07-25,2026-09-02T09:20:04Z,12848199,Modern Challenge 64,challenge,modern,Summer 2026,2753736,RNicoF,4,3
2026-07-25,2026-09-02T09:20:04Z,12848199,Modern Challenge 64,challenge,modern,Summer 2026,2869870,Bigatti,5,2
2026-07-25,2026-09-02T09:20:04Z,12848199,Modern Challenge 64,challenge,modern,Summer 2026,643454,Sarlanga,6,2
2026-07-25,2026-09-02T09:20:04Z,12848199,Modern Challenge 64,challenge,modern,Summer 2026,1066436,jps_17,7,2
2026-07-25,2026-09-02T09:20:04Z,12848199,Modern Challenge 64,challenge,modern,Summer 2026,2903591,MeninoNey,8,2
2026-07-25,2026-09-02T09:20:04Z,12848199,Modern Challenge 64,challenge,modern,Summer 2026,2024035,vinnyrussian123,9,1
2026-07-25,2026-09-02T09:20:04Z,12848199,Modern Challenge 64,challenge,modern,Summer 2026,2428351,fuya,10,1
2026-07-25,2026-09-02T09:20:04Z,12848199,Modern Challenge 64,challenge,modern,Summer 2026,485263,C_S_W____,11,1
2026-07-25,2026-09-02T09:20:04Z,12848199,Modern Challenge 64,challenge,modern,Summer 2026,3556225,Sebby8715,12,1
2026-07-25,2026-09-02T09:20:04Z,12848199,Modern Challenge 64,challenge,modern,Summer 2026,2968680,NathanOfTheGiltLeaf,13,1
2026-07-25,2026-09-02T09:20:04Z,12848199,Modern Challenge 64,challenge,modern,Summer 2026,3037817,planetbrainwash,14,1
2026-07-25,2026-09-02T09:20:04Z,12848199,Modern Challenge 64,challenge,modern,Summer 2026,453404,_Batutinha_,15,1
2026-07-25,2026-09-02T09:20:04Z,12848199,Modern Challenge 64,challenge,modern,Summer 2026,2257869,kasiso,16,1
2026-07-25,2026-09-02T09:20:04Z,12848199,Modern Challenge 64,challenge,modern,Summer 2026,281240,Ziene,17,0
2026-07-25,2026-09-02T09:20:04Z,12848199,Modern Challenge 64,challenge,modern,Summer 2026,3203470,Ch4ppy,18,0
2026-07-25,2026-09-02T09:20:04Z,12848199,Modern Challenge 64,challenge,modern,Summer 2026,2856109,jakobpablo,19,0
2026-07-25,2026-09-02T09:20:04Z,12848199,Modern Challenge 64,challenge,modern,Summer 2026,3012164,Thronhart,20,0
2026-07-25,2026-09-02T09:20:04Z,12848199,Modern Challenge 64,challenge,modern,Summer 2026,2537131,yriel,21,0
2026-07-25,2026-09-02T09:20:04Z,12848199,Modern Challenge 64,challenge,modern,Summer 2026,3311758,Kollslaw,22,0
2026-07-25,2026-09-02T09:20:04Z,12848199,Modern Challenge 64,challenge,modern,Summer 2026,2709546,Evariel,23,0
2026-07-25,2026-09-02T09:20:04Z,12848199,Modern Challenge 64,challenge,modern,Summer 2026,3405528,kattsu,24,0
2026-07-25,2026-09-02T09:20:04Z,12848199,Modern Challenge 64,challenge,modern,Summer 2026,1855222,howa,25,0
2026-07-25,2026-09-02T09:20:04Z,12848199,Modern Challenge 64,challenge,modern,Summer 2026,2908947,manohito,26,0
2026-07-25,2026-09-02T09:20:04Z,12848199,Modern Challenge 64,challenge,modern,Summer 2026,3143665,brabes239,27,0
2026-07-25,2026-09-02T09:20:04Z,12848199,Modern Challenge 64,challenge,modern,Summer 2026,2322146,felider,28,0
2026-07-25,2026-09-02T09:20:04Z,12848199,Modern Challenge 64,challenge,modern,Summer 2026,3485597,Dalinar765,29,0
2026-07-25,2026-09-02T09:20:04Z,12848199,Modern Challenge 64,challenge,modern,Summer 2026,2757366,kaikas,30,0
2026-07-25,2026-09-02T09:20:04Z,12848199,Modern Challenge 64,challenge,modern,Summer 2026,2581425,MaeMtg,31,0
2026-07-25,2026-09-02T09:20:04Z,12848199,Modern Challenge 64,challenge,modern,Summer 2026,2822827,Zenthr,32,0
2026-07-25,2026-09-02T09:20:04Z,12848201,Modern Challenge 32,challenge,modern,Summer 2026,2063678,HelpfulHobo,1,5
2026-07-25,2026-09-02T09:20:04Z,12848201,Modern Challenge 32,challenge,modern,Summer 2026,2237473,Polikasoll,2,4
2026-07-25,2026-09-02T09:20:04Z,12848201,Modern Challenge 32,challenge,modern,Summer 2026,2905437,ganache1127,3,3
2026-07-25,2026-09-02T09:20:04Z,12848201,Modern Challenge 32,challenge,modern,Summer 2026,3342362,yolad,4,3
2026-07-25,2026-09-02T09:20:04Z,12848201,Modern Challenge 32,challenge,modern,Summer 2026,2675769,MegaSwampert,5,2
2026-07-25,2026-09-02T09:20:04Z,12848201,Modern Challenge 32,challenge,modern,Summer 2026,639998,imthekiing,6,2
2026-07-25,2026-09-02T09:20:04Z,12848201,Modern Challenge 32,challenge,modern,Summer 2026,2707200,Kritik,7,2
2026-07-25,2026-09-02T09:20:04Z,12848201,Modern Challenge 32,challenge,modern,Summer 2026,2322146,felider,8,2
2026-07-25,2026-09-02T09:20:04Z,12848201,Modern Challenge 32,challenge,modern,Summer 2026,3150538,mERAZED,9,1
2026-07-25,2026-09-02T09:20:04Z,12848201,Modern Challenge 32,challenge,modern,Summer 2026,1944075,sidisi,10,1
2026-07-25,2026-09-02T09:20:04Z,12848201,Modern Challenge 32,challenge,modern,Summer 2026,2658587,EthanBird,11,1
2026-07-25,2026-09-02T09:20:04Z,12848201,Modern Challenge 32,challenge,modern,Summer 2026,3262780,Occultatum,12,1
2026-07-25,2026-09-02T09:20:04Z,12848201,Modern Challenge 32,challenge,modern,Summer 2026,2537131,yriel,13,1
2026-07-25,2026-09-02T09:20:04Z,12848201,Modern Challenge 32,challenge,modern,Summer 2026,1022450,sydneydude,14,1
2026-07-25,2026-09-02T09:20:04Z,12848201,Modern Challenge 32,challenge,modern,Summer 2026,3023527,azpharot,15,1
2026-07-25,2026-09-02T09:20:04Z,12848201,Modern Challenge 32,challenge,modern,Summer 2026,3442638,bananadisaster,16,1
2026-07-25,2026-09-02T09:20:04Z,12848201,Modern Challenge 32,challenge,modern,Summer 2026,559515,Dreddybajs,17,0
2026-07-25,2026-09-02T09:20:04Z,12848201,Modern Challenge 32,challenge,modern,Summer 2026,2908947,manohito,18,0
2026-07-25,2026-09-02T09:20:04Z,12848201,Modern Challenge 32,challenge,modern,Summer 2026,2679433,olbeda,19,0
2026-07-25,2026-09-02T09:20:04Z,12848201,Modern Challenge 32,challenge,modern,Summer 2026,3499660,sioutis_kk,20,0
2026-07-25,2026-09-02T09:20:04Z,12848201,Modern Challenge 32,challenge,modern,Summer 2026,3558661,Takemikazuchi,21,0
2026-07-25,2026-09-02T09:20:04Z,12848201,Modern Challenge 32,challenge,modern,Summer 2026,3122764,Tian_tian,22,0
2026-07-25,2026-09-02T09:20:04Z,12848201,Modern Challenge 32,challenge,modern,Summer 2026,2724651,Megalov,23,0
2026-07-25,2026-09-02T09:20:04Z,12848201,Modern Challenge 32,challenge,modern,Summer 2026,3412001,Taddy_99,24,0
2026-07-25,2026-09-02T09:20:04Z,12848201,Modern Challenge 32,challenge,modern,Summer 2026,3477428,Kyndrax,25,0
2026-07-25,2026-09-02T09:20:04Z,12848201,Modern Challenge 32,challenge,modern,Summer 2026,88759,Legion_Presunto,26,0
2026-07-25,2026-09-02T09:20:04Z,12848201,Modern Challenge 32,challenge,modern,Summer 2026,2127900,soggymeatball,27,0
2026-07-25,2026-09-02T09:20:04Z,12848201,Modern Challenge 32,challenge,modern,Summer 2026,3096030,Badcookie,28,0
2026-07-25,2026-09-02T09:20:04Z,12848201,Modern Challenge 32,challenge,modern,Summer 2026,1719161,M_LIT,29,0
2026-07-25,2026-09-02T09:20:04Z,12848201,Modern Challenge 32,challenge,modern,Summer 2026,3249166,NotJim,30,0
2026-07-25,2026-09-02T09:20:04Z,12848201,Modern Challenge 32,challenge,modern,Summer 2026,3155916,reidq7,31,0
2026-07-25,2026-09-02T09:20:04Z,12848201,Modern Challenge 32,challenge,modern,Summer 2026,2315424,TheRightStuff,32,0
2026-07-25,2026-09-02T09:20:04Z,12848206,Modern Challenge 64,challenge,modern,Summer 2026,2942810,pete2fiddy,1,5
2026-07-25,2026-09-02T09:20:04Z,12848206,Modern Challenge 64,challenge,modern,Summer 2026,1928132,StormQrow,2,4
2026-07-25,2026-09-02T09:20:04Z,12848206,Modern Challenge 64,challenge,modern,Summer 2026,614372,1OR513N86,3,3
2026-07-25,2026-09-02T09:20:04Z,12848206,Modern Challenge 64,challenge,modern,Summer 2026,2895362,Stanners,4,3
2026-07-25,2026-09-02T09:20:04Z,12848206,Modern Challenge 64,challenge,modern,Summer 2026,850543,Terribad,5,2
2026-07-25,2026-09-02T09:20:04Z,12848206,Modern Challenge 64,challenge,modern,Summer 2026,3044837,UnbanOko,6,2
2026-07-25,2026-09-02T09:20:04Z,12848206,Modern Challenge 64,challenge,modern,Summer 2026,494936,levunga21,7,2
2026-07-25,2026-09-02T09:20:04Z,12848206,Modern Challenge 64,challenge,modern,Summer 2026,2707200,Kritik,8,2
2026-07-25,2026-09-02T09:20:04Z,12848206,Modern Challenge 64,challenge,modern,Summer 2026,2628697,filib,9,1
2026-07-25,2026-09-02T09:20:04Z,12848206,Modern Challenge 64,challenge,modern,Summer 2026,3392976,Stefan_Magic,10,1
2026-07-25,2026-09-02T09:20:04Z,12848206,Modern Challenge 64,challenge,modern,Summer 2026,1181017,JPA93,11,1
2026-07-25,2026-09-02T09:20:04Z,12848206,Modern Challenge 64,challenge,modern,Summer 2026,2968680,NathanOfTheGiltLeaf,12,1
2026-07-25,2026-09-02T09:20:04Z,12848206,Modern Challenge 64,challenge,modern,Summer 2026,2683189,Ale_Mtg,13,1
2026-07-25,2026-09-02T09:20:04Z,12848206,Modern Challenge 64,challenge,modern,Summer 2026,2272105,pepeteam,14,1
2026-07-25,2026-09-02T09:20:04Z,12848206,Modern Challenge 64,challenge,modern,Summer 2026,2901409,TheMeatMan,15,1
2026-07-25,2026-09-02T09:20:04Z,12848206,Modern Challenge 64,challenge,modern,Summer 2026,2971712,heredia593,16,1
2026-07-25,2026-09-02T09:20:04Z,12848206,Modern Challenge 64,challenge,modern,Summer 2026,3144001,TheeMacSheezy,17,0
2026-07-25,2026-09-02T09:20:04Z,12848206,Modern Challenge 64,challenge,modern,Summer 2026,2537131,yriel,18,0
2026-07-25,2026-09-02T09:20:04Z,12848206,Modern Challenge 64,challenge,modern,Summer 2026,1252777,_must_be_nice,19,0
2026-07-25,2026-09-02T09:20:04Z,12848206,Modern Challenge 64,challenge,modern,Summer 2026,2406137,Rainwalker83,20,0
2026-07-25,2026-09-02T09:20:04Z,12848206,Modern Challenge 64,challenge,modern,Summer 2026,3359144,TheColorOfBoom,21,0
2026-07-25,2026-09-02T09:20:04Z,12848206,Modern Challenge 64,challenge,modern,Summer 2026,1226387,D00mwake,22,0
2026-07-25,2026-09-02T09:20:04Z,12848206,Modern Challenge 64,challenge,modern,Summer 2026,3098269,C_Eastwood,23,0
2026-07-25,2026-09-02T09:20:04Z,12848206,Modern Challenge 64,challenge,modern,Summer 2026,1677693,B-Carp,24,0
2026-07-25,2026-09-02T09:20:04Z,12848206,Modern Challenge 64,challenge,modern,Summer 2026,2981803,Tinker_deck,25,0
2026-07-25,2026-09-02T09:20:04Z,12848206,Modern Challenge 64,challenge,modern,Summer 2026,2940494,Dydyk95,26,0
2026-07-25,2026-09-02T09:20:04Z,12848206,Modern Challenge 64,challenge,modern,Summer 2026,774962,wallofspikes,27,0
2026-07-25,2026-09-02T09:20:04Z,12848206,Modern Challenge 64,challenge,modern,Summer 2026,2618500,Jumba,28,0
2026-07-25,2026-09-02T09:20:04Z,12848206,Modern Challenge 64,challenge,modern,Summer 2026,2334410,oolong-chan,29,0
2026-07-25,2026-09-02T09:20:04Z,12848206,Modern Challenge 64,challenge,modern,Summer 2026,1785831,TerminalJustice,30,0
2026-07-25,2026-09-02T09:20:04Z,12848206,Modern Challenge 64,challenge,modern,Summer 2026,1940271,BressD1,31,0
2026-07-25,2026-09-02T09:20:04Z,12848206,Modern Challenge 64,challenge,modern,Summer 2026,3548939,Thomas_Sankara,32,0
2026-07-26,2026-09-02T09:20:04Z,12848213,Modern Challenge 64,challenge,modern,Summer 2026,3040474,ETBJezus,1,5
2026-07-26,2026-09-02T09:20:04Z,12848213,Modern Challenge 64,challenge,modern,Summer 2026,288461,XxquestionablyawesomexX,2,4
2026-07-26,2026-09-02T09:20:04Z,12848213,Modern Challenge 64,challenge,modern,Summer 2026,2130633,ShadowTitan1,3,3
2026-07-26,2026-09-02T09:20:04Z,12848213,Modern Challenge 64,challenge,modern,Summer 2026,617093,kcomedina,4,3
2026-07-26,2026-09-02T09:20:04Z,12848213,Modern Challenge 64,challenge,modern,Summer 2026,2901409,TheMeatMan,5,2
2026-07-26,2026-09-02T09:20:04Z,12848213,Modern Challenge 64,challenge,modern,Summer 2026,3501750,paynyos0232,6,2
2026-07-26,2026-09-02T09:20:04Z,12848213,Modern Challenge 64,challenge,modern,Summer 2026,3085636,GigaChadSigmaMale,7,2
2026-07-26,2026-09-02T09:20:04Z,12848213,Modern Challenge 64,challenge,modern,Summer 2026,2916207,FacadeJK,8,2
2026-07-26,2026-09-02T09:20:04Z,12848213,Modern Challenge 64,challenge,modern,Summer 2026,3012164,Thronhart,9,1
2026-07-26,2026-09-02T09:20:04Z,12848213,Modern Challenge 64,challenge,modern,Summer 2026,3095544,Goomy_,10,1
2026-07-26,2026-09-02T09:20:04Z,12848213,Modern Challenge 64,challenge,modern,Summer 2026,1066436,jps_17,11,1
2026-07-26,2026-09-02T09:20:04Z,12848213,Modern Challenge 64,challenge,modern,Summer 2026,2714224,eclipse4343,12,1
2026-07-26,2026-09-02T09:20:04Z,12848213,Modern Challenge 64,challenge,modern,Summer 2026,2522150,Slasher21,13,1
2026-07-26,2026-09-02T09:20:04Z,12848213,Modern Challenge 64,challenge,modern,Summer 2026,1936641,HankMD,14,1
2026-07-26,2026-09-02T09:20:04Z,12848213,Modern Challenge 64,challenge,modern,Summer 2026,2292083,bless_von,15,1
2026-07-26,2026-09-02T09:20:04Z,12848213,Modern Challenge 64,challenge,modern,Summer 2026,2999477,Bok_Choy_,16,1
2026-07-26,2026-09-02T09:20:04Z,12848213,Modern Challenge 64,challenge,modern,Summer 2026,1800145,RandomOctopus,17,0
2026-07-26,2026-09-02T09:20:04Z,12848213,Modern Challenge 64,challenge,modern,Summer 2026,1295787,ShzockChan,18,0
2026-07-26,2026-09-02T09:20:04Z,12848213,Modern Challenge 64,challenge,modern,Summer 2026,2322146,felider,19,0
2026-07-26,2026-09-02T09:20:04Z,12848213,Modern Challenge 64,challenge,modern,Summer 2026,2823414,John123321,20,0
2026-07-26,2026-09-02T09:20:04Z,12848213,Modern Challenge 64,challenge,modern,Summer 2026,3006274,MyrRetriever,21,0
2026-07-26,2026-09-02T09:20:04Z,12848213,Modern Challenge 64,challenge,modern,Summer 2026,3044830,Dhedjeshdi,22,0
2026-07-26,2026-09-02T09:20:04Z,12848213,Modern Challenge 64,challenge,modern,Summer 2026,2993160,NerdDadChad,23,0
2026-07-26,2026-09-02T09:20:04Z,12848213,Modern Challenge 64,challenge,modern,Summer 2026,2928451,YungDingo,24,0
2026-07-26,2026-09-02T09:20:04Z,12848213,Modern Challenge 64,challenge,modern,Summer 2026,2185747,KingHairy,25,0
2026-07-26,2026-09-02T09:20:04Z,12848213,Modern Challenge 64,challenge,modern,Summer 2026,1950164,Dioferreira,26,0
2026-07-26,2026-09-02T09:20:04Z,12848213,Modern Challenge 64,challenge,modern,Summer 2026,643454,Sarlanga,27,0
2026-07-26,2026-09-02T09:20:04Z,12848213,Modern Challenge 64,challenge,modern,Summer 2026,2679669,Ivan_Draw_Go,28,0
2026-07-26,2026-09-02T09:20:04Z,12848213,Modern Challenge 64,challenge,modern,Summer 2026,2856332,Advxnt,29,0
2026-07-26,2026-09-02T09:20:04Z,12848213,Modern Challenge 64,challenge,modern,Summer 2026,2858193,oinkmage22,30,0
2026-07-26,2026-09-02T09:20:04Z,12848213,Modern Challenge 64,challenge,modern,Summer 2026,1199711,TheRealTripleB,31,0
2026-07-26,2026-09-02T09:20:04Z,12848213,Modern Challenge 64,challenge,modern,Summer 2026,2972314,IronBeagle,32,0
2026-07-26,2026-09-02T09:20:04Z,12848217,Modern Challenge 64,challenge,modern,Summer 2026,1213308,MLGSKELETONS,1,5
2026-07-26,2026-09-02T09:20:04Z,12848217,Modern Challenge 64,challenge,modern,Summer 2026,559515,Dreddybajs,2,4
2026-07-26,2026-09-02T09:20:04Z,12848217,Modern Challenge 64,challenge,modern,Summer 2026,1932562,MahfuzVanGogh,3,3
2026-07-26,2026-09-02T09:20:04Z,12848217,Modern Challenge 64,challenge,modern,Summer 2026,1297262,Mogged,4,3
2026-07-26,2026-09-02T09:20:04Z,12848217,Modern Challenge 64,challenge,modern,Summer 2026,2707200,Kritik,5,2
2026-07-26,2026-09-02T09:20:04Z,12848217,Modern Challenge 64,challenge,modern,Summer 2026,2569009,TrueHero,6,2
2026-07-26,2026-09-02T09:20:04Z,12848217,Modern Challenge 64,challenge,modern,Summer 2026,2416526,Radziolot,7,2
2026-07-26,2026-09-02T09:20:04Z,12848217,Modern Challenge 64,challenge,modern,Summer 2026,2851835,SPyromancer,8,2
2026-07-26,2026-09-02T09:20:04Z,12848217,Modern Challenge 64,challenge,modern,Summer 2026,3413501,IlProfessore,9,1
2026-07-26,2026-09-02T09:20:04Z,12848217,Modern Challenge 64,challenge,modern,Summer 2026,2061280,Gods_Shadow,10,1
2026-07-26,2026-09-02T09:20:04Z,12848217,Modern Challenge 64,challenge,modern,Summer 2026,614372,1OR513N86,11,1
2026-07-26,2026-09-02T09:20:04Z,12848217,Modern Challenge 64,challenge,modern,Summer 2026,2283377,VampireDiaries,12,1
2026-07-26,2026-09-02T09:20:04Z,12848217,Modern Challenge 64,challenge,modern,Summer 2026,2910560,LuoAnlan,13,1
2026-07-26,2026-09-02T09:20:04Z,12848217,Modern Challenge 64,challenge,modern,Summer 2026,2005514,Bullet_Time,14,1
2026-07-26,2026-09-02T09:20:04Z,12848217,Modern Challenge 64,challenge,modern,Summer 2026,465104,AugustRush,15,1
2026-07-26,2026-09-02T09:20:04Z,12848217,Modern Challenge 64,challenge,modern,Summer 2026,2788118,RespectTheCat,16,1
2026-07-26,2026-09-02T09:20:04Z,12848217,Modern Challenge 64,challenge,modern,Summer 2026,3026253,KangarooDrew,17,0
2026-07-26,2026-09-02T09:20:04Z,12848217,Modern Challenge 64,challenge,modern,Summer 2026,2564773,klien7,18,0
2026-07-26,2026-09-02T09:20:04Z,12848217,Modern Challenge 64,challenge,modern,Summer 2026,1811013,Joey_Wheeler,19,0
2026-07-26,2026-09-02T09:20:04Z,12848217,Modern Challenge 64,challenge,modern,Summer 2026,2372533,niuwaid001,20,0
2026-07-26,2026-09-02T09:20:04Z,12848217,Modern Challenge 64,challenge,modern,Summer 2026,2119308,thodoris17,21,0
2026-07-26,2026-09-02T09:20:04Z,12848217,Modern Challenge 64,challenge,modern,Summer 2026,940897,Sciacallo_Rosso,22,0
2026-07-26,2026-09-02T09:20:04Z,12848217,Modern Challenge 64,challenge,modern,Summer 2026,1721886,albybale93,23,0
2026-07-26,2026-09-02T09:20:04Z,12848217,Modern Challenge 64,challenge,modern,Summer 2026,2897184,Kizdar,24,0
2026-07-26,2026-09-02T09:20:04Z,12848217,Modern Challenge 64,challenge,modern,Summer 2026,2908947,manohito,25,0
2026-07-26,2026-09-02T09:20:04Z,12848217,Modern Challenge 64,challenge,modern,Summer 2026,1663695,Smiteon,26,0
2026-07-26,2026-09-02T09:20:04Z,12848217,Modern Challenge 64,challenge,modern,Summer 2026,6197,simmons3333,27,0
2026-07-26,2026-09-02T09:20:04Z,12848217,Modern Challenge 64,challenge,modern,Summer 2026,3142768,PerkyT,28,0
2026-07-26,2026-09-02T09:20:04Z,12848217,Modern Challenge 64,challenge,modern,Summer 2026,1719515,NuBlkAu,29,0
2026-07-26,2026-09-02T09:20:04Z,12848217,Modern Challenge 64,challenge,modern,Summer 2026,2871058,Eyelash,30,0
2026-07-26,2026-09-02T09:20:04Z,12848217,Modern Challenge 64,challenge,modern,Summer 2026,2842847,lilianna1989,31,0
2026-07-26,2026-09-02T09:20:04Z,12848217,Modern Challenge 64,challenge,modern,Summer 2026,1995507,RGNKPheonix20,32,0
2026-07-27,2026-09-02T09:20:04Z,12848227,Modern Challenge 64,challenge,modern,Summer 2026,2714224,eclipse4343,1,5
2026-07-27,2026-09-02T09:20:04Z,12848227,Modern Challenge 64,challenge,modern,Summer 2026,2911879,marceliiine,2,4
2026-07-27,2026-09-02T09:20:04Z,12848227,Modern Challenge 64,challenge,modern,Summer 2026,2720911,Cachorrowo,3,3
2026-07-27,2026-09-02T09:20:04Z,12848227,Modern Challenge 64,challenge,modern,Summer 2026,3155916,reidq7,4,3
2026-07-27,2026-09-02T09:20:04Z,12848227,Modern Challenge 64,challenge,modern,Summer 2026,3553954,PhyrexianSwarm,5,2
2026-07-27,2026-09-02T09:20:04Z,12848227,Modern Challenge 64,challenge,modern,Summer 2026,1126781,derlumberzack,6,2
2026-07-27,2026-09-02T09:20:04Z,12848227,Modern Challenge 64,challenge,modern,Summer 2026,2858193,oinkmage22,7,2
2026-07-27,2026-09-02T09:20:04Z,12848227,Modern Challenge 64,challenge,modern,Summer 2026,2729232,MC_amp2267,8,2
2026-07-27,2026-09-02T09:20:04Z,12848227,Modern Challenge 64,challenge,modern,Summer 2026,1636994,gazmon48,9,1
2026-07-27,2026-09-02T09:20:04Z,12848227,Modern Challenge 64,challenge,modern,Summer 2026,2042214,Selfeisek,10,1
2026-07-27,2026-09-02T09:20:04Z,12848227,Modern Challenge 64,challenge,modern,Summer 2026,2908947,manohito,11,1
2026-07-27,2026-09-02T09:20:04Z,12848227,Modern Challenge 64,challenge,modern,Summer 2026,3030517,wft,12,1
2026-07-27,2026-09-02T09:20:04Z,12848227,Modern Challenge 64,challenge,modern,Summer 2026,2130633,ShadowTitan1,13,1
2026-07-27,2026-09-02T09:20:04Z,12848227,Modern Challenge 64,challenge,modern,Summer 2026,3306092,Odin2015,14,1
2026-07-27,2026-09-02T09:20:04Z,12848227,Modern Challenge 64,challenge,modern,Summer 2026,2232658,xl_snapcaster,15,1
2026-07-27,2026-09-02T09:20:04Z,12848227,Modern Challenge 64,challenge,modern,Summer 2026,2753736,RNicoF,16,1
2026-07-27,2026-09-02T09:20:04Z,12848227,Modern Challenge 64,challenge,modern,Summer 2026,3112124,JohnTag667,17,0
2026-07-27,2026-09-02T09:20:04Z,12848227,Modern Challenge 64,challenge,modern,Summer 2026,2636302,el-pollo-lolo,18,0
2026-07-27,2026-09-02T09:20:04Z,12848227,Modern Challenge 64,challenge,modern,Summer 2026,643454,Sarlanga,19,0
2026-07-27,2026-09-02T09:20:04Z,12848227,Modern Challenge 64,challenge,modern,Summer 2026,2981803,Tinker_deck,20,0
2026-07-27,2026-09-02T09:20:04Z,12848227,Modern Challenge 64,challenge,modern,Summer 2026,3172197,Benjivera7,21,0
2026-07-27,2026-09-02T09:20:04Z,12848227,Modern Challenge 64,challenge,modern,Summer 2026,3013730,nagas4,22,0
2026-07-27,2026-09-02T09:20:04Z,12848227,Modern Challenge 64,challenge,modern,Summer 2026,3359144,TheColorOfBoom,23,0
2026-07-27,2026-09-02T09:20:04Z,12848227,Modern Challenge 64,challenge,modern,Summer 2026,3527382,Wesleke27,24,0
2026-07-27,2026-09-02T09:20:04Z,12848227,Modern Challenge 64,challenge,modern,Summer 2026,1017664,hypgn0sis,25,0
2026-07-27,2026-09-02T09:20:04Z,12848227,Modern Challenge 64,challenge,modern,Summer 2026,2761370,ashame,26,0
2026-07-27,2026-09-02T09:20:04Z,12848227,Modern Challenge 64,challenge,modern,Summer 2026,2292083,bless_von,27,0
2026-07-27,2026-09-02T09:20:04Z,12848227,Modern Challenge 64,challenge,modern,Summer 2026,3495469,CreamTeamLeader,28,0
2026-07-27,2026-09-02T09:20:04Z,12848227,Modern Challenge 64,challenge,modern,Summer 2026,3012164,Thronhart,29,0
2026-07-27,2026-09-02T09:20:04Z,12848227,Modern Challenge 64,challenge,modern,Summer 2026,2316177,Ouranos139,30,0
2026-07-27,2026-09-02T09:20:04Z,12848227,Modern Challenge 64,challenge,modern,Summer 2026,3037817,planetbrainwash,31,0
2026-07-27,2026-09-02T09:20:04Z,12848227,Modern Challenge 64,challenge,modern,Summer 2026,2127900,soggymeatball,32,0
2026-07-27,2026-09-02T09:20:04Z,12848231,Modern Challenge 96,challenge,modern,Summer 2026,1181017,JPA93,1,5
2026-07-27,2026-09-02T09:20:04Z,12848231,Modern Challenge 96,challenge,modern,Summer 2026,2707200,Kritik,2,4
2026-07-27,2026-09-02T09:20:04Z,12848231,Modern Challenge 96,challenge,modern,Summer 2026,2796105,Porks,3,3
2026-07-27,2026-09-02T09:20:04Z,12848231,Modern Challenge 96,challenge,modern,Summer 2026,3477626,Serosocram,4,3
2026-07-27,2026-09-02T09:20:04Z,12848231,Modern Challenge 96,challenge,modern,Summer 2026,2537131,yriel,5,2
2026-07-27,2026-09-02T09:20:04Z,12848231,Modern Challenge 96,challenge,modern,Summer 2026,2155428,avelazquez14,6,2
2026-07-27,2026-09-02T09:20:04Z,12848231,Modern Challenge 96,challenge,modern,Summer 2026,2627221,Nblearchange1,7,2
2026-07-27,2026-09-02T09:20:04Z,12848231,Modern Challenge 96,challenge,modern,Summer 2026,3253656,yunyu1234,8,2
2026-07-27,2026-09-02T09:20:04Z,12848231,Modern Challenge 96,challenge,modern,Summer 2026,2082331,kimkimmer,9,1
2026-07-27,2026-09-02T09:20:04Z,12848231,Modern Challenge 96,challenge,modern,Summer 2026,3373315,Spellyp,10,1
2026-07-27,2026-09-02T09:20:04Z,12848231,Modern Challenge 96,challenge,modern,Summer 2026,2273541,Salty_Orange,11,1
2026-07-27,2026-09-02T09:20:04Z,12848231,Modern Challenge 96,challenge,modern,Summer 2026,2253154,mei0024,12,1
2026-07-27,2026-09-02T09:20:04Z,12848231,Modern Challenge 96,challenge,modern,Summer 2026,1280578,HeyyQT,13,1
2026-07-27,2026-09-02T09:20:04Z,12848231,Modern Challenge 96,challenge,modern,Summer 2026,1712831,toondoslav,14,1
2026-07-27,2026-09-02T09:20:04Z,12848231,Modern Challenge 96,challenge,modern,Summer 2026,3544040,GWT,15,1
2026-07-27,2026-09-02T09:20:04Z,12848231,Modern Challenge 96,challenge,modern,Summer 2026,3442638,bananadisaster,16,1
2026-07-27,2026-09-02T09:20:04Z,12848231,Modern Challenge 96,challenge,modern,Summer 2026,1706283,Laplasjan,17,0
2026-07-27,2026-09-02T09:20:04Z,12848231,Modern Challenge 96,challenge,modern,Summer 2026,2940494,Dydyk95,18,0
2026-07-27,2026-09-02T09:20:04Z,12848231,Modern Challenge 96,challenge,modern,Summer 2026,2981401,HuUeBR,19,0
2026-07-27,2026-09-02T09:20:04Z,12848231,Modern Challenge 96,challenge,modern,Summer 2026,3263693,MeninooNey,20,0
2026-07-27,2026-09-02T09:20:04Z,12848231,Modern Challenge 96,challenge,modern,Summer 2026,3216332,FutureExPro,21,0
2026-07-27,2026-09-02T09:20:04Z,12848231,Modern Challenge 96,challenge,modern,Summer 2026,2808705,CrispyFrog,22,0
2026-07-27,2026-09-02T09:20:04Z,12848231,Modern Challenge 96,challenge,modern,Summer 2026,2688845,DelverOfBolts,23,0
2026-07-27,2026-09-02T09:20:04Z,12848231,Modern Challenge 96,challenge,modern,Summer 2026,1780347,nightwitch,24,0
2026-07-27,2026-09-02T09:20:04Z,12848231,Modern Challenge 96,challenge,modern,Summer 2026,2984703,cntrlfreak_ttv,25,0
2026-07-27,2026-09-02T09:20:04Z,12848231,Modern Challenge 96,challenge,modern,Summer 2026,3200561,Gnurant,26,0
2026-07-27,2026-09-02T09:20:04Z,12848231,Modern Challenge 96,challenge,modern,Summer 2026,2788118,RespectTheCat,27,0
2026-07-27,2026-09-02T09:20:04Z,12848231,Modern Challenge 96,challenge,modern,Summer 2026,319589,FranBenitez91,28,0
2026-07-27,2026-09-02T09:20:04Z,12848231,Modern Challenge 96,challenge,modern,Summer 2026,3222070,Lightspirit,29,0
2026-07-27,2026-09-02T09:20:04Z,12848231,Modern Challenge 96,challenge,modern,Summer 2026,3333240,GregorV,30,0
2026-07-27,2026-09-02T09:20:04Z,12848231,Modern Challenge 96,challenge,modern,Summer 2026,3499660,sioutis_kk,31,0
2026-07-27,2026-09-02T09:20:04Z,12848231,Modern Challenge 96,challenge,modern,Summer 2026,2894004,seitahn,32,0
2026-07-28,2026-09-02T09:20:04Z,12848246,Modern Challenge 64,challenge,modern,Summer 2026,1942357,nahuel10,1,5
2026-07-28,2026-09-02T09:20:04Z,12848246,Modern Challenge 64,challenge,modern,Summer 2026,1618758,selesneal,2,4
2026-07-28,2026-09-02T09:20:04Z,12848246,Modern Challenge 64,challenge,modern,Summer 2026,2908947,manohito,3,3
2026-07-28,2026-09-02T09:20:04Z,12848246,Modern Challenge 64,challenge,modern,Summer 2026,319589,FranBenitez91,4,3
2026-07-28,2026-09-02T09:20:04Z,12848246,Modern Challenge 64,challenge,modern,Summer 2026,30930,Omegauo,5,2
2026-07-28,2026-09-02T09:20:04Z,12848246,Modern Challenge 64,challenge,modern,Summer 2026,3169903,Bezerra_da_Silva,6,2
2026-07-28,2026-09-02T09:20:04Z,12848246,Modern Challenge 64,challenge,modern,Summer 2026,535716,Capitano_CL,7,2
2026-07-28,2026-09-02T09:20:04Z,12848246,Modern Challenge 64,challenge,modern,Summer 2026,3482156,MVRS,8,2
2026-07-28,2026-09-02T09:20:04Z,12848246,Modern Challenge 64,challenge,modern,Summer 2026,2449332,xfile,9,1
2026-07-28,2026-09-02T09:20:04Z,12848246,Modern Challenge 64,challenge,modern,Summer 2026,2636302,el-pollo-lolo,10,1
2026-07-28,2026-09-02T09:20:04Z,12848246,Modern Challenge 64,challenge,modern,Summer 2026,1755256,Martin_Dominguez,11,1
2026-07-28,2026-09-02T09:20:04Z,12848246,Modern Challenge 64,challenge,modern,Summer 2026,2683189,Ale_Mtg,12,1
2026-07-28,2026-09-02T09:20:04Z,12848246,Modern Challenge 64,challenge,modern,Summer 2026,2788809,Chichichi,13,1
2026-07-28,2026-09-02T09:20:04Z,12848246,Modern Challenge 64,challenge,modern,Summer 2026,2232658,xl_snapcaster,14,1
2026-07-28,2026-09-02T09:20:04Z,12848246,Modern Challenge 64,challenge,modern,Summer 2026,1557079,Mapletreefrog,15,1
2026-07-28,2026-09-02T09:20:04Z,12848246,Modern Challenge 64,challenge,modern,Summer 2026,2633477,CesarMerjan,16,1
2026-07-28,2026-09-02T09:20:04Z,12848246,Modern Challenge 64,challenge,modern,Summer 2026,3250308,Mortaa,17,0
2026-07-28,2026-09-02T09:20:04Z,12848246,Modern Challenge 64,challenge,modern,Summer 2026,2928451,YungDingo,18,0
2026-07-28,2026-09-02T09:20:04Z,12848246,Modern Challenge 64,challenge,modern,Summer 2026,2564773,klien7,19,0
2026-07-28,2026-09-02T09:20:04Z,12848246,Modern Challenge 64,challenge,modern,Summer 2026,1018764,OafMcNamara,20,0
2026-07-28,2026-09-02T09:20:04Z,12848246,Modern Challenge 64,challenge,modern,Summer 2026,3037817,planetbrainwash,21,0
2026-07-28,2026-09-02T09:20:04Z,12848246,Modern Challenge 64,challenge,modern,Summer 2026,2537131,yriel,22,0
2026-07-28,2026-09-02T09:20:04Z,12848246,Modern Challenge 64,challenge,modern,Summer 2026,2751360,Azja,23,0
2026-07-28,2026-09-02T09:20:04Z,12848246,Modern Challenge 64,challenge,modern,Summer 2026,3155916,reidq7,24,0
2026-07-28,2026-09-02T09:20:04Z,12848246,Modern Challenge 64,challenge,modern,Summer 2026,3133945,WalrusRunner,25,0
2026-07-28,2026-09-02T09:20:04Z,12848246,Modern Challenge 64,challenge,modern,Summer 2026,3263693,MeninooNey,26,0
2026-07-28,2026-09-02T09:20:04Z,12848246,Modern Challenge 64,challenge,modern,Summer 2026,3023075,Mtyrant,27,0
2026-07-28,2026-09-02T09:20:04Z,12848246,Modern Challenge 64,challenge,modern,Summer 2026,3485056,krixtijan,28,0
2026-07-28,2026-09-02T09:20:04Z,12848246,Modern Challenge 64,challenge,modern,Summer 2026,3056706,Xsper,29,0
2026-07-28,2026-09-02T09:20:04Z,12848246,Modern Challenge 64,challenge,modern,Summer 2026,1188705,ShikiXYZ,30,0
2026-07-28,2026-09-02T09:20:04Z,12848246,Modern Challenge 64,challenge,modern,Summer 2026,3438702,GLSwadow,31,0
2026-07-28,2026-09-02T09:20:04Z,12848246,Modern Challenge 64,challenge,modern,Summer 2026,864036,renatoaraujo,32,0
2026-07-29,2026-09-02T09:20:04Z,12848248,Modern Challenge 32,challenge,modern,Summer 2026,3353395,dramaticRoyalty,1,5
2026-07-29,2026-09-02T09:20:04Z,12848248,Modern Challenge 32,challenge,modern,Summer 2026,2651868,jvidarte,2,4
2026-07-29,2026-09-02T09:20:04Z,12848248,Modern Challenge 32,challenge,modern,Summer 2026,2079715,angelsjeffrey,3,3
2026-07-29,2026-09-02T09:20:04Z,12848248,Modern Challenge 32,challenge,modern,Summer 2026,3535587,Venom01,4,3
2026-07-29,2026-09-02T09:20:04Z,12848248,Modern Challenge 32,challenge,modern,Summer 2026,2691811,JustAnotherGuy83,5,2
2026-07-29,2026-09-02T09:20:04Z,12848248,Modern Challenge 32,challenge,modern,Summer 2026,1997683,hugofreitas1,6,2
2026-07-29,2026-09-02T09:20:04Z,12848248,Modern Challenge 32,challenge,modern,Summer 2026,2917923,thatguy_champ,7,2
2026-07-29,2026-09-02T09:20:04Z,12848248,Modern Challenge 32,challenge,modern,Summer 2026,2886707,ChuChuMTFKR,8,2
2026-07-29,2026-09-02T09:20:04Z,12848248,Modern Challenge 32,challenge,modern,Summer 2026,2372533,niuwaid001,9,1
2026-07-29,2026-09-02T09:20:04Z,12848248,Modern Challenge 32,challenge,modern,Summer 2026,597665,Zarathustra,10,1
2026-07-29,2026-09-02T09:20:04Z,12848248,Modern Challenge 32,challenge,modern,Summer 2026,2537131,yriel,11,1
2026-07-29,2026-09-02T09:20:04Z,12848248,Modern Challenge 32,challenge,modern,Summer 2026,2721069,ob_1,12,1
2026-07-29,2026-09-02T09:20:04Z,12848248,Modern Challenge 32,challenge,modern,Summer 2026,750888,LucasG1ggs,13,1
2026-07-29,2026-09-02T09:20:04Z,12848248,Modern Challenge 32,challenge,modern,Summer 2026,2204845,TuckerMTG,14,1
2026-07-29,2026-09-02T09:20:04Z,12848248,Modern Challenge 32,challenge,modern,Summer 2026,415299,DragonFodder,15,1
2026-07-29,2026-09-02T09:20:04Z,12848248,Modern Challenge 32,challenge,modern,Summer 2026,2700947,Retrisma,16,1
2026-07-29,2026-09-02T09:20:04Z,12848248,Modern Challenge 32,challenge,modern,Summer 2026,2127900,soggymeatball,17,0
2026-07-29,2026-09-02T09:20:04Z,12848248,Modern Challenge 32,challenge,modern,Summer 2026,2720911,Cachorrowo,18,0
2026-07-29,2026-09-02T09:20:04Z,12848248,Modern Challenge 32,challenge,modern,Summer 2026,2714224,eclipse4343,19,0
2026-07-29,2026-09-02T09:20:04Z,12848248,Modern Challenge 32,challenge,modern,Summer 2026,2092528,Sam_Lewin,20,0
2026-07-29,2026-09-02T09:20:04Z,12848248,Modern Challenge 32,challenge,modern,Summer 2026,2140943,LILwwaaang,21,0
2026-07-29,2026-09-02T09:20:04Z,12848248,Modern Challenge 32,challenge,modern,Summer 2026,2905380,_pba_,22,0
2026-07-29,2026-09-02T09:20:04Z,12848248,Modern Challenge 32,challenge,modern,Summer 2026,3566743,ControlTh3Narrative,23,0
2026-07-29,2026-09-02T09:20:04Z,12848248,Modern Challenge 32,challenge,modern,Summer 2026,2658587,EthanBird,24,0
2026-07-29,2026-09-02T09:20:04Z,12848248,Modern Challenge 32,challenge,modern,Summer 2026,3103007,LemonadeArchery,25,0
2026-07-29,2026-09-02T09:20:04Z,12848248,Modern Challenge 32,challenge,modern,Summer 2026,3117690,LaneOrLaine,26,0
2026-07-29,2026-09-02T09:20:04Z,12848248,Modern Challenge 32,challenge,modern,Summer 2026,3025072,Brogtar,27,0
2026-07-29,2026-09-02T09:20:04Z,12848248,Modern Challenge 32,challenge,modern,Summer 2026,2968680,NathanOfTheGiltLeaf,28,0
2026-07-29,2026-09-02T09:20:04Z,12848248,Modern Challenge 32,challenge,modern,Summer 2026,3150519,Kai_Worldz,29,0
2026-07-29,2026-09-02T09:20:04Z,12848248,Modern Challenge 32,challenge,modern,Summer 2026,2130633,ShadowTitan1,30,0
2026-07-29,2026-09-02T09:20:04Z,12848248,Modern Challenge 32,challenge,modern,Summer 2026,3311758,Kollslaw,31,0
2026-07-29,2026-09-02T09:20:04Z,12848248,Modern Challenge 32,challenge,modern,Summer 2026,1126781,derlumberzack,32,0
2026-07-29,2026-09-02T09:20:04Z,12848257,Modern Challenge 96,challenge,modern,Summer 2026,3050181,ResponsiblyStupid,1,5
2026-07-29,2026-09-02T09:20:04Z,12848257,Modern Challenge 96,challenge,modern,Summer 2026,2077747,Gerardo94,2,4
2026-07-29,2026-09-02T09:20:04Z,12848257,Modern Challenge 96,challenge,modern,Summer 2026,2042214,Selfeisek,3,3
2026-07-29,2026-09-02T09:20:04Z,12848257,Modern Challenge 96,challenge,modern,Summer 2026,2676588,John1111,4,3
2026-07-29,2026-09-02T09:20:04Z,12848257,Modern Challenge 96,challenge,modern,Summer 2026,2709546,Evariel,5,2
2026-07-29,2026-09-02T09:20:04Z,12848257,Modern Challenge 96,challenge,modern,Summer 2026,1304755,Imaeda,6,2
2026-07-29,2026-09-02T09:20:04Z,12848257,Modern Challenge 96,challenge,modern,Summer 2026,1049119,BERNASTORRES,7,2
2026-07-29,2026-09-02T09:20:04Z,12848257,Modern Challenge 96,challenge,modern,Summer 2026,2831734,KingOfGames1522,8,2
2026-07-29,2026-09-02T09:20:04Z,12848257,Modern Challenge 96,challenge,modern,Summer 2026,2747375,DemianDesposito10,9,1
2026-07-29,2026-09-02T09:20:04Z,12848257,Modern Challenge 96,challenge,modern,Summer 2026,494936,levunga21,10,1
2026-07-29,2026-09-02T09:20:04Z,12848257,Modern Challenge 96,challenge,modern,Summer 2026,2850981,Arremangado,11,1
2026-07-29,2026-09-02T09:20:04Z,12848257,Modern Challenge 96,challenge,modern,Summer 2026,2968680,NathanOfTheGiltLeaf,12,1
2026-07-29,2026-09-02T09:20:04Z,12848257,Modern Challenge 96,challenge,modern,Summer 2026,1205292,kanister,13,1
2026-07-29,2026-09-02T09:20:04Z,12848257,Modern Challenge 96,challenge,modern,Summer 2026,465104,AugustRush,14,1
2026-07-29,2026-09-02T09:20:04Z,12848257,Modern Challenge 96,challenge,modern,Summer 2026,2702005,Rashek,15,1
2026-07-29,2026-09-02T09:20:04Z,12848257,Modern Challenge 96,challenge,modern,Summer 2026,3190187,MisterTwin,16,1
2026-07-29,2026-09-02T09:20:04Z,12848257,Modern Challenge 96,challenge,modern,Summer 2026,741295,medvedev,17,0
2026-07-29,2026-09-02T09:20:04Z,12848257,Modern Challenge 96,challenge,modern,Summer 2026,643454,Sarlanga,18,0
2026-07-29,2026-09-02T09:20:04Z,12848257,Modern Challenge 96,challenge,modern,Summer 2026,2753283,giraffesarentreal,19,0
2026-07-29,2026-09-02T09:20:04Z,12848257,Modern Challenge 96,challenge,modern,Summer 2026,2680052,Uagli1,20,0
2026-07-29,2026-09-02T09:20:04Z,12848257,Modern Challenge 96,challenge,modern,Summer 2026,1188705,ShikiXYZ,21,0
2026-07-29,2026-09-02T09:20:04Z,12848257,Modern Challenge 96,challenge,modern,Summer 2026,2707200,Kritik,22,0
2026-07-29,2026-09-02T09:20:04Z,12848257,Modern Challenge 96,challenge,modern,Summer 2026,2894004,seitahn,23,0
2026-07-29,2026-09-02T09:20:04Z,12848257,Modern Challenge 96,challenge,modern,Summer 2026,3536566,chairiang,24,0
2026-07-29,2026-09-02T09:20:04Z,12848257,Modern Challenge 96,challenge,modern,Summer 2026,2917923,thatguy_champ,25,0
2026-07-29,2026-09-02T09:20:04Z,12848257,Modern Challenge 96,challenge,modern,Summer 2026,1018764,OafMcNamara,26,0
2026-07-29,2026-09-02T09:20:04Z,12848257,Modern Challenge 96,challenge,modern,Summer 2026,649380,Rvng,27,0
2026-07-29,2026-09-02T09:20:04Z,12848257,Modern Challenge 96,challenge,modern,Summer 2026,2273541,Salty_Orange,28,0
2026-07-29,2026-09-02T09:20:04Z,12848257,Modern Challenge 96,challenge,modern,Summer 2026,3501107,Homaar,29,0
2026-07-29,2026-09-02T09:20:04Z,12848257,Modern Challenge 96,challenge,modern,Summer 2026,2064216,JLBall,30,0
2026-07-29,2026-09-02T09:20:04Z,12848257,Modern Challenge 96,challenge,modern,Summer 2026,3076886,Thunus,31,0
2026-07-29,2026-09-02T09:20:04Z,12848257,Modern Challenge 96,challenge,modern,Summer 2026,2638611,Walker735,32,0
2026-07-30,2026-09-02T09:20:04Z,12849434,Modern Challenge 64,challenge,modern,Summer 2026,3263693,MeninooNey,1,5
2026-07-30,2026-09-02T09:20:04Z,12849434,Modern Challenge 64,challenge,modern,Summer 2026,2926088,Univerce,2,4
2026-07-30,2026-09-02T09:20:04Z,12849434,Modern Challenge 64,challenge,modern,Summer 2026,2680052,Uagli1,3,3
2026-07-30,2026-09-02T09:20:04Z,12849434,Modern Challenge 64,challenge,modern,Summer 2026,574591,Watchwolf92,4,3
2026-07-30,2026-09-02T09:20:04Z,12849434,Modern Challenge 64,challenge,modern,Summer 2026,2718288,ElPuerco,5,2
2026-07-30,2026-09-02T09:20:04Z,12849434,Modern Challenge 64,challenge,modern,Summer 2026,2708396,mikeleee,6,2
2026-07-30,2026-09-02T09:20:04Z,12849434,Modern Challenge 64,challenge,modern,Summer 2026,3475761,_Dionysos_,7,2
2026-07-30,2026-09-02T09:20:04Z,12849434,Modern Challenge 64,challenge,modern,Summer 2026,3216332,FutureExPro,8,2
2026-07-30,2026-09-02T09:20:04Z,12849434,Modern Challenge 64,challenge,modern,Summer 2026,3477626,Serosocram,9,1
2026-07-30,2026-09-02T09:20:04Z,12849434,Modern Challenge 64,challenge,modern,Summer 2026,2753283,giraffesarentreal,10,1
2026-07-30,2026-09-02T09:20:04Z,12849434,Modern Challenge 64,challenge,modern,Summer 2026,3516005,Minivan_of_Jeskai,11,1
2026-07-30,2026-09-02T09:20:04Z,12849434,Modern Challenge 64,challenge,modern,Summer 2026,2908947,manohito,12,1
2026-07-30,2026-09-02T09:20:04Z,12849434,Modern Challenge 64,challenge,modern,Summer 2026,3222070,Lightspirit,13,1
2026-07-30,2026-09-02T09:20:04Z,12849434,Modern Challenge 64,challenge,modern,Summer 2026,1188705,ShikiXYZ,14,1
2026-07-30,2026-09-02T09:20:04Z,12849434,Modern Challenge 64,challenge,modern,Summer 2026,850543,Terribad,15,1
2026-07-30,2026-09-02T09:20:04Z,12849434,Modern Challenge 64,challenge,modern,Summer 2026,3023075,Mtyrant,16,1
2026-07-30,2026-09-02T09:20:04Z,12849434,Modern Challenge 64,challenge,modern,Summer 2026,676549,Alakai,17,0
2026-07-30,2026-09-02T09:20:04Z,12849434,Modern Challenge 64,challenge,modern,Summer 2026,2660106,Fatcaster_Mage,18,0
2026-07-30,2026-09-02T09:20:04Z,12849434,Modern Challenge 64,challenge,modern,Summer 2026,2717078,DJK3V1N,19,0
2026-07-30,2026-09-02T09:20:04Z,12849434,Modern Challenge 64,challenge,modern,Summer 2026,3135877,eswaff,20,0
2026-07-30,2026-09-02T09:20:04Z,12849434,Modern Challenge 64,challenge,modern,Summer 2026,3311205,golfsapao,21,0
2026-07-30,2026-09-02T09:20:04Z,12849434,Modern Challenge 64,challenge,modern,Summer 2026,618712,Lupos,22,0
2026-07-30,2026-09-02T09:20:04Z,12849434,Modern Challenge 64,challenge,modern,Summer 2026,2043520,Trailovsky,23,0
2026-07-30,2026-09-02T09:20:04Z,12849434,Modern Challenge 64,challenge,modern,Summer 2026,3442638,bananadisaster,24,0
2026-07-30,2026-09-02T09:20:04Z,12849434,Modern Challenge 64,challenge,modern,Summer 2026,1754547,Sodeq,25,0
2026-07-30,2026-09-02T09:20:04Z,12849434,Modern Challenge 64,challenge,modern,Summer 2026,2045897,eresopacaso,26,0
2026-07-30,2026-09-02T09:20:04Z,12849434,Modern Challenge 64,challenge,modern,Summer 2026,3352864,dunkzone,27,0
2026-07-30,2026-09-02T09:20:04Z,12849434,Modern Challenge 64,challenge,modern,Summer 2026,2127900,soggymeatball,28,0
2026-07-30,2026-09-02T09:20:04Z,12849434,Modern Challenge 64,challenge,modern,Summer 2026,3489335,Pallocchia314,29,0
2026-07-30,2026-09-02T09:20:04Z,12849434,Modern Challenge 64,challenge,modern,Summer 2026,3045315,7steamvents,30,0
2026-07-30,2026-09-02T09:20:04Z,12849434,Modern Challenge 64,challenge,modern,Summer 2026,2645807,Control_is_kinda_bad,31,0
2026-07-30,2026-09-02T09:20:04Z,12849434,Modern Challenge 64,challenge,modern,Summer 2026,2924901,Sfrenka667,32,0
2026-07-31,2026-09-02T09:20:04Z,12849451,Modern Challenge 64,challenge,modern,Summer 2026,2886236,lunaloveee,1,5
2026-07-31,2026-09-02T09:20:04Z,12849451,Modern Challenge 64,challenge,modern,Summer 2026,2926088,Univerce,2,4
2026-07-31,2026-09-02T09:20:04Z,12849451,Modern Challenge 64,challenge,modern,Summer 2026,319589,FranBenitez91,3,3
2026-07-31,2026-09-02T09:20:04Z,12849451,Modern Challenge 64,challenge,modern,Summer 2026,453404,_Batutinha_,4,3
2026-07-31,2026-09-02T09:20:04Z,12849451,Modern Challenge 64,challenge,modern,Summer 2026,486439,sokos13,5,2
2026-07-31,2026-09-02T09:20:04Z,12849451,Modern Challenge 64,challenge,modern,Summer 2026,992526,moviemaker,6,2
2026-07-31,2026-09-02T09:20:04Z,12849451,Modern Challenge 64,challenge,modern,Summer 2026,2939619,Lapsy,7,2
2026-07-31,2026-09-02T09:20:04Z,12849451,Modern Challenge 64,challenge,modern,Summer 2026,943247,Based,8,2
2026-07-31,2026-09-02T09:20:04Z,12849451,Modern Challenge 64,challenge,modern,Summer 2026,2631782,Matts,9,1
2026-07-31,2026-09-02T09:20:04Z,12849451,Modern Challenge 64,challenge,modern,Summer 2026,2968680,NathanOfTheGiltLeaf,10,1
2026-07-31,2026-09-02T09:20:04Z,12849451,Modern Challenge 64,challenge,modern,Summer 2026,2695862,JuanmaAT,11,1
2026-07-31,2026-09-02T09:20:04Z,12849451,Modern Challenge 64,challenge,modern,Summer 2026,3499660,sioutis_kk,12,1
2026-07-31,2026-09-02T09:20:04Z,12849451,Modern Challenge 64,challenge,modern,Summer 2026,2680052,Uagli1,13,1
2026-07-31,2026-09-02T09:20:04Z,12849451,Modern Challenge 64,challenge,modern,Summer 2026,2538717,Jconn,14,1
2026-07-31,2026-09-02T09:20:04Z,12849451,Modern Challenge 64,challenge,modern,Summer 2026,1919341,claudioh,15,1
2026-07-31,2026-09-02T09:20:04Z,12849451,Modern Challenge 64,challenge,modern,Summer 2026,691553,chuyingfei,16,1
2026-07-31,2026-09-02T09:20:04Z,12849451,Modern Challenge 64,challenge,modern,Summer 2026,2452941,schobr,17,0
2026-07-31,2026-09-02T09:20:04Z,12849451,Modern Challenge 64,challenge,modern,Summer 2026,2351182,Anaxkoraz,18,0
2026-07-31,2026-09-02T09:20:04Z,12849451,Modern Challenge 64,challenge,modern,Summer 2026,3086835,MarimoTaketori,19,0
2026-07-31,2026-09-02T09:20:04Z,12849451,Modern Challenge 64,challenge,modern,Summer 2026,111081,digdude13,20,0
2026-07-31,2026-09-02T09:20:04Z,12849451,Modern Challenge 64,challenge,modern,Summer 2026,494936,levunga21,21,0
2026-07-31,2026-09-02T09:20:04Z,12849451,Modern Challenge 64,challenge,modern,Summer 2026,3070041,Cown,22,0
2026-07-31,2026-09-02T09:20:04Z,12849451,Modern Challenge 64,challenge,modern,Summer 2026,1997683,hugofreitas1,23,0
2026-07-31,2026-09-02T09:20:04Z,12849451,Modern Challenge 64,challenge,modern,Summer 2026,3220713,DskBayWolf,24,0
2026-07-31,2026-09-02T09:20:04Z,12849451,Modern Challenge 64,challenge,modern,Summer 2026,2255206,Ikibob,25,0
2026-07-31,2026-09-02T09:20:04Z,12849451,Modern Challenge 64,challenge,modern,Summer 2026,2257869,kasiso,26,0
2026-07-31,2026-09-02T09:20:04Z,12849451,Modern Challenge 64,challenge,modern,Summer 2026,2984703,cntrlfreak_ttv,27,0
2026-07-31,2026-09-02T09:20:04Z,12849451,Modern Challenge 64,challenge,modern,Summer 2026,3040474,ETBJezus,28,0
2026-07-31,2026-09-02T09:20:04Z,12849451,Modern Challenge 64,challenge,modern,Summer 2026,1932562,MahfuzVanGogh,29,0
2026-07-31,2026-09-02T09:20:04Z,12849451,Modern Challenge 64,challenge,modern,Summer 2026,2932115,SbanTwin,30,0
2026-07-31,2026-09-02T09:20:04Z,12849451,Modern Challenge 64,challenge,modern,Summer 2026,3449184,Rzt4097,31,0
2026-07-31,2026-09-02T09:20:04Z,12849451,Modern Challenge 64,challenge,modern,Summer 2026,3169940,powered_by_VANYA,32,0
2026-08-01,2026-09-02T09:20:04Z,12849460,Modern Challenge 64,challenge,modern,Summer 2026,3311758,Kollslaw,1,5
2026-08-01,2026-09-02T09:20:04Z,12849460,Modern Challenge 64,challenge,modern,Summer 2026,2248291,Jonson26,2,4
2026-08-01,2026-09-02T09:20:04Z,12849460,Modern Challenge 64,challenge,modern,Summer 2026,3106246,fazparte,3,3
2026-08-01,2026-09-02T09:20:04Z,12849460,Modern Challenge 64,challenge,modern,Summer 2026,2185747,KingHairy,4,3
2026-08-01,2026-09-02T09:20:04Z,12849460,Modern Challenge 64,challenge,modern,Summer 2026,2665316,Skeptic2304,5,2
2026-08-01,2026-09-02T09:20:04Z,12849460,Modern Challenge 64,challenge,modern,Summer 2026,2720911,Cachorrowo,6,2
2026-08-01,2026-09-02T09:20:04Z,12849460,Modern Challenge 64,challenge,modern,Summer 2026,2753283,giraffesarentreal,7,2
2026-08-01,2026-09-02T09:20:04Z,12849460,Modern Challenge 64,challenge,modern,Summer 2026,3104275,skullcrobatjoker,8,2
2026-08-01,2026-09-02T09:20:04Z,12849460,Modern Challenge 64,challenge,modern,Summer 2026,2760324,jayrod115,9,1
2026-08-01,2026-09-02T09:20:04Z,12849460,Modern Challenge 64,challenge,modern,Summer 2026,1018764,OafMcNamara,10,1
2026-08-01,2026-09-02T09:20:04Z,12849460,Modern Challenge 64,challenge,modern,Summer 2026,875470,Tree42o,11,1
2026-08-01,2026-09-02T09:20:04Z,12849460,Modern Challenge 64,challenge,modern,Summer 2026,3150519,Kai_Worldz,12,1
2026-08-01,2026-09-02T09:20:04Z,12849460,Modern Challenge 64,challenge,modern,Summer 2026,880239,jussupinator,13,1
2026-08-01,2026-09-02T09:20:04Z,12849460,Modern Challenge 64,challenge,modern,Summer 2026,3023075,Mtyrant,14,1
2026-08-01,2026-09-02T09:20:04Z,12849460,Modern Challenge 64,challenge,modern,Summer 2026,2428351,fuya,15,1
2026-08-01,2026-09-02T09:20:04Z,12849460,Modern Challenge 64,challenge,modern,Summer 2026,3085850,percussion_mike,16,1
2026-08-01,2026-09-02T09:20:04Z,12849460,Modern Challenge 64,challenge,modern,Summer 2026,3567825,aidiot,17,0
2026-08-01,2026-09-02T09:20:04Z,12849460,Modern Challenge 64,challenge,modern,Summer 2026,3013293,VictorEsquici,18,0
2026-08-01,2026-09-02T09:20:04Z,12849460,Modern Challenge 64,challenge,modern,Summer 2026,3220713,DskBayWolf,19,0
2026-08-01,2026-09-02T09:20:04Z,12849460,Modern Challenge 64,challenge,modern,Summer 2026,2714224,eclipse4343,20,0
2026-08-01,2026-09-02T09:20:04Z,12849460,Modern Challenge 64,challenge,modern,Summer 2026,3056706,Xsper,21,0
2026-08-01,2026-09-02T09:20:04Z,12849460,Modern Challenge 64,challenge,modern,Summer 2026,1942357,nahuel10,22,0
2026-08-01,2026-09-02T09:20:04Z,12849460,Modern Challenge 64,challenge,modern,Summer 2026,2952179,TheEpicAlpaca,23,0
2026-08-01,2026-09-02T09:20:04Z,12849460,Modern Challenge 64,challenge,modern,Summer 2026,1860077,Restokiki,24,0
2026-08-01,2026-09-02T09:20:04Z,12849460,Modern Challenge 64,challenge,modern,Summer 2026,2903591,MeninoNey,25,0
2026-08-01,2026-09-02T09:20:04Z,12849460,Modern Challenge 64,challenge,modern,Summer 2026,2334451,Stealthmagician,26,0
2026-08-01,2026-09-02T09:20:04Z,12849460,Modern Challenge 64,challenge,modern,Summer 2026,2322146,felider,27,0
2026-08-01,2026-09-02T09:20:04Z,12849460,Modern Challenge 64,challenge,modern,Summer 2026,3405528,kattsu,28,0
2026-08-01,2026-09-02T09:20:04Z,12849460,Modern Challenge 64,challenge,modern,Summer 2026,1045207,Cyberzilla,29,0
2026-08-01,2026-09-02T09:20:04Z,12849460,Modern Challenge 64,challenge,modern,Summer 2026,1997683,hugofreitas1,30,0
2026-08-01,2026-09-02T09:20:04Z,12849460,Modern Challenge 64,challenge,modern,Summer 2026,3122725,Sutter,31,0
2026-08-01,2026-09-02T09:20:04Z,12849460,Modern Challenge 64,challenge,modern,Summer 2026,2224096,adebevoise,32,0
2026-08-01,2026-09-02T09:20:04Z,12849462,Modern Challenge 32,challenge,modern,Summer 2026,3222070,Lightspirit,1,5
2026-08-01,2026-09-02T09:20:04Z,12849462,Modern Challenge 32,challenge,modern,Summer 2026,3260512,RAND0MSLAY3R,2,4
2026-08-01,2026-09-02T09:20:04Z,12849462,Modern Challenge 32,challenge,modern,Summer 2026,3473231,surgetemelo,3,3
2026-08-01,2026-09-02T09:20:04Z,12849462,Modern Challenge 32,challenge,modern,Summer 2026,1928132,StormQrow,4,3
2026-08-01,2026-09-02T09:20:04Z,12849462,Modern Challenge 32,challenge,modern,Summer 2026,2702005,Rashek,5,2
2026-08-01,2026-09-02T09:20:04Z,12849462,Modern Challenge 32,challenge,modern,Summer 2026,1713588,kyporioth,6,2
2026-08-01,2026-09-02T09:20:04Z,12849462,Modern Challenge 32,challenge,modern,Summer 2026,2710270,CrownedRuti,7,2
2026-08-01,2026-09-02T09:20:04Z,12849462,Modern Challenge 32,challenge,modern,Summer 2026,3155916,reidq7,8,2
2026-08-01,2026-09-02T09:20:04Z,12849462,Modern Challenge 32,challenge,modern,Summer 2026,2485775,WeareVenom,9,1
2026-08-01,2026-09-02T09:20:04Z,12849462,Modern Challenge 32,challenge,modern,Summer 2026,2921975,NickBolas90,10,1
2026-08-01,2026-09-02T09:20:04Z,12849462,Modern Challenge 32,challenge,modern,Summer 2026,2042214,Selfeisek,11,1
2026-08-01,2026-09-02T09:20:04Z,12849462,Modern Challenge 32,challenge,modern,Summer 2026,1763618,chinotron23,12,1
2026-08-01,2026-09-02T09:20:04Z,12849462,Modern Challenge 32,challenge,modern,Summer 2026,2537131,yriel,13,1
2026-08-01,2026-09-02T09:20:04Z,12849462,Modern Challenge 32,challenge,modern,Summer 2026,1942357,nahuel10,14,1
2026-08-01,2026-09-02T09:20:04Z,12849462,Modern Challenge 32,challenge,modern,Summer 2026,3560747,ipadkid,15,1
2026-08-01,2026-09-02T09:20:04Z,12849462,Modern Challenge 32,challenge,modern,Summer 2026,2856736,eXeliS,16,1
2026-08-01,2026-09-02T09:20:04Z,12849462,Modern Challenge 32,challenge,modern,Summer 2026,2688845,DelverOfBolts,17,0
2026-08-01,2026-09-02T09:20:04Z,12849462,Modern Challenge 32,challenge,modern,Summer 2026,3535587,Venom01,18,0
2026-08-01,2026-09-02T09:20:04Z,12849462,Modern Challenge 32,challenge,modern,Summer 2026,1155358,oosunq,19,0
2026-08-01,2026-09-02T09:20:04Z,12849462,Modern Challenge 32,challenge,modern,Summer 2026,3310069,TomJubarte,20,0
2026-08-01,2026-09-02T09:20:04Z,12849462,Modern Challenge 32,challenge,modern,Summer 2026,2078647,kaiszern,21,0
2026-08-01,2026-09-02T09:20:04Z,12849462,Modern Challenge 32,challenge,modern,Summer 2026,2569009,TrueHero,22,0
2026-08-01,2026-09-02T09:20:04Z,12849462,Modern Challenge 32,challenge,modern,Summer 2026,2576542,SvenSveeterSven,23,0
2026-08-01,2026-09-02T09:20:04Z,12849462,Modern Challenge 32,challenge,modern,Summer 2026,2747375,DemianDesposito10,24,0
2026-08-01,2026-09-02T09:20:04Z,12849462,Modern Challenge 32,challenge,modern,Summer 2026,2045296,JV_7777,25,0
2026-08-01,2026-09-02T09:20:04Z,12849462,Modern Challenge 32,challenge,modern,Summer 2026,3562443,KaosNiller,26,0
2026-08-01,2026-09-02T09:20:04Z,12849462,Modern Challenge 32,challenge,modern,Summer 2026,2322146,felider,27,0
2026-08-01,2026-09-02T09:20:04Z,12849462,Modern Challenge 32,challenge,modern,Summer 2026,2257869,kasiso,28,0
2026-08-01,2026-09-02T09:20:04Z,12849462,Modern Challenge 32,challenge,modern,Summer 2026,2372533,niuwaid001,29,0
2026-08-01,2026-09-02T09:20:04Z,12849462,Modern Challenge 32,challenge,modern,Summer 2026,1944075,sidisi,30,0
2026-08-01,2026-09-02T09:20:04Z,12849462,Modern Challenge 32,challenge,modern,Summer 2026,3405528,kattsu,31,0
2026-08-01,2026-09-02T09:20:04Z,12849462,Modern Challenge 32,challenge,modern,Summer 2026,3037817,planetbrainwash,32,0
2026-08-01,2026-09-02T09:20:04Z,12849467,Modern Challenge 64,challenge,modern,Summer 2026,1105374,Morenothings,1,5
2026-08-01,2026-09-02T09:20:04Z,12849467,Modern Challenge 64,challenge,modern,Summer 2026,1199408,chase00111,2,4
2026-08-01,2026-09-02T09:20:04Z,12849467,Modern Challenge 64,challenge,modern,Summer 2026,494936,levunga21,3,3
2026-08-01,2026-09-02T09:20:04Z,12849467,Modern Challenge 64,challenge,modern,Summer 2026,2753736,RNicoF,4,3
2026-08-01,2026-09-02T09:20:04Z,12849467,Modern Challenge 64,challenge,modern,Summer 2026,2669359,HouseOfManaMTG,5,2
2026-08-01,2026-09-02T09:20:04Z,12849467,Modern Challenge 64,challenge,modern,Summer 2026,2043520,Trailovsky,6,2
2026-08-01,2026-09-02T09:20:04Z,12849467,Modern Challenge 64,challenge,modern,Summer 2026,1155358,oosunq,7,2
2026-08-01,2026-09-02T09:20:04Z,12849467,Modern Challenge 64,challenge,modern,Summer 2026,3149769,Otifex,8,2
2026-08-01,2026-09-02T09:20:04Z,12849467,Modern Challenge 64,challenge,modern,Summer 2026,2959239,DarksteelWelder,9,1
2026-08-01,2026-09-02T09:20:04Z,12849467,Modern Challenge 64,challenge,modern,Summer 2026,486439,sokos13,10,1
2026-08-01,2026-09-02T09:20:04Z,12849467,Modern Challenge 64,challenge,modern,Summer 2026,1932562,MahfuzVanGogh,11,1
2026-08-01,2026-09-02T09:20:04Z,12849467,Modern Challenge 64,challenge,modern,Summer 2026,2791835,Legion935,12,1
2026-08-01,2026-09-02T09:20:04Z,12849467,Modern Challenge 64,challenge,modern,Summer 2026,2498069,_Falcon_,13,1
2026-08-01,2026-09-02T09:20:04Z,12849467,Modern Challenge 64,challenge,modern,Summer 2026,2714019,Nowayh,14,1
2026-08-01,2026-09-02T09:20:04Z,12849467,Modern Challenge 64,challenge,modern,Summer 2026,3006274,MyrRetriever,15,1
2026-08-01,2026-09-02T09:20:04Z,12849467,Modern Challenge 64,challenge,modern,Summer 2026,1297262,Mogged,16,1
2026-08-01,2026-09-02T09:20:04Z,12849467,Modern Challenge 64,challenge,modern,Summer 2026,1721886,albybale93,17,0
2026-08-01,2026-09-02T09:20:04Z,12849467,Modern Challenge 64,challenge,modern,Summer 2026,2607787,TomBombadi1,18,0
2026-08-01,2026-09-02T09:20:04Z,12849467,Modern Challenge 64,challenge,modern,Summer 2026,3474034,VizosMTG,19,0
2026-08-01,2026-09-02T09:20:04Z,12849467,Modern Challenge 64,challenge,modern,Summer 2026,2077747,Gerardo94,20,0
2026-08-01,2026-09-02T09:20:04Z,12849467,Modern Challenge 64,challenge,modern,Summer 2026,2021099,frodomochas,21,0
2026-08-01,2026-09-02T09:20:04Z,12849467,Modern Challenge 64,challenge,modern,Summer 2026,2078647,kaiszern,22,0
2026-08-01,2026-09-02T09:20:04Z,12849467,Modern Challenge 64,challenge,modern,Summer 2026,2968680,NathanOfTheGiltLeaf,23,0
2026-08-01,2026-09-02T09:20:04Z,12849467,Modern Challenge 64,challenge,modern,Summer 2026,494270,therock988,24,0
2026-08-01,2026-09-02T09:20:04Z,12849467,Modern Challenge 64,challenge,modern,Summer 2026,2702142,Nuserdog,25,0
2026-08-01,2026-09-02T09:20:04Z,12849467,Modern Challenge 64,challenge,modern,Summer 2026,2928379,KeepAny7vsYou,26,0
2026-08-01,2026-09-02T09:20:04Z,12849467,Modern Challenge 64,challenge,modern,Summer 2026,702030,Urthstrype,27,0
2026-08-01,2026-09-02T09:20:04Z,12849467,Modern Challenge 64,challenge,modern,Summer 2026,1559546,Baku_91,28,0
2026-08-01,2026-09-02T09:20:04Z,12849467,Modern Challenge 64,challenge,modern,Summer 2026,3154426,Nostraa,29,0
2026-08-01,2026-09-02T09:20:04Z,12849467,Modern Challenge 64,challenge,modern,Summer 2026,1112102,MayoDominaria,30,0
2026-08-01,2026-09-02T09:20:04Z,12849467,Modern Challenge 64,challenge,modern,Summer 2026,3233450,MacIsaac,31,0
2026-08-01,2026-09-02T09:20:04Z,12849467,Modern Challenge 64,challenge,modern,Summer 2026,1205798,TSPJendrek,32,0
2026-08-02,2026-09-02T09:20:04Z,12849474,Modern Challenge 64,challenge,modern,Summer 2026,2373595,Lollopollo2001,1,5
2026-08-02,2026-09-02T09:20:04Z,12849474,Modern Challenge 64,challenge,modern,Summer 2026,3560747,ipadkid,2,4
2026-08-02,2026-09-02T09:20:04Z,12849474,Modern Challenge 64,challenge,modern,Summer 2026,2769869,PETRICHOR21,3,3
2026-08-02,2026-09-02T09:20:04Z,12849474,Modern Challenge 64,challenge,modern,Summer 2026,903565,timotomat0,4,3
2026-08-02,2026-09-02T09:20:04Z,12849474,Modern Challenge 64,challenge,modern,Summer 2026,2928451,YungDingo,5,2
2026-08-02,2026-09-02T09:20:04Z,12849474,Modern Challenge 64,challenge,modern,Summer 2026,2130633,ShadowTitan1,6,2
2026-08-02,2026-09-02T09:20:04Z,12849474,Modern Challenge 64,challenge,modern,Summer 2026,2224096,adebevoise,7,2
2026-08-02,2026-09-02T09:20:04Z,12849474,Modern Challenge 64,challenge,modern,Summer 2026,2454058,scipios,8,2
2026-08-02,2026-09-02T09:20:04Z,12849474,Modern Challenge 64,challenge,modern,Summer 2026,3116151,crazythursday,9,1
2026-08-02,2026-09-02T09:20:04Z,12849474,Modern Challenge 64,challenge,modern,Summer 2026,2642604,IsacConoli,10,1
2026-08-02,2026-09-02T09:20:04Z,12849474,Modern Challenge 64,challenge,modern,Summer 2026,453404,_Batutinha_,11,1
2026-08-02,2026-09-02T09:20:04Z,12849474,Modern Challenge 64,challenge,modern,Summer 2026,880239,jussupinator,12,1
2026-08-02,2026-09-02T09:20:04Z,12849474,Modern Challenge 64,challenge,modern,Summer 2026,1636994,gazmon48,13,1
2026-08-02,2026-09-02T09:20:04Z,12849474,Modern Challenge 64,challenge,modern,Summer 2026,3135948,parasisnotcool,14,1
2026-08-02,2026-09-02T09:20:04Z,12849474,Modern Challenge 64,challenge,modern,Summer 2026,2761370,ashame,15,1
2026-08-02,2026-09-02T09:20:04Z,12849474,Modern Challenge 64,challenge,modern,Summer 2026,2714224,eclipse4343,16,1
2026-08-02,2026-09-02T09:20:04Z,12849474,Modern Challenge 64,challenge,modern,Summer 2026,597665,Zarathustra,17,0
2026-08-02,2026-09-02T09:20:04Z,12849474,Modern Challenge 64,challenge,modern,Summer 2026,3220713,DskBayWolf,18,0
2026-08-02,2026-09-02T09:20:04Z,12849474,Modern Challenge 64,challenge,modern,Summer 2026,3442638,bananadisaster,19,0
2026-08-02,2026-09-02T09:20:04Z,12849474,Modern Challenge 64,challenge,modern,Summer 2026,536053,Capriccioso,20,0
2026-08-02,2026-09-02T09:20:04Z,12849474,Modern Challenge 64,challenge,modern,Summer 2026,3302115,MuNCHy556,21,0
2026-08-02,2026-09-02T09:20:04Z,12849474,Modern Challenge 64,challenge,modern,Summer 2026,864036,renatoaraujo,22,0
2026-08-02,2026-09-02T09:20:04Z,12849474,Modern Challenge 64,challenge,modern,Summer 2026,324532,billskillz,23,0
2026-08-02,2026-09-02T09:20:04Z,12849474,Modern Challenge 64,challenge,modern,Summer 2026,2137107,Arcbound_Papi,24,0
2026-08-02,2026-09-02T09:20:04Z,12849474,Modern Challenge 64,challenge,modern,Summer 2026,3405528,kattsu,25,0
2026-08-02,2026-09-02T09:20:04Z,12849474,Modern Challenge 64,challenge,modern,Summer 2026,2905437,ganache1127,26,0
2026-08-02,2026-09-02T09:20:04Z,12849474,Modern Challenge 64,challenge,modern,Summer 2026,3040474,ETBJezus,27,0
2026-08-02,2026-09-02T09:20:04Z,12849474,Modern Challenge 64,challenge,modern,Summer 2026,2723577,GrunnTLK,28,0
2026-08-02,2026-09-02T09:20:04Z,12849474,Modern Challenge 64,challenge,modern,Summer 2026,3093520,Cesstyx,29,0
2026-08-02,2026-09-02T09:20:04Z,12849474,Modern Challenge 64,challenge,modern,Summer 2026,2680052,Uagli1,30,0
2026-08-02,2026-09-02T09:20:04Z,12849474,Modern Challenge 64,challenge,modern,Summer 2026,3203470,Ch4ppy,31,0
2026-08-02,2026-09-02T09:20:04Z,12849474,Modern Challenge 64,challenge,modern,Summer 2026,2705240,Sorathrix,32,0
2026-08-02,2026-09-02T09:20:04Z,12849478,Modern Challenge 64,challenge,modern,Summer 2026,2641070,Ghianda,1,5
2026-08-02,2026-09-02T09:20:04Z,12849478,Modern Challenge 64,challenge,modern,Summer 2026,1112102,MayoDominaria,2,4
2026-08-02,2026-09-02T09:20:04Z,12849478,Modern Challenge 64,challenge,modern,Summer 2026,2700947,Retrisma,3,3
2026-08-02,2026-09-02T09:20:04Z,12849478,Modern Challenge 64,challenge,modern,Summer 2026,3139369,Atticus1806,4,3
2026-08-02,2026-09-02T09:20:04Z,12849478,Modern Challenge 64,challenge,modern,Summer 2026,2679433,olbeda,5,2
2026-08-02,2026-09-02T09:20:04Z,12849478,Modern Challenge 64,challenge,modern,Summer 2026,643454,Sarlanga,6,2
2026-08-02,2026-09-02T09:20:04Z,12849478,Modern Challenge 64,challenge,modern,Summer 2026,3006274,MyrRetriever,7,2
2026-08-02,2026-09-02T09:20:04Z,12849478,Modern Challenge 64,challenge,modern,Summer 2026,1862893,ls149950,8,2
2026-08-02,2026-09-02T09:20:04Z,12849478,Modern Challenge 64,challenge,modern,Summer 2026,1304755,Imaeda,9,1
2026-08-02,2026-09-02T09:20:04Z,12849478,Modern Challenge 64,challenge,modern,Summer 2026,1997683,hugofreitas1,10,1
2026-08-02,2026-09-02T09:20:04Z,12849478,Modern Challenge 64,challenge,modern,Summer 2026,2668632,Haiwa,11,1
2026-08-02,2026-09-02T09:20:04Z,12849478,Modern Challenge 64,challenge,modern,Summer 2026,5694,bobthedog,12,1
2026-08-02,2026-09-02T09:20:04Z,12849478,Modern Challenge 64,challenge,modern,Summer 2026,3116151,crazythursday,13,1
2026-08-02,2026-09-02T09:20:04Z,12849478,Modern Challenge 64,challenge,modern,Summer 2026,2564773,klien7,14,1
2026-08-02,2026-09-02T09:20:04Z,12849478,Modern Challenge 64,challenge,modern,Summer 2026,1041920,RCMerriam,15,1
2026-08-02,2026-09-02T09:20:04Z,12849478,Modern Challenge 64,challenge,modern,Summer 2026,2373595,Lollopollo2001,16,1
2026-08-02,2026-09-02T09:20:04Z,12849478,Modern Challenge 64,challenge,modern,Summer 2026,1950520,Galaxios,17,0
2026-08-02,2026-09-02T09:20:04Z,12849478,Modern Challenge 64,challenge,modern,Summer 2026,3415205,Diomed_Tidid,18,0
2026-08-02,2026-09-02T09:20:04Z,12849478,Modern Challenge 64,challenge,modern,Summer 2026,2298957,rerere,19,0
2026-08-02,2026-09-02T09:20:04Z,12849478,Modern Challenge 64,challenge,modern,Summer 2026,50498,Blade400,20,0
2026-08-02,2026-09-02T09:20:04Z,12849478,Modern Challenge 64,challenge,modern,Summer 2026,3048203,_Mago_,21,0
2026-08-02,2026-09-02T09:20:04Z,12849478,Modern Challenge 64,challenge,modern,Summer 2026,1950164,Dioferreira,22,0
2026-08-02,2026-09-02T09:20:04Z,12849478,Modern Challenge 64,challenge,modern,Summer 2026,2903737,Rockmusiclover45,23,0
2026-08-02,2026-09-02T09:20:04Z,12849478,Modern Challenge 64,challenge,modern,Summer 2026,2676588,John1111,24,0
2026-08-02,2026-09-02T09:20:04Z,12849478,Modern Challenge 64,challenge,modern,Summer 2026,1213308,MLGSKELETONS,25,0
2026-08-02,2026-09-02T09:20:04Z,12849478,Modern Challenge 64,challenge,modern,Summer 2026,476651,Gobeli,26,0
2026-08-02,2026-09-02T09:20:04Z,12849478,Modern Challenge 64,challenge,modern,Summer 2026,2702005,Rashek,27,0
2026-08-02,2026-09-02T09:20:04Z,12849478,Modern Challenge 64,challenge,modern,Summer 2026,2390663,haoqinglangou,28,0
2026-08-02,2026-09-02T09:20:04Z,12849478,Modern Challenge 64,challenge,modern,Summer 2026,3442638,bananadisaster,29,0
2026-08-02,2026-09-02T09:20:04Z,12849478,Modern Challenge 64,challenge,modern,Summer 2026,2614008,Xenowan,30,0
2026-08-02,2026-09-02T09:20:04Z,12849478,Modern Challenge 64,challenge,modern,Summer 2026,774962,wallofspikes,31,0
2026-08-02,2026-09-02T09:20:04Z,12849478,Modern Challenge 64,challenge,modern,Summer 2026,2788809,Chichichi,32,0
2026-08-03,2026-09-02T09:20:04Z,12849488,Modern Challenge 64,challenge,modern,Summer 2026,2626857,MystikHawk,1,5
2026-08-03,2026-09-02T09:20:04Z,12849488,Modern Challenge 64,challenge,modern,Summer 2026,2604603,LegacyGrinder,2,4
2026-08-03,2026-09-02T09:20:04Z,12849488,Modern Challenge 64,challenge,modern,Summer 2026,2665316,Skeptic2304,3,3
2026-08-03,2026-09-02T09:20:04Z,12849488,Modern Challenge 64,challenge,modern,Summer 2026,2372533,niuwaid001,4,3
2026-08-03,2026-09-02T09:20:04Z,12849488,Modern Challenge 64,challenge,modern,Summer 2026,875470,Tree42o,5,2
2026-08-03,2026-09-02T09:20:04Z,12849488,Modern Challenge 64,challenge,modern,Summer 2026,2185747,KingHairy,6,2
2026-08-03,2026-09-02T09:20:04Z,12849488,Modern Challenge 64,challenge,modern,Summer 2026,2522150,Slasher21,7,2
2026-08-03,2026-09-02T09:20:04Z,12849488,Modern Challenge 64,challenge,modern,Summer 2026,3306092,Odin2015,8,2
2026-08-03,2026-09-02T09:20:04Z,12849488,Modern Challenge 64,challenge,modern,Summer 2026,1111936,auzzie51,9,1
2026-08-03,2026-09-02T09:20:04Z,12849488,Modern Challenge 64,challenge,modern,Summer 2026,3472098,KurumimBagoRosa,10,1
2026-08-03,2026-09-02T09:20:04Z,12849488,Modern Challenge 64,challenge,modern,Summer 2026,2928451,YungDingo,11,1
2026-08-03,2026-09-02T09:20:04Z,12849488,Modern Challenge 64,challenge,modern,Summer 2026,2757041,nick4567,12,1
2026-08-03,2026-09-02T09:20:04Z,12849488,Modern Challenge 64,challenge,modern,Summer 2026,3560747,ipadkid,13,1
2026-08-03,2026-09-02T09:20:04Z,12849488,Modern Challenge 64,challenge,modern,Summer 2026,2863625,dayodemayo,14,1
2026-08-03,2026-09-02T09:20:04Z,12849488,Modern Challenge 64,challenge,modern,Summer 2026,3109223,zbogames,15,1
2026-08-03,2026-09-02T09:20:04Z,12849488,Modern Challenge 64,challenge,modern,Summer 2026,2691811,JustAnotherGuy83,16,1
2026-08-03,2026-09-02T09:20:04Z,12849488,Modern Challenge 64,challenge,modern,Summer 2026,2962399,fanahova,17,0
2026-08-03,2026-09-02T09:20:04Z,12849488,Modern Challenge 64,challenge,modern,Summer 2026,2705240,Sorathrix,18,0
2026-08-03,2026-09-02T09:20:04Z,12849488,Modern Challenge 64,challenge,modern,Summer 2026,3353750,bathutubgod,19,0
2026-08-03,2026-09-02T09:20:04Z,12849488,Modern Challenge 64,challenge,modern,Summer 2026,1824707,bcs8995,20,0
2026-08-03,2026-09-02T09:20:04Z,12849488,Modern Challenge 64,challenge,modern,Summer 2026,2130633,ShadowTitan1,21,0
2026-08-03,2026-09-02T09:20:04Z,12849488,Modern Challenge 64,challenge,modern,Summer 2026,2232658,xl_snapcaster,22,0
2026-08-03,2026-09-02T09:20:04Z,12849488,Modern Challenge 64,challenge,modern,Summer 2026,3311758,Kollslaw,23,0
2026-08-03,2026-09-02T09:20:04Z,12849488,Modern Challenge 64,challenge,modern,Summer 2026,2788809,Chichichi,24,0
2026-08-03,2026-09-02T09:20:04Z,12849488,Modern Challenge 64,challenge,modern,Summer 2026,2856109,jakobpablo,25,0
2026-08-03,2026-09-02T09:20:04Z,12849488,Modern Challenge 64,challenge,modern,Summer 2026,2747375,DemianDesposito10,26,0
2026-08-03,2026-09-02T09:20:04Z,12849488,Modern Challenge 64,challenge,modern,Summer 2026,1076951,Kuhmero,27,0
2026-08-03,2026-09-02T09:20:04Z,12849488,Modern Challenge 64,challenge,modern,Summer 2026,3056706,Xsper,28,0
2026-08-03,2026-09-02T09:20:04Z,12849488,Modern Challenge 64,challenge,modern,Summer 2026,2761370,ashame,29,0
2026-08-03,2026-09-02T09:20:04Z,12849488,Modern Challenge 64,challenge,modern,Summer 2026,803177,internetsurfer09,30,0
2026-08-03,2026-09-02T09:20:04Z,12849488,Modern Challenge 64,challenge,modern,Summer 2026,2446403,justFeather,31,0
2026-08-03,2026-09-02T09:20:04Z,12849488,Modern Challenge 64,challenge,modern,Summer 2026,617093,kcomedina,32,0
2026-08-03,2026-09-02T09:20:04Z,12849492,Modern Challenge 96,challenge,modern,Summer 2026,3220713,DskBayWolf,1,5
2026-08-03,2026-09-02T09:20:04Z,12849492,Modern Challenge 96,challenge,modern,Summer 2026,1155358,oosunq,2,4
2026-08-03,2026-09-02T09:20:04Z,12849492,Modern Challenge 96,challenge,modern,Summer 2026,486439,sokos13,3,3
2026-08-03,2026-09-02T09:20:04Z,12849492,Modern Challenge 96,challenge,modern,Summer 2026,3155916,reidq7,4,3
2026-08-03,2026-09-02T09:20:04Z,12849492,Modern Challenge 96,challenge,modern,Summer 2026,1112102,MayoDominaria,5,2
2026-08-03,2026-09-02T09:20:04Z,12849492,Modern Challenge 96,challenge,modern,Summer 2026,2640770,Alico,6,2
2026-08-03,2026-09-02T09:20:04Z,12849492,Modern Challenge 96,challenge,modern,Summer 2026,3560747,ipadkid,7,2
2026-08-03,2026-09-02T09:20:04Z,12849492,Modern Challenge 96,challenge,modern,Summer 2026,1084298,Gerschi,8,2
2026-08-03,2026-09-02T09:20:04Z,12849492,Modern Challenge 96,challenge,modern,Summer 2026,3222070,Lightspirit,9,1
2026-08-03,2026-09-02T09:20:04Z,12849492,Modern Challenge 96,challenge,modern,Summer 2026,1706283,Laplasjan,10,1
2026-08-03,2026-09-02T09:20:04Z,12849492,Modern Challenge 96,challenge,modern,Summer 2026,1181017,JPA93,11,1
2026-08-03,2026-09-02T09:20:04Z,12849492,Modern Challenge 96,challenge,modern,Summer 2026,3489335,Pallocchia314,12,1
2026-08-03,2026-09-02T09:20:04Z,12849492,Modern Challenge 96,challenge,modern,Summer 2026,3003086,SpikeCHEN,13,1
2026-08-03,2026-09-02T09:20:04Z,12849492,Modern Challenge 96,challenge,modern,Summer 2026,30930,Omegauo,14,1
2026-08-03,2026-09-02T09:20:04Z,12849492,Modern Challenge 96,challenge,modern,Summer 2026,2446403,justFeather,15,1
2026-08-03,2026-09-02T09:20:04Z,12849492,Modern Challenge 96,challenge,modern,Summer 2026,2931233,JakeTMS,16,1
2026-08-03,2026-09-02T09:20:04Z,12849492,Modern Challenge 96,challenge,modern,Summer 2026,2232658,xl_snapcaster,17,0
2026-08-03,2026-09-02T09:20:04Z,12849492,Modern Challenge 96,challenge,modern,Summer 2026,943285,gooplay1,18,0
2026-08-03,2026-09-02T09:20:04Z,12849492,Modern Challenge 96,challenge,modern,Summer 2026,2702587,Nunoboo,19,0
2026-08-03,2026-09-02T09:20:04Z,12849492,Modern Challenge 96,challenge,modern,Summer 2026,2796618,Deucebuckbuck,20,0
2026-08-03,2026-09-02T09:20:04Z,12849492,Modern Challenge 96,challenge,modern,Summer 2026,494270,therock988,21,0
2026-08-03,2026-09-02T09:20:04Z,12849492,Modern Challenge 96,challenge,modern,Summer 2026,1997683,hugofreitas1,22,0
2026-08-03,2026-09-02T09:20:04Z,12849492,Modern Challenge 96,challenge,modern,Summer 2026,726347,Mikebrav,23,0
2026-08-03,2026-09-02T09:20:04Z,12849492,Modern Challenge 96,challenge,modern,Summer 2026,3023075,Mtyrant,24,0
2026-08-03,2026-09-02T09:20:04Z,12849492,Modern Challenge 96,challenge,modern,Summer 2026,2520941,Ticky13,25,0
2026-08-03,2026-09-02T09:20:04Z,12849492,Modern Challenge 96,challenge,modern,Summer 2026,649380,Rvng,26,0
2026-08-03,2026-09-02T09:20:04Z,12849492,Modern Challenge 96,challenge,modern,Summer 2026,3517246,Zuin,27,0
2026-08-03,2026-09-02T09:20:04Z,12849492,Modern Challenge 96,challenge,modern,Summer 2026,3143623,Fransadness,28,0
2026-08-03,2026-09-02T09:20:04Z,12849492,Modern Challenge 96,challenge,modern,Summer 2026,10594,Aced5,29,0
2026-08-03,2026-09-02T09:20:04Z,12849492,Modern Challenge 96,challenge,modern,Summer 2026,2188922,Efgan3,30,0
2026-08-03,2026-09-02T09:20:04Z,12849492,Modern Challenge 96,challenge,modern,Summer 2026,535716,Capitano_CL,31,0
2026-08-03,2026-09-02T09:20:04Z,12849492,Modern Challenge 96,challenge,modern,Summer 2026,3227644,mommydom_manifesto,32,0
2026-08-04,2026-09-02T09:20:04Z,12849507,Modern Challenge 64,challenge,modern,Summer 2026,2702005,Rashek,1,5
2026-08-04,2026-09-02T09:20:04Z,12849507,Modern Challenge 64,challenge,modern,Summer 2026,2640770,Alico,2,4
2026-08-04,2026-09-02T09:20:04Z,12849507,Modern Challenge 64,challenge,modern,Summer 2026,30930,Omegauo,3,3
2026-08-04,2026-09-02T09:20:04Z,12849507,Modern Challenge 64,challenge,modern,Summer 2026,2940494,Dydyk95,4,3
2026-08-04,2026-09-02T09:20:04Z,12849507,Modern Challenge 64,challenge,modern,Summer 2026,2858193,oinkmage22,5,2
2026-08-04,2026-09-02T09:20:04Z,12849507,Modern Challenge 64,challenge,modern,Summer 2026,3474034,VizosMTG,6,2
2026-08-04,2026-09-02T09:20:04Z,12849507,Modern Challenge 64,challenge,modern,Summer 2026,2495727,minimiz,7,2
2026-08-04,2026-09-02T09:20:04Z,12849507,Modern Challenge 64,challenge,modern,Summer 2026,2968680,NathanOfTheGiltLeaf,8,2
2026-08-04,2026-09-02T09:20:04Z,12849507,Modern Challenge 64,challenge,modern,Summer 2026,3010088,Mtrama,9,1
2026-08-04,2026-09-02T09:20:04Z,12849507,Modern Challenge 64,challenge,modern,Summer 2026,3306092,Odin2015,10,1
2026-08-04,2026-09-02T09:20:04Z,12849507,Modern Challenge 64,challenge,modern,Summer 2026,2751360,Azja,11,1
2026-08-04,2026-09-02T09:20:04Z,12849507,Modern Challenge 64,challenge,modern,Summer 2026,999039,Willthepill,12,1
2026-08-04,2026-09-02T09:20:04Z,12849507,Modern Challenge 64,challenge,modern,Summer 2026,2962867,cormano,13,1
2026-08-04,2026-09-02T09:20:04Z,12849507,Modern Challenge 64,challenge,modern,Summer 2026,3263693,MeninooNey,14,1
2026-08-04,2026-09-02T09:20:04Z,12849507,Modern Challenge 64,challenge,modern,Summer 2026,1018764,OafMcNamara,15,1
2026-08-04,2026-09-02T09:20:04Z,12849507,Modern Challenge 64,challenge,modern,Summer 2026,1126781,derlumberzack,16,1
2026-08-04,2026-09-02T09:20:04Z,12849507,Modern Challenge 64,challenge,modern,Summer 2026,3069236,Abbygale,17,0
2026-08-04,2026-09-02T09:20:04Z,12849507,Modern Challenge 64,challenge,modern,Summer 2026,2856617,Off1ine__,18,0
2026-08-04,2026-09-02T09:20:04Z,12849507,Modern Challenge 64,challenge,modern,Summer 2026,750888,LucasG1ggs,19,0
2026-08-04,2026-09-02T09:20:04Z,12849507,Modern Challenge 64,challenge,modern,Summer 2026,2974756,DerpityDerpz,20,0
2026-08-04,2026-09-02T09:20:04Z,12849507,Modern Challenge 64,challenge,modern,Summer 2026,2766856,Archer365,21,0
2026-08-04,2026-09-02T09:20:04Z,12849507,Modern Challenge 64,challenge,modern,Summer 2026,2796105,Porks,22,0
2026-08-04,2026-09-02T09:20:04Z,12849507,Modern Challenge 64,challenge,modern,Summer 2026,3565947,albertosd87,23,0
2026-08-04,2026-09-02T09:20:04Z,12849507,Modern Challenge 64,challenge,modern,Summer 2026,2984703,cntrlfreak_ttv,24,0
2026-08-04,2026-09-02T09:20:04Z,12849507,Modern Challenge 64,challenge,modern,Summer 2026,1942357,nahuel10,25,0
2026-08-04,2026-09-02T09:20:04Z,12849507,Modern Challenge 64,challenge,modern,Summer 2026,3143667,DayBreakMe,26,0
2026-08-04,2026-09-02T09:20:04Z,12849507,Modern Challenge 64,challenge,modern,Summer 2026,3056706,Xsper,27,0
2026-08-04,2026-09-02T09:20:04Z,12849507,Modern Challenge 64,challenge,modern,Summer 2026,2651868,jvidarte,28,0
2026-08-04,2026-09-02T09:20:04Z,12849507,Modern Challenge 64,challenge,modern,Summer 2026,2981803,Tinker_deck,29,0
2026-08-04,2026-09-02T09:20:04Z,12849507,Modern Challenge 64,challenge,modern,Summer 2026,750628,i_b_TRUE,30,0
2026-08-04,2026-09-02T09:20:04Z,12849507,Modern Challenge 64,challenge,modern,Summer 2026,2881508,ChinaNO2,31,0
2026-08-04,2026-09-02T09:20:04Z,12849507,Modern Challenge 64,challenge,modern,Summer 2026,3509735,SFDK,32,0
2026-08-05,2026-09-02T09:20:04Z,12849509,Modern Challenge 32,challenge,modern,Summer 2026,3553954,PhyrexianSwarm,1,5
2026-08-05,2026-09-02T09:20:04Z,12849509,Modern Challenge 32,challenge,modern,Summer 2026,1618758,selesneal,2,4
2026-08-05,2026-09-02T09:20:04Z,12849509,Modern Challenge 32,challenge,modern,Summer 2026,3472098,KurumimBagoRosa,3,3
2026-08-05,2026-09-02T09:20:04Z,12849509,Modern Challenge 32,challenge,modern,Summer 2026,3050181,ResponsiblyStupid,4,3
2026-08-05,2026-09-02T09:20:04Z,12849509,Modern Challenge 32,challenge,modern,Summer 2026,2651868,jvidarte,5,2
2026-08-05,2026-09-02T09:20:04Z,12849509,Modern Challenge 32,challenge,modern,Summer 2026,3560747,ipadkid,6,2
2026-08-05,2026-09-02T09:20:04Z,12849509,Modern Challenge 32,challenge,modern,Summer 2026,2130633,ShadowTitan1,7,2
2026-08-05,2026-09-02T09:20:04Z,12849509,Modern Challenge 32,challenge,modern,Summer 2026,1942357,nahuel10,8,2
2026-08-05,2026-09-02T09:20:04Z,12849509,Modern Challenge 32,challenge,modern,Summer 2026,2679433,olbeda,9,1
2026-08-05,2026-09-02T09:20:04Z,12849509,Modern Challenge 32,challenge,modern,Summer 2026,2658587,EthanBird,10,1
2026-08-05,2026-09-02T09:20:04Z,12849509,Modern Challenge 32,challenge,modern,Summer 2026,2972314,IronBeagle,11,1
2026-08-05,2026-09-02T09:20:04Z,12849509,Modern Challenge 32,challenge,modern,Summer 2026,2522150,Slasher21,12,1
2026-08-05,2026-09-02T09:20:04Z,12849509,Modern Challenge 32,challenge,modern,Summer 2026,2261440,quinniac,13,1
2026-08-05,2026-09-02T09:20:04Z,12849509,Modern Challenge 32,challenge,modern,Summer 2026,3263693,MeninooNey,14,1
2026-08-05,2026-09-02T09:20:04Z,12849509,Modern Challenge 32,challenge,modern,Summer 2026,2788809,Chichichi,15,1
2026-08-05,2026-09-02T09:20:04Z,12849509,Modern Challenge 32,challenge,modern,Summer 2026,2537131,yriel,16,1
2026-08-05,2026-09-02T09:20:04Z,12849509,Modern Challenge 32,challenge,modern,Summer 2026,2908947,manohito,17,0
2026-08-05,2026-09-02T09:20:04Z,12849509,Modern Challenge 32,challenge,modern,Summer 2026,1811013,Joey_Wheeler,18,0
2026-08-05,2026-09-02T09:20:04Z,12849509,Modern Challenge 32,challenge,modern,Summer 2026,2757041,nick4567,19,0
2026-08-05,2026-09-02T09:20:04Z,12849509,Modern Challenge 32,challenge,modern,Summer 2026,3535587,Venom01,20,0
2026-08-05,2026-09-02T09:20:04Z,12849509,Modern Challenge 32,challenge,modern,Summer 2026,1076951,Kuhmero,21,0
2026-08-05,2026-09-02T09:20:04Z,12849509,Modern Challenge 32,challenge,modern,Summer 2026,3311758,Kollslaw,22,0
2026-08-05,2026-09-02T09:20:04Z,12849509,Modern Challenge 32,challenge,modern,Summer 2026,2873887,AldenCates,23,0
2026-08-05,2026-09-02T09:20:04Z,12849509,Modern Challenge 32,challenge,modern,Summer 2026,2972771,AvianScrolls,24,0
2026-08-05,2026-09-02T09:20:04Z,12849509,Modern Challenge 32,challenge,modern,Summer 2026,2714224,eclipse4343,25,0
2026-08-05,2026-09-02T09:20:04Z,12849509,Modern Challenge 32,challenge,modern,Summer 2026,2397708,Lexus_Rx,26,0
2026-08-05,2026-09-02T09:20:04Z,12849509,Modern Challenge 32,challenge,modern,Summer 2026,750888,LucasG1ggs,27,0
2026-08-05,2026-09-02T09:20:04Z,12849509,Modern Challenge 32,challenge,modern,Summer 2026,3400071,PJKP,28,0
2026-08-05,2026-09-02T09:20:04Z,12849509,Modern Challenge 32,challenge,modern,Summer 2026,2092528,Sam_Lewin,29,0
2026-08-05,2026-09-02T09:20:04Z,12849509,Modern Challenge 32,challenge,modern,Summer 2026,3143667,DayBreakMe,30,0
2026-08-05,2026-09-02T09:20:04Z,12849509,Modern Challenge 32,challenge,modern,Summer 2026,3034834,littesir095,31,0
2026-08-05,2026-09-02T09:20:04Z,12849509,Modern Challenge 32,challenge,modern,Summer 2026,1997683,hugofreitas1,32,0
2026-08-05,2026-09-02T09:20:04Z,12850696,Modern Challenge 32,challenge,modern,Summer 2026,2768190,BowBloBiw,1,5
2026-08-05,2026-09-02T09:20:04Z,12850696,Modern Challenge 32,challenge,modern,Summer 2026,2691811,JustAnotherGuy83,2,4
2026-08-05,2026-09-02T09:20:04Z,12850696,Modern Challenge 32,challenge,modern,Summer 2026,2799885,FynnOfBlood,3,3
2026-08-05,2026-09-02T09:20:04Z,12850696,Modern Challenge 32,challenge,modern,Summer 2026,3447454,lilcreacher,4,3
2026-08-05,2026-09-02T09:20:04Z,12850696,Modern Challenge 32,challenge,modern,Summer 2026,2702005,Rashek,5,2
2026-08-05,2026-09-02T09:20:04Z,12850696,Modern Challenge 32,challenge,modern,Summer 2026,2928451,YungDingo,6,2
2026-08-05,2026-09-02T09:20:04Z,12850696,Modern Challenge 32,challenge,modern,Summer 2026,3333240,GregorV,7,2
2026-08-05,2026-09-02T09:20:04Z,12850696,Modern Challenge 32,challenge,modern,Summer 2026,2130633,ShadowTitan1,8,2
2026-08-05,2026-09-02T09:20:04Z,12850696,Modern Challenge 32,challenge,modern,Summer 2026,2968680,NathanOfTheGiltLeaf,9,1
2026-08-05,2026-09-02T09:20:04Z,12850696,Modern Challenge 32,challenge,modern,Summer 2026,2720911,Cachorrowo,10,1
2026-08-05,2026-09-02T09:20:04Z,12850696,Modern Challenge 32,challenge,modern,Summer 2026,2919528,Acecalna,11,1
2026-08-05,2026-09-02T09:20:04Z,12850696,Modern Challenge 32,challenge,modern,Summer 2026,3037817,planetbrainwash,12,1
2026-08-05,2026-09-02T09:20:04Z,12850696,Modern Challenge 32,challenge,modern,Summer 2026,1353469,J4K3ST3R02,13,1
2026-08-05,2026-09-02T09:20:04Z,12850696,Modern Challenge 32,challenge,modern,Summer 2026,2788809,Chichichi,14,1
2026-08-05,2026-09-02T09:20:04Z,12850696,Modern Challenge 32,challenge,modern,Summer 2026,3285170,Scooby_Snacks,15,1
2026-08-05,2026-09-02T09:20:04Z,12850696,Modern Challenge 32,challenge,modern,Summer 2026,3263693,MeninooNey,16,1
2026-08-05,2026-09-02T09:20:04Z,12850696,Modern Challenge 32,challenge,modern,Summer 2026,3095953,DelverFofoqueiro,17,0
2026-08-05,2026-09-02T09:20:04Z,12850696,Modern Challenge 32,challenge,modern,Summer 2026,2872570,Scorpion100,18,0
2026-08-05,2026-09-02T09:20:04Z,12850696,Modern Challenge 32,challenge,modern,Summer 2026,2939470,Sc0rp,19,0
2026-08-05,2026-09-02T09:20:04Z,12850696,Modern Challenge 32,challenge,modern,Summer 2026,3105713,Emil123,20,0
2026-08-05,2026-09-02T09:20:04Z,12850696,Modern Challenge 32,challenge,modern,Summer 2026,2270958,molimomaro,21,0
2026-08-05,2026-09-02T09:20:04Z,12850696,Modern Challenge 32,challenge,modern,Summer 2026,3560747,ipadkid,22,0
2026-08-05,2026-09-02T09:20:04Z,12850696,Modern Challenge 32,challenge,modern,Summer 2026,494936,levunga21,23,0
2026-08-05,2026-09-02T09:20:04Z,12850696,Modern Challenge 32,challenge,modern,Summer 2026,2761370,ashame,24,0
2026-08-05,2026-09-02T09:20:04Z,12850696,Modern Challenge 32,challenge,modern,Summer 2026,3141690,filpin,25,0
2026-08-05,2026-09-02T09:20:04Z,12850696,Modern Challenge 32,challenge,modern,Summer 2026,3358375,acelerado440,26,0
2026-08-05,2026-09-02T09:20:04Z,12850696,Modern Challenge 32,challenge,modern,Summer 2026,1942357,nahuel10,27,0
2026-08-05,2026-09-02T09:20:04Z,12850696,Modern Challenge 32,challenge,modern,Summer 2026,2747375,DemianDesposito10,28,0
2026-08-05,2026-09-02T09:20:04Z,12850696,Modern Challenge 32,challenge,modern,Summer 2026,3405508,stefansson30952,29,0
2026-08-05,2026-09-02T09:20:04Z,12850696,Modern Challenge 32,challenge,modern,Summer 2026,2705240,Sorathrix,30,0
2026-08-05,2026-09-02T09:20:04Z,12850696,Modern Challenge 32,challenge,modern,Summer 2026,3155916,reidq7,31,0
2026-08-05,2026-09-02T09:20:04Z,12850696,Modern Challenge 32,challenge,modern,Summer 2026,3042804,NJ5030,32,0
2026-08-06,2026-09-02T09:20:04Z,12850868,Modern Challenge 32,challenge,modern,Summer 2026,2607787,TomBombadi1,1,5
2026-08-06,2026-09-02T09:20:04Z,12850868,Modern Challenge 32,challenge,modern,Summer 2026,2537131,yriel,2,4
2026-08-06,2026-09-02T09:20:04Z,12850868,Modern Challenge 32,challenge,modern,Summer 2026,1956220,MatheusPonciano,3,3
2026-08-06,2026-09-02T09:20:04Z,12850868,Modern Challenge 32,challenge,modern,Summer 2026,494936,levunga21,4,3
2026-08-06,2026-09-02T09:20:04Z,12850868,Modern Challenge 32,challenge,modern,Summer 2026,3306092,Odin2015,5,2
2026-08-06,2026-09-02T09:20:04Z,12850868,Modern Challenge 32,challenge,modern,Summer 2026,1618758,selesneal,6,2
2026-08-06,2026-09-02T09:20:04Z,12850868,Modern Challenge 32,challenge,modern,Summer 2026,2464763,Savior0117,7,2
2026-08-06,2026-09-02T09:20:04Z,12850868,Modern Challenge 32,challenge,modern,Summer 2026,3281368,zhangkh,8,2
2026-08-06,2026-09-02T09:20:04Z,12850868,Modern Challenge 32,challenge,modern,Summer 2026,1074736,Aldreen,9,1
2026-08-06,2026-09-02T09:20:04Z,12850868,Modern Challenge 32,challenge,modern,Summer 2026,1181017,JPA93,10,1
2026-08-06,2026-09-02T09:20:04Z,12850868,Modern Challenge 32,challenge,modern,Summer 2026,2788809,Chichichi,11,1
2026-08-06,2026-09-02T09:20:04Z,12850868,Modern Challenge 32,challenge,modern,Summer 2026,2761370,ashame,12,1
2026-08-06,2026-09-02T09:20:04Z,12850868,Modern Challenge 32,challenge,modern,Summer 2026,3560747,ipadkid,13,1
2026-08-06,2026-09-02T09:20:04Z,12850868,Modern Challenge 32,challenge,modern,Summer 2026,1997683,hugofreitas1,14,1
2026-08-06,2026-09-02T09:20:04Z,12850868,Modern Challenge 32,challenge,modern,Summer 2026,3158693,AzureMoon,15,1
2026-08-06,2026-09-02T09:20:04Z,12850868,Modern Challenge 32,challenge,modern,Summer 2026,3263693,MeninooNey,16,1
2026-08-06,2026-09-02T09:20:04Z,12850868,Modern Challenge 32,challenge,modern,Summer 2026,494270,therock988,17,0
2026-08-06,2026-09-02T09:20:04Z,12850868,Modern Challenge 32,challenge,modern,Summer 2026,2569009,TrueHero,18,0
2026-08-06,2026-09-02T09:20:04Z,12850868,Modern Challenge 32,challenge,modern,Summer 2026,3437633,Elioda,19,0
2026-08-06,2026-09-02T09:20:04Z,12850868,Modern Challenge 32,challenge,modern,Summer 2026,1942357,nahuel10,20,0
2026-08-06,2026-09-02T09:20:04Z,12850868,Modern Challenge 32,challenge,modern,Summer 2026,2720911,Cachorrowo,21,0
2026-08-06,2026-09-02T09:20:04Z,12850868,Modern Challenge 32,challenge,modern,Summer 2026,2042214,Selfeisek,22,0
2026-08-06,2026-09-02T09:20:04Z,12850868,Modern Challenge 32,challenge,modern,Summer 2026,750888,LucasG1ggs,23,0
2026-08-06,2026-09-02T09:20:04Z,12850868,Modern Challenge 32,challenge,modern,Summer 2026,3293517,YoungElf,24,0
2026-08-06,2026-09-02T09:20:04Z,12850868,Modern Challenge 32,challenge,modern,Summer 2026,3216332,FutureExPro,25,0
2026-08-06,2026-09-02T09:20:04Z,12850868,Modern Challenge 32,challenge,modern,Summer 2026,2873371,frekinsmart,26,0
2026-08-06,2026-09-02T09:20:04Z,12850868,Modern Challenge 32,challenge,modern,Summer 2026,1018764,OafMcNamara,27,0
2026-08-06,2026-09-02T09:20:04Z,12850868,Modern Challenge 32,challenge,modern,Summer 2026,2077747,Gerardo94,28,0
2026-08-06,2026-09-02T09:20:04Z,12850868,Modern Challenge 32,challenge,modern,Summer 2026,3141690,filpin,29,0
2026-08-06,2026-09-02T09:20:04Z,12850868,Modern Challenge 32,challenge,modern,Summer 2026,3341207,zaren43000,30,0
2026-08-06,2026-09-02T09:20:04Z,12850868,Modern Challenge 32,challenge,modern,Summer 2026,2768190,BowBloBiw,31,0
2026-08-06,2026-09-02T09:20:04Z,12850868,Modern Challenge 32,challenge,modern,Summer 2026,3140486,optivial,32,0
2026-08-07,2026-09-02T09:20:04Z,12850813,Modern Challenge 64,challenge,modern,Summer 2026,2714224,eclipse4343,1,5
2026-08-07,2026-09-02T09:20:04Z,12850813,Modern Challenge 64,challenge,modern,Summer 2026,453404,_Batutinha_,2,4
2026-08-07,2026-09-02T09:20:04Z,12850813,Modern Challenge 64,challenge,modern,Summer 2026,2564773,klien7,3,3
2026-08-07,2026-09-02T09:20:04Z,12850813,Modern Challenge 64,challenge,modern,Summer 2026,3023075,Mtyrant,4,3
2026-08-07,2026-09-02T09:20:04Z,12850813,Modern Challenge 64,challenge,modern,Summer 2026,2454058,scipios,5,2
2026-08-07,2026-09-02T09:20:04Z,12850813,Modern Challenge 64,challenge,modern,Summer 2026,1706283,Laplasjan,6,2
2026-08-07,2026-09-02T09:20:04Z,12850813,Modern Challenge 64,challenge,modern,Summer 2026,2695862,JuanmaAT,7,2
2026-08-07,2026-09-02T09:20:04Z,12850813,Modern Challenge 64,challenge,modern,Summer 2026,643454,Sarlanga,8,2
2026-08-07,2026-09-02T09:20:04Z,12850813,Modern Challenge 64,challenge,modern,Summer 2026,3216332,FutureExPro,9,1
2026-08-07,2026-09-02T09:20:04Z,12850813,Modern Challenge 64,challenge,modern,Summer 2026,1588717,PTarts2win,10,1
2026-08-07,2026-09-02T09:20:04Z,12850813,Modern Challenge 64,challenge,modern,Summer 2026,2130633,ShadowTitan1,11,1
2026-08-07,2026-09-02T09:20:04Z,12850813,Modern Challenge 64,challenge,modern,Summer 2026,2296406,Violet_Starmine,12,1
2026-08-07,2026-09-02T09:20:04Z,12850813,Modern Challenge 64,challenge,modern,Summer 2026,2734896,jpopster,13,1
2026-08-07,2026-09-02T09:20:04Z,12850813,Modern Challenge 64,challenge,modern,Summer 2026,2968680,NathanOfTheGiltLeaf,14,1
2026-08-07,2026-09-02T09:20:04Z,12850813,Modern Challenge 64,challenge,modern,Summer 2026,1997683,hugofreitas1,15,1
2026-08-07,2026-09-02T09:20:04Z,12850813,Modern Challenge 64,challenge,modern,Summer 2026,3222070,Lightspirit,16,1
2026-08-07,2026-09-02T09:20:04Z,12850813,Modern Challenge 64,challenge,modern,Summer 2026,2537131,yriel,17,0
2026-08-07,2026-09-02T09:20:04Z,12850813,Modern Challenge 64,challenge,modern,Summer 2026,2273541,Salty_Orange,18,0
2026-08-07,2026-09-02T09:20:04Z,12850813,Modern Challenge 64,challenge,modern,Summer 2026,2232658,xl_snapcaster,19,0
2026-08-07,2026-09-02T09:20:04Z,12850813,Modern Challenge 64,challenge,modern,Summer 2026,3263693,MeninooNey,20,0
2026-08-07,2026-09-02T09:20:04Z,12850813,Modern Challenge 64,challenge,modern,Summer 2026,3006274,MyrRetriever,21,0
2026-08-07,2026-09-02T09:20:04Z,12850813,Modern Challenge 64,challenge,modern,Summer 2026,3181438,Chadderk,22,0
2026-08-07,2026-09-02T09:20:04Z,12850813,Modern Challenge 64,challenge,modern,Summer 2026,3227644,mommydom_manifesto,23,0
2026-08-07,2026-09-02T09:20:04Z,12850813,Modern Challenge 64,challenge,modern,Summer 2026,2614008,Xenowan,24,0
2026-08-07,2026-09-02T09:20:04Z,12850813,Modern Challenge 64,challenge,modern,Summer 2026,2185747,KingHairy,25,0
2026-08-07,2026-09-02T09:20:04Z,12850813,Modern Challenge 64,challenge,modern,Summer 2026,1074736,Aldreen,26,0
2026-08-07,2026-09-02T09:20:04Z,12850813,Modern Challenge 64,challenge,modern,Summer 2026,3037817,planetbrainwash,27,0
2026-08-07,2026-09-02T09:20:04Z,12850813,Modern Challenge 64,challenge,modern,Summer 2026,2351182,Anaxkoraz,28,0
2026-08-07,2026-09-02T09:20:04Z,12850813,Modern Challenge 64,challenge,modern,Summer 2026,2702720,Chub_Toad_,29,0
2026-08-07,2026-09-02T09:20:04Z,12850813,Modern Challenge 64,challenge,modern,Summer 2026,535716,Capitano_CL,30,0
2026-08-07,2026-09-02T09:20:04Z,12850813,Modern Challenge 64,challenge,modern,Summer 2026,2866323,YABOIJIMJOHN,31,0
2026-08-07,2026-09-02T09:20:04Z,12850813,Modern Challenge 64,challenge,modern,Summer 2026,2822464,Pleyboy,32,0
2026-08-08,2026-09-02T09:20:04Z,12850822,Modern Challenge 64,challenge,modern,Summer 2026,1942357,nahuel10,1,5
2026-08-08,2026-09-02T09:20:04Z,12850822,Modern Challenge 64,challenge,modern,Summer 2026,1387059,cgouldner,2,4
2026-08-08,2026-09-02T09:20:04Z,12850822,Modern Challenge 64,challenge,modern,Summer 2026,2928451,YungDingo,3,3
2026-08-08,2026-09-02T09:20:04Z,12850822,Modern Challenge 64,challenge,modern,Summer 2026,2092528,Sam_Lewin,4,3
2026-08-08,2026-09-02T09:20:04Z,12850822,Modern Challenge 64,challenge,modern,Summer 2026,2903591,MeninoNey,5,2
2026-08-08,2026-09-02T09:20:04Z,12850822,Modern Challenge 64,challenge,modern,Summer 2026,2064081,SuperCow12653,6,2
2026-08-08,2026-09-02T09:20:04Z,12850822,Modern Challenge 64,challenge,modern,Summer 2026,2024035,vinnyrussian123,7,2
2026-08-08,2026-09-02T09:20:04Z,12850822,Modern Challenge 64,challenge,modern,Summer 2026,864036,renatoaraujo,8,2
2026-08-08,2026-09-02T09:20:04Z,12850822,Modern Challenge 64,challenge,modern,Summer 2026,2972771,AvianScrolls,9,1
2026-08-08,2026-09-02T09:20:04Z,12850822,Modern Challenge 64,challenge,modern,Summer 2026,2916207,FacadeJK,10,1
2026-08-08,2026-09-02T09:20:04Z,12850822,Modern Challenge 64,challenge,modern,Summer 2026,2045296,JV_7777,11,1
2026-08-08,2026-09-02T09:20:04Z,12850822,Modern Challenge 64,challenge,modern,Summer 2026,1715380,CNewman,12,1
2026-08-08,2026-09-02T09:20:04Z,12850822,Modern Challenge 64,challenge,modern,Summer 2026,2679433,olbeda,13,1
2026-08-08,2026-09-02T09:20:04Z,12850822,Modern Challenge 64,challenge,modern,Summer 2026,3254787,WaffleWiz,14,1
2026-08-08,2026-09-02T09:20:04Z,12850822,Modern Challenge 64,challenge,modern,Summer 2026,3103007,LemonadeArchery,15,1
2026-08-08,2026-09-02T09:20:04Z,12850822,Modern Challenge 64,challenge,modern,Summer 2026,2720911,Cachorrowo,16,1
2026-08-08,2026-09-02T09:20:04Z,12850822,Modern Challenge 64,challenge,modern,Summer 2026,2797293,Arkmaru,17,0
2026-08-08,2026-09-02T09:20:04Z,12850822,Modern Challenge 64,challenge,modern,Summer 2026,2571545,IDontNeedAName,18,0
2026-08-08,2026-09-02T09:20:04Z,12850822,Modern Challenge 64,challenge,modern,Summer 2026,2908947,manohito,19,0
2026-08-08,2026-09-02T09:20:04Z,12850822,Modern Challenge 64,challenge,modern,Summer 2026,476834,zturchan,20,0
2026-08-08,2026-09-02T09:20:04Z,12850822,Modern Challenge 64,challenge,modern,Summer 2026,2759230,-Nausea-,21,0
2026-08-08,2026-09-02T09:20:04Z,12850822,Modern Challenge 64,challenge,modern,Summer 2026,2747375,DemianDesposito10,22,0
2026-08-08,2026-09-02T09:20:04Z,12850822,Modern Challenge 64,challenge,modern,Summer 2026,453404,_Batutinha_,23,0
2026-08-08,2026-09-02T09:20:04Z,12850822,Modern Challenge 64,challenge,modern,Summer 2026,2522150,Slasher21,24,0
2026-08-08,2026-09-02T09:20:04Z,12850822,Modern Challenge 64,challenge,modern,Summer 2026,2645032,maear,25,0
2026-08-08,2026-09-02T09:20:04Z,12850822,Modern Challenge 64,challenge,modern,Summer 2026,2939702,Magikal710,26,0
2026-08-08,2026-09-02T09:20:04Z,12850822,Modern Challenge 64,challenge,modern,Summer 2026,1997683,hugofreitas1,27,0
2026-08-08,2026-09-02T09:20:04Z,12850822,Modern Challenge 64,challenge,modern,Summer 2026,3249749,ZeeGamesTTV,28,0
2026-08-08,2026-09-02T09:20:04Z,12850822,Modern Challenge 64,challenge,modern,Summer 2026,1129308,Scappie,29,0
2026-08-08,2026-09-02T09:20:04Z,12850822,Modern Challenge 64,challenge,modern,Summer 2026,2257869,kasiso,30,0
2026-08-08,2026-09-02T09:20:04Z,12850822,Modern Challenge 64,challenge,modern,Summer 2026,2373595,Lollopollo2001,31,0
2026-08-08,2026-09-02T09:20:04Z,12850822,Modern Challenge 64,challenge,modern,Summer 2026,2130633,ShadowTitan1,32,0
2026-08-08,2026-09-02T09:20:04Z,12851142,Modern Challenge 64,challenge,modern,Summer 2026,1113267,yunk3r,1,5
2026-08-08,2026-09-02T09:20:04Z,12851142,Modern Challenge 64,challenge,modern,Summer 2026,2043520,Trailovsky,2,4
2026-08-08,2026-09-02T09:20:04Z,12851142,Modern Challenge 64,challenge,modern,Summer 2026,3034834,littesir095,3,3
2026-08-08,2026-09-02T09:20:04Z,12851142,Modern Challenge 64,challenge,modern,Summer 2026,2372533,niuwaid001,4,3
2026-08-08,2026-09-02T09:20:04Z,12851142,Modern Challenge 64,challenge,modern,Summer 2026,2537822,Bugsy69,5,2
2026-08-08,2026-09-02T09:20:04Z,12851142,Modern Challenge 64,challenge,modern,Summer 2026,3473231,surgetemelo,6,2
2026-08-08,2026-09-02T09:20:04Z,12851142,Modern Challenge 64,challenge,modern,Summer 2026,1074736,Aldreen,7,2
2026-08-08,2026-09-02T09:20:04Z,12851142,Modern Challenge 64,challenge,modern,Summer 2026,3315283,Jonii,8,2
2026-08-08,2026-09-02T09:20:04Z,12851142,Modern Challenge 64,challenge,modern,Summer 2026,2888124,Drugo,9,1
2026-08-08,2026-09-02T09:20:04Z,12851142,Modern Challenge 64,challenge,modern,Summer 2026,465104,AugustRush,10,1
2026-08-08,2026-09-02T09:20:04Z,12851142,Modern Challenge 64,challenge,modern,Summer 2026,702030,Urthstrype,11,1
2026-08-08,2026-09-02T09:20:04Z,12851142,Modern Challenge 64,challenge,modern,Summer 2026,2563273,almostomniscient,12,1
2026-08-08,2026-09-02T09:20:04Z,12851142,Modern Challenge 64,challenge,modern,Summer 2026,2621451,SanPop,13,1
2026-08-08,2026-09-02T09:20:04Z,12851142,Modern Challenge 64,challenge,modern,Summer 2026,3284870,BiIIyBruto,14,1
2026-08-08,2026-09-02T09:20:04Z,12851142,Modern Challenge 64,challenge,modern,Summer 2026,3075227,waffelsking,15,1
2026-08-08,2026-09-02T09:20:04Z,12851142,Modern Challenge 64,challenge,modern,Summer 2026,3560747,ipadkid,16,1
2026-08-08,2026-09-02T09:20:04Z,12851142,Modern Challenge 64,challenge,modern,Summer 2026,3088705,Lat_Drop,17,0
2026-08-08,2026-09-02T09:20:04Z,12851142,Modern Challenge 64,challenge,modern,Summer 2026,2198885,thedoc96,18,0
2026-08-08,2026-09-02T09:20:04Z,12851142,Modern Challenge 64,challenge,modern,Summer 2026,2799885,FynnOfBlood,19,0
2026-08-08,2026-09-02T09:20:04Z,12851142,Modern Challenge 64,challenge,modern,Summer 2026,119840,Drewid Hermit,20,0
2026-08-08,2026-09-02T09:20:04Z,12851142,Modern Challenge 64,challenge,modern,Summer 2026,2931233,JakeTMS,21,0
2026-08-08,2026-09-02T09:20:04Z,12851142,Modern Challenge 64,challenge,modern,Summer 2026,3250308,Mortaa,22,0
2026-08-08,2026-09-02T09:20:04Z,12851142,Modern Challenge 64,challenge,modern,Summer 2026,1074022,Anemu,23,0
2026-08-08,2026-09-02T09:20:04Z,12851142,Modern Challenge 64,challenge,modern,Summer 2026,3077531,532at,24,0
2026-08-08,2026-09-02T09:20:04Z,12851142,Modern Challenge 64,challenge,modern,Summer 2026,2702005,Rashek,25,0
2026-08-08,2026-09-02T09:20:04Z,12851142,Modern Challenge 64,challenge,modern,Summer 2026,2866323,YABOIJIMJOHN,26,0
2026-08-08,2026-09-02T09:20:04Z,12851142,Modern Challenge 64,challenge,modern,Summer 2026,2791835,Legion935,27,0
2026-08-08,2026-09-02T09:20:04Z,12851142,Modern Challenge 64,challenge,modern,Summer 2026,2712707,Iaashadow,28,0
2026-08-08,2026-09-02T09:20:04Z,12851142,Modern Challenge 64,challenge,modern,Summer 2026,3092887,RealGangStar,29,0
2026-08-08,2026-09-02T09:20:04Z,12851142,Modern Challenge 64,challenge,modern,Summer 2026,1009581,Traft,30,0
2026-08-08,2026-09-02T09:20:04Z,12851142,Modern Challenge 64,challenge,modern,Summer 2026,1438282,MackSmith,31,0
2026-08-08,2026-09-02T09:20:04Z,12851142,Modern Challenge 64,challenge,modern,Summer 2026,2677890,bakkenal,32,0
2026-08-09,2026-09-02T09:20:04Z,12851104,Modern Challenge 64,challenge,modern,Summer 2026,2522150,Slasher21,1,5
2026-08-09,2026-09-02T09:20:04Z,12851104,Modern Challenge 64,challenge,modern,Summer 2026,2919528,Acecalna,2,4
2026-08-09,2026-09-02T09:20:04Z,12851104,Modern Challenge 64,challenge,modern,Summer 2026,3085636,GigaChadSigmaMale,3,3
2026-08-09,2026-09-02T09:20:04Z,12851104,Modern Challenge 64,challenge,modern,Summer 2026,2677890,bakkenal,4,3
2026-08-09,2026-09-02T09:20:04Z,12851104,Modern Challenge 64,challenge,modern,Summer 2026,1636994,gazmon48,5,2
2026-08-09,2026-09-02T09:20:04Z,12851104,Modern Challenge 64,challenge,modern,Summer 2026,1111936,auzzie51,6,2
2026-08-09,2026-09-02T09:20:04Z,12851104,Modern Challenge 64,challenge,modern,Summer 2026,1324666,mark_68,7,2
2026-08-09,2026-09-02T09:20:04Z,12851104,Modern Challenge 64,challenge,modern,Summer 2026,3311758,Kollslaw,8,2
2026-08-09,2026-09-02T09:20:04Z,12851104,Modern Challenge 64,challenge,modern,Summer 2026,2292083,bless_von,9,1
2026-08-09,2026-09-02T09:20:04Z,12851104,Modern Challenge 64,challenge,modern,Summer 2026,2092528,Sam_Lewin,10,1
2026-08-09,2026-09-02T09:20:04Z,12851104,Modern Challenge 64,challenge,modern,Summer 2026,3405528,kattsu,11,1
2026-08-09,2026-09-02T09:20:04Z,12851104,Modern Challenge 64,challenge,modern,Summer 2026,3013293,VictorEsquici,12,1
2026-08-09,2026-09-02T09:20:04Z,12851104,Modern Challenge 64,challenge,modern,Summer 2026,2204845,TuckerMTG,13,1
2026-08-09,2026-09-02T09:20:04Z,12851104,Modern Challenge 64,challenge,modern,Summer 2026,3560747,ipadkid,14,1
2026-08-09,2026-09-02T09:20:04Z,12851104,Modern Challenge 64,challenge,modern,Summer 2026,864036,renatoaraujo,15,1
2026-08-09,2026-09-02T09:20:04Z,12851104,Modern Challenge 64,challenge,modern,Summer 2026,485263,C_S_W____,16,1
2026-08-09,2026-09-02T09:20:04Z,12851104,Modern Challenge 64,challenge,modern,Summer 2026,3023075,Mtyrant,17,0
2026-08-09,2026-09-02T09:20:04Z,12851104,Modern Challenge 64,challenge,modern,Summer 2026,2322146,felider,18,0
2026-08-09,2026-09-02T09:20:04Z,12851104,Modern Challenge 64,challenge,modern,Summer 2026,2891700,Ashigaruu,19,0
2026-08-09,2026-09-02T09:20:04Z,12851104,Modern Challenge 64,challenge,modern,Summer 2026,2243002,TheTaxCollector,20,0
2026-08-09,2026-09-02T09:20:04Z,12851104,Modern Challenge 64,challenge,modern,Summer 2026,1540808,_Stream,21,0
2026-08-09,2026-09-02T09:20:04Z,12851104,Modern Challenge 64,challenge,modern,Summer 2026,2908401,goron27,22,0
2026-08-09,2026-09-02T09:20:04Z,12851104,Modern Challenge 64,challenge,modern,Summer 2026,750628,i_b_TRUE,23,0
2026-08-09,2026-09-02T09:20:04Z,12851104,Modern Challenge 64,challenge,modern,Summer 2026,2334451,Stealthmagician,24,0
2026-08-09,2026-09-02T09:20:04Z,12851104,Modern Challenge 64,challenge,modern,Summer 2026,2665316,Skeptic2304,25,0
2026-08-09,2026-09-02T09:20:04Z,12851104,Modern Challenge 64,challenge,modern,Summer 2026,2564773,klien7,26,0
2026-08-09,2026-09-02T09:20:04Z,12851104,Modern Challenge 64,challenge,modern,Summer 2026,3340310,unsimilar_socks,27,0
2026-08-09,2026-09-02T09:20:04Z,12851104,Modern Challenge 64,challenge,modern,Summer 2026,2712707,Iaashadow,28,0
2026-08-09,2026-09-02T09:20:04Z,12851104,Modern Challenge 64,challenge,modern,Summer 2026,3150519,Kai_Worldz,29,0
2026-08-09,2026-09-02T09:20:04Z,12851104,Modern Challenge 64,challenge,modern,Summer 2026,542229,Vonducky,30,0
2026-08-09,2026-09-02T09:20:04Z,12851104,Modern Challenge 64,challenge,modern,Summer 2026,2705240,Sorathrix,31,0
2026-08-09,2026-09-02T09:20:04Z,12851104,Modern Challenge 64,challenge,modern,Summer 2026,1952341,ejk,32,0
2026-08-09,2026-09-02T09:20:04Z,12851108,Modern Challenge 64,challenge,modern,Summer 2026,2614008,Xenowan,1,5
2026-08-09,2026-09-02T09:20:04Z,12851108,Modern Challenge 64,challenge,modern,Summer 2026,3055435,Mr-Nice,2,4
2026-08-09,2026-09-02T09:20:04Z,12851108,Modern Challenge 64,challenge,modern,Summer 2026,1540808,_Stream,3,3
2026-08-09,2026-09-02T09:20:04Z,12851108,Modern Challenge 64,challenge,modern,Summer 2026,2788118,RespectTheCat,4,3
2026-08-09,2026-09-02T09:20:04Z,12851108,Modern Challenge 64,challenge,modern,Summer 2026,2908947,manohito,5,2
2026-08-09,2026-09-02T09:20:04Z,12851108,Modern Challenge 64,challenge,modern,Summer 2026,486439,sokos13,6,2
2026-08-09,2026-09-02T09:20:04Z,12851108,Modern Challenge 64,challenge,modern,Summer 2026,2305332,Junkmener,7,2
2026-08-09,2026-09-02T09:20:04Z,12851108,Modern Challenge 64,challenge,modern,Summer 2026,1719515,NuBlkAu,8,2
2026-08-09,2026-09-02T09:20:04Z,12851108,Modern Challenge 64,challenge,modern,Summer 2026,2811873,Rack,9,1
2026-08-09,2026-09-02T09:20:04Z,12851108,Modern Challenge 64,challenge,modern,Summer 2026,1009581,Traft,10,1
2026-08-09,2026-09-02T09:20:04Z,12851108,Modern Challenge 64,challenge,modern,Summer 2026,1155358,oosunq,11,1
2026-08-09,2026-09-02T09:20:04Z,12851108,Modern Challenge 64,challenge,modern,Summer 2026,1942357,nahuel10,12,1
2026-08-09,2026-09-02T09:20:04Z,12851108,Modern Challenge 64,challenge,modern,Summer 2026,3158693,AzureMoon,13,1
2026-08-09,2026-09-02T09:20:04Z,12851108,Modern Challenge 64,challenge,modern,Summer 2026,2663804,lordoflifegain,14,1
2026-08-09,2026-09-02T09:20:04Z,12851108,Modern Challenge 64,challenge,modern,Summer 2026,2627168,ArchaeusDota,15,1
2026-08-09,2026-09-02T09:20:04Z,12851108,Modern Challenge 64,challenge,modern,Summer 2026,1198783,morris,16,1
2026-08-09,2026-09-02T09:20:04Z,12851108,Modern Challenge 64,challenge,modern,Summer 2026,2416526,Radziolot,17,0
2026-08-09,2026-09-02T09:20:04Z,12851108,Modern Challenge 64,challenge,modern,Summer 2026,979328,Calambity,18,0
2026-08-09,2026-09-02T09:20:04Z,12851108,Modern Challenge 64,challenge,modern,Summer 2026,2878060,jev_,19,0
2026-08-09,2026-09-02T09:20:04Z,12851108,Modern Challenge 64,challenge,modern,Summer 2026,1825047,zarbo,20,0
2026-08-09,2026-09-02T09:20:04Z,12851108,Modern Challenge 64,challenge,modern,Summer 2026,3136268,_VolkhaRt_,21,0
2026-08-09,2026-09-02T09:20:04Z,12851108,Modern Challenge 64,challenge,modern,Summer 2026,2293790,ruin000,22,0
2026-08-09,2026-09-02T09:20:04Z,12851108,Modern Challenge 64,challenge,modern,Summer 2026,3441315,Atagomax,23,0
2026-08-09,2026-09-02T09:20:04Z,12851108,Modern Challenge 64,challenge,modern,Summer 2026,3166898,Heat_Se3king_Mi$sile,24,0
2026-08-09,2026-09-02T09:20:04Z,12851108,Modern Challenge 64,challenge,modern,Summer 2026,1389833,Chippystick,25,0
2026-08-09,2026-09-02T09:20:04Z,12851108,Modern Challenge 64,challenge,modern,Summer 2026,3111303,Tongmuzi,26,0
2026-08-09,2026-09-02T09:20:04Z,12851108,Modern Challenge 64,challenge,modern,Summer 2026,3227644,mommydom_manifesto,27,0
2026-08-09,2026-09-02T09:20:04Z,12851108,Modern Challenge 64,challenge,modern,Summer 2026,2720911,Cachorrowo,28,0
2026-08-09,2026-09-02T09:20:04Z,12851108,Modern Challenge 64,challenge,modern,Summer 2026,2621451,SanPop,29,0
2026-08-09,2026-09-02T09:20:04Z,12851108,Modern Challenge 64,challenge,modern,Summer 2026,2252178,Shoa1,30,0
2026-08-09,2026-09-02T09:20:04Z,12851108,Modern Challenge 64,challenge,modern,Summer 2026,1041920,RCMerriam,31,0
2026-08-09,2026-09-02T09:20:04Z,12851108,Modern Challenge 64,challenge,modern,Summer 2026,2651001,Smallforest,32,0
2026-08-10,2026-09-02T09:20:04Z,12851118,Modern Challenge 64,challenge,modern,Summer 2026,1755256,Martin_Dominguez,1,5
2026-08-10,2026-09-02T09:20:04Z,12851118,Modern Challenge 64,challenge,modern,Summer 2026,3535587,Venom01,2,4
2026-08-10,2026-09-02T09:20:04Z,12851118,Modern Challenge 64,challenge,modern,Summer 2026,2858193,oinkmage22,3,3
2026-08-10,2026-09-02T09:20:04Z,12851118,Modern Challenge 64,challenge,modern,Summer 2026,3087786,toothymtg,4,3
2026-08-10,2026-09-02T09:20:04Z,12851118,Modern Challenge 64,challenge,modern,Summer 2026,6062,duke12,5,2
2026-08-10,2026-09-02T09:20:04Z,12851118,Modern Challenge 64,challenge,modern,Summer 2026,1111936,auzzie51,6,2
2026-08-10,2026-09-02T09:20:04Z,12851118,Modern Challenge 64,challenge,modern,Summer 2026,2322146,felider,7,2
2026-08-10,2026-09-02T09:20:04Z,12851118,Modern Challenge 64,challenge,modern,Summer 2026,2428351,fuya,8,2
2026-08-10,2026-09-02T09:20:04Z,12851118,Modern Challenge 64,challenge,modern,Summer 2026,3568967,b-mac,9,1
2026-08-10,2026-09-02T09:20:04Z,12851118,Modern Challenge 64,challenge,modern,Summer 2026,2292083,bless_von,10,1
2026-08-10,2026-09-02T09:20:04Z,12851118,Modern Challenge 64,challenge,modern,Summer 2026,2908947,manohito,11,1
2026-08-10,2026-09-02T09:20:04Z,12851118,Modern Challenge 64,challenge,modern,Summer 2026,2626857,MystikHawk,12,1
2026-08-10,2026-09-02T09:20:04Z,12851118,Modern Challenge 64,challenge,modern,Summer 2026,1950164,Dioferreira,13,1
2026-08-10,2026-09-02T09:20:04Z,12851118,Modern Challenge 64,challenge,modern,Summer 2026,476834,zturchan,14,1
2026-08-10,2026-09-02T09:20:04Z,12851118,Modern Challenge 64,challenge,modern,Summer 2026,2916207,FacadeJK,15,1
2026-08-10,2026-09-02T09:20:04Z,12851118,Modern Challenge 64,challenge,modern,Summer 2026,3560747,ipadkid,16,1
2026-08-10,2026-09-02T09:20:04Z,12851118,Modern Challenge 64,challenge,modern,Summer 2026,3250308,Mortaa,17,0
2026-08-10,2026-09-02T09:20:04Z,12851118,Modern Challenge 64,challenge,modern,Summer 2026,1997683,hugofreitas1,18,0
2026-08-10,2026-09-02T09:20:04Z,12851118,Modern Challenge 64,challenge,modern,Summer 2026,2064081,SuperCow12653,19,0
2026-08-10,2026-09-02T09:20:04Z,12851118,Modern Challenge 64,challenge,modern,Summer 2026,2024035,vinnyrussian123,20,0
2026-08-10,2026-09-02T09:20:04Z,12851118,Modern Challenge 64,challenge,modern,Summer 2026,1952341,ejk,21,0
2026-08-10,2026-09-02T09:20:04Z,12851118,Modern Challenge 64,challenge,modern,Summer 2026,2385663,Keggers,22,0
2026-08-10,2026-09-02T09:20:04Z,12851118,Modern Challenge 64,challenge,modern,Summer 2026,3311758,Kollslaw,23,0
2026-08-10,2026-09-02T09:20:04Z,12851118,Modern Challenge 64,challenge,modern,Summer 2026,3387160,_Babbuja_,24,0
2026-08-10,2026-09-02T09:20:04Z,12851118,Modern Challenge 64,challenge,modern,Summer 2026,2720911,Cachorrowo,25,0
2026-08-10,2026-09-02T09:20:04Z,12851118,Modern Challenge 64,challenge,modern,Summer 2026,2788809,Chichichi,26,0
2026-08-10,2026-09-02T09:20:04Z,12851118,Modern Challenge 64,challenge,modern,Summer 2026,542229,Vonducky,27,0
2026-08-10,2026-09-02T09:20:04Z,12851118,Modern Challenge 64,challenge,modern,Summer 2026,2981803,Tinker_deck,28,0
2026-08-10,2026-09-02T09:20:04Z,12851118,Modern Challenge 64,challenge,modern,Summer 2026,2714224,eclipse4343,29,0
2026-08-10,2026-09-02T09:20:04Z,12851118,Modern Challenge 64,challenge,modern,Summer 2026,2372533,niuwaid001,30,0
2026-08-10,2026-09-02T09:20:04Z,12851118,Modern Challenge 64,challenge,modern,Summer 2026,2872570,Scorpion100,31,0
2026-08-10,2026-09-02T09:20:04Z,12851118,Modern Challenge 64,challenge,modern,Summer 2026,2707045,E_Kaminuma,32,0
2026-08-10,2026-09-02T09:20:04Z,12851122,Modern Challenge 96,challenge,modern,Summer 2026,3035942,Sven745,1,5
2026-08-10,2026-09-02T09:20:04Z,12851122,Modern Challenge 96,challenge,modern,Summer 2026,2676196,ziofrancone,2,4
2026-08-10,2026-09-02T09:20:04Z,12851122,Modern Challenge 96,challenge,modern,Summer 2026,2788118,RespectTheCat,3,3
2026-08-10,2026-09-02T09:20:04Z,12851122,Modern Challenge 96,challenge,modern,Summer 2026,1773910,solaec0501,4,3
2026-08-10,2026-09-02T09:20:04Z,12851122,Modern Challenge 96,challenge,modern,Summer 2026,2868980,_bwonsamdi_,5,2
2026-08-10,2026-09-02T09:20:04Z,12851122,Modern Challenge 96,challenge,modern,Summer 2026,1041920,RCMerriam,6,2
2026-08-10,2026-09-02T09:20:04Z,12851122,Modern Challenge 96,challenge,modern,Summer 2026,2691811,JustAnotherGuy83,7,2
2026-08-10,2026-09-02T09:20:04Z,12851122,Modern Challenge 96,challenge,modern,Summer 2026,1780347,nightwitch,8,2
2026-08-10,2026-09-02T09:20:04Z,12851122,Modern Challenge 96,challenge,modern,Summer 2026,1755256,Martin_Dominguez,9,1
2026-08-10,2026-09-02T09:20:04Z,12851122,Modern Challenge 96,challenge,modern,Summer 2026,999039,Willthepill,10,1
2026-08-10,2026-09-02T09:20:04Z,12851122,Modern Challenge 96,challenge,modern,Summer 2026,574591,Watchwolf92,11,1
2026-08-10,2026-09-02T09:20:04Z,12851122,Modern Challenge 96,challenge,modern,Summer 2026,3106246,fazparte,12,1
2026-08-10,2026-09-02T09:20:04Z,12851122,Modern Challenge 96,challenge,modern,Summer 2026,3076886,Thunus,13,1
2026-08-10,2026-09-02T09:20:04Z,12851122,Modern Challenge 96,challenge,modern,Summer 2026,2001341,_theMoonSage_,14,1
2026-08-10,2026-09-02T09:20:04Z,12851122,Modern Challenge 96,challenge,modern,Summer 2026,2679669,Ivan_Draw_Go,15,1
2026-08-10,2026-09-02T09:20:04Z,12851122,Modern Challenge 96,challenge,modern,Summer 2026,3351221,AlexWizz,16,1
2026-08-10,2026-09-02T09:20:04Z,12851122,Modern Challenge 96,challenge,modern,Summer 2026,1111702,oskiyaa,17,0
2026-08-10,2026-09-02T09:20:04Z,12851122,Modern Challenge 96,challenge,modern,Summer 2026,2446403,justFeather,18,0
2026-08-10,2026-09-02T09:20:04Z,12851122,Modern Challenge 96,challenge,modern,Summer 2026,2903591,MeninoNey,19,0
2026-08-10,2026-09-02T09:20:04Z,12851122,Modern Challenge 96,challenge,modern,Summer 2026,3565947,albertosd87,20,0
2026-08-10,2026-09-02T09:20:04Z,12851122,Modern Challenge 96,challenge,modern,Summer 2026,3086835,MarimoTaketori,21,0
2026-08-10,2026-09-02T09:20:04Z,12851122,Modern Challenge 96,challenge,modern,Summer 2026,2273541,Salty_Orange,22,0
2026-08-10,2026-09-02T09:20:04Z,12851122,Modern Challenge 96,challenge,modern,Summer 2026,486439,sokos13,23,0
2026-08-10,2026-09-02T09:20:04Z,12851122,Modern Challenge 96,challenge,modern,Summer 2026,2569009,TrueHero,24,0
2026-08-10,2026-09-02T09:20:04Z,12851122,Modern Challenge 96,challenge,modern,Summer 2026,3244211,fireflymylove,25,0
2026-08-10,2026-09-02T09:20:04Z,12851122,Modern Challenge 96,challenge,modern,Summer 2026,676549,Alakai,26,0
2026-08-10,2026-09-02T09:20:04Z,12851122,Modern Challenge 96,challenge,modern,Summer 2026,1198783,morris,27,0
2026-08-10,2026-09-02T09:20:04Z,12851122,Modern Challenge 96,challenge,modern,Summer 2026,2688845,DelverOfBolts,28,0
2026-08-10,2026-09-02T09:20:04Z,12851122,Modern Challenge 96,challenge,modern,Summer 2026,1280578,HeyyQT,29,0
2026-08-10,2026-09-02T09:20:04Z,12851122,Modern Challenge 96,challenge,modern,Summer 2026,2257869,kasiso,30,0
2026-08-10,2026-09-02T09:20:04Z,12851122,Modern Challenge 96,challenge,modern,Summer 2026,3560747,ipadkid,31,0
2026-08-10,2026-09-02T09:20:04Z,12851122,Modern Challenge 96,challenge,modern,Summer 2026,2342880,Damgar,32,0
2026-08-11,2026-09-02T09:20:04Z,12851612,Modern Challenge 64,challenge,modern,Summer 2026,3155916,reidq7,1,5
2026-08-11,2026-09-02T09:20:04Z,12851612,Modern Challenge 64,challenge,modern,Summer 2026,649380,Rvng,2,4
2026-08-11,2026-09-02T09:20:04Z,12851612,Modern Challenge 64,challenge,modern,Summer 2026,2903591,MeninoNey,3,3
2026-08-11,2026-09-02T09:20:04Z,12851612,Modern Challenge 64,challenge,modern,Summer 2026,3087786,toothymtg,4,3
2026-08-11,2026-09-02T09:20:04Z,12851612,Modern Challenge 64,challenge,modern,Summer 2026,976841,HoldTheElle,5,2
2026-08-11,2026-09-02T09:20:04Z,12851612,Modern Challenge 64,challenge,modern,Summer 2026,2064081,SuperCow12653,6,2
2026-08-11,2026-09-02T09:20:04Z,12851612,Modern Challenge 64,challenge,modern,Summer 2026,2669359,HouseOfManaMTG,7,2
2026-08-11,2026-09-02T09:20:04Z,12851612,Modern Challenge 64,challenge,modern,Summer 2026,3364560,Craig_Long123,8,2
2026-08-11,2026-09-02T09:20:04Z,12851612,Modern Challenge 64,challenge,modern,Summer 2026,1618758,selesneal,9,1
2026-08-11,2026-09-02T09:20:04Z,12851612,Modern Challenge 64,challenge,modern,Summer 2026,2796105,Porks,10,1
2026-08-11,2026-09-02T09:20:04Z,12851612,Modern Challenge 64,challenge,modern,Summer 2026,2569009,TrueHero,11,1
2026-08-11,2026-09-02T09:20:04Z,12851612,Modern Challenge 64,challenge,modern,Summer 2026,2130633,ShadowTitan1,12,1
2026-08-11,2026-09-02T09:20:04Z,12851612,Modern Challenge 64,challenge,modern,Summer 2026,2042214,Selfeisek,13,1
2026-08-11,2026-09-02T09:20:04Z,12851612,Modern Challenge 64,challenge,modern,Summer 2026,3222070,Lightspirit,14,1
2026-08-11,2026-09-02T09:20:04Z,12851612,Modern Challenge 64,challenge,modern,Summer 2026,1997683,hugofreitas1,15,1
2026-08-11,2026-09-02T09:20:04Z,12851612,Modern Challenge 64,challenge,modern,Summer 2026,3560747,ipadkid,16,1
2026-08-11,2026-09-02T09:20:04Z,12851612,Modern Challenge 64,challenge,modern,Summer 2026,2788809,Chichichi,17,0
2026-08-11,2026-09-02T09:20:04Z,12851612,Modern Challenge 64,challenge,modern,Summer 2026,3477428,Kyndrax,18,0
2026-08-11,2026-09-02T09:20:04Z,12851612,Modern Challenge 64,challenge,modern,Summer 2026,2651868,jvidarte,19,0
2026-08-11,2026-09-02T09:20:04Z,12851612,Modern Challenge 64,challenge,modern,Summer 2026,2714019,Nowayh,20,0
2026-08-11,2026-09-02T09:20:04Z,12851612,Modern Challenge 64,challenge,modern,Summer 2026,1188705,ShikiXYZ,21,0
2026-08-11,2026-09-02T09:20:04Z,12851612,Modern Challenge 64,challenge,modern,Summer 2026,1755256,Martin_Dominguez,22,0
2026-08-11,2026-09-02T09:20:04Z,12851612,Modern Challenge 64,challenge,modern,Summer 2026,3551828,Mclopi,23,0
2026-08-11,2026-09-02T09:20:04Z,12851612,Modern Challenge 64,challenge,modern,Summer 2026,3376259,e0068,24,0
2026-08-11,2026-09-02T09:20:04Z,12851612,Modern Challenge 64,challenge,modern,Summer 2026,277034,Marxelo,25,0
2026-08-11,2026-09-02T09:20:04Z,12851612,Modern Challenge 64,challenge,modern,Summer 2026,643454,Sarlanga,26,0
2026-08-11,2026-09-02T09:20:04Z,12851612,Modern Challenge 64,challenge,modern,Summer 2026,2702005,Rashek,27,0
2026-08-11,2026-09-02T09:20:04Z,12851612,Modern Challenge 64,challenge,modern,Summer 2026,1952341,ejk,28,0
2026-08-11,2026-09-02T09:20:04Z,12851612,Modern Challenge 64,challenge,modern,Summer 2026,3086835,MarimoTaketori,29,0
2026-08-11,2026-09-02T09:20:04Z,12851612,Modern Challenge 64,challenge,modern,Summer 2026,3438702,GLSwadow,30,0
2026-08-11,2026-09-02T09:20:04Z,12851612,Modern Challenge 64,challenge,modern,Summer 2026,434546,sgcyrus,31,0
2026-08-11,2026-09-02T09:20:04Z,12851612,Modern Challenge 64,challenge,modern,Summer 2026,574591,Watchwolf92,32,0
2026-08-12,2026-09-02T09:20:04Z,12851614,Modern Challenge 32,challenge,modern,Summer 2026,2707200,Kritik,1,5
2026-08-12,2026-09-02T09:20:04Z,12851614,Modern Challenge 32,challenge,modern,Summer 2026,2873371,frekinsmart,2,4
2026-08-12,2026-09-02T09:20:04Z,12851614,Modern Challenge 32,challenge,modern,Summer 2026,3311758,Kollslaw,3,3
2026-08-12,2026-09-02T09:20:04Z,12851614,Modern Challenge 32,challenge,modern,Summer 2026,2981401,HuUeBR,4,3
2026-08-12,2026-09-02T09:20:04Z,12851614,Modern Challenge 32,challenge,modern,Summer 2026,750888,LucasG1ggs,5,2
2026-08-12,2026-09-02T09:20:04Z,12851614,Modern Challenge 32,challenge,modern,Summer 2026,2334451,Stealthmagician,6,2
2026-08-12,2026-09-02T09:20:04Z,12851614,Modern Challenge 32,challenge,modern,Summer 2026,3227644,mommydom_manifesto,7,2
2026-08-12,2026-09-02T09:20:04Z,12851614,Modern Challenge 32,challenge,modern,Summer 2026,574591,Watchwolf92,8,2
2026-08-12,2026-09-02T09:20:04Z,12851614,Modern Challenge 32,challenge,modern,Summer 2026,1126781,derlumberzack,9,1
2026-08-12,2026-09-02T09:20:04Z,12851614,Modern Challenge 32,challenge,modern,Summer 2026,2537131,yriel,10,1
2026-08-12,2026-09-02T09:20:04Z,12851614,Modern Challenge 32,challenge,modern,Summer 2026,3449930,Nate21,11,1
2026-08-12,2026-09-02T09:20:04Z,12851614,Modern Challenge 32,challenge,modern,Summer 2026,3085636,GigaChadSigmaMale,12,1
2026-08-12,2026-09-02T09:20:04Z,12851614,Modern Challenge 32,challenge,modern,Summer 2026,2930548,JulianJohn,13,1
2026-08-12,2026-09-02T09:20:04Z,12851614,Modern Challenge 32,challenge,modern,Summer 2026,864036,renatoaraujo,14,1
2026-08-12,2026-09-02T09:20:04Z,12851614,Modern Challenge 32,challenge,modern,Summer 2026,2714224,eclipse4343,15,1
2026-08-12,2026-09-02T09:20:04Z,12851614,Modern Challenge 32,challenge,modern,Summer 2026,2045296,JV_7777,16,1
2026-08-12,2026-09-02T09:20:04Z,12851614,Modern Challenge 32,challenge,modern,Summer 2026,2891700,Ashigaruu,17,0
2026-08-12,2026-09-02T09:20:04Z,12851614,Modern Challenge 32,challenge,modern,Summer 2026,1942357,nahuel10,18,0
2026-08-12,2026-09-02T09:20:04Z,12851614,Modern Challenge 32,challenge,modern,Summer 2026,2761370,ashame,19,0
2026-08-12,2026-09-02T09:20:04Z,12851614,Modern Challenge 32,challenge,modern,Summer 2026,3557832,SimonAntillon,20,0
2026-08-12,2026-09-02T09:20:04Z,12851614,Modern Challenge 32,challenge,modern,Summer 2026,2903591,MeninoNey,21,0
2026-08-12,2026-09-02T09:20:04Z,12851614,Modern Challenge 32,challenge,modern,Summer 2026,2127900,soggymeatball,22,0
2026-08-12,2026-09-02T09:20:04Z,12851614,Modern Challenge 32,challenge,modern,Summer 2026,2919528,Acecalna,23,0
2026-08-12,2026-09-02T09:20:04Z,12851614,Modern Challenge 32,challenge,modern,Summer 2026,3535587,Venom01,24,0
2026-08-12,2026-09-02T09:20:04Z,12851614,Modern Challenge 32,challenge,modern,Summer 2026,2933919,Vaine,25,0
2026-08-12,2026-09-02T09:20:04Z,12851614,Modern Challenge 32,challenge,modern,Summer 2026,3034834,littesir095,26,0
2026-08-12,2026-09-02T09:20:04Z,12851614,Modern Challenge 32,challenge,modern,Summer 2026,3526166,LaceiSuaEsposa,27,0
2026-08-12,2026-09-02T09:20:04Z,12851614,Modern Challenge 32,challenge,modern,Summer 2026,3405528,kattsu,28,0
2026-08-12,2026-09-02T09:20:04Z,12851614,Modern Challenge 32,challenge,modern,Summer 2026,2761363,Melaleuca,29,0
2026-08-12,2026-09-02T09:20:04Z,12851614,Modern Challenge 32,challenge,modern,Summer 2026,1997683,hugofreitas1,30,0
2026-08-12,2026-09-02T09:20:04Z,12851614,Modern Challenge 32,challenge,modern,Summer 2026,324532,billskillz,31,0
2026-08-12,2026-09-02T09:20:04Z,12851614,Modern Challenge 32,challenge,modern,Summer 2026,2981803,Tinker_deck,32,0
2026-08-12,2026-09-02T09:20:04Z,12851623,Modern Challenge 96,challenge,modern,Summer 2026,2001341,_theMoonSage_,1,5
2026-08-12,2026-09-02T09:20:04Z,12851623,Modern Challenge 96,challenge,modern,Summer 2026,2903591,MeninoNey,2,4
2026-08-12,2026-09-02T09:20:04Z,12851623,Modern Challenge 96,challenge,modern,Summer 2026,3560747,ipadkid,3,3
2026-08-12,2026-09-02T09:20:04Z,12851623,Modern Challenge 96,challenge,modern,Summer 2026,2640770,Alico,4,3
2026-08-12,2026-09-02T09:20:04Z,12851623,Modern Challenge 96,challenge,modern,Summer 2026,2122697,kthanakit26,5,2
2026-08-12,2026-09-02T09:20:04Z,12851623,Modern Challenge 96,challenge,modern,Summer 2026,1188705,ShikiXYZ,6,2
2026-08-12,2026-09-02T09:20:04Z,12851623,Modern Challenge 96,challenge,modern,Summer 2026,10594,Aced5,7,2
2026-08-12,2026-09-02T09:20:04Z,12851623,Modern Challenge 96,challenge,modern,Summer 2026,2702005,Rashek,8,2
2026-08-12,2026-09-02T09:20:04Z,12851623,Modern Challenge 96,challenge,modern,Summer 2026,2968680,NathanOfTheGiltLeaf,9,1
2026-08-12,2026-09-02T09:20:04Z,12851623,Modern Challenge 96,challenge,modern,Summer 2026,2708396,mikeleee,10,1
2026-08-12,2026-09-02T09:20:04Z,12851623,Modern Challenge 96,challenge,modern,Summer 2026,2957500,unworldlyorigin,11,1
2026-08-12,2026-09-02T09:20:04Z,12851623,Modern Challenge 96,challenge,modern,Summer 2026,2130633,ShadowTitan1,12,1
2026-08-12,2026-09-02T09:20:04Z,12851623,Modern Challenge 96,challenge,modern,Summer 2026,3358375,acelerado440,13,1
2026-08-12,2026-09-02T09:20:04Z,12851623,Modern Challenge 96,challenge,modern,Summer 2026,2908947,manohito,14,1
2026-08-12,2026-09-02T09:20:04Z,12851623,Modern Challenge 96,challenge,modern,Summer 2026,2232658,xl_snapcaster,15,1
2026-08-12,2026-09-02T09:20:04Z,12851623,Modern Challenge 96,challenge,modern,Summer 2026,2614008,Xenowan,16,1
2026-08-12,2026-09-02T09:20:04Z,12851623,Modern Challenge 96,challenge,modern,Summer 2026,536053,Capriccioso,17,0
2026-08-12,2026-09-02T09:20:04Z,12851623,Modern Challenge 96,challenge,modern,Summer 2026,3085027,TotheparkTeam,18,0
2026-08-12,2026-09-02T09:20:04Z,12851623,Modern Challenge 96,challenge,modern,Summer 2026,3466224,Chocolate_Branco,19,0
2026-08-12,2026-09-02T09:20:04Z,12851623,Modern Challenge 96,challenge,modern,Summer 2026,2109273,Sebek,20,0
2026-08-12,2026-09-02T09:20:04Z,12851623,Modern Challenge 96,challenge,modern,Summer 2026,2095978,NoneOfYourBusiness,21,0
2026-08-12,2026-09-02T09:20:04Z,12851623,Modern Challenge 96,challenge,modern,Summer 2026,3105602,UltraEgo_,22,0
2026-08-12,2026-09-02T09:20:04Z,12851623,Modern Challenge 96,challenge,modern,Summer 2026,3169912,Jungski,23,0
2026-08-12,2026-09-02T09:20:04Z,12851623,Modern Challenge 96,challenge,modern,Summer 2026,2693418,ratabruta,24,0
2026-08-12,2026-09-02T09:20:04Z,12851623,Modern Challenge 96,challenge,modern,Summer 2026,2456936,Cedicent,25,0
2026-08-12,2026-09-02T09:20:04Z,12851623,Modern Challenge 96,challenge,modern,Summer 2026,535716,Capitano_CL,26,0
2026-08-12,2026-09-02T09:20:04Z,12851623,Modern Challenge 96,challenge,modern,Summer 2026,1997683,hugofreitas1,27,0
2026-08-12,2026-09-02T09:20:04Z,12851623,Modern Challenge 96,challenge,modern,Summer 2026,1156605,starfall,28,0
2026-08-12,2026-09-02T09:20:04Z,12851623,Modern Challenge 96,challenge,modern,Summer 2026,1348253,SoulStrong,29,0
2026-08-12,2026-09-02T09:20:04Z,12851623,Modern Challenge 96,challenge,modern,Summer 2026,2621451,SanPop,30,0
2026-08-12,2026-09-02T09:20:04Z,12851623,Modern Challenge 96,challenge,modern,Summer 2026,494936,levunga21,31,0
2026-08-12,2026-09-02T09:20:04Z,12851623,Modern Challenge 96,challenge,modern,Summer 2026,3477626,Serosocram,32,0
2026-08-13,2026-09-02T09:20:04Z,12851632,Modern Challenge 64,challenge,modern,Summer 2026,3135877,eswaff,1,5
2026-08-13,2026-09-02T09:20:04Z,12851632,Modern Challenge 64,challenge,modern,Summer 2026,3106246,fazparte,2,4
2026-08-13,2026-09-02T09:20:04Z,12851632,Modern Challenge 64,challenge,modern,Summer 2026,1129308,Scappie,3,3
2026-08-13,2026-09-02T09:20:04Z,12851632,Modern Challenge 64,challenge,modern,Summer 2026,2839061,MercurialChemister,4,3
2026-08-13,2026-09-02T09:20:04Z,12851632,Modern Challenge 64,challenge,modern,Summer 2026,1205798,TSPJendrek,5,2
2026-08-13,2026-09-02T09:20:04Z,12851632,Modern Challenge 64,challenge,modern,Summer 2026,2908947,manohito,6,2
2026-08-13,2026-09-02T09:20:04Z,12851632,Modern Challenge 64,challenge,modern,Summer 2026,3220713,DskBayWolf,7,2
2026-08-13,2026-09-02T09:20:04Z,12851632,Modern Challenge 64,challenge,modern,Summer 2026,1197356,The_Yoda,8,2
2026-08-13,2026-09-02T09:20:04Z,12851632,Modern Challenge 64,challenge,modern,Summer 2026,3323058,Will_Split,9,1
2026-08-13,2026-09-02T09:20:04Z,12851632,Modern Challenge 64,challenge,modern,Summer 2026,2916560,wutey,10,1
2026-08-13,2026-09-02T09:20:04Z,12851632,Modern Challenge 64,challenge,modern,Summer 2026,1755256,Martin_Dominguez,11,1
2026-08-13,2026-09-02T09:20:04Z,12851632,Modern Challenge 64,challenge,modern,Summer 2026,2972314,IronBeagle,12,1
2026-08-13,2026-09-02T09:20:04Z,12851632,Modern Challenge 64,challenge,modern,Summer 2026,1932562,MahfuzVanGogh,13,1
2026-08-13,2026-09-02T09:20:04Z,12851632,Modern Challenge 64,challenge,modern,Summer 2026,2856617,Off1ine__,14,1
2026-08-13,2026-09-02T09:20:04Z,12851632,Modern Challenge 64,challenge,modern,Summer 2026,2712630,badgods,15,1
2026-08-13,2026-09-02T09:20:04Z,12851632,Modern Challenge 64,challenge,modern,Summer 2026,3446637,Zeect,16,1
2026-08-13,2026-09-02T09:20:04Z,12851632,Modern Challenge 64,challenge,modern,Summer 2026,1428769,Xwhale,17,0
2026-08-13,2026-09-02T09:20:04Z,12851632,Modern Challenge 64,challenge,modern,Summer 2026,1181017,JPA93,18,0
2026-08-13,2026-09-02T09:20:04Z,12851632,Modern Challenge 64,challenge,modern,Summer 2026,1997683,hugofreitas1,19,0
2026-08-13,2026-09-02T09:20:04Z,12851632,Modern Challenge 64,challenge,modern,Summer 2026,2796105,Porks,20,0
2026-08-13,2026-09-02T09:20:04Z,12851632,Modern Challenge 64,challenge,modern,Summer 2026,2042214,Selfeisek,21,0
2026-08-13,2026-09-02T09:20:04Z,12851632,Modern Challenge 64,challenge,modern,Summer 2026,2064081,SuperCow12653,22,0
2026-08-13,2026-09-02T09:20:04Z,12851632,Modern Challenge 64,challenge,modern,Summer 2026,2390663,haoqinglangou,23,0
2026-08-13,2026-09-02T09:20:04Z,12851632,Modern Challenge 64,challenge,modern,Summer 2026,535716,Capitano_CL,24,0
2026-08-13,2026-09-02T09:20:04Z,12851632,Modern Challenge 64,challenge,modern,Summer 2026,2257869,kasiso,25,0
2026-08-13,2026-09-02T09:20:04Z,12851632,Modern Challenge 64,challenge,modern,Summer 2026,2127900,soggymeatball,26,0
2026-08-13,2026-09-02T09:20:04Z,12851632,Modern Challenge 64,challenge,modern,Summer 2026,3035942,Sven745,27,0
2026-08-13,2026-09-02T09:20:04Z,12851632,Modern Challenge 64,challenge,modern,Summer 2026,3306092,Odin2015,28,0
2026-08-13,2026-09-02T09:20:04Z,12851632,Modern Challenge 64,challenge,modern,Summer 2026,2614008,Xenowan,29,0
2026-08-13,2026-09-02T09:20:04Z,12851632,Modern Challenge 64,challenge,modern,Summer 2026,2636574,Doomenstein,30,0
2026-08-13,2026-09-02T09:20:04Z,12851632,Modern Challenge 64,challenge,modern,Summer 2026,2194775,Crovax90,31,0
2026-08-13,2026-09-02T09:20:04Z,12851632,Modern Challenge 64,challenge,modern,Summer 2026,3476561,frenzyofexultations,32,0
2026-08-14,2026-09-02T09:20:04Z,12851649,Modern Challenge 64,challenge,modern,Summer 2026,315946,RandomGameActions,1,5
2026-08-14,2026-09-02T09:20:04Z,12851649,Modern Challenge 64,challenge,modern,Summer 2026,3569566,bestdraveneu,2,4
2026-08-14,2026-09-02T09:20:04Z,12851649,Modern Challenge 64,challenge,modern,Summer 2026,2751360,Azja,3,3
2026-08-14,2026-09-02T09:20:04Z,12851649,Modern Challenge 64,challenge,modern,Summer 2026,2700947,Retrisma,4,3
2026-08-14,2026-09-02T09:20:04Z,12851649,Modern Challenge 64,challenge,modern,Summer 2026,1706283,Laplasjan,5,2
2026-08-14,2026-09-02T09:20:04Z,12851649,Modern Challenge 64,challenge,modern,Summer 2026,2094696,BLJ,6,2
2026-08-14,2026-09-02T09:20:04Z,12851649,Modern Challenge 64,challenge,modern,Summer 2026,3488559,DeepDisherino,7,2
2026-08-14,2026-09-02T09:20:04Z,12851649,Modern Challenge 64,challenge,modern,Summer 2026,3106246,fazparte,8,2
2026-08-14,2026-09-02T09:20:04Z,12851649,Modern Challenge 64,challenge,modern,Summer 2026,2078647,kaiszern,9,1
2026-08-14,2026-09-02T09:20:04Z,12851649,Modern Challenge 64,challenge,modern,Summer 2026,3540949,pedronavaja,10,1
2026-08-14,2026-09-02T09:20:04Z,12851649,Modern Challenge 64,challenge,modern,Summer 2026,3476561,frenzyofexultations,11,1
2026-08-14,2026-09-02T09:20:04Z,12851649,Modern Challenge 64,challenge,modern,Summer 2026,3306092,Odin2015,12,1
2026-08-14,2026-09-02T09:20:04Z,12851649,Modern Challenge 64,challenge,modern,Summer 2026,2680052,Uagli1,13,1
2026-08-14,2026-09-02T09:20:04Z,12851649,Modern Challenge 64,challenge,modern,Summer 2026,2717364,ElbowSoap,14,1
2026-08-14,2026-09-02T09:20:04Z,12851649,Modern Challenge 64,challenge,modern,Summer 2026,2537822,Bugsy69,15,1
2026-08-14,2026-09-02T09:20:04Z,12851649,Modern Challenge 64,challenge,modern,Summer 2026,3099430,GuildMasterboros7,16,1
2026-08-14,2026-09-02T09:20:04Z,12851649,Modern Challenge 64,challenge,modern,Summer 2026,181637,Boin,17,0
2026-08-14,2026-09-02T09:20:04Z,12851649,Modern Challenge 64,challenge,modern,Summer 2026,2272105,pepeteam,18,0
2026-08-14,2026-09-02T09:20:04Z,12851649,Modern Challenge 64,challenge,modern,Summer 2026,3056706,Xsper,19,0
2026-08-14,2026-09-02T09:20:04Z,12851649,Modern Challenge 64,challenge,modern,Summer 2026,1297262,Mogged,20,0
2026-08-14,2026-09-02T09:20:04Z,12851649,Modern Challenge 64,challenge,modern,Summer 2026,535716,Capitano_CL,21,0
2026-08-14,2026-09-02T09:20:04Z,12851649,Modern Challenge 64,challenge,modern,Summer 2026,1197356,The_Yoda,22,0
2026-08-14,2026-09-02T09:20:04Z,12851649,Modern Challenge 64,challenge,modern,Summer 2026,2995055,Deathmaxx,23,0
2026-08-14,2026-09-02T09:20:04Z,12851649,Modern Challenge 64,challenge,modern,Summer 2026,2368673,erbander01,24,0
2026-08-14,2026-09-02T09:20:04Z,12851649,Modern Challenge 64,challenge,modern,Summer 2026,2564773,klien7,25,0
2026-08-14,2026-09-02T09:20:04Z,12851649,Modern Challenge 64,challenge,modern,Summer 2026,1181017,JPA93,26,0
2026-08-14,2026-09-02T09:20:04Z,12851649,Modern Challenge 64,challenge,modern,Summer 2026,2714224,eclipse4343,27,0
2026-08-14,2026-09-02T09:20:04Z,12851649,Modern Challenge 64,challenge,modern,Summer 2026,1546166,leandru,28,0
2026-08-14,2026-09-02T09:20:04Z,12851649,Modern Challenge 64,challenge,modern,Summer 2026,3405528,kattsu,29,0
2026-08-14,2026-09-02T09:20:04Z,12851649,Modern Challenge 64,challenge,modern,Summer 2026,1942357,nahuel10,30,0
2026-08-14,2026-09-02T09:20:04Z,12851649,Modern Challenge 64,challenge,modern,Summer 2026,2618500,Jumba,31,0
2026-08-14,2026-09-02T09:20:04Z,12851649,Modern Challenge 64,challenge,modern,Summer 2026,1129308,Scappie,32,0
2026-08-15,2026-09-02T09:20:04Z,12851608,Modern RC Super Qualifier,premier,modern,Summer 2026,2569009,TrueHero,1,10
2026-08-15,2026-09-02T09:20:04Z,12851608,Modern RC Super Qualifier,premier,modern,Summer 2026,3175692,_Chamytinho_,2,8
2026-08-15,2026-09-02T09:20:04Z,12851608,Modern RC Super Qualifier,premier,modern,Summer 2026,3017502,Prim3Time,3,6
2026-08-15,2026-09-02T09:20:04Z,12851608,Modern RC Super Qualifier,premier,modern,Summer 2026,1760512,Vrym,4,6
2026-08-15,2026-09-02T09:20:04Z,12851608,Modern RC Super Qualifier,premier,modern,Summer 2026,3569566,bestdraveneu,5,4
2026-08-15,2026-09-02T09:20:04Z,12851608,Modern RC Super Qualifier,premier,modern,Summer 2026,649380,Rvng,6,4
2026-08-15,2026-09-02T09:20:04Z,12851608,Modern RC Super Qualifier,premier,modern,Summer 2026,1084298,Gerschi,7,4
2026-08-15,2026-09-02T09:20:04Z,12851608,Modern RC Super Qualifier,premier,modern,Summer 2026,2712707,Iaashadow,8,4
2026-08-15,2026-09-02T09:20:04Z,12851608,Modern RC Super Qualifier,premier,modern,Summer 2026,2690892,Ghost11157,9,2
2026-08-15,2026-09-02T09:20:04Z,12851608,Modern RC Super Qualifier,premier,modern,Summer 2026,1181017,JPA93,10,2
2026-08-15,2026-09-02T09:20:04Z,12851608,Modern RC Super Qualifier,premier,modern,Summer 2026,3535587,Venom01,11,2
2026-08-15,2026-09-02T09:20:04Z,12851608,Modern RC Super Qualifier,premier,modern,Summer 2026,3279774,Croco-polarbear,12,2
2026-08-15,2026-09-02T09:20:04Z,12851608,Modern RC Super Qualifier,premier,modern,Summer 2026,574591,Watchwolf92,13,2
2026-08-15,2026-09-02T09:20:04Z,12851608,Modern RC Super Qualifier,premier,modern,Summer 2026,2865556,DawsonCreep,14,2
2026-08-15,2026-09-02T09:20:04Z,12851608,Modern RC Super Qualifier,premier,modern,Summer 2026,3473231,surgetemelo,15,2
2026-08-15,2026-09-02T09:20:04Z,12851608,Modern RC Super Qualifier,premier,modern,Summer 2026,319589,FranBenitez91,16,2
2026-08-15,2026-09-02T09:20:04Z,12851608,Modern RC Super Qualifier,premier,modern,Summer 2026,803141,McWinSauce,17,0
2026-08-15,2026-09-02T09:20:04Z,12851608,Modern RC Super Qualifier,premier,modern,Summer 2026,3544040,GWT,18,0
2026-08-15,2026-09-02T09:20:04Z,12851608,Modern RC Super Qualifier,premier,modern,Summer 2026,2085661,Ryan_39,19,0
2026-08-15,2026-09-02T09:20:04Z,12851608,Modern RC Super Qualifier,premier,modern,Summer 2026,319713,roter_Erzengel,20,0
2026-08-15,2026-09-02T09:20:04Z,12851608,Modern RC Super Qualifier,premier,modern,Summer 2026,3311758,Kollslaw,21,0
2026-08-15,2026-09-02T09:20:04Z,12851608,Modern RC Super Qualifier,premier,modern,Summer 2026,1995507,RGNKPheonix20,22,0
2026-08-15,2026-09-02T09:20:04Z,12851608,Modern RC Super Qualifier,premier,modern,Summer 2026,882132,Durrrr89,23,0
2026-08-15,2026-09-02T09:20:04Z,12851608,Modern RC Super Qualifier,premier,modern,Summer 2026,2947160,Tranzmaster,24,0
2026-08-15,2026-09-02T09:20:04Z,12851608,Modern RC Super Qualifier,premier,modern,Summer 2026,1198783,morris,25,0
2026-08-15,2026-09-02T09:20:04Z,12851608,Modern RC Super Qualifier,premier,modern,Summer 2026,3415205,Diomed_Tidid,26,0
2026-08-15,2026-09-02T09:20:04Z,12851608,Modern RC Super Qualifier,premier,modern,Summer 2026,964394,LordEgg,27,0
2026-08-15,2026-09-02T09:20:04Z,12851608,Modern RC Super Qualifier,premier,modern,Summer 2026,3142768,PerkyT,28,0
2026-08-15,2026-09-02T09:20:04Z,12851608,Modern RC Super Qualifier,premier,modern,Summer 2026,1712831,toondoslav,29,0
2026-08-15,2026-09-02T09:20:04Z,12851608,Modern RC Super Qualifier,premier,modern,Summer 2026,2537131,yriel,30,0
2026-08-15,2026-09-02T09:20:04Z,12851608,Modern RC Super Qualifier,premier,modern,Summer 2026,1229112,slade8283,31,0
2026-08-15,2026-09-02T09:20:04Z,12851608,Modern RC Super Qualifier,premier,modern,Summer 2026,10594,Aced5,32,0
2026-08-15,2026-09-02T09:20:04Z,12851658,Modern Challenge 64,challenge,modern,Summer 2026,2891700,Ashigaruu,1,5
2026-08-15,2026-09-02T09:20:04Z,12851658,Modern Challenge 64,challenge,modern,Summer 2026,3056706,Xsper,2,4
2026-08-15,2026-09-02T09:20:04Z,12851658,Modern Challenge 64,challenge,modern,Summer 2026,1942357,nahuel10,3,3
2026-08-15,2026-09-02T09:20:04Z,12851658,Modern Challenge 64,challenge,modern,Summer 2026,750628,i_b_TRUE,4,3
2026-08-15,2026-09-02T09:20:04Z,12851658,Modern Challenge 64,challenge,modern,Summer 2026,1618758,selesneal,5,2
2026-08-15,2026-09-02T09:20:04Z,12851658,Modern Challenge 64,challenge,modern,Summer 2026,1636994,gazmon48,6,2
2026-08-15,2026-09-02T09:20:04Z,12851658,Modern Challenge 64,challenge,modern,Summer 2026,2063678,HelpfulHobo,7,2
2026-08-15,2026-09-02T09:20:04Z,12851658,Modern Challenge 64,challenge,modern,Summer 2026,453404,_Batutinha_,8,2
2026-08-15,2026-09-02T09:20:04Z,12851658,Modern Challenge 64,challenge,modern,Summer 2026,2714224,eclipse4343,9,1
2026-08-15,2026-09-02T09:20:04Z,12851658,Modern Challenge 64,challenge,modern,Summer 2026,2877542,TingInTheRice,10,1
2026-08-15,2026-09-02T09:20:04Z,12851658,Modern Challenge 64,challenge,modern,Summer 2026,643454,Sarlanga,11,1
2026-08-15,2026-09-02T09:20:04Z,12851658,Modern Challenge 64,challenge,modern,Summer 2026,2137107,Arcbound_Papi,12,1
2026-08-15,2026-09-02T09:20:04Z,12851658,Modern Challenge 64,challenge,modern,Summer 2026,864036,renatoaraujo,13,1
2026-08-15,2026-09-02T09:20:04Z,12851658,Modern Challenge 64,challenge,modern,Summer 2026,535716,Capitano_CL,14,1
2026-08-15,2026-09-02T09:20:04Z,12851658,Modern Challenge 64,challenge,modern,Summer 2026,3250308,Mortaa,15,1
2026-08-15,2026-09-02T09:20:04Z,12851658,Modern Challenge 64,challenge,modern,Summer 2026,2943684,LukeBrandes,16,1
2026-08-15,2026-09-02T09:20:04Z,12851658,Modern Challenge 64,challenge,modern,Summer 2026,2887338,arturcosta,17,0
2026-08-15,2026-09-02T09:20:04Z,12851658,Modern Challenge 64,challenge,modern,Summer 2026,1860596,Rexplosion,18,0
2026-08-15,2026-09-02T09:20:04Z,12851658,Modern Challenge 64,challenge,modern,Summer 2026,2283377,VampireDiaries,19,0
2026-08-15,2026-09-02T09:20:04Z,12851658,Modern Challenge 64,challenge,modern,Summer 2026,2981803,Tinker_deck,20,0
2026-08-15,2026-09-02T09:20:04Z,12851658,Modern Challenge 64,challenge,modern,Summer 2026,2928451,YungDingo,21,0
2026-08-15,2026-09-02T09:20:04Z,12851658,Modern Challenge 64,challenge,modern,Summer 2026,875470,Tree42o,22,0
2026-08-15,2026-09-02T09:20:04Z,12851658,Modern Challenge 64,challenge,modern,Summer 2026,2111039,Jetpool,23,0
2026-08-15,2026-09-02T09:20:04Z,12851658,Modern Challenge 64,challenge,modern,Summer 2026,1375552,Raptor_Nachos,24,0
2026-08-15,2026-09-02T09:20:04Z,12851658,Modern Challenge 64,challenge,modern,Summer 2026,3133905,ZKG,25,0
2026-08-15,2026-09-02T09:20:04Z,12851658,Modern Challenge 64,challenge,modern,Summer 2026,3203470,Ch4ppy,26,0
2026-08-15,2026-09-02T09:20:04Z,12851658,Modern Challenge 64,challenge,modern,Summer 2026,2881508,ChinaNO2,27,0
2026-08-15,2026-09-02T09:20:04Z,12851658,Modern Challenge 64,challenge,modern,Summer 2026,2061765,-Fish,28,0
2026-08-15,2026-09-02T09:20:04Z,12851658,Modern Challenge 64,challenge,modern,Summer 2026,2707045,E_Kaminuma,29,0
2026-08-15,2026-09-02T09:20:04Z,12851658,Modern Challenge 64,challenge,modern,Summer 2026,1059076,claudio0907,30,0
2026-08-15,2026-09-02T09:20:04Z,12851658,Modern Challenge 64,challenge,modern,Summer 2026,1730432,Silk_lobelia,31,0
2026-08-15,2026-09-02T09:20:04Z,12851658,Modern Challenge 64,challenge,modern,Summer 2026,1710517,DrewEldon,32,0
2026-08-15,2026-09-02T09:20:04Z,12851660,Modern Challenge 32,challenge,modern,Summer 2026,3412001,Taddy_99,1,5
2026-08-15,2026-09-02T09:20:04Z,12851660,Modern Challenge 32,challenge,modern,Summer 2026,3535587,Venom01,2,4
2026-08-15,2026-09-02T09:20:04Z,12851660,Modern Challenge 32,challenge,modern,Summer 2026,2621451,SanPop,3,3
2026-08-15,2026-09-02T09:20:04Z,12851660,Modern Challenge 32,challenge,modern,Summer 2026,2232658,xl_snapcaster,4,3
2026-08-15,2026-09-02T09:20:04Z,12851660,Modern Challenge 32,challenge,modern,Summer 2026,2807068,Napoleon_I,5,2
2026-08-15,2026-09-02T09:20:04Z,12851660,Modern Challenge 32,challenge,modern,Summer 2026,3085636,GigaChadSigmaMale,6,2
2026-08-15,2026-09-02T09:20:04Z,12851660,Modern Challenge 32,challenge,modern,Summer 2026,3565947,albertosd87,7,2
2026-08-15,2026-09-02T09:20:04Z,12851660,Modern Challenge 32,challenge,modern,Summer 2026,1572878,benbot9003,8,2
2026-08-15,2026-09-02T09:20:04Z,12851660,Modern Challenge 32,challenge,modern,Summer 2026,3261722,alessandro81,9,1
2026-08-15,2026-09-02T09:20:04Z,12851660,Modern Challenge 32,challenge,modern,Summer 2026,3147183,MyPotatoes,10,1
2026-08-15,2026-09-02T09:20:04Z,12851660,Modern Challenge 32,challenge,modern,Summer 2026,2840388,boytriton,11,1
2026-08-15,2026-09-02T09:20:04Z,12851660,Modern Challenge 32,challenge,modern,Summer 2026,1971751,Eaglelicious,12,1
2026-08-15,2026-09-02T09:20:04Z,12851660,Modern Challenge 32,challenge,modern,Summer 2026,2651868,jvidarte,13,1
2026-08-15,2026-09-02T09:20:04Z,12851660,Modern Challenge 32,challenge,modern,Summer 2026,2698267,Snoobie,14,1
2026-08-15,2026-09-02T09:20:04Z,12851660,Modern Challenge 32,challenge,modern,Summer 2026,1942357,nahuel10,15,1
2026-08-15,2026-09-02T09:20:04Z,12851660,Modern Challenge 32,challenge,modern,Summer 2026,1210536,musasabi,16,1
2026-08-15,2026-09-02T09:20:04Z,12851660,Modern Challenge 32,challenge,modern,Summer 2026,3405528,kattsu,17,0
2026-08-15,2026-09-02T09:20:04Z,12851660,Modern Challenge 32,challenge,modern,Summer 2026,2042214,Selfeisek,18,0
2026-08-15,2026-09-02T09:20:04Z,12851660,Modern Challenge 32,challenge,modern,Summer 2026,2707200,Kritik,19,0
2026-08-15,2026-09-02T09:20:04Z,12851660,Modern Challenge 32,challenge,modern,Summer 2026,1574579,albert62,20,0
2026-08-15,2026-09-02T09:20:04Z,12851660,Modern Challenge 32,challenge,modern,Summer 2026,2707045,E_Kaminuma,21,0
2026-08-15,2026-09-02T09:20:04Z,12851660,Modern Challenge 32,challenge,modern,Summer 2026,3376259,e0068,22,0
2026-08-15,2026-09-02T09:20:04Z,12851660,Modern Challenge 32,challenge,modern,Summer 2026,2681378,Grischdl,23,0
2026-08-15,2026-09-02T09:20:04Z,12851660,Modern Challenge 32,challenge,modern,Summer 2026,559515,Dreddybajs,24,0
2026-08-15,2026-09-02T09:20:04Z,12851660,Modern Challenge 32,challenge,modern,Summer 2026,3555364,W_DN,25,0
2026-08-15,2026-09-02T09:20:04Z,12851660,Modern Challenge 32,challenge,modern,Summer 2026,2930548,JulianJohn,26,0
2026-08-15,2026-09-02T09:20:04Z,12851660,Modern Challenge 32,challenge,modern,Summer 2026,3222070,Lightspirit,27,0
2026-08-15,2026-09-02T09:20:04Z,12851660,Modern Challenge 32,challenge,modern,Summer 2026,1222878,Allos,28,0
2026-08-15,2026-09-02T09:20:04Z,12851660,Modern Challenge 32,challenge,modern,Summer 2026,3249166,NotJim,29,0
2026-08-15,2026-09-02T09:20:04Z,12851660,Modern Challenge 32,challenge,modern,Summer 2026,3568967,b-mac,30,0
2026-08-15,2026-09-02T09:20:04Z,12851660,Modern Challenge 32,challenge,modern,Summer 2026,2713675,SimoCr,31,0
2026-08-15,2026-09-02T09:20:04Z,12851660,Modern Challenge 32,challenge,modern,Summer 2026,2812872,NicolasP,32,0
2026-08-15,2026-09-02T09:20:04Z,12851665,Modern Challenge 64,challenge,modern,Summer 2026,3220713,DskBayWolf,1,5
2026-08-15,2026-09-02T09:20:04Z,12851665,Modern Challenge 64,challenge,modern,Summer 2026,2903591,MeninoNey,2,4
2026-08-15,2026-09-02T09:20:04Z,12851665,Modern Challenge 64,challenge,modern,Summer 2026,2945081,EnderW,3,3
2026-08-15,2026-09-02T09:20:04Z,12851665,Modern Challenge 64,challenge,modern,Summer 2026,3222070,Lightspirit,4,3
2026-08-15,2026-09-02T09:20:04Z,12851665,Modern Challenge 64,challenge,modern,Summer 2026,1636994,gazmon48,5,2
2026-08-15,2026-09-02T09:20:04Z,12851665,Modern Challenge 64,challenge,modern,Summer 2026,2691811,JustAnotherGuy83,6,2
2026-08-15,2026-09-02T09:20:04Z,12851665,Modern Challenge 64,challenge,modern,Summer 2026,1715380,CNewman,7,2
2026-08-15,2026-09-02T09:20:04Z,12851665,Modern Challenge 64,challenge,modern,Summer 2026,3358375,acelerado440,8,2
2026-08-15,2026-09-02T09:20:04Z,12851665,Modern Challenge 64,challenge,modern,Summer 2026,2812872,NicolasP,9,1
2026-08-15,2026-09-02T09:20:04Z,12851665,Modern Challenge 64,challenge,modern,Summer 2026,575927,kentaro_hokori,10,1
2026-08-15,2026-09-02T09:20:04Z,12851665,Modern Challenge 64,challenge,modern,Summer 2026,3553954,PhyrexianSwarm,11,1
2026-08-15,2026-09-02T09:20:04Z,12851665,Modern Challenge 64,challenge,modern,Summer 2026,2137107,Arcbound_Papi,12,1
2026-08-15,2026-09-02T09:20:04Z,12851665,Modern Challenge 64,challenge,modern,Summer 2026,1010620,The_Phenom,13,1
2026-08-15,2026-09-02T09:20:04Z,12851665,Modern Challenge 64,challenge,modern,Summer 2026,2537131,yriel,14,1
2026-08-15,2026-09-02T09:20:04Z,12851665,Modern Challenge 64,challenge,modern,Summer 2026,2621451,SanPop,15,1
2026-08-15,2026-09-02T09:20:04Z,12851665,Modern Challenge 64,challenge,modern,Summer 2026,2119308,thodoris17,16,1
2026-08-15,2026-09-02T09:20:04Z,12851665,Modern Challenge 64,challenge,modern,Summer 2026,1883946,Disgruntled_Elk,17,0
2026-08-15,2026-09-02T09:20:04Z,12851665,Modern Challenge 64,challenge,modern,Summer 2026,702030,Urthstrype,18,0
2026-08-15,2026-09-02T09:20:04Z,12851665,Modern Challenge 64,challenge,modern,Summer 2026,913552,MasterNeo7,19,0
2026-08-15,2026-09-02T09:20:04Z,12851665,Modern Challenge 64,challenge,modern,Summer 2026,1938190,mechrataal,20,0
2026-08-15,2026-09-02T09:20:04Z,12851665,Modern Challenge 64,challenge,modern,Summer 2026,1546166,leandru,21,0
2026-08-15,2026-09-02T09:20:04Z,12851665,Modern Challenge 64,challenge,modern,Summer 2026,2651868,jvidarte,22,0
2026-08-15,2026-09-02T09:20:04Z,12851665,Modern Challenge 64,challenge,modern,Summer 2026,2252178,Shoa1,23,0
2026-08-15,2026-09-02T09:20:04Z,12851665,Modern Challenge 64,challenge,modern,Summer 2026,3083306,EsperD,24,0
2026-08-15,2026-09-02T09:20:04Z,12851665,Modern Challenge 64,challenge,modern,Summer 2026,3106246,fazparte,25,0
2026-08-15,2026-09-02T09:20:04Z,12851665,Modern Challenge 64,challenge,modern,Summer 2026,1950164,Dioferreira,26,0
2026-08-15,2026-09-02T09:20:04Z,12851665,Modern Challenge 64,challenge,modern,Summer 2026,1942357,nahuel10,27,0
2026-08-15,2026-09-02T09:20:04Z,12851665,Modern Challenge 64,challenge,modern,Summer 2026,2334451,Stealthmagician,28,0
2026-08-15,2026-09-02T09:20:04Z,12851665,Modern Challenge 64,challenge,modern,Summer 2026,1252777,_must_be_nice,29,0
2026-08-15,2026-09-02T09:20:04Z,12851665,Modern Challenge 64,challenge,modern,Summer 2026,774962,wallofspikes,30,0
2026-08-15,2026-09-02T09:20:04Z,12851665,Modern Challenge 64,challenge,modern,Summer 2026,3468061,MonstrousRage,31,0
2026-08-15,2026-09-02T09:20:04Z,12851665,Modern Challenge 64,challenge,modern,Summer 2026,2315424,TheRightStuff,32,0
2026-08-16,2026-09-02T09:20:04Z,12851672,Modern Challenge 64,challenge,modern,Summer 2026,3122660,E90_DeliveryBoy,1,5
2026-08-16,2026-09-02T09:20:04Z,12851672,Modern Challenge 64,challenge,modern,Summer 2026,2372533,niuwaid001,2,4
2026-08-16,2026-09-02T09:20:04Z,12851672,Modern Challenge 64,challenge,modern,Summer 2026,1572878,benbot9003,3,3
2026-08-16,2026-09-02T09:20:04Z,12851672,Modern Challenge 64,challenge,modern,Summer 2026,2714224,eclipse4343,4,3
2026-08-16,2026-09-02T09:20:04Z,12851672,Modern Challenge 64,challenge,modern,Summer 2026,880239,jussupinator,5,2
2026-08-16,2026-09-02T09:20:04Z,12851672,Modern Challenge 64,challenge,modern,Summer 2026,2908947,manohito,6,2
2026-08-16,2026-09-02T09:20:04Z,12851672,Modern Challenge 64,challenge,modern,Summer 2026,2984489,emairi,7,2
2026-08-16,2026-09-02T09:20:04Z,12851672,Modern Challenge 64,challenge,modern,Summer 2026,1710517,DrewEldon,8,2
2026-08-16,2026-09-02T09:20:04Z,12851672,Modern Challenge 64,challenge,modern,Summer 2026,2664302,Grogore,9,1
2026-08-16,2026-09-02T09:20:04Z,12851672,Modern Challenge 64,challenge,modern,Summer 2026,2858193,oinkmage22,10,1
2026-08-16,2026-09-02T09:20:04Z,12851672,Modern Challenge 64,challenge,modern,Summer 2026,3050754,UninspiredMehjagic,11,1
2026-08-16,2026-09-02T09:20:04Z,12851672,Modern Challenge 64,challenge,modern,Summer 2026,1516253,Marvin_Dalkiri,12,1
2026-08-16,2026-09-02T09:20:04Z,12851672,Modern Challenge 64,challenge,modern,Summer 2026,1938190,mechrataal,13,1
2026-08-16,2026-09-02T09:20:04Z,12851672,Modern Challenge 64,challenge,modern,Summer 2026,2993160,NerdDadChad,14,1
2026-08-16,2026-09-02T09:20:04Z,12851672,Modern Challenge 64,challenge,modern,Summer 2026,3006274,MyrRetriever,15,1
2026-08-16,2026-09-02T09:20:04Z,12851672,Modern Challenge 64,challenge,modern,Summer 2026,840020,WanderingOnes,16,1
2026-08-16,2026-09-02T09:20:04Z,12851672,Modern Challenge 64,challenge,modern,Summer 2026,2397690,416FrowningTable,17,0
2026-08-16,2026-09-02T09:20:04Z,12851672,Modern Challenge 64,challenge,modern,Summer 2026,2831734,KingOfGames1522,18,0
2026-08-16,2026-09-02T09:20:04Z,12851672,Modern Challenge 64,challenge,modern,Summer 2026,3163526,Rapgod,19,0
2026-08-16,2026-09-02T09:20:04Z,12851672,Modern Challenge 64,challenge,modern,Summer 2026,3560747,ipadkid,20,0
2026-08-16,2026-09-02T09:20:04Z,12851672,Modern Challenge 64,challenge,modern,Summer 2026,3458153,BENTO_,21,0
2026-08-16,2026-09-02T09:20:04Z,12851672,Modern Challenge 64,challenge,modern,Summer 2026,2568591,SteveKnack,22,0
2026-08-16,2026-09-02T09:20:04Z,12851672,Modern Challenge 64,challenge,modern,Summer 2026,2042214,Selfeisek,23,0
2026-08-16,2026-09-02T09:20:04Z,12851672,Modern Challenge 64,challenge,modern,Summer 2026,3107576,amin0e,24,0
2026-08-16,2026-09-02T09:20:04Z,12851672,Modern Challenge 64,challenge,modern,Summer 2026,2723741,praiseseigerhino,25,0
2026-08-16,2026-09-02T09:20:04Z,12851672,Modern Challenge 64,challenge,modern,Summer 2026,3350667,Marlin583,26,0
2026-08-16,2026-09-02T09:20:04Z,12851672,Modern Challenge 64,challenge,modern,Summer 2026,516055,DLCabelo,27,0
2026-08-16,2026-09-02T09:20:04Z,12851672,Modern Challenge 64,challenge,modern,Summer 2026,1540808,_Stream,28,0
2026-08-16,2026-09-02T09:20:04Z,12851672,Modern Challenge 64,challenge,modern,Summer 2026,3519050,RED-King,29,0
2026-08-16,2026-09-02T09:20:04Z,12851672,Modern Challenge 64,challenge,modern,Summer 2026,2797068,KnightOfSuri,30,0
2026-08-16,2026-09-02T09:20:04Z,12851672,Modern Challenge 64,challenge,modern,Summer 2026,2873371,frekinsmart,31,0
2026-08-16,2026-09-02T09:20:04Z,12851672,Modern Challenge 64,challenge,modern,Summer 2026,3233450,MacIsaac,32,0
2026-08-16,2026-09-02T09:20:04Z,12851676,Modern Challenge 64,challenge,modern,Summer 2026,2614008,Xenowan,1,5
2026-08-16,2026-09-02T09:20:04Z,12851676,Modern Challenge 64,challenge,modern,Summer 2026,2119308,thodoris17,2,4
2026-08-16,2026-09-02T09:20:04Z,12851676,Modern Challenge 64,challenge,modern,Summer 2026,933670,ryuumei,3,3
2026-08-16,2026-09-02T09:20:04Z,12851676,Modern Challenge 64,challenge,modern,Summer 2026,3150061,JahBoodle,4,3
2026-08-16,2026-09-02T09:20:04Z,12851676,Modern Challenge 64,challenge,modern,Summer 2026,2621451,SanPop,5,2
2026-08-16,2026-09-02T09:20:04Z,12851676,Modern Challenge 64,challenge,modern,Summer 2026,3358375,acelerado440,6,2
2026-08-16,2026-09-02T09:20:04Z,12851676,Modern Challenge 64,challenge,modern,Summer 2026,3273156,STURSY,7,2
2026-08-16,2026-09-02T09:20:04Z,12851676,Modern Challenge 64,challenge,modern,Summer 2026,3342362,yolad,8,2
2026-08-16,2026-09-02T09:20:04Z,12851676,Modern Challenge 64,challenge,modern,Summer 2026,3105602,UltraEgo_,9,1
2026-08-16,2026-09-02T09:20:04Z,12851676,Modern Challenge 64,challenge,modern,Summer 2026,2950421,Cheeesy,10,1
2026-08-16,2026-09-02T09:20:04Z,12851676,Modern Challenge 64,challenge,modern,Summer 2026,5694,bobthedog,11,1
2026-08-16,2026-09-02T09:20:04Z,12851676,Modern Challenge 64,challenge,modern,Summer 2026,2695862,JuanmaAT,12,1
2026-08-16,2026-09-02T09:20:04Z,12851676,Modern Challenge 64,challenge,modern,Summer 2026,3569566,bestdraveneu,13,1
2026-08-16,2026-09-02T09:20:04Z,12851676,Modern Challenge 64,challenge,modern,Summer 2026,2283377,VampireDiaries,14,1
2026-08-16,2026-09-02T09:20:04Z,12851676,Modern Challenge 64,challenge,modern,Summer 2026,3560747,ipadkid,15,1
2026-08-16,2026-09-02T09:20:04Z,12851676,Modern Challenge 64,challenge,modern,Summer 2026,1715380,CNewman,16,1
2026-08-16,2026-09-02T09:20:04Z,12851676,Modern Challenge 64,challenge,modern,Summer 2026,2625537,ManuMasters,17,0
2026-08-16,2026-09-02T09:20:04Z,12851676,Modern Challenge 64,challenge,modern,Summer 2026,2416526,Radziolot,18,0
2026-08-16,2026-09-02T09:20:04Z,12851676,Modern Challenge 64,challenge,modern,Summer 2026,3132608,Mazun0,19,0
2026-08-16,2026-09-02T09:20:04Z,12851676,Modern Challenge 64,challenge,modern,Summer 2026,3140486,optivial,20,0
2026-08-16,2026-09-02T09:20:04Z,12851676,Modern Challenge 64,challenge,modern,Summer 2026,2578127,Erik157751,21,0
2026-08-16,2026-09-02T09:20:04Z,12851676,Modern Challenge 64,challenge,modern,Summer 2026,3412574,Habitante_do_Escuro,22,0
2026-08-16,2026-09-02T09:20:04Z,12851676,Modern Challenge 64,challenge,modern,Summer 2026,1129308,Scappie,23,0
2026-08-16,2026-09-02T09:20:04Z,12851676,Modern Challenge 64,challenge,modern,Summer 2026,2242008,etazazer,24,0
2026-08-16,2026-09-02T09:20:04Z,12851676,Modern Challenge 64,challenge,modern,Summer 2026,2498069,_Falcon_,25,0
2026-08-16,2026-09-02T09:20:04Z,12851676,Modern Challenge 64,challenge,modern,Summer 2026,2705240,Sorathrix,26,0
2026-08-16,2026-09-02T09:20:04Z,12851676,Modern Challenge 64,challenge,modern,Summer 2026,2995055,Deathmaxx,27,0
2026-08-16,2026-09-02T09:20:04Z,12851676,Modern Challenge 64,challenge,modern,Summer 2026,840020,WanderingOnes,28,0
2026-08-16,2026-09-02T09:20:04Z,12851676,Modern Challenge 64,challenge,modern,Summer 2026,3073951,Sifui,29,0
2026-08-16,2026-09-02T09:20:04Z,12851676,Modern Challenge 64,challenge,modern,Summer 2026,453404,_Batutinha_,30,0
2026-08-16,2026-09-02T09:20:04Z,12851676,Modern Challenge 64,challenge,modern,Summer 2026,1040296,Ardonas,31,0
2026-08-16,2026-09-02T09:20:04Z,12851676,Modern Challenge 64,challenge,modern,Summer 2026,1112102,MayoDominaria,32,0
2026-08-17,2026-09-02T09:20:04Z,12851686,Modern Challenge 64,challenge,modern,Summer 2026,1950164,Dioferreira,1,5
2026-08-17,2026-09-02T09:20:04Z,12851686,Modern Challenge 64,challenge,modern,Summer 2026,1880301,ScreenwriterNY,2,4
2026-08-17,2026-09-02T09:20:04Z,12851686,Modern Challenge 64,challenge,modern,Summer 2026,2042214,Selfeisek,3,3
2026-08-17,2026-09-02T09:20:04Z,12851686,Modern Challenge 64,challenge,modern,Summer 2026,2679669,Ivan_Draw_Go,4,3
2026-08-17,2026-09-02T09:20:04Z,12851686,Modern Challenge 64,challenge,modern,Summer 2026,2928451,YungDingo,5,2
2026-08-17,2026-09-02T09:20:04Z,12851686,Modern Challenge 64,challenge,modern,Summer 2026,750888,LucasG1ggs,6,2
2026-08-17,2026-09-02T09:20:04Z,12851686,Modern Challenge 64,challenge,modern,Summer 2026,2130633,ShadowTitan1,7,2
2026-08-17,2026-09-02T09:20:04Z,12851686,Modern Challenge 64,challenge,modern,Summer 2026,3034834,littesir095,8,2
2026-08-17,2026-09-02T09:20:04Z,12851686,Modern Challenge 64,challenge,modern,Summer 2026,1210536,musasabi,9,1
2026-08-17,2026-09-02T09:20:04Z,12851686,Modern Challenge 64,challenge,modern,Summer 2026,2292083,bless_von,10,1
2026-08-17,2026-09-02T09:20:04Z,12851686,Modern Challenge 64,challenge,modern,Summer 2026,2537822,Bugsy69,11,1
2026-08-17,2026-09-02T09:20:04Z,12851686,Modern Challenge 64,challenge,modern,Summer 2026,2705240,Sorathrix,12,1
2026-08-17,2026-09-02T09:20:04Z,12851686,Modern Challenge 64,challenge,modern,Summer 2026,2753868,DaybreakFinks,13,1
2026-08-17,2026-09-02T09:20:04Z,12851686,Modern Challenge 64,challenge,modern,Summer 2026,2881508,ChinaNO2,14,1
2026-08-17,2026-09-02T09:20:04Z,12851686,Modern Challenge 64,challenge,modern,Summer 2026,3040653,Csypher,15,1
2026-08-17,2026-09-02T09:20:04Z,12851686,Modern Challenge 64,challenge,modern,Summer 2026,1126781,derlumberzack,16,1
2026-08-17,2026-09-02T09:20:04Z,12851686,Modern Challenge 64,challenge,modern,Summer 2026,2877405,Darkchrome6538,17,0
2026-08-17,2026-09-02T09:20:04Z,12851686,Modern Challenge 64,challenge,modern,Summer 2026,2908947,manohito,18,0
2026-08-17,2026-09-02T09:20:04Z,12851686,Modern Challenge 64,challenge,modern,Summer 2026,3557832,SimonAntillon,19,0
2026-08-17,2026-09-02T09:20:04Z,12851686,Modern Challenge 64,challenge,modern,Summer 2026,2204845,TuckerMTG,20,0
2026-08-17,2026-09-02T09:20:04Z,12851686,Modern Challenge 64,challenge,modern,Summer 2026,3180600,Filho_do_MOL,21,0
2026-08-17,2026-09-02T09:20:04Z,12851686,Modern Challenge 64,challenge,modern,Summer 2026,875470,Tree42o,22,0
2026-08-17,2026-09-02T09:20:04Z,12851686,Modern Challenge 64,challenge,modern,Summer 2026,2714224,eclipse4343,23,0
2026-08-17,2026-09-02T09:20:04Z,12851686,Modern Challenge 64,challenge,modern,Summer 2026,2446403,justFeather,24,0
2026-08-17,2026-09-02T09:20:04Z,12851686,Modern Challenge 64,challenge,modern,Summer 2026,2720911,Cachorrowo,25,0
2026-08-17,2026-09-02T09:20:04Z,12851686,Modern Challenge 64,challenge,modern,Summer 2026,415299,DragonFodder,26,0
2026-08-17,2026-09-02T09:20:04Z,12851686,Modern Challenge 64,challenge,modern,Summer 2026,3116151,crazythursday,27,0
2026-08-17,2026-09-02T09:20:04Z,12851686,Modern Challenge 64,challenge,modern,Summer 2026,643454,Sarlanga,28,0
2026-08-17,2026-09-02T09:20:04Z,12851686,Modern Challenge 64,challenge,modern,Summer 2026,2856033,KeasbyKnight,29,0
2026-08-17,2026-09-02T09:20:04Z,12851686,Modern Challenge 64,challenge,modern,Summer 2026,741295,medvedev,30,0
2026-08-17,2026-09-02T09:20:04Z,12851686,Modern Challenge 64,challenge,modern,Summer 2026,3220713,DskBayWolf,31,0
2026-08-17,2026-09-02T09:20:04Z,12851686,Modern Challenge 64,challenge,modern,Summer 2026,3560747,ipadkid,32,0
2026-08-17,2026-09-02T09:20:04Z,12851690,Modern Challenge 96,challenge,modern,Summer 2026,649380,Rvng,1,5
2026-08-17,2026-09-02T09:20:04Z,12851690,Modern Challenge 96,challenge,modern,Summer 2026,2714019,Nowayh,2,4
2026-08-17,2026-09-02T09:20:04Z,12851690,Modern Challenge 96,challenge,modern,Summer 2026,2130633,ShadowTitan1,3,3
2026-08-17,2026-09-02T09:20:04Z,12851690,Modern Challenge 96,challenge,modern,Summer 2026,1824707,bcs8995,4,3
2026-08-17,2026-09-02T09:20:04Z,12851690,Modern Challenge 96,challenge,modern,Summer 2026,2122697,kthanakit26,5,2
2026-08-17,2026-09-02T09:20:04Z,12851690,Modern Challenge 96,challenge,modern,Summer 2026,2887338,arturcosta,6,2
2026-08-17,2026-09-02T09:20:04Z,12851690,Modern Challenge 96,challenge,modern,Summer 2026,3076886,Thunus,7,2
2026-08-17,2026-09-02T09:20:04Z,12851690,Modern Challenge 96,challenge,modern,Summer 2026,2287212,EpicWalrus,8,2
2026-08-17,2026-09-02T09:20:04Z,12851690,Modern Challenge 96,challenge,modern,Summer 2026,1186562,Poderosisimo,9,1
2026-08-17,2026-09-02T09:20:04Z,12851690,Modern Challenge 96,challenge,modern,Summer 2026,2273541,Salty_Orange,10,1
2026-08-17,2026-09-02T09:20:04Z,12851690,Modern Challenge 96,challenge,modern,Summer 2026,1216373,Tamarindo,11,1
2026-08-17,2026-09-02T09:20:04Z,12851690,Modern Challenge 96,challenge,modern,Summer 2026,2537822,Bugsy69,12,1
2026-08-17,2026-09-02T09:20:04Z,12851690,Modern Challenge 96,challenge,modern,Summer 2026,2714224,eclipse4343,13,1
2026-08-17,2026-09-02T09:20:04Z,12851690,Modern Challenge 96,challenge,modern,Summer 2026,1938190,mechrataal,14,1
2026-08-17,2026-09-02T09:20:04Z,12851690,Modern Challenge 96,challenge,modern,Summer 2026,3489335,Pallocchia314,15,1
2026-08-17,2026-09-02T09:20:04Z,12851690,Modern Challenge 96,challenge,modern,Summer 2026,1126715,Haunter56,16,1
2026-08-17,2026-09-02T09:20:04Z,12851690,Modern Challenge 96,challenge,modern,Summer 2026,3375676,Fra91,17,0
2026-08-17,2026-09-02T09:20:04Z,12851690,Modern Challenge 96,challenge,modern,Summer 2026,2908947,manohito,18,0
2026-08-17,2026-09-02T09:20:04Z,12851690,Modern Challenge 96,challenge,modern,Summer 2026,2680052,Uagli1,19,0
2026-08-17,2026-09-02T09:20:04Z,12851690,Modern Challenge 96,challenge,modern,Summer 2026,1205798,TSPJendrek,20,0
2026-08-17,2026-09-02T09:20:04Z,12851690,Modern Challenge 96,challenge,modern,Summer 2026,1205480,CavalloGoloso,21,0
2026-08-17,2026-09-02T09:20:04Z,12851690,Modern Challenge 96,challenge,modern,Summer 2026,3540949,pedronavaja,22,0
2026-08-17,2026-09-02T09:20:04Z,12851690,Modern Challenge 96,challenge,modern,Summer 2026,3186428,RTR_,23,0
2026-08-17,2026-09-02T09:20:04Z,12851690,Modern Challenge 96,challenge,modern,Summer 2026,3169912,Jungski,24,0
2026-08-17,2026-09-02T09:20:04Z,12851690,Modern Challenge 96,challenge,modern,Summer 2026,2712630,badgods,25,0
2026-08-17,2026-09-02T09:20:04Z,12851690,Modern Challenge 96,challenge,modern,Summer 2026,691553,chuyingfei,26,0
2026-08-17,2026-09-02T09:20:04Z,12851690,Modern Challenge 96,challenge,modern,Summer 2026,3037817,planetbrainwash,27,0
2026-08-17,2026-09-02T09:20:04Z,12851690,Modern Challenge 96,challenge,modern,Summer 2026,3373315,Spellyp,28,0
2026-08-17,2026-09-02T09:20:04Z,12851690,Modern Challenge 96,challenge,modern,Summer 2026,3544096,Mansa_Musa,29,0
2026-08-17,2026-09-02T09:20:04Z,12851690,Modern Challenge 96,challenge,modern,Summer 2026,1111702,oskiyaa,30,0
2026-08-17,2026-09-02T09:20:04Z,12851690,Modern Challenge 96,challenge,modern,Summer 2026,280778,pokerswizard,31,0
2026-08-17,2026-09-02T09:20:04Z,12851690,Modern Challenge 96,challenge,modern,Summer 2026,1041920,RCMerriam,32,0
2026-08-18,2026-09-02T09:20:04Z,12851705,Modern Challenge 64,challenge,modern,Summer 2026,2669359,HouseOfManaMTG,1,5
2026-08-18,2026-09-02T09:20:04Z,12851705,Modern Challenge 64,challenge,modern,Summer 2026,3560747,ipadkid,2,4
2026-08-18,2026-09-02T09:20:04Z,12851705,Modern Challenge 64,challenge,modern,Summer 2026,2968680,NathanOfTheGiltLeaf,3,3
2026-08-18,2026-09-02T09:20:04Z,12851705,Modern Challenge 64,challenge,modern,Summer 2026,277034,Marxelo,4,3
2026-08-18,2026-09-02T09:20:04Z,12851705,Modern Challenge 64,challenge,modern,Summer 2026,3549579,KajuRoers,5,2
2026-08-18,2026-09-02T09:20:04Z,12851705,Modern Challenge 64,challenge,modern,Summer 2026,1755256,Martin_Dominguez,6,2
2026-08-18,2026-09-02T09:20:04Z,12851705,Modern Challenge 64,challenge,modern,Summer 2026,2714019,Nowayh,7,2
2026-08-18,2026-09-02T09:20:04Z,12851705,Modern Challenge 64,challenge,modern,Summer 2026,1942357,nahuel10,8,2
2026-08-18,2026-09-02T09:20:04Z,12851705,Modern Challenge 64,challenge,modern,Summer 2026,3041704,Linden_43,9,1
2026-08-18,2026-09-02T09:20:04Z,12851705,Modern Challenge 64,challenge,modern,Summer 2026,10594,Aced5,10,1
2026-08-18,2026-09-02T09:20:04Z,12851705,Modern Challenge 64,challenge,modern,Summer 2026,2130633,ShadowTitan1,11,1
2026-08-18,2026-09-02T09:20:04Z,12851705,Modern Challenge 64,challenge,modern,Summer 2026,3230515,Devoured,12,1
2026-08-18,2026-09-02T09:20:04Z,12851705,Modern Challenge 64,challenge,modern,Summer 2026,3311758,Kollslaw,13,1
2026-08-18,2026-09-02T09:20:04Z,12851705,Modern Challenge 64,challenge,modern,Summer 2026,2693418,ratabruta,14,1
2026-08-18,2026-09-02T09:20:04Z,12851705,Modern Challenge 64,challenge,modern,Summer 2026,1020450,MaxMedeiros,15,1
2026-08-18,2026-09-02T09:20:04Z,12851705,Modern Challenge 64,challenge,modern,Summer 2026,453404,_Batutinha_,16,1
2026-08-18,2026-09-02T09:20:04Z,12851705,Modern Challenge 64,challenge,modern,Summer 2026,1860596,Rexplosion,17,0
2026-08-18,2026-09-02T09:20:04Z,12851705,Modern Challenge 64,challenge,modern,Summer 2026,2633477,CesarMerjan,18,0
2026-08-18,2026-09-02T09:20:04Z,12851705,Modern Challenge 64,challenge,modern,Summer 2026,315547,bunnyfat,19,0
2026-08-18,2026-09-02T09:20:04Z,12851705,Modern Challenge 64,challenge,modern,Summer 2026,2042214,Selfeisek,20,0
2026-08-18,2026-09-02T09:20:04Z,12851705,Modern Challenge 64,challenge,modern,Summer 2026,2903591,MeninoNey,21,0
2026-08-18,2026-09-02T09:20:04Z,12851705,Modern Challenge 64,challenge,modern,Summer 2026,750888,LucasG1ggs,22,0
2026-08-18,2026-09-02T09:20:04Z,12851705,Modern Challenge 64,challenge,modern,Summer 2026,3162448,-Grissom-,23,0
2026-08-18,2026-09-02T09:20:04Z,12851705,Modern Challenge 64,challenge,modern,Summer 2026,2273541,Salty_Orange,24,0
2026-08-18,2026-09-02T09:20:04Z,12851705,Modern Challenge 64,challenge,modern,Summer 2026,2702005,Rashek,25,0
2026-08-18,2026-09-02T09:20:04Z,12851705,Modern Challenge 64,challenge,modern,Summer 2026,181637,Boin,26,0
2026-08-18,2026-09-02T09:20:04Z,12851705,Modern Challenge 64,challenge,modern,Summer 2026,3250308,Mortaa,27,0
2026-08-18,2026-09-02T09:20:04Z,12851705,Modern Challenge 64,challenge,modern,Summer 2026,2995405,Dustin_Comite,28,0
2026-08-18,2026-09-02T09:20:04Z,12851705,Modern Challenge 64,challenge,modern,Summer 2026,3540949,pedronavaja,29,0
2026-08-18,2026-09-02T09:20:04Z,12851705,Modern Challenge 64,challenge,modern,Summer 2026,3485421,HolaChico,30,0
2026-08-18,2026-09-02T09:20:04Z,12851705,Modern Challenge 64,challenge,modern,Summer 2026,1997683,hugofreitas1,31,0
2026-08-18,2026-09-02T09:20:04Z,12851705,Modern Challenge 64,challenge,modern,Summer 2026,3359557,your_fave_maeve,32,0
2026-08-19,2026-09-02T09:20:04Z,12851707,Modern Challenge 32,challenge,modern,Summer 2026,1938190,mechrataal,1,5
2026-08-19,2026-09-02T09:20:04Z,12851707,Modern Challenge 32,challenge,modern,Summer 2026,1210536,musasabi,2,4
2026-08-19,2026-09-02T09:20:04Z,12851707,Modern Challenge 32,challenge,modern,Summer 2026,2232658,xl_snapcaster,3,3
2026-08-19,2026-09-02T09:20:04Z,12851707,Modern Challenge 32,challenge,modern,Summer 2026,2404093,nedyahiske,4,3
2026-08-19,2026-09-02T09:20:04Z,12851707,Modern Challenge 32,challenge,modern,Summer 2026,2705240,Sorathrix,5,2
2026-08-19,2026-09-02T09:20:04Z,12851707,Modern Challenge 32,challenge,modern,Summer 2026,2204845,TuckerMTG,6,2
2026-08-19,2026-09-02T09:20:04Z,12851707,Modern Challenge 32,challenge,modern,Summer 2026,2292083,bless_von,7,2
2026-08-19,2026-09-02T09:20:04Z,12851707,Modern Challenge 32,challenge,modern,Summer 2026,3553900,_Grogu_,8,2
2026-08-19,2026-09-02T09:20:04Z,12851707,Modern Challenge 32,challenge,modern,Summer 2026,2714224,eclipse4343,9,1
2026-08-19,2026-09-02T09:20:04Z,12851707,Modern Challenge 32,challenge,modern,Summer 2026,453404,_Batutinha_,10,1
2026-08-19,2026-09-02T09:20:04Z,12851707,Modern Challenge 32,challenge,modern,Summer 2026,2903591,MeninoNey,11,1
2026-08-19,2026-09-02T09:20:04Z,12851707,Modern Challenge 32,challenge,modern,Summer 2026,2768190,BowBloBiw,12,1
2026-08-19,2026-09-02T09:20:04Z,12851707,Modern Challenge 32,challenge,modern,Summer 2026,3486773,bugzbugs,13,1
2026-08-19,2026-09-02T09:20:04Z,12851707,Modern Challenge 32,challenge,modern,Summer 2026,2981803,Tinker_deck,14,1
2026-08-19,2026-09-02T09:20:04Z,12851707,Modern Challenge 32,challenge,modern,Summer 2026,711131,magikal_juggalo,15,1
2026-08-19,2026-09-02T09:20:04Z,12851707,Modern Challenge 32,challenge,modern,Summer 2026,3405508,stefansson30952,16,1
2026-08-19,2026-09-02T09:20:04Z,12851707,Modern Challenge 32,challenge,modern,Summer 2026,2928451,YungDingo,17,0
2026-08-19,2026-09-02T09:20:04Z,12851707,Modern Challenge 32,challenge,modern,Summer 2026,2917923,thatguy_champ,18,0
2026-08-19,2026-09-02T09:20:04Z,12851707,Modern Challenge 32,challenge,modern,Summer 2026,1980653,btail08,19,0
2026-08-19,2026-09-02T09:20:04Z,12851707,Modern Challenge 32,challenge,modern,Summer 2026,415299,DragonFodder,20,0
2026-08-19,2026-09-02T09:20:04Z,12851707,Modern Challenge 32,challenge,modern,Summer 2026,1952341,ejk,21,0
2026-08-19,2026-09-02T09:20:04Z,12851707,Modern Challenge 32,challenge,modern,Summer 2026,1942357,nahuel10,22,0
2026-08-19,2026-09-02T09:20:04Z,12851707,Modern Challenge 32,challenge,modern,Summer 2026,2908947,manohito,23,0
2026-08-19,2026-09-02T09:20:04Z,12851707,Modern Challenge 32,challenge,modern,Summer 2026,750888,LucasG1ggs,24,0
2026-08-19,2026-09-02T09:20:04Z,12851707,Modern Challenge 32,challenge,modern,Summer 2026,2092528,Sam_Lewin,25,0
2026-08-19,2026-09-02T09:20:04Z,12851707,Modern Challenge 32,challenge,modern,Summer 2026,1126781,derlumberzack,26,0
2026-08-19,2026-09-02T09:20:04Z,12851707,Modern Challenge 32,challenge,modern,Summer 2026,3560747,ipadkid,27,0
2026-08-19,2026-09-02T09:20:04Z,12851707,Modern Challenge 32,challenge,modern,Summer 2026,2651868,jvidarte,28,0
2026-08-19,2026-09-02T09:20:04Z,12851707,Modern Challenge 32,challenge,modern,Summer 2026,2626857,MystikHawk,29,0
2026-08-19,2026-09-02T09:20:04Z,12851707,Modern Challenge 32,challenge,modern,Summer 2026,2873371,frekinsmart,30,0
2026-08-19,2026-09-02T09:20:04Z,12851707,Modern Challenge 32,challenge,modern,Summer 2026,1997683,hugofreitas1,31,0
2026-08-19,2026-09-02T09:20:04Z,12851707,Modern Challenge 32,challenge,modern,Summer 2026,2137107,Arcbound_Papi,32,0
2026-08-19,2026-09-02T09:20:04Z,12851716,Modern Challenge 96,challenge,modern,Summer 2026,2903591,MeninoNey,1,5
2026-08-19,2026-09-02T09:20:04Z,12851716,Modern Challenge 96,challenge,modern,Summer 2026,2669359,HouseOfManaMTG,2,4
2026-08-19,2026-09-02T09:20:04Z,12851716,Modern Challenge 96,challenge,modern,Summer 2026,3405508,stefansson30952,3,3
2026-08-19,2026-09-02T09:20:04Z,12851716,Modern Challenge 96,challenge,modern,Summer 2026,3195782,_Abijhavs_,4,3
2026-08-19,2026-09-02T09:20:04Z,12851716,Modern Challenge 96,challenge,modern,Summer 2026,649380,Rvng,5,2
2026-08-19,2026-09-02T09:20:04Z,12851716,Modern Challenge 96,challenge,modern,Summer 2026,2069667,CMack_,6,2
2026-08-19,2026-09-02T09:20:04Z,12851716,Modern Challenge 96,challenge,modern,Summer 2026,3476561,frenzyofexultations,7,2
2026-08-19,2026-09-02T09:20:04Z,12851716,Modern Challenge 96,challenge,modern,Summer 2026,1942357,nahuel10,8,2
2026-08-19,2026-09-02T09:20:04Z,12851716,Modern Challenge 96,challenge,modern,Summer 2026,1156605,starfall,9,1
2026-08-19,2026-09-02T09:20:04Z,12851716,Modern Challenge 96,challenge,modern,Summer 2026,2607787,TomBombadi1,10,1
2026-08-19,2026-09-02T09:20:04Z,12851716,Modern Challenge 96,challenge,modern,Summer 2026,2941952,mh7lucky,11,1
2026-08-19,2026-09-02T09:20:04Z,12851716,Modern Challenge 96,challenge,modern,Summer 2026,3479773,4FunNoWin,12,1
2026-08-19,2026-09-02T09:20:04Z,12851716,Modern Challenge 96,challenge,modern,Summer 2026,1181017,JPA93,13,1
2026-08-19,2026-09-02T09:20:04Z,12851716,Modern Challenge 96,challenge,modern,Summer 2026,1163110,Antarctica,14,1
2026-08-19,2026-09-02T09:20:04Z,12851716,Modern Challenge 96,challenge,modern,Summer 2026,643454,Sarlanga,15,1
2026-08-19,2026-09-02T09:20:04Z,12851716,Modern Challenge 96,challenge,modern,Summer 2026,3042804,NJ5030,16,1
2026-08-19,2026-09-02T09:20:04Z,12851716,Modern Challenge 96,challenge,modern,Summer 2026,2537822,Bugsy69,17,0
2026-08-19,2026-09-02T09:20:04Z,12851716,Modern Challenge 96,challenge,modern,Summer 2026,3540949,pedronavaja,18,0
2026-08-19,2026-09-02T09:20:04Z,12851716,Modern Challenge 96,challenge,modern,Summer 2026,1700365,Tetsubou,19,0
2026-08-19,2026-09-02T09:20:04Z,12851716,Modern Challenge 96,challenge,modern,Summer 2026,1755256,Martin_Dominguez,20,0
2026-08-19,2026-09-02T09:20:04Z,12851716,Modern Challenge 96,challenge,modern,Summer 2026,2720911,Cachorrowo,21,0
2026-08-19,2026-09-02T09:20:04Z,12851716,Modern Challenge 96,challenge,modern,Summer 2026,2042214,Selfeisek,22,0
2026-08-19,2026-09-02T09:20:04Z,12851716,Modern Challenge 96,challenge,modern,Summer 2026,1742159,peter780108,23,0
2026-08-19,2026-09-02T09:20:04Z,12851716,Modern Challenge 96,challenge,modern,Summer 2026,3056706,Xsper,24,0
2026-08-19,2026-09-02T09:20:04Z,12851716,Modern Challenge 96,challenge,modern,Summer 2026,3358375,acelerado440,25,0
2026-08-19,2026-09-02T09:20:04Z,12851716,Modern Challenge 96,challenge,modern,Summer 2026,3452649,MasterGarrix,26,0
2026-08-19,2026-09-02T09:20:04Z,12851716,Modern Challenge 96,challenge,modern,Summer 2026,943247,Based,27,0
2026-08-19,2026-09-02T09:20:04Z,12851716,Modern Challenge 96,challenge,modern,Summer 2026,3553954,PhyrexianSwarm,28,0
2026-08-19,2026-09-02T09:20:04Z,12851716,Modern Challenge 96,challenge,modern,Summer 2026,847498,oeni,29,0
2026-08-19,2026-09-02T09:20:04Z,12851716,Modern Challenge 96,challenge,modern,Summer 2026,2618500,Jumba,30,0
2026-08-19,2026-09-02T09:20:04Z,12851716,Modern Challenge 96,challenge,modern,Summer 2026,3382957,JonDaBill,31,0
2026-08-19,2026-09-02T09:20:04Z,12851716,Modern Challenge 96,challenge,modern,Summer 2026,691553,chuyingfei,32,0
2026-08-20,2026-09-02T09:20:04Z,12852721,Modern Challenge 64,challenge,modern,Summer 2026,3442638,bananadisaster,1,5
2026-08-20,2026-09-02T09:20:04Z,12852721,Modern Challenge 64,challenge,modern,Summer 2026,2702005,Rashek,2,4
2026-08-20,2026-09-02T09:20:04Z,12852721,Modern Challenge 64,challenge,modern,Summer 2026,2119308,thodoris17,3,3
2026-08-20,2026-09-02T09:20:04Z,12852721,Modern Challenge 64,challenge,modern,Summer 2026,3222070,Lightspirit,4,3
2026-08-20,2026-09-02T09:20:04Z,12852721,Modern Challenge 64,challenge,modern,Summer 2026,2886236,lunaloveee,5,2
2026-08-20,2026-09-02T09:20:04Z,12852721,Modern Challenge 64,challenge,modern,Summer 2026,1618758,selesneal,6,2
2026-08-20,2026-09-02T09:20:04Z,12852721,Modern Challenge 64,challenge,modern,Summer 2026,949859,ShowTime_,7,2
2026-08-20,2026-09-02T09:20:04Z,12852721,Modern Challenge 64,challenge,modern,Summer 2026,2937193,X_Why_Z,8,2
2026-08-20,2026-09-02T09:20:04Z,12852721,Modern Challenge 64,challenge,modern,Summer 2026,828185,Slatorade,9,1
2026-08-20,2026-09-02T09:20:04Z,12852721,Modern Challenge 64,challenge,modern,Summer 2026,549287,MKC,10,1
2026-08-20,2026-09-02T09:20:04Z,12852721,Modern Challenge 64,challenge,modern,Summer 2026,2908947,manohito,11,1
2026-08-20,2026-09-02T09:20:04Z,12852721,Modern Challenge 64,challenge,modern,Summer 2026,1205798,TSPJendrek,12,1
2026-08-20,2026-09-02T09:20:04Z,12852721,Modern Challenge 64,challenge,modern,Summer 2026,2693418,ratabruta,13,1
2026-08-20,2026-09-02T09:20:04Z,12852721,Modern Challenge 64,challenge,modern,Summer 2026,3560747,ipadkid,14,1
2026-08-20,2026-09-02T09:20:04Z,12852721,Modern Challenge 64,challenge,modern,Summer 2026,3252443,jade-venus,15,1
2026-08-20,2026-09-02T09:20:04Z,12852721,Modern Challenge 64,challenge,modern,Summer 2026,726347,Mikebrav,16,1
2026-08-20,2026-09-02T09:20:04Z,12852721,Modern Challenge 64,challenge,modern,Summer 2026,2537131,yriel,17,0
2026-08-20,2026-09-02T09:20:04Z,12852721,Modern Challenge 64,challenge,modern,Summer 2026,2390663,haoqinglangou,18,0
2026-08-20,2026-09-02T09:20:04Z,12852721,Modern Challenge 64,challenge,modern,Summer 2026,3332226,_Shikamaru_,19,0
2026-08-20,2026-09-02T09:20:04Z,12852721,Modern Challenge 64,challenge,modern,Summer 2026,2232658,xl_snapcaster,20,0
2026-08-20,2026-09-02T09:20:04Z,12852721,Modern Challenge 64,challenge,modern,Summer 2026,1205480,CavalloGoloso,21,0
2026-08-20,2026-09-02T09:20:04Z,12852721,Modern Challenge 64,challenge,modern,Summer 2026,2618500,Jumba,22,0
2026-08-20,2026-09-02T09:20:04Z,12852721,Modern Challenge 64,challenge,modern,Summer 2026,750455,JJ,23,0
2026-08-20,2026-09-02T09:20:04Z,12852721,Modern Challenge 64,challenge,modern,Summer 2026,1700365,Tetsubou,24,0
2026-08-20,2026-09-02T09:20:04Z,12852721,Modern Challenge 64,challenge,modern,Summer 2026,535716,Capitano_CL,25,0
2026-08-20,2026-09-02T09:20:04Z,12852721,Modern Challenge 64,challenge,modern,Summer 2026,3539894,Cyncopath,26,0
2026-08-20,2026-09-02T09:20:04Z,12852721,Modern Challenge 64,challenge,modern,Summer 2026,2903591,MeninoNey,27,0
2026-08-20,2026-09-02T09:20:04Z,12852721,Modern Challenge 64,challenge,modern,Summer 2026,277034,Marxelo,28,0
2026-08-20,2026-09-02T09:20:04Z,12852721,Modern Challenge 64,challenge,modern,Summer 2026,2707200,Kritik,29,0
2026-08-20,2026-09-02T09:20:04Z,12852721,Modern Challenge 64,challenge,modern,Summer 2026,494936,levunga21,30,0
2026-08-20,2026-09-02T09:20:04Z,12852721,Modern Challenge 64,challenge,modern,Summer 2026,2865888,Traumatismes,31,0
2026-08-20,2026-09-02T09:20:04Z,12852721,Modern Challenge 64,challenge,modern,Summer 2026,2621451,SanPop,32,0
2026-08-21,2026-09-02T09:20:04Z,12852731,Modern Challenge 64,challenge,modern,Summer 2026,1126715,Haunter56,1,5
2026-08-21,2026-09-02T09:20:04Z,12852731,Modern Challenge 64,challenge,modern,Summer 2026,3222070,Lightspirit,2,4
2026-08-21,2026-09-02T09:20:04Z,12852731,Modern Challenge 64,challenge,modern,Summer 2026,2811955,haveaboavida,3,3
2026-08-21,2026-09-02T09:20:04Z,12852731,Modern Challenge 64,challenge,modern,Summer 2026,3572741,ArthurMorgan,4,3
2026-08-21,2026-09-02T09:20:04Z,12852731,Modern Challenge 64,challenge,modern,Summer 2026,3220713,DskBayWolf,5,2
2026-08-21,2026-09-02T09:20:04Z,12852731,Modern Challenge 64,challenge,modern,Summer 2026,2569009,TrueHero,6,2
2026-08-21,2026-09-02T09:20:04Z,12852731,Modern Challenge 64,challenge,modern,Summer 2026,2676196,ziofrancone,7,2
2026-08-21,2026-09-02T09:20:04Z,12852731,Modern Challenge 64,challenge,modern,Summer 2026,803141,McWinSauce,8,2
2026-08-21,2026-09-02T09:20:04Z,12852731,Modern Challenge 64,challenge,modern,Summer 2026,1197356,The_Yoda,9,1
2026-08-21,2026-09-02T09:20:04Z,12852731,Modern Challenge 64,challenge,modern,Summer 2026,949859,ShowTime_,10,1
2026-08-21,2026-09-02T09:20:04Z,12852731,Modern Challenge 64,challenge,modern,Summer 2026,2688845,DelverOfBolts,11,1
2026-08-21,2026-09-02T09:20:04Z,12852731,Modern Challenge 64,challenge,modern,Summer 2026,3540949,pedronavaja,12,1
2026-08-21,2026-09-02T09:20:04Z,12852731,Modern Challenge 64,challenge,modern,Summer 2026,3412574,Habitante_do_Escuro,13,1
2026-08-21,2026-09-02T09:20:04Z,12852731,Modern Challenge 64,challenge,modern,Summer 2026,3390053,dzk,14,1
2026-08-21,2026-09-02T09:20:04Z,12852731,Modern Challenge 64,challenge,modern,Summer 2026,2257869,kasiso,15,1
2026-08-21,2026-09-02T09:20:04Z,12852731,Modern Challenge 64,challenge,modern,Summer 2026,1237388,shindy,16,1
2026-08-21,2026-09-02T09:20:04Z,12852731,Modern Challenge 64,challenge,modern,Summer 2026,1042649,aspiringspike,17,0
2026-08-21,2026-09-02T09:20:04Z,12852731,Modern Challenge 64,challenge,modern,Summer 2026,2027462,dmorito,18,0
2026-08-21,2026-09-02T09:20:04Z,12852731,Modern Challenge 64,challenge,modern,Summer 2026,5694,bobthedog,19,0
2026-08-21,2026-09-02T09:20:04Z,12852731,Modern Challenge 64,challenge,modern,Summer 2026,1997683,hugofreitas1,20,0
2026-08-21,2026-09-02T09:20:04Z,12852731,Modern Challenge 64,challenge,modern,Summer 2026,3560747,ipadkid,21,0
2026-08-21,2026-09-02T09:20:04Z,12852731,Modern Challenge 64,challenge,modern,Summer 2026,1017550,O_danielakos,22,0
2026-08-21,2026-09-02T09:20:04Z,12852731,Modern Challenge 64,challenge,modern,Summer 2026,2064081,SuperCow12653,23,0
2026-08-21,2026-09-02T09:20:04Z,12852731,Modern Challenge 64,challenge,modern,Summer 2026,900413,iomatic,24,0
2026-08-21,2026-09-02T09:20:04Z,12852731,Modern Challenge 64,challenge,modern,Summer 2026,649380,Rvng,25,0
2026-08-21,2026-09-02T09:20:04Z,12852731,Modern Challenge 64,challenge,modern,Summer 2026,2776772,narca,26,0
2026-08-21,2026-09-02T09:20:04Z,12852731,Modern Challenge 64,challenge,modern,Summer 2026,1428769,Xwhale,27,0
2026-08-21,2026-09-02T09:20:04Z,12852731,Modern Challenge 64,challenge,modern,Summer 2026,1490004,Moaddin1186,28,0
2026-08-21,2026-09-02T09:20:04Z,12852731,Modern Challenge 64,challenge,modern,Summer 2026,3358880,big6ybois,29,0
2026-08-21,2026-09-02T09:20:04Z,12852731,Modern Challenge 64,challenge,modern,Summer 2026,685719,-=Alfa=-,30,0
2026-08-21,2026-09-02T09:20:04Z,12852731,Modern Challenge 64,challenge,modern,Summer 2026,3149769,Otifex,31,0
2026-08-21,2026-09-02T09:20:04Z,12852731,Modern Challenge 64,challenge,modern,Summer 2026,3185788,JhonnySeJugar,32,0
2026-08-22,2026-09-02T09:20:04Z,12852736,Modern Challenge 64,challenge,modern,Summer 2026,999039,Willthepill,1,5
2026-08-22,2026-09-02T09:20:04Z,12852736,Modern Challenge 64,challenge,modern,Summer 2026,3087728,Kalipapas,2,4
2026-08-22,2026-09-02T09:20:04Z,12852736,Modern Challenge 64,challenge,modern,Summer 2026,3560747,ipadkid,3,3
2026-08-22,2026-09-02T09:20:04Z,12852736,Modern Challenge 64,challenge,modern,Summer 2026,2839061,MercurialChemister,4,3
2026-08-22,2026-09-02T09:20:04Z,12852736,Modern Challenge 64,challenge,modern,Summer 2026,750888,LucasG1ggs,5,2
2026-08-22,2026-09-02T09:20:04Z,12852736,Modern Challenge 64,challenge,modern,Summer 2026,2185747,KingHairy,6,2
2026-08-22,2026-09-02T09:20:04Z,12852736,Modern Challenge 64,challenge,modern,Summer 2026,2981803,Tinker_deck,7,2
2026-08-22,2026-09-02T09:20:04Z,12852736,Modern Challenge 64,challenge,modern,Summer 2026,1710517,DrewEldon,8,2
2026-08-22,2026-09-02T09:20:04Z,12852736,Modern Challenge 64,challenge,modern,Summer 2026,3405508,stefansson30952,9,1
2026-08-22,2026-09-02T09:20:04Z,12852736,Modern Challenge 64,challenge,modern,Summer 2026,1636994,gazmon48,10,1
2026-08-22,2026-09-02T09:20:04Z,12852736,Modern Challenge 64,challenge,modern,Summer 2026,2714224,eclipse4343,11,1
2026-08-22,2026-09-02T09:20:04Z,12852736,Modern Challenge 64,challenge,modern,Summer 2026,1221790,connormc02,12,1
2026-08-22,2026-09-02T09:20:04Z,12852736,Modern Challenge 64,challenge,modern,Summer 2026,2729232,MC_amp2267,13,1
2026-08-22,2026-09-02T09:20:04Z,12852736,Modern Challenge 64,challenge,modern,Summer 2026,1156732,azureu09,14,1
2026-08-22,2026-09-02T09:20:04Z,12852736,Modern Challenge 64,challenge,modern,Summer 2026,2651868,jvidarte,15,1
2026-08-22,2026-09-02T09:20:04Z,12852736,Modern Challenge 64,challenge,modern,Summer 2026,2993160,NerdDadChad,16,1
2026-08-22,2026-09-02T09:20:04Z,12852736,Modern Challenge 64,challenge,modern,Summer 2026,2139100,Manny-,17,0
2026-08-22,2026-09-02T09:20:04Z,12852736,Modern Challenge 64,challenge,modern,Summer 2026,3042804,NJ5030,18,0
2026-08-22,2026-09-02T09:20:04Z,12852736,Modern Challenge 64,challenge,modern,Summer 2026,3405528,kattsu,19,0
2026-08-22,2026-09-02T09:20:04Z,12852736,Modern Challenge 64,challenge,modern,Summer 2026,2928451,YungDingo,20,0
2026-08-22,2026-09-02T09:20:04Z,12852736,Modern Challenge 64,challenge,modern,Summer 2026,3111303,Tongmuzi,21,0
2026-08-22,2026-09-02T09:20:04Z,12852736,Modern Challenge 64,challenge,modern,Summer 2026,1800145,RandomOctopus,22,0
2026-08-22,2026-09-02T09:20:04Z,12852736,Modern Challenge 64,challenge,modern,Summer 2026,643454,Sarlanga,23,0
2026-08-22,2026-09-02T09:20:04Z,12852736,Modern Challenge 64,challenge,modern,Summer 2026,1088634,AgentP,24,0
2026-08-22,2026-09-02T09:20:04Z,12852736,Modern Challenge 64,challenge,modern,Summer 2026,2130633,ShadowTitan1,25,0
2026-08-22,2026-09-02T09:20:04Z,12852736,Modern Challenge 64,challenge,modern,Summer 2026,2092528,Sam_Lewin,26,0
2026-08-22,2026-09-02T09:20:04Z,12852736,Modern Challenge 64,challenge,modern,Summer 2026,2137107,Arcbound_Papi,27,0
2026-08-22,2026-09-02T09:20:04Z,12852736,Modern Challenge 64,challenge,modern,Summer 2026,2257869,kasiso,28,0
2026-08-22,2026-09-02T09:20:04Z,12852736,Modern Challenge 64,challenge,modern,Summer 2026,1013616,Richie727,29,0
2026-08-22,2026-09-02T09:20:04Z,12852736,Modern Challenge 64,challenge,modern,Summer 2026,3500249,YAK9k,30,0
2026-08-22,2026-09-02T09:20:04Z,12852736,Modern Challenge 64,challenge,modern,Summer 2026,2947363,TooManySnacks,31,0
2026-08-22,2026-09-02T09:20:04Z,12852736,Modern Challenge 64,challenge,modern,Summer 2026,973068,_demian,32,0
2026-08-22,2026-09-02T09:20:04Z,12852737,Modern Challenge 16,challenge,modern,Summer 2026,2537131,yriel,1,5
2026-08-22,2026-09-02T09:20:04Z,12852737,Modern Challenge 16,challenge,modern,Summer 2026,3249166,NotJim,2,4
2026-08-22,2026-09-02T09:20:04Z,12852737,Modern Challenge 16,challenge,modern,Summer 2026,2127900,soggymeatball,3,3
2026-08-22,2026-09-02T09:20:04Z,12852737,Modern Challenge 16,challenge,modern,Summer 2026,1703735,meanfannypack,4,3
2026-08-22,2026-09-02T09:20:04Z,12852737,Modern Challenge 16,challenge,modern,Summer 2026,2305332,Junkmener,5,2
2026-08-22,2026-09-02T09:20:04Z,12852737,Modern Challenge 16,challenge,modern,Summer 2026,1952341,ejk,6,2
2026-08-22,2026-09-02T09:20:04Z,12852737,Modern Challenge 16,challenge,modern,Summer 2026,1210536,musasabi,7,2
2026-08-22,2026-09-02T09:20:04Z,12852737,Modern Challenge 16,challenge,modern,Summer 2026,3145234,PesE,8,2
2026-08-22,2026-09-02T09:20:04Z,12852737,Modern Challenge 16,challenge,modern,Summer 2026,1713588,kyporioth,9,1
2026-08-22,2026-09-02T09:20:04Z,12852737,Modern Challenge 16,challenge,modern,Summer 2026,2498069,_Falcon_,10,1
2026-08-22,2026-09-02T09:20:04Z,12852737,Modern Challenge 16,challenge,modern,Summer 2026,2707045,E_Kaminuma,11,1
2026-08-22,2026-09-02T09:20:04Z,12852737,Modern Challenge 16,challenge,modern,Summer 2026,2315424,TheRightStuff,12,1
2026-08-22,2026-09-02T09:20:04Z,12852737,Modern Challenge 16,challenge,modern,Summer 2026,1564356,GiestOfIWin,13,1
2026-08-22,2026-09-02T09:20:04Z,12852737,Modern Challenge 16,challenge,modern,Summer 2026,1618758,selesneal,14,1
2026-08-22,2026-09-02T09:20:04Z,12852737,Modern Challenge 16,challenge,modern,Summer 2026,2621451,SanPop,15,1
2026-08-22,2026-09-02T09:20:04Z,12852737,Modern Challenge 16,challenge,modern,Summer 2026,741295,medvedev,16,1
2026-08-22,2026-09-02T09:20:04Z,12852737,Modern Challenge 16,challenge,modern,Summer 2026,2658587,EthanBird,17,0
2026-08-22,2026-09-02T09:20:04Z,12852737,Modern Challenge 16,challenge,modern,Summer 2026,2038499,iReedMinds,18,0
2026-08-22,2026-09-02T09:20:04Z,12852737,Modern Challenge 16,challenge,modern,Summer 2026,3155916,reidq7,19,0
2026-08-22,2026-09-02T09:20:04Z,12852737,Modern Challenge 16,challenge,modern,Summer 2026,1739534,liuyuchen,20,0
2026-08-22,2026-09-02T09:20:04Z,12852737,Modern Challenge 16,challenge,modern,Summer 2026,2759230,-Nausea-,21,0
2026-08-22,2026-09-02T09:20:04Z,12852737,Modern Challenge 16,challenge,modern,Summer 2026,2645032,maear,22,0
2026-08-22,2026-09-02T09:20:04Z,12852737,Modern Challenge 16,challenge,modern,Summer 2026,3311758,Kollslaw,23,0
2026-08-22,2026-09-02T09:20:04Z,12852737,Modern Challenge 16,challenge,modern,Summer 2026,2747375,DemianDesposito10,24,0
2026-08-22,2026-09-02T09:20:04Z,12852737,Modern Challenge 16,challenge,modern,Summer 2026,2257869,kasiso,25,0
2026-08-22,2026-09-02T09:20:04Z,12852737,Modern Challenge 16,challenge,modern,Summer 2026,3477428,Kyndrax,26,0
2026-08-22,2026-09-02T09:20:04Z,12852737,Modern Challenge 16,challenge,modern,Summer 2026,1942357,nahuel10,27,0
2026-08-22,2026-09-02T09:20:04Z,12852737,Modern Challenge 16,challenge,modern,Summer 2026,1944075,sidisi,28,0
2026-08-22,2026-09-02T09:20:04Z,12852737,Modern Challenge 16,challenge,modern,Summer 2026,964394,LordEgg,29,0
2026-08-22,2026-09-02T09:20:04Z,12852737,Modern Challenge 16,challenge,modern,Summer 2026,3037817,planetbrainwash,30,0
2026-08-22,2026-09-02T09:20:04Z,12852737,Modern Challenge 16,challenge,modern,Summer 2026,3046168,Freeky_16,31,0
2026-08-22,2026-09-02T09:20:04Z,12852737,Modern Challenge 16,challenge,modern,Summer 2026,1181017,JPA93,32,0
2026-08-22,2026-09-02T09:20:04Z,12852742,Modern Challenge 64,challenge,modern,Summer 2026,301933,Phryziel,1,5
2026-08-22,2026-09-02T09:20:04Z,12852742,Modern Challenge 64,challenge,modern,Summer 2026,2702142,Nuserdog,2,4
2026-08-22,2026-09-02T09:20:04Z,12852742,Modern Challenge 64,challenge,modern,Summer 2026,980850,MikeEgan,3,3
2026-08-22,2026-09-02T09:20:04Z,12852742,Modern Challenge 64,challenge,modern,Summer 2026,280778,pokerswizard,4,3
2026-08-22,2026-09-02T09:20:04Z,12852742,Modern Challenge 64,challenge,modern,Summer 2026,3086057,toto_2295,5,2
2026-08-22,2026-09-02T09:20:04Z,12852742,Modern Challenge 64,challenge,modern,Summer 2026,2537822,Bugsy69,6,2
2026-08-22,2026-09-02T09:20:04Z,12852742,Modern Challenge 64,challenge,modern,Summer 2026,3293313,Takayama,7,2
2026-08-22,2026-09-02T09:20:04Z,12852742,Modern Challenge 64,challenge,modern,Summer 2026,3263693,MeninooNey,8,2
2026-08-22,2026-09-02T09:20:04Z,12852742,Modern Challenge 64,challenge,modern,Summer 2026,3044830,Dhedjeshdi,9,1
2026-08-22,2026-09-02T09:20:04Z,12852742,Modern Challenge 64,challenge,modern,Summer 2026,1715380,CNewman,10,1
2026-08-22,2026-09-02T09:20:04Z,12852742,Modern Challenge 64,challenge,modern,Summer 2026,2691811,JustAnotherGuy83,11,1
2026-08-22,2026-09-02T09:20:04Z,12852742,Modern Challenge 64,challenge,modern,Summer 2026,2676196,ziofrancone,12,1
2026-08-22,2026-09-02T09:20:04Z,12852742,Modern Challenge 64,challenge,modern,Summer 2026,3017502,Prim3Time,13,1
2026-08-22,2026-09-02T09:20:04Z,12852742,Modern Challenge 64,challenge,modern,Summer 2026,3301567,VenoW_art,14,1
2026-08-22,2026-09-02T09:20:04Z,12852742,Modern Challenge 64,challenge,modern,Summer 2026,5694,bobthedog,15,1
2026-08-22,2026-09-02T09:20:04Z,12852742,Modern Challenge 64,challenge,modern,Summer 2026,680636,RedArmada,16,1
2026-08-22,2026-09-02T09:20:04Z,12852742,Modern Challenge 64,challenge,modern,Summer 2026,2931233,JakeTMS,17,0
2026-08-22,2026-09-02T09:20:04Z,12852742,Modern Challenge 64,challenge,modern,Summer 2026,2596469,Walrusguy32,18,0
2026-08-22,2026-09-02T09:20:04Z,12852742,Modern Challenge 64,challenge,modern,Summer 2026,1185021,GodOfSlaughter,19,0
2026-08-22,2026-09-02T09:20:04Z,12852742,Modern Challenge 64,challenge,modern,Summer 2026,2920892,richcs1,20,0
2026-08-22,2026-09-02T09:20:04Z,12852742,Modern Challenge 64,challenge,modern,Summer 2026,1156605,starfall,21,0
2026-08-22,2026-09-02T09:20:04Z,12852742,Modern Challenge 64,challenge,modern,Summer 2026,702030,Urthstrype,22,0
2026-08-22,2026-09-02T09:20:04Z,12852742,Modern Challenge 64,challenge,modern,Summer 2026,574591,Watchwolf92,23,0
2026-08-22,2026-09-02T09:20:04Z,12852742,Modern Challenge 64,challenge,modern,Summer 2026,2940494,Dydyk95,24,0
2026-08-22,2026-09-02T09:20:04Z,12852742,Modern Challenge 64,challenge,modern,Summer 2026,132755,Jaksiel,25,0
2026-08-22,2026-09-02T09:20:04Z,12852742,Modern Challenge 64,challenge,modern,Summer 2026,2865888,Traumatismes,26,0
2026-08-22,2026-09-02T09:20:04Z,12852742,Modern Challenge 64,challenge,modern,Summer 2026,1181017,JPA93,27,0
2026-08-22,2026-09-02T09:20:04Z,12852742,Modern Challenge 64,challenge,modern,Summer 2026,3530748,BigErnMcKraken,28,0
2026-08-22,2026-09-02T09:20:04Z,12852742,Modern Challenge 64,challenge,modern,Summer 2026,3488068,St1ffler,29,0
2026-08-22,2026-09-02T09:20:04Z,12852742,Modern Challenge 64,challenge,modern,Summer 2026,1872783,henry_morehouse,30,0
2026-08-22,2026-09-02T09:20:04Z,12852742,Modern Challenge 64,challenge,modern,Summer 2026,1112793,magiclibrary,31,0
2026-08-22,2026-09-02T09:20:04Z,12852742,Modern Challenge 64,challenge,modern,Summer 2026,3073951,Sifui,32,0
2026-08-23,2026-09-02T09:20:04Z,12852747,Modern Challenge 64,challenge,modern,Summer 2026,3040474,ETBJezus,1,5
2026-08-23,2026-09-02T09:20:04Z,12852747,Modern Challenge 64,challenge,modern,Summer 2026,3263693,MeninooNey,2,4
2026-08-23,2026-09-02T09:20:04Z,12852747,Modern Challenge 64,challenge,modern,Summer 2026,2305332,Junkmener,3,3
2026-08-23,2026-09-02T09:20:04Z,12852747,Modern Challenge 64,challenge,modern,Summer 2026,2665316,Skeptic2304,4,3
2026-08-23,2026-09-02T09:20:04Z,12852747,Modern Challenge 64,challenge,modern,Summer 2026,1944075,sidisi,5,2
2026-08-23,2026-09-02T09:20:04Z,12852747,Modern Challenge 64,challenge,modern,Summer 2026,1636994,gazmon48,6,2
2026-08-23,2026-09-02T09:20:04Z,12852747,Modern Challenge 64,challenge,modern,Summer 2026,3143623,Fransadness,7,2
2026-08-23,2026-09-02T09:20:04Z,12852747,Modern Challenge 64,challenge,modern,Summer 2026,3254787,WaffleWiz,8,2
2026-08-23,2026-09-02T09:20:04Z,12852747,Modern Challenge 64,challenge,modern,Summer 2026,3488559,DeepDisherino,9,1
2026-08-23,2026-09-02T09:20:04Z,12852747,Modern Challenge 64,challenge,modern,Summer 2026,1221790,connormc02,10,1
2026-08-23,2026-09-02T09:20:04Z,12852747,Modern Challenge 64,challenge,modern,Summer 2026,2042214,Selfeisek,11,1
2026-08-23,2026-09-02T09:20:04Z,12852747,Modern Challenge 64,challenge,modern,Summer 2026,3253255,pwqz,12,1
2026-08-23,2026-09-02T09:20:04Z,12852747,Modern Challenge 64,challenge,modern,Summer 2026,2928451,YungDingo,13,1
2026-08-23,2026-09-02T09:20:04Z,12852747,Modern Challenge 64,challenge,modern,Summer 2026,2797293,Arkmaru,14,1
2026-08-23,2026-09-02T09:20:04Z,12852747,Modern Challenge 64,challenge,modern,Summer 2026,864036,renatoaraujo,15,1
2026-08-23,2026-09-02T09:20:04Z,12852747,Modern Challenge 64,challenge,modern,Summer 2026,3085636,GigaChadSigmaMale,16,1
2026-08-23,2026-09-02T09:20:04Z,12852747,Modern Challenge 64,challenge,modern,Summer 2026,3535587,Venom01,17,0
2026-08-23,2026-09-02T09:20:04Z,12852747,Modern Challenge 64,challenge,modern,Summer 2026,1802874,DannyStarchild,18,0
2026-08-23,2026-09-02T09:20:04Z,12852747,Modern Challenge 64,challenge,modern,Summer 2026,6062,duke12,19,0
2026-08-23,2026-09-02T09:20:04Z,12852747,Modern Challenge 64,challenge,modern,Summer 2026,1618758,selesneal,20,0
2026-08-23,2026-09-02T09:20:04Z,12852747,Modern Challenge 64,challenge,modern,Summer 2026,2839061,MercurialChemister,21,0
2026-08-23,2026-09-02T09:20:04Z,12852747,Modern Challenge 64,challenge,modern,Summer 2026,3500249,YAK9k,22,0
2026-08-23,2026-09-02T09:20:04Z,12852747,Modern Challenge 64,challenge,modern,Summer 2026,2718021,Rivrat2007,23,0
2026-08-23,2026-09-02T09:20:04Z,12852747,Modern Challenge 64,challenge,modern,Summer 2026,3311758,Kollslaw,24,0
2026-08-23,2026-09-02T09:20:04Z,12852747,Modern Challenge 64,challenge,modern,Summer 2026,3122660,E90_DeliveryBoy,25,0
2026-08-23,2026-09-02T09:20:04Z,12852747,Modern Challenge 64,challenge,modern,Summer 2026,3405528,kattsu,26,0
2026-08-23,2026-09-02T09:20:04Z,12852747,Modern Challenge 64,challenge,modern,Summer 2026,2064081,SuperCow12653,27,0
2026-08-23,2026-09-02T09:20:04Z,12852747,Modern Challenge 64,challenge,modern,Summer 2026,608077,kokoko098,28,0
2026-08-23,2026-09-02T09:20:04Z,12852747,Modern Challenge 64,challenge,modern,Summer 2026,2658587,EthanBird,29,0
2026-08-23,2026-09-02T09:20:04Z,12852747,Modern Challenge 64,challenge,modern,Summer 2026,1832476,mav807,30,0
2026-08-23,2026-09-02T09:20:04Z,12852747,Modern Challenge 64,challenge,modern,Summer 2026,1199408,chase00111,31,0
2026-08-23,2026-09-02T09:20:04Z,12852747,Modern Challenge 64,challenge,modern,Summer 2026,1800145,RandomOctopus,32,0
2026-08-23,2026-09-02T09:20:04Z,12852752,Modern Challenge 64,challenge,modern,Summer 2026,2119308,thodoris17,1,5
2026-08-23,2026-09-02T09:20:04Z,12852752,Modern Challenge 64,challenge,modern,Summer 2026,774962,wallofspikes,2,4
2026-08-23,2026-09-02T09:20:04Z,12852752,Modern Challenge 64,challenge,modern,Summer 2026,1997683,hugofreitas1,3,3
2026-08-23,2026-09-02T09:20:04Z,12852752,Modern Challenge 64,challenge,modern,Summer 2026,2878060,jev_,4,3
2026-08-23,2026-09-02T09:20:04Z,12852752,Modern Challenge 64,challenge,modern,Summer 2026,3220713,DskBayWolf,5,2
2026-08-23,2026-09-02T09:20:04Z,12852752,Modern Challenge 64,challenge,modern,Summer 2026,30930,Omegauo,6,2
2026-08-23,2026-09-02T09:20:04Z,12852752,Modern Challenge 64,challenge,modern,Summer 2026,1061642,JRomero,7,2
2026-08-23,2026-09-02T09:20:04Z,12852752,Modern Challenge 64,challenge,modern,Summer 2026,3468770,The_Lion91,8,2
2026-08-23,2026-09-02T09:20:04Z,12852752,Modern Challenge 64,challenge,modern,Summer 2026,2676588,John1111,9,1
2026-08-23,2026-09-02T09:20:04Z,12852752,Modern Challenge 64,challenge,modern,Summer 2026,1210536,musasabi,10,1
2026-08-23,2026-09-02T09:20:04Z,12852752,Modern Challenge 64,challenge,modern,Summer 2026,962368,Suechtler,11,1
2026-08-23,2026-09-02T09:20:04Z,12852752,Modern Challenge 64,challenge,modern,Summer 2026,2702142,Nuserdog,12,1
2026-08-23,2026-09-02T09:20:04Z,12852752,Modern Challenge 64,challenge,modern,Summer 2026,1112102,MayoDominaria,13,1
2026-08-23,2026-09-02T09:20:04Z,12852752,Modern Challenge 64,challenge,modern,Summer 2026,2372533,niuwaid001,14,1
2026-08-23,2026-09-02T09:20:04Z,12852752,Modern Challenge 64,challenge,modern,Summer 2026,2250193,Clesss,15,1
2026-08-23,2026-09-02T09:20:04Z,12852752,Modern Challenge 64,challenge,modern,Summer 2026,1305745,manoah,16,1
2026-08-23,2026-09-02T09:20:04Z,12852752,Modern Challenge 64,challenge,modern,Summer 2026,132755,Jaksiel,17,0
2026-08-23,2026-09-02T09:20:04Z,12852752,Modern Challenge 64,challenge,modern,Summer 2026,453404,_Batutinha_,18,0
2026-08-23,2026-09-02T09:20:04Z,12852752,Modern Challenge 64,challenge,modern,Summer 2026,1103085,Enter,19,0
2026-08-23,2026-09-02T09:20:04Z,12852752,Modern Challenge 64,challenge,modern,Summer 2026,2283377,VampireDiaries,20,0
2026-08-23,2026-09-02T09:20:04Z,12852752,Modern Challenge 64,challenge,modern,Summer 2026,1040296,Ardonas,21,0
2026-08-23,2026-09-02T09:20:04Z,12852752,Modern Challenge 64,challenge,modern,Summer 2026,868229,scalo94,22,0
2026-08-23,2026-09-02T09:20:04Z,12852752,Modern Challenge 64,challenge,modern,Summer 2026,1715380,CNewman,23,0
2026-08-23,2026-09-02T09:20:04Z,12852752,Modern Challenge 64,challenge,modern,Summer 2026,2913039,Toscanini,24,0
2026-08-23,2026-09-02T09:20:04Z,12852752,Modern Challenge 64,challenge,modern,Summer 2026,3364560,Craig_Long123,25,0
2026-08-23,2026-09-02T09:20:04Z,12852752,Modern Challenge 64,challenge,modern,Summer 2026,3116151,crazythursday,26,0
2026-08-23,2026-09-02T09:20:04Z,12852752,Modern Challenge 64,challenge,modern,Summer 2026,5694,bobthedog,27,0
2026-08-23,2026-09-02T09:20:04Z,12852752,Modern Challenge 64,challenge,modern,Summer 2026,3560747,ipadkid,28,0
2026-08-23,2026-09-02T09:20:04Z,12852752,Modern Challenge 64,challenge,modern,Summer 2026,476651,Gobeli,29,0
2026-08-23,2026-09-02T09:20:04Z,12852752,Modern Challenge 64,challenge,modern,Summer 2026,2563273,almostomniscient,30,0
2026-08-23,2026-09-02T09:20:04Z,12852752,Modern Challenge 64,challenge,modern,Summer 2026,1066436,jps_17,31,0
2026-08-23,2026-09-02T09:20:04Z,12852752,Modern Challenge 64,challenge,modern,Summer 2026,3273156,STURSY,32,0
2026-08-24,2026-09-02T09:20:04Z,12852760,Modern Challenge 64,challenge,modern,Summer 2026,3104275,skullcrobatjoker,1,5
2026-08-24,2026-09-02T09:20:04Z,12852760,Modern Challenge 64,challenge,modern,Summer 2026,2464763,Savior0117,2,4
2026-08-24,2026-09-02T09:20:04Z,12852760,Modern Challenge 64,challenge,modern,Summer 2026,1636994,gazmon48,3,3
2026-08-24,2026-09-02T09:20:04Z,12852760,Modern Challenge 64,challenge,modern,Summer 2026,3006274,MyrRetriever,4,3
2026-08-24,2026-09-02T09:20:04Z,12852760,Modern Challenge 64,challenge,modern,Summer 2026,1695657,Hazzrd,5,2
2026-08-24,2026-09-02T09:20:04Z,12852760,Modern Challenge 64,challenge,modern,Summer 2026,3040474,ETBJezus,6,2
2026-08-24,2026-09-02T09:20:04Z,12852760,Modern Challenge 64,challenge,modern,Summer 2026,485263,C_S_W____,7,2
2026-08-24,2026-09-02T09:20:04Z,12852760,Modern Challenge 64,challenge,modern,Summer 2026,1950164,Dioferreira,8,2
2026-08-24,2026-09-02T09:20:04Z,12852760,Modern Challenge 64,challenge,modern,Summer 2026,3222070,Lightspirit,9,1
2026-08-24,2026-09-02T09:20:04Z,12852760,Modern Challenge 64,challenge,modern,Summer 2026,1618758,selesneal,10,1
2026-08-24,2026-09-02T09:20:04Z,12852760,Modern Challenge 64,challenge,modern,Summer 2026,2760324,jayrod115,11,1
2026-08-24,2026-09-02T09:20:04Z,12852760,Modern Challenge 64,challenge,modern,Summer 2026,2292083,bless_von,12,1
2026-08-24,2026-09-02T09:20:04Z,12852760,Modern Challenge 64,challenge,modern,Summer 2026,2714224,eclipse4343,13,1
2026-08-24,2026-09-02T09:20:04Z,12852760,Modern Challenge 64,challenge,modern,Summer 2026,2404093,nedyahiske,14,1
2026-08-24,2026-09-02T09:20:04Z,12852760,Modern Challenge 64,challenge,modern,Summer 2026,3230169,Chaticus,15,1
2026-08-24,2026-09-02T09:20:04Z,12852760,Modern Challenge 64,challenge,modern,Summer 2026,254536,rastaf,16,1
2026-08-24,2026-09-02T09:20:04Z,12852760,Modern Challenge 64,challenge,modern,Summer 2026,2658587,EthanBird,17,0
2026-08-24,2026-09-02T09:20:04Z,12852760,Modern Challenge 64,challenge,modern,Summer 2026,3560747,ipadkid,18,0
2026-08-24,2026-09-02T09:20:04Z,12852760,Modern Challenge 64,challenge,modern,Summer 2026,3030517,wft,19,0
2026-08-24,2026-09-02T09:20:04Z,12852760,Modern Challenge 64,challenge,modern,Summer 2026,535716,Capitano_CL,20,0
2026-08-24,2026-09-02T09:20:04Z,12852760,Modern Challenge 64,challenge,modern,Summer 2026,3165422,Botboy,21,0
2026-08-24,2026-09-02T09:20:04Z,12852760,Modern Challenge 64,challenge,modern,Summer 2026,2856033,KeasbyKnight,22,0
2026-08-24,2026-09-02T09:20:04Z,12852760,Modern Challenge 64,challenge,modern,Summer 2026,2858193,oinkmage22,23,0
2026-08-24,2026-09-02T09:20:04Z,12852760,Modern Challenge 64,challenge,modern,Summer 2026,2720911,Cachorrowo,24,0
2026-08-24,2026-09-02T09:20:04Z,12852760,Modern Challenge 64,challenge,modern,Summer 2026,3056706,Xsper,25,0
2026-08-24,2026-09-02T09:20:04Z,12852760,Modern Challenge 64,challenge,modern,Summer 2026,3116151,crazythursday,26,0
2026-08-24,2026-09-02T09:20:04Z,12852760,Modern Challenge 64,challenge,modern,Summer 2026,3535587,Venom01,27,0
2026-08-24,2026-09-02T09:20:04Z,12852760,Modern Challenge 64,challenge,modern,Summer 2026,2083240,Zonda,28,0
2026-08-24,2026-09-02T09:20:04Z,12852760,Modern Challenge 64,challenge,modern,Summer 2026,1237388,shindy,29,0
2026-08-24,2026-09-02T09:20:04Z,12852760,Modern Challenge 64,challenge,modern,Summer 2026,2092528,Sam_Lewin,30,0
2026-08-24,2026-09-02T09:20:04Z,12852760,Modern Challenge 64,challenge,modern,Summer 2026,1210536,musasabi,31,0
2026-08-24,2026-09-02T09:20:04Z,12852760,Modern Challenge 64,challenge,modern,Summer 2026,3442638,bananadisaster,32,0
2026-08-24,2026-09-02T09:20:04Z,12852762,Modern Challenge 96,challenge,modern,Summer 2026,2707200,Kritik,1,5
2026-08-24,2026-09-02T09:20:04Z,12852762,Modern Challenge 96,challenge,modern,Summer 2026,3003904,elBB,2,4
2026-08-24,2026-09-02T09:20:04Z,12852762,Modern Challenge 96,challenge,modern,Summer 2026,1112102,MayoDominaria,3,3
2026-08-24,2026-09-02T09:20:04Z,12852762,Modern Challenge 96,challenge,modern,Summer 2026,1557079,Mapletreefrog,4,3
2026-08-24,2026-09-02T09:20:04Z,12852762,Modern Challenge 96,challenge,modern,Summer 2026,2702005,Rashek,5,2
2026-08-24,2026-09-02T09:20:04Z,12852762,Modern Challenge 96,challenge,modern,Summer 2026,3467306,Davidowiz,6,2
2026-08-24,2026-09-02T09:20:04Z,12852762,Modern Challenge 96,challenge,modern,Summer 2026,2886236,lunaloveee,7,2
2026-08-24,2026-09-02T09:20:04Z,12852762,Modern Challenge 96,challenge,modern,Summer 2026,3056706,Xsper,8,2
2026-08-24,2026-09-02T09:20:04Z,12852762,Modern Challenge 96,challenge,modern,Summer 2026,1739534,liuyuchen,9,1
2026-08-24,2026-09-02T09:20:04Z,12852762,Modern Challenge 96,challenge,modern,Summer 2026,2950421,Cheeesy,10,1
2026-08-24,2026-09-02T09:20:04Z,12852762,Modern Challenge 96,challenge,modern,Summer 2026,1996271,Jedgi,11,1
2026-08-24,2026-09-02T09:20:04Z,12852762,Modern Challenge 96,challenge,modern,Summer 2026,676549,Alakai,12,1
2026-08-24,2026-09-02T09:20:04Z,12852762,Modern Challenge 96,challenge,modern,Summer 2026,1574579,albert62,13,1
2026-08-24,2026-09-02T09:20:04Z,12852762,Modern Challenge 96,challenge,modern,Summer 2026,2940494,Dydyk95,14,1
2026-08-24,2026-09-02T09:20:04Z,12852762,Modern Challenge 96,challenge,modern,Summer 2026,3076886,Thunus,15,1
2026-08-24,2026-09-02T09:20:04Z,12852762,Modern Challenge 96,challenge,modern,Summer 2026,2130633,ShadowTitan1,16,1
2026-08-24,2026-09-02T09:20:04Z,12852762,Modern Challenge 96,challenge,modern,Summer 2026,3474034,VizosMTG,17,0
2026-08-24,2026-09-02T09:20:04Z,12852762,Modern Challenge 96,challenge,modern,Summer 2026,3142768,PerkyT,18,0
2026-08-24,2026-09-02T09:20:04Z,12852762,Modern Challenge 96,challenge,modern,Summer 2026,2688845,DelverOfBolts,19,0
2026-08-24,2026-09-02T09:20:04Z,12852762,Modern Challenge 96,challenge,modern,Summer 2026,3544096,Mansa_Musa,20,0
2026-08-24,2026-09-02T09:20:04Z,12852762,Modern Challenge 96,challenge,modern,Summer 2026,3560747,ipadkid,21,0
2026-08-24,2026-09-02T09:20:04Z,12852762,Modern Challenge 96,challenge,modern,Summer 2026,2822464,Pleyboy,22,0
2026-08-24,2026-09-02T09:20:04Z,12852762,Modern Challenge 96,challenge,modern,Summer 2026,1084298,Gerschi,23,0
2026-08-24,2026-09-02T09:20:04Z,12852762,Modern Challenge 96,challenge,modern,Summer 2026,1188705,ShikiXYZ,24,0
2026-08-24,2026-09-02T09:20:04Z,12852762,Modern Challenge 96,challenge,modern,Summer 2026,1997683,hugofreitas1,25,0
2026-08-24,2026-09-02T09:20:04Z,12852762,Modern Challenge 96,challenge,modern,Summer 2026,2521073,DidSomeoneJustSayBod,26,0
2026-08-24,2026-09-02T09:20:04Z,12852762,Modern Challenge 96,challenge,modern,Summer 2026,2981803,Tinker_deck,27,0
2026-08-24,2026-09-02T09:20:04Z,12852762,Modern Challenge 96,challenge,modern,Summer 2026,2569009,TrueHero,28,0
2026-08-24,2026-09-02T09:20:04Z,12852762,Modern Challenge 96,challenge,modern,Summer 2026,3293313,Takayama,29,0
2026-08-24,2026-09-02T09:20:04Z,12852762,Modern Challenge 96,challenge,modern,Summer 2026,1074736,Aldreen,30,0
2026-08-24,2026-09-02T09:20:04Z,12852762,Modern Challenge 96,challenge,modern,Summer 2026,2888604,DavidDaBridges,31,0
2026-08-24,2026-09-02T09:20:04Z,12852762,Modern Challenge 96,challenge,modern,Summer 2026,3106246,fazparte,32,0
2026-08-25,2026-09-02T09:20:04Z,12852769,Modern Challenge 32,challenge,modern,Summer 2026,2903591,MeninoNey,1,5
2026-08-25,2026-09-02T09:20:04Z,12852769,Modern Challenge 32,challenge,modern,Summer 2026,3158693,AzureMoon,2,4
2026-08-25,2026-09-02T09:20:04Z,12852769,Modern Challenge 32,challenge,modern,Summer 2026,1198783,morris,3,3
2026-08-25,2026-09-02T09:20:04Z,12852769,Modern Challenge 32,challenge,modern,Summer 2026,254536,rastaf,4,3
2026-08-25,2026-09-02T09:20:04Z,12852769,Modern Challenge 32,challenge,modern,Summer 2026,2658587,EthanBird,5,2
2026-08-25,2026-09-02T09:20:04Z,12852769,Modern Challenge 32,challenge,modern,Summer 2026,1221790,connormc02,6,2
2026-08-25,2026-09-02T09:20:04Z,12852769,Modern Challenge 32,challenge,modern,Summer 2026,2537822,Bugsy69,7,2
2026-08-25,2026-09-02T09:20:04Z,12852769,Modern Challenge 32,challenge,modern,Summer 2026,3056706,Xsper,8,2
2026-08-25,2026-09-02T09:20:04Z,12852769,Modern Challenge 32,challenge,modern,Summer 2026,1880301,ScreenwriterNY,9,1
2026-08-25,2026-09-02T09:20:04Z,12852769,Modern Challenge 32,challenge,modern,Summer 2026,2707200,Kritik,10,1
2026-08-25,2026-09-02T09:20:04Z,12852769,Modern Challenge 32,challenge,modern,Summer 2026,2981783,CursedOcean,11,1
2026-08-25,2026-09-02T09:20:04Z,12852769,Modern Challenge 32,challenge,modern,Summer 2026,3222070,Lightspirit,12,1
2026-08-25,2026-09-02T09:20:04Z,12852769,Modern Challenge 32,challenge,modern,Summer 2026,2042214,Selfeisek,13,1
2026-08-25,2026-09-02T09:20:04Z,12852769,Modern Challenge 32,challenge,modern,Summer 2026,2283377,VampireDiaries,14,1
2026-08-25,2026-09-02T09:20:04Z,12852769,Modern Challenge 32,challenge,modern,Summer 2026,1076951,Kuhmero,15,1
2026-08-25,2026-09-02T09:20:04Z,12852769,Modern Challenge 32,challenge,modern,Summer 2026,3042804,NJ5030,16,1
2026-08-25,2026-09-02T09:20:04Z,12852769,Modern Challenge 32,challenge,modern,Summer 2026,2127900,soggymeatball,17,0
2026-08-25,2026-09-02T09:20:04Z,12852769,Modern Challenge 32,challenge,modern,Summer 2026,3485421,HolaChico,18,0
2026-08-25,2026-09-02T09:20:04Z,12852769,Modern Challenge 32,challenge,modern,Summer 2026,3107576,amin0e,19,0
2026-08-25,2026-09-02T09:20:04Z,12852769,Modern Challenge 32,challenge,modern,Summer 2026,2788809,Chichichi,20,0
2026-08-25,2026-09-02T09:20:04Z,12852769,Modern Challenge 32,challenge,modern,Summer 2026,2261440,quinniac,21,0
2026-08-25,2026-09-02T09:20:04Z,12852769,Modern Challenge 32,challenge,modern,Summer 2026,3542423,PrismaticPrism,22,0
2026-08-25,2026-09-02T09:20:04Z,12852769,Modern Challenge 32,challenge,modern,Summer 2026,3342362,yolad,23,0
2026-08-25,2026-09-02T09:20:04Z,12852769,Modern Challenge 32,challenge,modern,Summer 2026,3535587,Venom01,24,0
2026-08-25,2026-09-02T09:20:04Z,12852769,Modern Challenge 32,challenge,modern,Summer 2026,2446403,justFeather,25,0
2026-08-25,2026-09-02T09:20:04Z,12852769,Modern Challenge 32,challenge,modern,Summer 2026,2872570,Scorpion100,26,0
2026-08-25,2026-09-02T09:20:04Z,12852769,Modern Challenge 32,challenge,modern,Summer 2026,415299,DragonFodder,27,0
2026-08-25,2026-09-02T09:20:04Z,12852769,Modern Challenge 32,challenge,modern,Summer 2026,3124235,SteelClad,28,0
2026-08-25,2026-09-02T09:20:04Z,12852769,Modern Challenge 32,challenge,modern,Summer 2026,2908947,manohito,29,0
2026-08-25,2026-09-02T09:20:04Z,12852769,Modern Challenge 32,challenge,modern,Summer 2026,1210536,musasabi,30,0
2026-08-25,2026-09-02T09:20:04Z,12852769,Modern Challenge 32,challenge,modern,Summer 2026,2865888,Traumatismes,31,0
2026-08-25,2026-09-02T09:20:04Z,12852769,Modern Challenge 32,challenge,modern,Summer 2026,1727039,duanceyao,32,0
2026-08-25,2026-09-02T09:20:04Z,12852770,Modern Challenge 16,challenge,modern,Summer 2026,3222070,Lightspirit,1,5
2026-08-25,2026-09-02T09:20:04Z,12852770,Modern Challenge 16,challenge,modern,Summer 2026,1712831,toondoslav,2,4
2026-08-25,2026-09-02T09:20:04Z,12852770,Modern Challenge 16,challenge,modern,Summer 2026,2607787,TomBombadi1,3,3
2026-08-25,2026-09-02T09:20:04Z,12852770,Modern Challenge 16,challenge,modern,Summer 2026,1952341,ejk,4,3
2026-08-25,2026-09-02T09:20:04Z,12852770,Modern Challenge 16,challenge,modern,Summer 2026,3481307,ReservoirMog,5,2
2026-08-25,2026-09-02T09:20:04Z,12852770,Modern Challenge 16,challenge,modern,Summer 2026,1181017,JPA93,6,2
2026-08-25,2026-09-02T09:20:04Z,12852770,Modern Challenge 16,challenge,modern,Summer 2026,3321836,GreyChroma,7,2
2026-08-25,2026-09-02T09:20:04Z,12852770,Modern Challenge 16,challenge,modern,Summer 2026,1703735,meanfannypack,8,2
2026-08-25,2026-09-02T09:20:04Z,12852770,Modern Challenge 16,challenge,modern,Summer 2026,3116151,crazythursday,9,1
2026-08-25,2026-09-02T09:20:04Z,12852770,Modern Challenge 16,challenge,modern,Summer 2026,2705240,Sorathrix,10,1
2026-08-25,2026-09-02T09:20:04Z,12852770,Modern Challenge 16,challenge,modern,Summer 2026,1210536,musasabi,11,1
2026-08-25,2026-09-02T09:20:04Z,12852770,Modern Challenge 16,challenge,modern,Summer 2026,2995055,Deathmaxx,12,1
2026-08-25,2026-09-02T09:20:04Z,12852770,Modern Challenge 16,challenge,modern,Summer 2026,3254577,The_shallow_grave,13,1
2026-08-25,2026-09-02T09:20:04Z,12852770,Modern Challenge 16,challenge,modern,Summer 2026,2569009,TrueHero,14,1
2026-08-25,2026-09-02T09:20:04Z,12852770,Modern Challenge 16,challenge,modern,Summer 2026,1706283,Laplasjan,15,1
2026-08-25,2026-09-02T09:20:04Z,12852770,Modern Challenge 16,challenge,modern,Summer 2026,2564773,klien7,16,1
2026-08-25,2026-09-02T09:20:04Z,12852770,Modern Challenge 16,challenge,modern,Summer 2026,3499660,sioutis_kk,17,0
2026-08-25,2026-09-02T09:20:04Z,12852770,Modern Challenge 16,challenge,modern,Summer 2026,3535355,FraKoE,18,0
2026-08-25,2026-09-02T09:20:04Z,12852770,Modern Challenge 16,challenge,modern,Summer 2026,3477626,Serosocram,19,0
2026-08-25,2026-09-02T09:20:04Z,12852770,Modern Challenge 16,challenge,modern,Summer 2026,2940494,Dydyk95,20,0
2026-08-25,2026-09-02T09:20:04Z,12852770,Modern Challenge 16,challenge,modern,Summer 2026,2713675,SimoCr,21,0
2026-08-25,2026-09-02T09:20:04Z,12852770,Modern Challenge 16,challenge,modern,Summer 2026,2664302,Grogore,22,0
2026-08-25,2026-09-02T09:20:04Z,12852770,Modern Challenge 16,challenge,modern,Summer 2026,844369,Boucha,23,0
2026-08-25,2026-09-02T09:20:04Z,12852770,Modern Challenge 16,challenge,modern,Summer 2026,1305745,manoah,24,0
2026-08-25,2026-09-02T09:20:04Z,12852770,Modern Challenge 16,challenge,modern,Summer 2026,2013138,bomberboss,25,0
2026-08-25,2026-09-02T09:20:04Z,12852770,Modern Challenge 16,challenge,modern,Summer 2026,2780151,vdboule,26,0
2026-08-25,2026-09-02T09:20:04Z,12852770,Modern Challenge 16,challenge,modern,Summer 2026,3298900,pius23,27,0
2026-08-25,2026-09-02T09:20:04Z,12852770,Modern Challenge 16,challenge,modern,Summer 2026,2865888,Traumatismes,28,0
2026-08-25,2026-09-02T09:20:04Z,12852770,Modern Challenge 16,challenge,modern,Summer 2026,685719,-=Alfa=-,29,0
2026-08-25,2026-09-02T09:20:04Z,12852770,Modern Challenge 16,challenge,modern,Summer 2026,1964476,Cptwalnut,30,0
2026-08-25,2026-09-02T09:20:04Z,12852770,Modern Challenge 16,challenge,modern,Summer 2026,1719515,NuBlkAu,31,0
2026-08-25,2026-09-02T09:20:04Z,12852770,Modern Challenge 16,challenge,modern,Summer 2026,2871058,Eyelash,32,0
2026-08-25,2026-09-02T09:20:04Z,12852776,Modern Challenge 64,challenge,modern,Summer 2026,2940494,Dydyk95,1,5
2026-08-25,2026-09-02T09:20:04Z,12852776,Modern Challenge 64,challenge,modern,Summer 2026,1928132,StormQrow,2,4
2026-08-25,2026-09-02T09:20:04Z,12852776,Modern Challenge 64,challenge,modern,Summer 2026,3074961,SorryImSoTilted,3,3
2026-08-25,2026-09-02T09:20:04Z,12852776,Modern Challenge 64,challenge,modern,Summer 2026,3106246,fazparte,4,3
2026-08-25,2026-09-02T09:20:04Z,12852776,Modern Challenge 64,challenge,modern,Summer 2026,2676196,ziofrancone,5,2
2026-08-25,2026-09-02T09:20:04Z,12852776,Modern Challenge 64,challenge,modern,Summer 2026,1074022,Anemu,6,2
2026-08-25,2026-09-02T09:20:04Z,12852776,Modern Challenge 64,challenge,modern,Summer 2026,3040474,ETBJezus,7,2
2026-08-25,2026-09-02T09:20:04Z,12852776,Modern Challenge 64,challenge,modern,Summer 2026,1237388,shindy,8,2
2026-08-25,2026-09-02T09:20:04Z,12852776,Modern Challenge 64,challenge,modern,Summer 2026,2751360,Azja,9,1
2026-08-25,2026-09-02T09:20:04Z,12852776,Modern Challenge 64,challenge,modern,Summer 2026,2928451,YungDingo,10,1
2026-08-25,2026-09-02T09:20:04Z,12852776,Modern Challenge 64,challenge,modern,Summer 2026,3540949,pedronavaja,11,1
2026-08-25,2026-09-02T09:20:04Z,12852776,Modern Challenge 64,challenge,modern,Summer 2026,2981401,HuUeBR,12,1
2026-08-25,2026-09-02T09:20:04Z,12852776,Modern Challenge 64,challenge,modern,Summer 2026,2153835,bkubit,13,1
2026-08-25,2026-09-02T09:20:04Z,12852776,Modern Challenge 64,challenge,modern,Summer 2026,2984703,cntrlfreak_ttv,14,1
2026-08-25,2026-09-02T09:20:04Z,12852776,Modern Challenge 64,challenge,modern,Summer 2026,3364560,Craig_Long123,15,1
2026-08-25,2026-09-02T09:20:04Z,12852776,Modern Challenge 64,challenge,modern,Summer 2026,845813,Arianne,16,1
2026-08-25,2026-09-02T09:20:04Z,12852776,Modern Challenge 64,challenge,modern,Summer 2026,180817,Thalai,17,0
2026-08-25,2026-09-02T09:20:04Z,12852776,Modern Challenge 64,challenge,modern,Summer 2026,254536,rastaf,18,0
2026-08-25,2026-09-02T09:20:04Z,12852776,Modern Challenge 64,challenge,modern,Summer 2026,3499660,sioutis_kk,19,0
2026-08-25,2026-09-02T09:20:04Z,12852776,Modern Challenge 64,challenge,modern,Summer 2026,10594,Aced5,20,0
2026-08-25,2026-09-02T09:20:04Z,12852776,Modern Challenge 64,challenge,modern,Summer 2026,3183579,Anonieme_Max,21,0
2026-08-25,2026-09-02T09:20:04Z,12852776,Modern Challenge 64,challenge,modern,Summer 2026,575927,kentaro_hokori,22,0
2026-08-25,2026-09-02T09:20:04Z,12852776,Modern Challenge 64,challenge,modern,Summer 2026,3474034,VizosMTG,23,0
2026-08-25,2026-09-02T09:20:04Z,12852776,Modern Challenge 64,challenge,modern,Summer 2026,1113267,yunk3r,24,0
2026-08-25,2026-09-02T09:20:04Z,12852776,Modern Challenge 64,challenge,modern,Summer 2026,3056706,Xsper,25,0
2026-08-25,2026-09-02T09:20:04Z,12852776,Modern Challenge 64,challenge,modern,Summer 2026,277034,Marxelo,26,0
2026-08-25,2026-09-02T09:20:04Z,12852776,Modern Challenge 64,challenge,modern,Summer 2026,3438702,GLSwadow,27,0
2026-08-25,2026-09-02T09:20:04Z,12852776,Modern Challenge 64,challenge,modern,Summer 2026,2636574,Doomenstein,28,0
2026-08-25,2026-09-02T09:20:04Z,12852776,Modern Challenge 64,challenge,modern,Summer 2026,3551828,Mclopi,29,0
2026-08-25,2026-09-02T09:20:04Z,12852776,Modern Challenge 64,challenge,modern,Summer 2026,2261440,quinniac,30,0
2026-08-25,2026-09-02T09:20:04Z,12852776,Modern Challenge 64,challenge,modern,Summer 2026,1059076,claudio0907,31,0
2026-08-25,2026-09-02T09:20:04Z,12852776,Modern Challenge 64,challenge,modern,Summer 2026,1942357,nahuel10,32,0
2026-08-26,2026-09-02T09:20:04Z,12852781,Modern Challenge 96,challenge,modern,Summer 2026,3549579,KajuRoers,1,5
2026-08-26,2026-09-02T09:20:04Z,12852781,Modern Challenge 96,challenge,modern,Summer 2026,1112102,MayoDominaria,2,4
2026-08-26,2026-09-02T09:20:04Z,12852781,Modern Challenge 96,challenge,modern,Summer 2026,1181017,JPA93,3,3
2026-08-26,2026-09-02T09:20:04Z,12852781,Modern Challenge 96,challenge,modern,Summer 2026,2707200,Kritik,4,3
2026-08-26,2026-09-02T09:20:04Z,12852781,Modern Challenge 96,challenge,modern,Summer 2026,2638611,Walker735,5,2
2026-08-26,2026-09-02T09:20:04Z,12852781,Modern Challenge 96,challenge,modern,Summer 2026,2858193,oinkmage22,6,2
2026-08-26,2026-09-02T09:20:04Z,12852781,Modern Challenge 96,challenge,modern,Summer 2026,494936,levunga21,7,2
2026-08-26,2026-09-02T09:20:04Z,12852781,Modern Challenge 96,challenge,modern,Summer 2026,2729974,LBBL,8,2
2026-08-26,2026-09-02T09:20:04Z,12852781,Modern Challenge 96,challenge,modern,Summer 2026,3293313,Takayama,9,1
2026-08-26,2026-09-02T09:20:04Z,12852781,Modern Challenge 96,challenge,modern,Summer 2026,3222070,Lightspirit,10,1
2026-08-26,2026-09-02T09:20:04Z,12852781,Modern Challenge 96,challenge,modern,Summer 2026,2640770,Alico,11,1
2026-08-26,2026-09-02T09:20:04Z,12852781,Modern Challenge 96,challenge,modern,Summer 2026,3135327,BoreiMTG,12,1
2026-08-26,2026-09-02T09:20:04Z,12852781,Modern Challenge 96,challenge,modern,Summer 2026,1156605,starfall,13,1
2026-08-26,2026-09-02T09:20:04Z,12852781,Modern Challenge 96,challenge,modern,Summer 2026,2717364,ElbowSoap,14,1
2026-08-26,2026-09-02T09:20:04Z,12852781,Modern Challenge 96,challenge,modern,Summer 2026,254536,rastaf,15,1
2026-08-26,2026-09-02T09:20:04Z,12852781,Modern Challenge 96,challenge,modern,Summer 2026,1210536,musasabi,16,1
2026-08-26,2026-09-02T09:20:04Z,12852781,Modern Challenge 96,challenge,modern,Summer 2026,3100094,elvish-misclick,17,0
2026-08-26,2026-09-02T09:20:04Z,12852781,Modern Challenge 96,challenge,modern,Summer 2026,331829,slaxx,18,0
2026-08-26,2026-09-02T09:20:04Z,12852781,Modern Challenge 96,challenge,modern,Summer 2026,1952341,ejk,19,0
2026-08-26,2026-09-02T09:20:04Z,12852781,Modern Challenge 96,challenge,modern,Summer 2026,1942357,nahuel10,20,0
2026-08-26,2026-09-02T09:20:04Z,12852781,Modern Challenge 96,challenge,modern,Summer 2026,3175692,_Chamytinho_,21,0
2026-08-26,2026-09-02T09:20:04Z,12852781,Modern Challenge 96,challenge,modern,Summer 2026,2064081,SuperCow12653,22,0
2026-08-26,2026-09-02T09:20:04Z,12852781,Modern Challenge 96,challenge,modern,Summer 2026,3183579,Anonieme_Max,23,0
2026-08-26,2026-09-02T09:20:04Z,12852781,Modern Challenge 96,challenge,modern,Summer 2026,676549,Alakai,24,0
2026-08-26,2026-09-02T09:20:04Z,12852781,Modern Challenge 96,challenge,modern,Summer 2026,1742159,peter780108,25,0
2026-08-26,2026-09-02T09:20:04Z,12852781,Modern Challenge 96,challenge,modern,Summer 2026,2709546,Evariel,26,0
2026-08-26,2026-09-02T09:20:04Z,12852781,Modern Challenge 96,challenge,modern,Summer 2026,3551828,Mclopi,27,0
2026-08-26,2026-09-02T09:20:04Z,12852781,Modern Challenge 96,challenge,modern,Summer 2026,1237388,shindy,28,0
2026-08-26,2026-09-02T09:20:04Z,12852781,Modern Challenge 96,challenge,modern,Summer 2026,2690892,Ghost11157,29,0
2026-08-26,2026-09-02T09:20:04Z,12852781,Modern Challenge 96,challenge,modern,Summer 2026,2718288,ElPuerco,30,0
2026-08-26,2026-09-02T09:20:04Z,12852781,Modern Challenge 96,challenge,modern,Summer 2026,2122697,kthanakit26,31,0
2026-08-26,2026-09-02T09:20:04Z,12852781,Modern Challenge 96,challenge,modern,Summer 2026,2309846,bozo2112,32,0
2026-08-26,2026-09-02T09:20:04Z,12853160,Modern Challenge 32,challenge,modern,Summer 2026,880239,jussupinator,1,5
2026-08-26,2026-09-02T09:20:04Z,12853160,Modern Challenge 32,challenge,modern,Summer 2026,1387059,cgouldner,2,4
2026-08-26,2026-09-02T09:20:04Z,12853160,Modern Challenge 32,challenge,modern,Summer 2026,2753736,RNicoF,3,3
2026-08-26,2026-09-02T09:20:04Z,12853160,Modern Challenge 32,challenge,modern,Summer 2026,2283377,VampireDiaries,4,3
2026-08-26,2026-09-02T09:20:04Z,12853160,Modern Challenge 32,challenge,modern,Summer 2026,2873371,frekinsmart,5,2
2026-08-26,2026-09-02T09:20:04Z,12853160,Modern Challenge 32,challenge,modern,Summer 2026,3536967,GMFischer,6,2
2026-08-26,2026-09-02T09:20:04Z,12853160,Modern Challenge 32,challenge,modern,Summer 2026,2908947,manohito,7,2
2026-08-26,2026-09-02T09:20:04Z,12853160,Modern Challenge 32,challenge,modern,Summer 2026,2839061,MercurialChemister,8,2
2026-08-26,2026-09-02T09:20:04Z,12853160,Modern Challenge 32,challenge,modern,Summer 2026,254536,rastaf,9,1
2026-08-26,2026-09-02T09:20:04Z,12853160,Modern Challenge 32,challenge,modern,Summer 2026,2064081,SuperCow12653,10,1
2026-08-26,2026-09-02T09:20:04Z,12853160,Modern Challenge 32,challenge,modern,Summer 2026,2529433,Goscar,11,1
2026-08-26,2026-09-02T09:20:04Z,12853160,Modern Challenge 32,challenge,modern,Summer 2026,1991529,tonyjones22,12,1
2026-08-26,2026-09-02T09:20:04Z,12853160,Modern Challenge 32,challenge,modern,Summer 2026,315946,RandomGameActions,13,1
2026-08-26,2026-09-02T09:20:04Z,12853160,Modern Challenge 32,challenge,modern,Summer 2026,1618758,selesneal,14,1
2026-08-26,2026-09-02T09:20:04Z,12853160,Modern Challenge 32,challenge,modern,Summer 2026,2707200,Kritik,15,1
2026-08-26,2026-09-02T09:20:04Z,12853160,Modern Challenge 32,challenge,modern,Summer 2026,2776772,narca,16,1
2026-08-26,2026-09-02T09:20:04Z,12853160,Modern Challenge 32,challenge,modern,Summer 2026,2947363,TooManySnacks,17,0
2026-08-26,2026-09-02T09:20:04Z,12853160,Modern Challenge 32,challenge,modern,Summer 2026,2243002,TheTaxCollector,18,0
2026-08-26,2026-09-02T09:20:04Z,12853160,Modern Challenge 32,challenge,modern,Summer 2026,3056706,Xsper,19,0
2026-08-26,2026-09-02T09:20:04Z,12853160,Modern Challenge 32,challenge,modern,Summer 2026,1695657,Hazzrd,20,0
2026-08-26,2026-09-02T09:20:04Z,12853160,Modern Challenge 32,challenge,modern,Summer 2026,2204845,TuckerMTG,21,0
2026-08-26,2026-09-02T09:20:04Z,12853160,Modern Challenge 32,challenge,modern,Summer 2026,3285170,Scooby_Snacks,22,0
2026-08-26,2026-09-02T09:20:04Z,12853160,Modern Challenge 32,challenge,modern,Summer 2026,3560747,ipadkid,23,0
2026-08-26,2026-09-02T09:20:04Z,12853160,Modern Challenge 32,challenge,modern,Summer 2026,2968680,NathanOfTheGiltLeaf,24,0
2026-08-26,2026-09-02T09:20:04Z,12853160,Modern Challenge 32,challenge,modern,Summer 2026,2092528,Sam_Lewin,25,0
2026-08-26,2026-09-02T09:20:04Z,12853160,Modern Challenge 32,challenge,modern,Summer 2026,3006274,MyrRetriever,26,0
2026-08-26,2026-09-02T09:20:04Z,12853160,Modern Challenge 32,challenge,modern,Summer 2026,3359144,TheColorOfBoom,27,0
2026-08-26,2026-09-02T09:20:04Z,12853160,Modern Challenge 32,challenge,modern,Summer 2026,415299,DragonFodder,28,0
2026-08-26,2026-09-02T09:20:04Z,12853160,Modern Challenge 32,challenge,modern,Summer 2026,1784729,ShinySyduck,29,0
2026-08-26,2026-09-02T09:20:04Z,12853160,Modern Challenge 32,challenge,modern,Summer 2026,1942357,nahuel10,30,0
2026-08-26,2026-09-02T09:20:04Z,12853160,Modern Challenge 32,challenge,modern,Summer 2026,3162448,-Grissom-,31,0
2026-08-26,2026-09-02T09:20:04Z,12853160,Modern Challenge 32,challenge,modern,Summer 2026,750888,LucasG1ggs,32,0
2026-08-27,2026-09-02T09:20:04Z,12853171,Modern Challenge 64,challenge,modern,Summer 2026,2886236,lunaloveee,1,5
2026-08-27,2026-09-02T09:20:04Z,12853171,Modern Challenge 64,challenge,modern,Summer 2026,1862893,ls149950,2,4
2026-08-27,2026-09-02T09:20:04Z,12853171,Modern Challenge 64,challenge,modern,Summer 2026,2831734,KingOfGames1522,3,3
2026-08-27,2026-09-02T09:20:04Z,12853171,Modern Challenge 64,challenge,modern,Summer 2026,3542423,PrismaticPrism,4,3
2026-08-27,2026-09-02T09:20:04Z,12853171,Modern Challenge 64,challenge,modern,Summer 2026,254536,rastaf,5,2
2026-08-27,2026-09-02T09:20:04Z,12853171,Modern Challenge 64,challenge,modern,Summer 2026,2618500,Jumba,6,2
2026-08-27,2026-09-02T09:20:04Z,12853171,Modern Challenge 64,challenge,modern,Summer 2026,453404,_Batutinha_,7,2
2026-08-27,2026-09-02T09:20:04Z,12853171,Modern Challenge 64,challenge,modern,Summer 2026,574591,Watchwolf92,8,2
2026-08-27,2026-09-02T09:20:04Z,12853171,Modern Challenge 64,challenge,modern,Summer 2026,3076886,Thunus,9,1
2026-08-27,2026-09-02T09:20:04Z,12853171,Modern Challenge 64,challenge,modern,Summer 2026,2569009,TrueHero,10,1
2026-08-27,2026-09-02T09:20:04Z,12853171,Modern Challenge 64,challenge,modern,Summer 2026,3222070,Lightspirit,11,1
2026-08-27,2026-09-02T09:20:04Z,12853171,Modern Challenge 64,challenge,modern,Summer 2026,2537131,yriel,12,1
2026-08-27,2026-09-02T09:20:04Z,12853171,Modern Challenge 64,challenge,modern,Summer 2026,643454,Sarlanga,13,1
2026-08-27,2026-09-02T09:20:04Z,12853171,Modern Challenge 64,challenge,modern,Summer 2026,1084298,Gerschi,14,1
2026-08-27,2026-09-02T09:20:04Z,12853171,Modern Challenge 64,challenge,modern,Summer 2026,3560747,ipadkid,15,1
2026-08-27,2026-09-02T09:20:04Z,12853171,Modern Challenge 64,challenge,modern,Summer 2026,2789793,SilverSeraph123,16,1
2026-08-27,2026-09-02T09:20:04Z,12853171,Modern Challenge 64,challenge,modern,Summer 2026,2911978,Pompuskaya,17,0
2026-08-27,2026-09-02T09:20:04Z,12853171,Modern Challenge 64,challenge,modern,Summer 2026,3536967,GMFischer,18,0
2026-08-27,2026-09-02T09:20:04Z,12853171,Modern Challenge 64,challenge,modern,Summer 2026,1742159,peter780108,19,0
2026-08-27,2026-09-02T09:20:04Z,12853171,Modern Challenge 64,challenge,modern,Summer 2026,2702823,Kael95,20,0
2026-08-27,2026-09-02T09:20:04Z,12853171,Modern Challenge 64,challenge,modern,Summer 2026,2702005,Rashek,21,0
2026-08-27,2026-09-02T09:20:04Z,12853171,Modern Challenge 64,challenge,modern,Summer 2026,2822464,Pleyboy,22,0
2026-08-27,2026-09-02T09:20:04Z,12853171,Modern Challenge 64,challenge,modern,Summer 2026,2976701,PorkMcPie,23,0
2026-08-27,2026-09-02T09:20:04Z,12853171,Modern Challenge 64,challenge,modern,Summer 2026,3470560,dawido,24,0
2026-08-27,2026-09-02T09:20:04Z,12853171,Modern Challenge 64,challenge,modern,Summer 2026,2680052,Uagli1,25,0
2026-08-27,2026-09-02T09:20:04Z,12853171,Modern Challenge 64,challenge,modern,Summer 2026,3475757,Persona_Non_Grata,26,0
2026-08-27,2026-09-02T09:20:04Z,12853171,Modern Challenge 64,challenge,modern,Summer 2026,2246917,Dabol-R,27,0
2026-08-27,2026-09-02T09:20:04Z,12853171,Modern Challenge 64,challenge,modern,Summer 2026,2449332,xfile,28,0
2026-08-27,2026-09-02T09:20:04Z,12853171,Modern Challenge 64,challenge,modern,Summer 2026,2921975,NickBolas90,29,0
2026-08-27,2026-09-02T09:20:04Z,12853171,Modern Challenge 64,challenge,modern,Summer 2026,2764694,Brunes,30,0
2026-08-27,2026-09-02T09:20:04Z,12853171,Modern Challenge 64,challenge,modern,Summer 2026,3050181,ResponsiblyStupid,31,0
2026-08-27,2026-09-02T09:20:04Z,12853171,Modern Challenge 64,challenge,modern,Summer 2026,535716,Capitano_CL,32,0
2026-08-28,2026-09-02T09:20:04Z,12853181,Modern Challenge 64,challenge,modern,Summer 2026,2544700,MdvWin,1,5
2026-08-28,2026-09-02T09:20:04Z,12853181,Modern Challenge 64,challenge,modern,Summer 2026,1940271,BressD1,2,4
2026-08-28,2026-09-02T09:20:04Z,12853181,Modern Challenge 64,challenge,modern,Summer 2026,111234,firstshot,3,3
2026-08-28,2026-09-02T09:20:04Z,12853181,Modern Challenge 64,challenge,modern,Summer 2026,962660,walshi4life,4,3
2026-08-28,2026-09-02T09:20:04Z,12853181,Modern Challenge 64,challenge,modern,Summer 2026,2130633,ShadowTitan1,5,2
2026-08-28,2026-09-02T09:20:04Z,12853181,Modern Challenge 64,challenge,modern,Summer 2026,1997060,mtwhet,6,2
2026-08-28,2026-09-02T09:20:04Z,12853181,Modern Challenge 64,challenge,modern,Summer 2026,3003904,elBB,7,2
2026-08-28,2026-09-02T09:20:04Z,12853181,Modern Challenge 64,challenge,modern,Summer 2026,2956563,Slyker,8,2
2026-08-28,2026-09-02T09:20:04Z,12853181,Modern Challenge 64,challenge,modern,Summer 2026,1237388,shindy,9,1
2026-08-28,2026-09-02T09:20:04Z,12853181,Modern Challenge 64,challenge,modern,Summer 2026,3536967,GMFischer,10,1
2026-08-28,2026-09-02T09:20:04Z,12853181,Modern Challenge 64,challenge,modern,Summer 2026,2747375,DemianDesposito10,11,1
2026-08-28,2026-09-02T09:20:04Z,12853181,Modern Challenge 64,challenge,modern,Summer 2026,815932,unagieel,12,1
2026-08-28,2026-09-02T09:20:04Z,12853181,Modern Challenge 64,challenge,modern,Summer 2026,3094324,PedraStone,13,1
2026-08-28,2026-09-02T09:20:04Z,12853181,Modern Challenge 64,challenge,modern,Summer 2026,2096186,kennydarko,14,1
2026-08-28,2026-09-02T09:20:04Z,12853181,Modern Challenge 64,challenge,modern,Summer 2026,1997683,hugofreitas1,15,1
2026-08-28,2026-09-02T09:20:04Z,12853181,Modern Challenge 64,challenge,modern,Summer 2026,3123572,Marmotte_Lambda,16,1
2026-08-28,2026-09-02T09:20:04Z,12853181,Modern Challenge 64,challenge,modern,Summer 2026,3135327,BoreiMTG,17,0
2026-08-28,2026-09-02T09:20:04Z,12853181,Modern Challenge 64,challenge,modern,Summer 2026,2464763,Savior0117,18,0
2026-08-28,2026-09-02T09:20:04Z,12853181,Modern Challenge 64,challenge,modern,Summer 2026,2271998,Blitzlion27,19,0
2026-08-28,2026-09-02T09:20:04Z,12853181,Modern Challenge 64,challenge,modern,Summer 2026,2424281,Ignotus97,20,0
2026-08-28,2026-09-02T09:20:04Z,12853181,Modern Challenge 64,challenge,modern,Summer 2026,1847500,Gobern,21,0
2026-08-28,2026-09-02T09:20:04Z,12853181,Modern Challenge 64,challenge,modern,Summer 2026,2776772,narca,22,0
2026-08-28,2026-09-02T09:20:04Z,12853181,Modern Challenge 64,challenge,modern,Summer 2026,3069560,Pafru,23,0
2026-08-28,2026-09-02T09:20:04Z,12853181,Modern Challenge 64,challenge,modern,Summer 2026,574591,Watchwolf92,24,0
2026-08-28,2026-09-02T09:20:04Z,12853181,Modern Challenge 64,challenge,modern,Summer 2026,2454058,scipios,25,0
2026-08-28,2026-09-02T09:20:04Z,12853181,Modern Challenge 64,challenge,modern,Summer 2026,2064081,SuperCow12653,26,0
2026-08-28,2026-09-02T09:20:04Z,12853181,Modern Challenge 64,challenge,modern,Summer 2026,864036,renatoaraujo,27,0
2026-08-28,2026-09-02T09:20:04Z,12853181,Modern Challenge 64,challenge,modern,Summer 2026,3076886,Thunus,28,0
2026-08-28,2026-09-02T09:20:04Z,12853181,Modern Challenge 64,challenge,modern,Summer 2026,1041920,RCMerriam,29,0
2026-08-28,2026-09-02T09:20:04Z,12853181,Modern Challenge 64,challenge,modern,Summer 2026,1852645,patheus_84,30,0
2026-08-28,2026-09-02T09:20:04Z,12853181,Modern Challenge 64,challenge,modern,Summer 2026,2957500,unworldlyorigin,31,0
2026-08-28,2026-09-02T09:20:04Z,12853181,Modern Challenge 64,challenge,modern,Summer 2026,3488559,DeepDisherino,32,0
2026-08-29,2026-09-02T09:20:04Z,12853163,Modern Showcase Challenge,premier,modern,Summer 2026,254536,rastaf,1,10
2026-08-29,2026-09-02T09:20:04Z,12853163,Modern Showcase Challenge,premier,modern,Summer 2026,2391802,TonyScapone,2,8
2026-08-29,2026-09-02T09:20:04Z,12853163,Modern Showcase Challenge,premier,modern,Summer 2026,1428769,Xwhale,3,6
2026-08-29,2026-09-02T09:20:04Z,12853163,Modern Showcase Challenge,premier,modern,Summer 2026,3220713,DskBayWolf,4,6
2026-08-29,2026-09-02T09:20:04Z,12853163,Modern Showcase Challenge,premier,modern,Summer 2026,1210536,musasabi,5,4
2026-08-29,2026-09-02T09:20:04Z,12853163,Modern Showcase Challenge,premier,modern,Summer 2026,449733,levelerlover,6,4
2026-08-29,2026-09-02T09:20:04Z,12853163,Modern Showcase Challenge,premier,modern,Summer 2026,3122660,E90_DeliveryBoy,7,4
2026-08-29,2026-09-02T09:20:04Z,12853163,Modern Showcase Challenge,premier,modern,Summer 2026,2720911,Cachorrowo,8,4
2026-08-29,2026-09-02T09:20:04Z,12853163,Modern Showcase Challenge,premier,modern,Summer 2026,1940271,BressD1,9,2
2026-08-29,2026-09-02T09:20:04Z,12853163,Modern Showcase Challenge,premier,modern,Summer 2026,2690217,komattaman,10,2
2026-08-29,2026-09-02T09:20:04Z,12853163,Modern Showcase Challenge,premier,modern,Summer 2026,2908947,manohito,11,2
2026-08-29,2026-09-02T09:20:04Z,12853163,Modern Showcase Challenge,premier,modern,Summer 2026,1727039,duanceyao,12,2
2026-08-29,2026-09-02T09:20:04Z,12853163,Modern Showcase Challenge,premier,modern,Summer 2026,1952846,Lord_Beerus,13,2
2026-08-29,2026-09-02T09:20:04Z,12853163,Modern Showcase Challenge,premier,modern,Summer 2026,1237388,shindy,14,2
2026-08-29,2026-09-02T09:20:04Z,12853163,Modern Showcase Challenge,premier,modern,Summer 2026,2298957,rerere,15,2
2026-08-29,2026-09-02T09:20:04Z,12853163,Modern Showcase Challenge,premier,modern,Summer 2026,803141,McWinSauce,16,2
2026-08-29,2026-09-02T09:20:04Z,12853163,Modern Showcase Challenge,premier,modern,Summer 2026,3175692,_Chamytinho_,17,0
2026-08-29,2026-09-02T09:20:04Z,12853163,Modern Showcase Challenge,premier,modern,Summer 2026,2522150,Slasher21,18,0
2026-08-29,2026-09-02T09:20:04Z,12853163,Modern Showcase Challenge,premier,modern,Summer 2026,1700365,Tetsubou,19,0
2026-08-29,2026-09-02T09:20:04Z,12853163,Modern Showcase Challenge,premier,modern,Summer 2026,3095953,DelverFofoqueiro,20,0
2026-08-29,2026-09-02T09:20:04Z,12853163,Modern Showcase Challenge,premier,modern,Summer 2026,2272105,pepeteam,21,0
2026-08-29,2026-09-02T09:20:04Z,12853163,Modern Showcase Challenge,premier,modern,Summer 2026,1862893,ls149950,22,0
2026-08-29,2026-09-02T09:20:04Z,12853163,Modern Showcase Challenge,premier,modern,Summer 2026,2859998,ROUTER_SMITER,23,0
2026-08-29,2026-09-02T09:20:04Z,12853163,Modern Showcase Challenge,premier,modern,Summer 2026,2975418,Markx_iZZ,24,0
2026-08-29,2026-09-02T09:20:04Z,12853163,Modern Showcase Challenge,premier,modern,Summer 2026,2683189,Ale_Mtg,25,0
2026-08-29,2026-09-02T09:20:04Z,12853163,Modern Showcase Challenge,premier,modern,Summer 2026,3076886,Thunus,26,0
2026-08-29,2026-09-02T09:20:04Z,12853163,Modern Showcase Challenge,premier,modern,Summer 2026,3415205,Diomed_Tidid,27,0
2026-08-29,2026-09-02T09:20:04Z,12853163,Modern Showcase Challenge,premier,modern,Summer 2026,2903591,MeninoNey,28,0
2026-08-29,2026-09-02T09:20:04Z,12853163,Modern Showcase Challenge,premier,modern,Summer 2026,3474034,VizosMTG,29,0
2026-08-29,2026-09-02T09:20:04Z,12853163,Modern Showcase Challenge,premier,modern,Summer 2026,3012164,Thronhart,30,0
2026-08-29,2026-09-02T09:20:04Z,12853163,Modern Showcase Challenge,premier,modern,Summer 2026,2753736,RNicoF,31,0
2026-08-29,2026-09-02T09:20:04Z,12853163,Modern Showcase Challenge,premier,modern,Summer 2026,3149769,Otifex,32,0
2026-08-29,2026-09-02T09:20:04Z,12853186,Modern Challenge 64,challenge,modern,Summer 2026,880239,jussupinator,1,5
2026-08-29,2026-09-02T09:20:04Z,12853186,Modern Challenge 64,challenge,modern,Summer 2026,1997683,hugofreitas1,2,4
2026-08-29,2026-09-02T09:20:04Z,12853186,Modern Challenge 64,challenge,modern,Summer 2026,2063678,HelpfulHobo,3,3
2026-08-29,2026-09-02T09:20:04Z,12853186,Modern Challenge 64,challenge,modern,Summer 2026,2042214,Selfeisek,4,3
2026-08-29,2026-09-02T09:20:04Z,12853186,Modern Challenge 64,challenge,modern,Summer 2026,3535587,Venom01,5,2
2026-08-29,2026-09-02T09:20:04Z,12853186,Modern Challenge 64,challenge,modern,Summer 2026,2691811,JustAnotherGuy83,6,2
2026-08-29,2026-09-02T09:20:04Z,12853186,Modern Challenge 64,challenge,modern,Summer 2026,2537131,yriel,7,2
2026-08-29,2026-09-02T09:20:04Z,12853186,Modern Challenge 64,challenge,modern,Summer 2026,2903591,MeninoNey,8,2
2026-08-29,2026-09-02T09:20:04Z,12853186,Modern Challenge 64,challenge,modern,Summer 2026,1155448,Bagoot,9,1
2026-08-29,2026-09-02T09:20:04Z,12853186,Modern Challenge 64,challenge,modern,Summer 2026,1700365,Tetsubou,10,1
2026-08-29,2026-09-02T09:20:04Z,12853186,Modern Challenge 64,challenge,modern,Summer 2026,2707045,E_Kaminuma,11,1
2026-08-29,2026-09-02T09:20:04Z,12853186,Modern Challenge 64,challenge,modern,Summer 2026,3006274,MyrRetriever,12,1
2026-08-29,2026-09-02T09:20:04Z,12853186,Modern Challenge 64,challenge,modern,Summer 2026,476834,zturchan,13,1
2026-08-29,2026-09-02T09:20:04Z,12853186,Modern Challenge 64,challenge,modern,Summer 2026,1942357,nahuel10,14,1
2026-08-29,2026-09-02T09:20:04Z,12853186,Modern Challenge 64,challenge,modern,Summer 2026,2257869,kasiso,15,1
2026-08-29,2026-09-02T09:20:04Z,12853186,Modern Challenge 64,challenge,modern,Summer 2026,2137107,Arcbound_Papi,16,1
2026-08-29,2026-09-02T09:20:04Z,12853186,Modern Challenge 64,challenge,modern,Summer 2026,3449761,Brazeredo,17,0
2026-08-29,2026-09-02T09:20:04Z,12853186,Modern Challenge 64,challenge,modern,Summer 2026,3233479,Asa_Akira,18,0
2026-08-29,2026-09-02T09:20:04Z,12853186,Modern Challenge 64,challenge,modern,Summer 2026,3185788,JhonnySeJugar,19,0
2026-08-29,2026-09-02T09:20:04Z,12853186,Modern Challenge 64,challenge,modern,Summer 2026,2301700,qmcgarry45,20,0
2026-08-29,2026-09-02T09:20:04Z,12853186,Modern Challenge 64,challenge,modern,Summer 2026,3383182,DenimHero19,21,0
2026-08-29,2026-09-02T09:20:04Z,12853186,Modern Challenge 64,challenge,modern,Summer 2026,3017502,Prim3Time,22,0
2026-08-29,2026-09-02T09:20:04Z,12853186,Modern Challenge 64,challenge,modern,Summer 2026,2705240,Sorathrix,23,0
2026-08-29,2026-09-02T09:20:04Z,12853186,Modern Challenge 64,challenge,modern,Summer 2026,3143623,Fransadness,24,0
2026-08-29,2026-09-02T09:20:04Z,12853186,Modern Challenge 64,challenge,modern,Summer 2026,875470,Tree42o,25,0
2026-08-29,2026-09-02T09:20:04Z,12853186,Modern Challenge 64,challenge,modern,Summer 2026,3321836,GreyChroma,26,0
2026-08-29,2026-09-02T09:20:04Z,12853186,Modern Challenge 64,challenge,modern,Summer 2026,2947363,TooManySnacks,27,0
2026-08-29,2026-09-02T09:20:04Z,12853186,Modern Challenge 64,challenge,modern,Summer 2026,750888,LucasG1ggs,28,0
2026-08-29,2026-09-02T09:20:04Z,12853186,Modern Challenge 64,challenge,modern,Summer 2026,3072435,PeasOfCrab,29,0
2026-08-29,2026-09-02T09:20:04Z,12853186,Modern Challenge 64,challenge,modern,Summer 2026,3056706,Xsper,30,0
2026-08-29,2026-09-02T09:20:04Z,12853186,Modern Challenge 64,challenge,modern,Summer 2026,535716,Capitano_CL,31,0
2026-08-29,2026-09-02T09:20:04Z,12853186,Modern Challenge 64,challenge,modern,Summer 2026,1096446,Ztenod,32,0
2026-08-29,2026-09-02T09:20:04Z,12853187,Modern Challenge 16,challenge,modern,Summer 2026,1730432,Silk_lobelia,1,5
2026-08-29,2026-09-02T09:20:04Z,12853187,Modern Challenge 16,challenge,modern,Summer 2026,3415154,AoKashikosa,2,4
2026-08-29,2026-09-02T09:20:04Z,12853187,Modern Challenge 16,challenge,modern,Summer 2026,3474034,VizosMTG,3,3
2026-08-29,2026-09-02T09:20:04Z,12853187,Modern Challenge 16,challenge,modern,Summer 2026,3123572,Marmotte_Lambda,4,3
2026-08-29,2026-09-02T09:20:04Z,12853187,Modern Challenge 16,challenge,modern,Summer 2026,3405508,stefansson30952,5,2
2026-08-29,2026-09-02T09:20:04Z,12853187,Modern Challenge 16,challenge,modern,Summer 2026,1111702,oskiyaa,6,2
2026-08-29,2026-09-02T09:20:04Z,12853187,Modern Challenge 16,challenge,modern,Summer 2026,2322146,felider,7,2
2026-08-29,2026-09-02T09:20:04Z,12853187,Modern Challenge 16,challenge,modern,Summer 2026,741295,medvedev,8,2
2026-08-29,2026-09-02T09:20:04Z,12853187,Modern Challenge 16,challenge,modern,Summer 2026,2498069,_Falcon_,9,1
2026-08-29,2026-09-02T09:20:04Z,12853187,Modern Challenge 16,challenge,modern,Summer 2026,639998,imthekiing,10,1
2026-08-29,2026-09-02T09:20:04Z,12853187,Modern Challenge 16,challenge,modern,Summer 2026,2537131,yriel,11,1
2026-08-29,2026-09-02T09:20:04Z,12853187,Modern Challenge 16,challenge,modern,Summer 2026,1942357,nahuel10,12,1
2026-08-29,2026-09-02T09:20:04Z,12853187,Modern Challenge 16,challenge,modern,Summer 2026,2759230,-Nausea-,13,1
2026-08-29,2026-09-02T09:20:04Z,12853187,Modern Challenge 16,challenge,modern,Summer 2026,559515,Dreddybajs,14,1
2026-08-29,2026-09-02T09:20:04Z,12853187,Modern Challenge 16,challenge,modern,Summer 2026,3572605,DYXJ65,15,1
2026-08-29,2026-09-02T09:20:04Z,12853187,Modern Challenge 16,challenge,modern,Summer 2026,2802384,Marvelman123,16,1
2026-08-29,2026-09-02T09:20:04Z,12853187,Modern Challenge 16,challenge,modern,Summer 2026,2621451,SanPop,17,0
2026-08-29,2026-09-02T09:20:04Z,12853187,Modern Challenge 16,challenge,modern,Summer 2026,3185952,narcatrashcan,18,0
2026-08-29,2026-09-02T09:20:04Z,12853187,Modern Challenge 16,challenge,modern,Summer 2026,759973,Bayesta_93,19,0
2026-08-29,2026-09-02T09:20:04Z,12853187,Modern Challenge 16,challenge,modern,Summer 2026,1181017,JPA93,20,0
2026-08-29,2026-09-02T09:20:04Z,12853187,Modern Challenge 16,challenge,modern,Summer 2026,3361215,Mura505,21,0
2026-08-29,2026-09-02T09:20:04Z,12853187,Modern Challenge 16,challenge,modern,Summer 2026,2045296,JV_7777,22,0
2026-08-29,2026-09-02T09:20:04Z,12853187,Modern Challenge 16,challenge,modern,Summer 2026,1198783,morris,23,0
2026-08-29,2026-09-02T09:20:04Z,12853187,Modern Challenge 16,challenge,modern,Summer 2026,2807068,Napoleon_I,24,0
2026-08-29,2026-09-02T09:20:04Z,12853187,Modern Challenge 16,challenge,modern,Summer 2026,3565947,albertosd87,25,0
2026-08-29,2026-09-02T09:20:04Z,12853187,Modern Challenge 16,challenge,modern,Summer 2026,1104991,Lostwanderer,26,0
2026-08-29,2026-09-02T09:20:04Z,12853187,Modern Challenge 16,challenge,modern,Summer 2026,2776772,narca,27,0
2026-08-29,2026-09-02T09:20:04Z,12853187,Modern Challenge 16,challenge,modern,Summer 2026,2397690,416FrowningTable,28,0
2026-08-29,2026-09-02T09:20:04Z,12853187,Modern Challenge 16,challenge,modern,Summer 2026,2257869,kasiso,29,0
2026-08-29,2026-09-02T09:20:04Z,12853187,Modern Challenge 16,challenge,modern,Summer 2026,3379209,Manascrew161,30,0
2026-08-29,2026-09-02T09:20:04Z,12853187,Modern Challenge 16,challenge,modern,Summer 2026,3555364,W_DN,31,0
2026-08-29,2026-09-02T09:20:04Z,12853187,Modern Challenge 16,challenge,modern,Summer 2026,2861105,Gxs3v3n,32,0
2026-08-29,2026-09-02T09:20:04Z,12853192,Modern Challenge 64,challenge,modern,Summer 2026,659635,elvin7,1,5
2026-08-29,2026-09-02T09:20:04Z,12853192,Modern Challenge 64,challenge,modern,Summer 2026,1155358,oosunq,2,4
2026-08-29,2026-09-02T09:20:04Z,12853192,Modern Challenge 64,challenge,modern,Summer 2026,494270,therock988,3,3
2026-08-29,2026-09-02T09:20:04Z,12853192,Modern Challenge 64,challenge,modern,Summer 2026,603790,AzNsOuL,4,3
2026-08-29,2026-09-02T09:20:04Z,12853192,Modern Challenge 64,challenge,modern,Summer 2026,2822464,Pleyboy,5,2
2026-08-29,2026-09-02T09:20:04Z,12853192,Modern Challenge 64,challenge,modern,Summer 2026,2920490,IrIWANG,6,2
2026-08-29,2026-09-02T09:20:04Z,12853192,Modern Challenge 64,challenge,modern,Summer 2026,315547,bunnyfat,7,2
2026-08-29,2026-09-02T09:20:04Z,12853192,Modern Challenge 64,challenge,modern,Summer 2026,2001916,Darthkid,8,2
2026-08-29,2026-09-02T09:20:04Z,12853192,Modern Challenge 64,challenge,modern,Summer 2026,453404,_Batutinha_,9,1
2026-08-29,2026-09-02T09:20:04Z,12853192,Modern Challenge 64,challenge,modern,Summer 2026,2069446,lourice,10,1
2026-08-29,2026-09-02T09:20:04Z,12853192,Modern Challenge 64,challenge,modern,Summer 2026,2813192,Arkany1,11,1
2026-08-29,2026-09-02T09:20:04Z,12853192,Modern Challenge 64,challenge,modern,Summer 2026,2721329,joaobelo92,12,1
2026-08-29,2026-09-02T09:20:04Z,12853192,Modern Challenge 64,challenge,modern,Summer 2026,2137107,Arcbound_Papi,13,1
2026-08-29,2026-09-02T09:20:04Z,12853192,Modern Challenge 64,challenge,modern,Summer 2026,3413176,jjcbupt,14,1
2026-08-29,2026-09-02T09:20:04Z,12853192,Modern Challenge 64,challenge,modern,Summer 2026,2898953,SpockVidaLoka,15,1
2026-08-29,2026-09-02T09:20:04Z,12853192,Modern Challenge 64,challenge,modern,Summer 2026,3353750,bathutubgod,16,1
2026-08-29,2026-09-02T09:20:04Z,12853192,Modern Challenge 64,challenge,modern,Summer 2026,3511452,Craigpuncher,17,0
2026-08-29,2026-09-02T09:20:04Z,12853192,Modern Challenge 64,challenge,modern,Summer 2026,3069560,Pafru,18,0
2026-08-29,2026-09-02T09:20:04Z,12853192,Modern Challenge 64,challenge,modern,Summer 2026,3230515,Devoured,19,0
2026-08-29,2026-09-02T09:20:04Z,12853192,Modern Challenge 64,challenge,modern,Summer 2026,1174989,Blinkmoth-Nexus,20,0
2026-08-29,2026-09-02T09:20:04Z,12853192,Modern Challenge 64,challenge,modern,Summer 2026,2537131,yriel,21,0
2026-08-29,2026-09-02T09:20:04Z,12853192,Modern Challenge 64,challenge,modern,Summer 2026,1852645,patheus_84,22,0
2026-08-29,2026-09-02T09:20:04Z,12853192,Modern Challenge 64,challenge,modern,Summer 2026,1373079,Hammond24,23,0
2026-08-29,2026-09-02T09:20:04Z,12853192,Modern Challenge 64,challenge,modern,Summer 2026,3551942,hellisreal,24,0
2026-08-29,2026-09-02T09:20:04Z,12853192,Modern Challenge 64,challenge,modern,Summer 2026,2970592,Smigui,25,0
2026-08-29,2026-09-02T09:20:04Z,12853192,Modern Challenge 64,challenge,modern,Summer 2026,3170981,Zoza,26,0
2026-08-29,2026-09-02T09:20:04Z,12853192,Modern Challenge 64,challenge,modern,Summer 2026,2903591,MeninoNey,27,0
2026-08-29,2026-09-02T09:20:04Z,12853192,Modern Challenge 64,challenge,modern,Summer 2026,3187811,EnisSanchez,28,0
2026-08-29,2026-09-02T09:20:04Z,12853192,Modern Challenge 64,challenge,modern,Summer 2026,2064081,SuperCow12653,29,0
2026-08-29,2026-09-02T09:20:04Z,12853192,Modern Challenge 64,challenge,modern,Summer 2026,3360797,Chillbais,30,0
2026-08-29,2026-09-02T09:20:04Z,12853192,Modern Challenge 64,challenge,modern,Summer 2026,2640770,Alico,31,0
2026-08-29,2026-09-02T09:20:04Z,12853192,Modern Challenge 64,challenge,modern,Summer 2026,1996271,Jedgi,32,0
2026-08-30,2026-09-02T09:20:04Z,12853197,Modern Challenge 64,challenge,modern,Summer 2026,2877542,TingInTheRice,1,5
2026-08-30,2026-09-02T09:20:04Z,12853197,Modern Challenge 64,challenge,modern,Summer 2026,2063678,HelpfulHobo,2,4
2026-08-30,2026-09-02T09:20:04Z,12853197,Modern Challenge 64,challenge,modern,Summer 2026,2042214,Selfeisek,3,3
2026-08-30,2026-09-02T09:20:04Z,12853197,Modern Challenge 64,challenge,modern,Summer 2026,2769869,PETRICHOR21,4,3
2026-08-30,2026-09-02T09:20:04Z,12853197,Modern Challenge 64,challenge,modern,Summer 2026,880239,jussupinator,5,2
2026-08-30,2026-09-02T09:20:04Z,12853197,Modern Challenge 64,challenge,modern,Summer 2026,1860596,Rexplosion,6,2
2026-08-30,2026-09-02T09:20:04Z,12853197,Modern Challenge 64,challenge,modern,Summer 2026,2831734,KingOfGames1522,7,2
2026-08-30,2026-09-02T09:20:04Z,12853197,Modern Challenge 64,challenge,modern,Summer 2026,3485421,HolaChico,8,2
2026-08-30,2026-09-02T09:20:04Z,12853197,Modern Challenge 64,challenge,modern,Summer 2026,3149897,werhsdnas1414,9,1
2026-08-30,2026-09-02T09:20:04Z,12853197,Modern Challenge 64,challenge,modern,Summer 2026,3254787,WaffleWiz,10,1
2026-08-30,2026-09-02T09:20:04Z,12853197,Modern Challenge 64,challenge,modern,Summer 2026,3050754,UninspiredMehjagic,11,1
2026-08-30,2026-09-02T09:20:04Z,12853197,Modern Challenge 64,challenge,modern,Summer 2026,2757041,nick4567,12,1
2026-08-30,2026-09-02T09:20:04Z,12853197,Modern Challenge 64,challenge,modern,Summer 2026,1970928,otakkun,13,1
2026-08-30,2026-09-02T09:20:04Z,12853197,Modern Challenge 64,challenge,modern,Summer 2026,2147397,nv_goblin,14,1
2026-08-30,2026-09-02T09:20:04Z,12853197,Modern Challenge 64,challenge,modern,Summer 2026,3475930,weezerologist,15,1
2026-08-30,2026-09-02T09:20:04Z,12853197,Modern Challenge 64,challenge,modern,Summer 2026,2045296,JV_7777,16,1
2026-08-30,2026-09-02T09:20:04Z,12853197,Modern Challenge 64,challenge,modern,Summer 2026,3233450,MacIsaac,17,0
2026-08-30,2026-09-02T09:20:04Z,12853197,Modern Challenge 64,challenge,modern,Summer 2026,1088634,AgentP,18,0
2026-08-30,2026-09-02T09:20:04Z,12853197,Modern Challenge 64,challenge,modern,Summer 2026,1059076,claudio0907,19,0
2026-08-30,2026-09-02T09:20:04Z,12853197,Modern Challenge 64,challenge,modern,Summer 2026,3017502,Prim3Time,20,0
2026-08-30,2026-09-02T09:20:04Z,12853197,Modern Challenge 64,challenge,modern,Summer 2026,42325,SaradinDR,21,0
2026-08-30,2026-09-02T09:20:04Z,12853197,Modern Challenge 64,challenge,modern,Summer 2026,1067641,hockeybro26,22,0
2026-08-30,2026-09-02T09:20:04Z,12853197,Modern Challenge 64,challenge,modern,Summer 2026,2720911,Cachorrowo,23,0
2026-08-30,2026-09-02T09:20:04Z,12853197,Modern Challenge 64,challenge,modern,Summer 2026,2872570,Scorpion100,24,0
2026-08-30,2026-09-02T09:20:04Z,12853197,Modern Challenge 64,challenge,modern,Summer 2026,2137107,Arcbound_Papi,25,0
2026-08-30,2026-09-02T09:20:04Z,12853197,Modern Challenge 64,challenge,modern,Summer 2026,2153835,bkubit,26,0
2026-08-30,2026-09-02T09:20:04Z,12853197,Modern Challenge 64,challenge,modern,Summer 2026,3544508,WaynePlays,27,0
2026-08-30,2026-09-02T09:20:04Z,12853197,Modern Challenge 64,challenge,modern,Summer 2026,1974088,fijitree,28,0
2026-08-30,2026-09-02T09:20:04Z,12853197,Modern Challenge 64,challenge,modern,Summer 2026,2261440,quinniac,29,0
2026-08-30,2026-09-02T09:20:04Z,12853197,Modern Challenge 64,challenge,modern,Summer 2026,3013293,VictorEsquici,30,0
2026-08-30,2026-09-02T09:20:04Z,12853197,Modern Challenge 64,challenge,modern,Summer 2026,2976962,Shamplade,31,0
2026-08-30,2026-09-02T09:20:04Z,12853197,Modern Challenge 64,challenge,modern,Summer 2026,1171245,_and_one_,32,0
2026-08-30,2026-09-02T09:20:04Z,12853202,Modern Challenge 64,challenge,modern,Summer 2026,2621451,SanPop,1,5
2026-08-30,2026-09-02T09:20:04Z,12853202,Modern Challenge 64,challenge,modern,Summer 2026,2911801,wraaith,2,4
2026-08-30,2026-09-02T09:20:04Z,12853202,Modern Challenge 64,challenge,modern,Summer 2026,759973,Bayesta_93,3,3
2026-08-30,2026-09-02T09:20:04Z,12853202,Modern Challenge 64,challenge,modern,Summer 2026,1997683,hugofreitas1,4,3
2026-08-30,2026-09-02T09:20:04Z,12853202,Modern Challenge 64,challenge,modern,Summer 2026,2143659,innaig88,5,2
2026-08-30,2026-09-02T09:20:04Z,12853202,Modern Challenge 64,challenge,modern,Summer 2026,2265267,caronte1991,6,2
2026-08-30,2026-09-02T09:20:04Z,12853202,Modern Challenge 64,challenge,modern,Summer 2026,815932,unagieel,7,2
2026-08-30,2026-09-02T09:20:04Z,12853202,Modern Challenge 64,challenge,modern,Summer 2026,2901097,SizzleSkeleton,8,2
2026-08-30,2026-09-02T09:20:04Z,12853202,Modern Challenge 64,challenge,modern,Summer 2026,2916560,wutey,9,1
2026-08-30,2026-09-02T09:20:04Z,12853202,Modern Challenge 64,challenge,modern,Summer 2026,3412001,Taddy_99,10,1
2026-08-30,2026-09-02T09:20:04Z,12853202,Modern Challenge 64,challenge,modern,Summer 2026,3018543,Zompatanfo,11,1
2026-08-30,2026-09-02T09:20:04Z,12853202,Modern Challenge 64,challenge,modern,Summer 2026,2776772,narca,12,1
2026-08-30,2026-09-02T09:20:04Z,12853202,Modern Challenge 64,challenge,modern,Summer 2026,2693418,ratabruta,13,1
2026-08-30,2026-09-02T09:20:04Z,12853202,Modern Challenge 64,challenge,modern,Summer 2026,1071904,tibalt_of_red_sub,14,1
2026-08-30,2026-09-02T09:20:04Z,12853202,Modern Challenge 64,challenge,modern,Summer 2026,2941952,mh7lucky,15,1
2026-08-30,2026-09-02T09:20:04Z,12853202,Modern Challenge 64,challenge,modern,Summer 2026,3358375,acelerado440,16,1
2026-08-30,2026-09-02T09:20:04Z,12853202,Modern Challenge 64,challenge,modern,Summer 2026,2865888,Traumatismes,17,0
2026-08-30,2026-09-02T09:20:04Z,12853202,Modern Challenge 64,challenge,modern,Summer 2026,1706283,Laplasjan,18,0
2026-08-30,2026-09-02T09:20:04Z,12853202,Modern Challenge 64,challenge,modern,Summer 2026,2537131,yriel,19,0
2026-08-30,2026-09-02T09:20:04Z,12853202,Modern Challenge 64,challenge,modern,Summer 2026,2705240,Sorathrix,20,0
2026-08-30,2026-09-02T09:20:04Z,12853202,Modern Challenge 64,challenge,modern,Summer 2026,2498069,_Falcon_,21,0
2026-08-30,2026-09-02T09:20:04Z,12853202,Modern Challenge 64,challenge,modern,Summer 2026,2802384,Marvelman123,22,0
2026-08-30,2026-09-02T09:20:04Z,12853202,Modern Challenge 64,challenge,modern,Summer 2026,2192378,mtbWolf,23,0
2026-08-30,2026-09-02T09:20:04Z,12853202,Modern Challenge 64,challenge,modern,Summer 2026,3535587,Venom01,24,0
2026-08-30,2026-09-02T09:20:04Z,12853202,Modern Challenge 64,challenge,modern,Summer 2026,3469304,AeonLock,25,0
2026-08-30,2026-09-02T09:20:04Z,12853202,Modern Challenge 64,challenge,modern,Summer 2026,1574579,albert62,26,0
2026-08-30,2026-09-02T09:20:04Z,12853202,Modern Challenge 64,challenge,modern,Summer 2026,2885656,Flamie_Oliver,27,0
2026-08-30,2026-09-02T09:20:04Z,12853202,Modern Challenge 64,challenge,modern,Summer 2026,3553954,PhyrexianSwarm,28,0
2026-08-30,2026-09-02T09:20:04Z,12853202,Modern Challenge 64,challenge,modern,Summer 2026,1216580,_Tia93_,29,0
2026-08-30,2026-09-02T09:20:04Z,12853202,Modern Challenge 64,challenge,modern,Summer 2026,840020,WanderingOnes,30,0
2026-08-30,2026-09-02T09:20:04Z,12853202,Modern Challenge 64,challenge,modern,Summer 2026,2727413,Sandstorm87,31,0
2026-08-30,2026-09-02T09:20:04Z,12853202,Modern Challenge 64,challenge,modern,Summer 2026,476651,Gobeli,32,0
2026-08-31,2026-09-02T09:20:04Z,12853210,Modern Challenge 64,challenge,modern,Summer 2026,254536,rastaf,1,5
2026-08-31,2026-09-02T09:20:04Z,12853210,Modern Challenge 64,challenge,modern,Summer 2026,3013293,VictorEsquici,2,4
2026-08-31,2026-09-02T09:20:04Z,12853210,Modern Challenge 64,challenge,modern,Summer 2026,2928451,YungDingo,3,3
2026-08-31,2026-09-02T09:20:04Z,12853210,Modern Challenge 64,challenge,modern,Summer 2026,1950164,Dioferreira,4,3
2026-08-31,2026-09-02T09:20:04Z,12853210,Modern Challenge 64,challenge,modern,Summer 2026,1695657,Hazzrd,5,2
2026-08-31,2026-09-02T09:20:04Z,12853210,Modern Challenge 64,challenge,modern,Summer 2026,2993160,NerdDadChad,6,2
2026-08-31,2026-09-02T09:20:04Z,12853210,Modern Challenge 64,challenge,modern,Summer 2026,3544508,WaynePlays,7,2
2026-08-31,2026-09-02T09:20:04Z,12853210,Modern Challenge 64,challenge,modern,Summer 2026,3558262,I_Cant_Read,8,2
2026-08-31,2026-09-02T09:20:04Z,12853210,Modern Challenge 64,challenge,modern,Summer 2026,3535587,Venom01,9,1
2026-08-31,2026-09-02T09:20:04Z,12853210,Modern Challenge 64,challenge,modern,Summer 2026,3034834,littesir095,10,1
2026-08-31,2026-09-02T09:20:04Z,12853210,Modern Challenge 64,challenge,modern,Summer 2026,2669359,HouseOfManaMTG,11,1
2026-08-31,2026-09-02T09:20:04Z,12853210,Modern Challenge 64,challenge,modern,Summer 2026,2045296,JV_7777,12,1
2026-08-31,2026-09-02T09:20:04Z,12853210,Modern Challenge 64,challenge,modern,Summer 2026,1824707,bcs8995,13,1
2026-08-31,2026-09-02T09:20:04Z,12853210,Modern Challenge 64,challenge,modern,Summer 2026,750888,LucasG1ggs,14,1
2026-08-31,2026-09-02T09:20:04Z,12853210,Modern Challenge 64,challenge,modern,Summer 2026,3056706,Xsper,15,1
2026-08-31,2026-09-02T09:20:04Z,12853210,Modern Challenge 64,challenge,modern,Summer 2026,2449332,xfile,16,1
2026-08-31,2026-09-02T09:20:04Z,12853210,Modern Challenge 64,challenge,modern,Summer 2026,2139100,Manny-,17,0
2026-08-31,2026-09-02T09:20:04Z,12853210,Modern Challenge 64,challenge,modern,Summer 2026,2972771,AvianScrolls,18,0
2026-08-31,2026-09-02T09:20:04Z,12853210,Modern Challenge 64,challenge,modern,Summer 2026,535716,Capitano_CL,19,0
2026-08-31,2026-09-02T09:20:04Z,12853210,Modern Challenge 64,challenge,modern,Summer 2026,1126781,derlumberzack,20,0
2026-08-31,2026-09-02T09:20:04Z,12853210,Modern Challenge 64,challenge,modern,Summer 2026,643454,Sarlanga,21,0
2026-08-31,2026-09-02T09:20:04Z,12853210,Modern Challenge 64,challenge,modern,Summer 2026,2943684,LukeBrandes,22,0
2026-08-31,2026-09-02T09:20:04Z,12853210,Modern Challenge 64,challenge,modern,Summer 2026,2872570,Scorpion100,23,0
2026-08-31,2026-09-02T09:20:04Z,12853210,Modern Challenge 64,challenge,modern,Summer 2026,1054408,Flossing,24,0
2026-08-31,2026-09-02T09:20:04Z,12853210,Modern Challenge 64,challenge,modern,Summer 2026,3485421,HolaChico,25,0
2026-08-31,2026-09-02T09:20:04Z,12853210,Modern Challenge 64,challenge,modern,Summer 2026,2720911,Cachorrowo,26,0
2026-08-31,2026-09-02T09:20:04Z,12853210,Modern Challenge 64,challenge,modern,Summer 2026,1855680,TeamGreed,27,0
2026-08-31,2026-09-02T09:20:04Z,12853210,Modern Challenge 64,challenge,modern,Summer 2026,1237388,shindy,28,0
2026-08-31,2026-09-02T09:20:04Z,12853210,Modern Challenge 64,challenge,modern,Summer 2026,875470,Tree42o,29,0
2026-08-31,2026-09-02T09:20:04Z,12853210,Modern Challenge 64,challenge,modern,Summer 2026,3557832,SimonAntillon,30,0
2026-08-31,2026-09-02T09:20:04Z,12853210,Modern Challenge 64,challenge,modern,Summer 2026,2757044,Hawkfrost000,31,0
2026-08-31,2026-09-02T09:20:04Z,12853210,Modern Challenge 64,challenge,modern,Summer 2026,2757041,nick4567,32,0
2026-08-31,2026-09-02T09:20:04Z,12853212,Modern Challenge 96,challenge,modern,Summer 2026,2338194,Sol0monGrundy,1,5
2026-08-31,2026-09-02T09:20:04Z,12853212,Modern Challenge 96,challenge,modern,Summer 2026,3142768,PerkyT,2,4
2026-08-31,2026-09-02T09:20:04Z,12853212,Modern Challenge 96,challenge,modern,Summer 2026,1237388,shindy,3,3
2026-08-31,2026-09-02T09:20:04Z,12853212,Modern Challenge 96,challenge,modern,Summer 2026,2298957,rerere,4,3
2026-08-31,2026-09-02T09:20:04Z,12853212,Modern Challenge 96,challenge,modern,Summer 2026,2903591,MeninoNey,5,2
2026-08-31,2026-09-02T09:20:04Z,12853212,Modern Challenge 96,challenge,modern,Summer 2026,1205292,kanister,6,2
2026-08-31,2026-09-02T09:20:04Z,12853212,Modern Challenge 96,challenge,modern,Summer 2026,1188705,ShikiXYZ,7,2
2026-08-31,2026-09-02T09:20:04Z,12853212,Modern Challenge 96,challenge,modern,Summer 2026,3544040,GWT,8,2
2026-08-31,2026-09-02T09:20:04Z,12853212,Modern Challenge 96,challenge,modern,Summer 2026,3560401,trdbrt,9,1
2026-08-31,2026-09-02T09:20:04Z,12853212,Modern Challenge 96,challenge,modern,Summer 2026,1112102,MayoDominaria,10,1
2026-08-31,2026-09-02T09:20:04Z,12853212,Modern Challenge 96,challenge,modern,Summer 2026,2449332,xfile,11,1
2026-08-31,2026-09-02T09:20:04Z,12853212,Modern Challenge 96,challenge,modern,Summer 2026,3141690,filpin,12,1
2026-08-31,2026-09-02T09:20:04Z,12853212,Modern Challenge 96,challenge,modern,Summer 2026,1712831,toondoslav,13,1
2026-08-31,2026-09-02T09:20:04Z,12853212,Modern Challenge 96,challenge,modern,Summer 2026,3569566,bestdraveneu,14,1
2026-08-31,2026-09-02T09:20:04Z,12853212,Modern Challenge 96,challenge,modern,Summer 2026,1997683,hugofreitas1,15,1
2026-08-31,2026-09-02T09:20:04Z,12853212,Modern Challenge 96,challenge,modern,Summer 2026,649380,Rvng,16,1
2026-08-31,2026-09-02T09:20:04Z,12853212,Modern Challenge 96,challenge,modern,Summer 2026,280778,pokerswizard,17,0
2026-08-31,2026-09-02T09:20:04Z,12853212,Modern Challenge 96,challenge,modern,Summer 2026,3315283,Jonii,18,0
2026-08-31,2026-09-02T09:20:04Z,12853212,Modern Challenge 96,challenge,modern,Summer 2026,868229,scalo94,19,0
2026-08-31,2026-09-02T09:20:04Z,12853212,Modern Challenge 96,challenge,modern,Summer 2026,3222070,Lightspirit,20,0
2026-08-31,2026-09-02T09:20:04Z,12853212,Modern Challenge 96,challenge,modern,Summer 2026,1700365,Tetsubou,21,0
2026-08-31,2026-09-02T09:20:04Z,12853212,Modern Challenge 96,challenge,modern,Summer 2026,254536,rastaf,22,0
2026-08-31,2026-09-02T09:20:04Z,12853212,Modern Challenge 96,challenge,modern,Summer 2026,3489335,Pallocchia314,23,0
2026-08-31,2026-09-02T09:20:04Z,12853212,Modern Challenge 96,challenge,modern,Summer 2026,2995055,Deathmaxx,24,0
2026-08-31,2026-09-02T09:20:04Z,12853212,Modern Challenge 96,challenge,modern,Summer 2026,2618334,anttoms21,25,0
2026-08-31,2026-09-02T09:20:04Z,12853212,Modern Challenge 96,challenge,modern,Summer 2026,2688845,DelverOfBolts,26,0
2026-08-31,2026-09-02T09:20:04Z,12853212,Modern Challenge 96,challenge,modern,Summer 2026,2764694,Brunes,27,0
2026-08-31,2026-09-02T09:20:04Z,12853212,Modern Challenge 96,challenge,modern,Summer 2026,1210536,musasabi,28,0
2026-08-31,2026-09-02T09:20:04Z,12853212,Modern Challenge 96,challenge,modern,Summer 2026,434546,sgcyrus,29,0
2026-08-31,2026-09-02T09:20:04Z,12853212,Modern Challenge 96,challenge,modern,Summer 2026,1996271,Jedgi,30,0
2026-08-31,2026-09-02T09:20:04Z,12853212,Modern Challenge 96,challenge,modern,Summer 2026,3263381,Bothes,31,0
2026-08-31,2026-09-02T09:20:04Z,12853212,Modern Challenge 96,challenge,modern,Summer 2026,2676196,ziofrancone,32,0
